topology,observed_time_ns,gpu_index,role,dcgm_1001_gr_active,dcgm_1002_sm_active,dcgm_1005_dram_active,dcgm_1009_pcie_tx_bytes,dcgm_1010_pcie_rx_bytes,dcgm_155_power,dcgm_100_sm_clock,dcgm_101_mem_clock,dcgm_203_gpu_util,dcgm_204_mem_util,dcgm_252_fb_used
tp_1_1,1788598530517685089,0,enterprise,0.0,0.0,0.0,6322723.0,4521415.0,92.705,1695.0,6251.0,0.0,0.0,3476.0
tp_1_1,1788598530517697047,1,unused,0.0,0.0,0.0,14413537.0,8288655.0,25.335,210.0,405.0,0.0,0.0,0.0
tp_1_1,1788598530517708873,2,cloud,0.0,0.0,0.0,5814433.0,4184524.0,105.993,1695.0,6251.0,0.0,0.0,7854.0
tp_1_1,1788598530517715398,3,unused,0.0,0.0,0.0,11831376.0,7367344.0,44.371,930.0,6251.0,0.0,0.0,0.0
tp_1_1,1788598531519844378,0,enterprise,0.052,0.045,0.041,13898295.0,9128965.0,97.179,1695.0,6251.0,15.0,15.0,3476.0
tp_1_1,1788598531519865747,1,unused,0.0,0.0,0.0,3415529.0,2485510.0,25.316,210.0,405.0,0.0,0.0,0.0
tp_1_1,1788598531519871946,2,cloud,0.127,0.105,0.092,8625405.0,14132619.0,119.622,1680.0,6251.0,32.0,31.0,7888.0
tp_1_1,1788598531519881241,3,unused,0.0,0.0,0.0,6049183.0,3435105.0,48.728,930.0,6251.0,0.0,0.0,0.0
tp_1_1,1788598532520818447,0,enterprise,0.145,0.126,0.119,23634571.0,9840277.0,110.985,1695.0,6251.0,15.0,15.0,3476.0
tp_1_1,1788598532520854426,1,unused,0.0,0.0,0.0,475852.0,266579.0,25.134,210.0,405.0,0.0,0.0,0.0
tp_1_1,1788598532520862857,2,cloud,0.317,0.261,0.245,6635059.0,23976913.0,117.553,1665.0,6251.0,31.0,30.0,7888.0
tp_1_1,1788598532520875932,3,unused,0.0,0.0,0.0,484578.0,271199.0,26.984,210.0,405.0,0.0,0.0,0.0
tp_1_1,1788598533521465021,0,enterprise,0.145,0.126,0.119,23646614.0,9855867.0,123.224,1695.0,6251.0,15.0,15.0,3476.0
tp_1_1,1788598533521485236,1,unused,0.0,0.0,0.0,463388.0,260848.0,25.165,210.0,405.0,0.0,0.0,0.0
tp_1_1,1788598533521492165,2,cloud,0.319,0.263,0.246,6601132.0,24115153.0,126.782,1605.0,6251.0,32.0,31.0,7888.0
tp_1_1,1788598533521508715,3,unused,0.0,0.0,0.0,482833.0,270059.0,24.762,210.0,405.0,0.0,0.0,0.0
tp_1_1,1788598534522364146,0,enterprise,0.145,0.126,0.119,23686619.0,9860814.0,119.882,1695.0,6251.0,14.0,15.0,3476.0
tp_1_1,1788598534522401462,1,unused,0.0,0.0,0.0,464959.0,261380.0,25.265,210.0,405.0,0.0,0.0,0.0
tp_1_1,1788598534522417859,2,cloud,0.319,0.263,0.246,6660022.0,24125444.0,141.536,1680.0,6251.0,32.0,31.0,7888.0
tp_1_1,1788598534522423864,3,unused,0.0,0.0,0.0,480322.0,269062.0,24.762,210.0,405.0,0.0,0.0,0.0
tp_1_1,1788598535523136950,0,enterprise,0.139,0.12,0.114,22906005.0,9432486.0,97.32,1665.0,6251.0,4.0,3.0,3476.0
tp_1_1,1788598535523176869,1,unused,0.0,0.0,0.0,461391.0,259341.0,25.257,210.0,405.0,0.0,0.0,0.0
tp_1_1,1788598535523185408,2,cloud,0.298,0.246,0.23,7650528.0,22514252.0,141.476,1605.0,6251.0,30.0,21.0,7888.0
tp_1_1,1788598535523191696,3,unused,0.0,0.0,0.0,470077.0,263939.0,24.756,210.0,405.0,0.0,0.0,0.0
tp_1_1,1788598536523917409,0,enterprise,0.115,0.094,0.085,64041108.0,25344506.0,104.888,1695.0,6251.0,16.0,16.0,3476.0
tp_1_1,1788598536523951543,1,unused,0.0,0.0,0.0,463365.0,260611.0,25.256,210.0,405.0,0.0,0.0,0.0
tp_1_1,1788598536523959375,2,cloud,0.295,0.231,0.196,25850066.0,34799798.0,135.272,1605.0,6251.0,32.0,31.0,7888.0
tp_1_1,1788598536523970066,3,unused,0.0,0.0,0.0,482195.0,269763.0,24.708,210.0,405.0,0.0,0.0,0.0
tp_1_1,1788598537524758960,0,enterprise,0.144,0.115,0.118,80943560.0,9757644.0,113.745,1695.0,6251.0,16.0,16.0,3476.0
tp_1_1,1788598537524793123,1,unused,0.0,0.0,0.0,463794.0,260564.0,25.165,210.0,405.0,0.0,0.0,0.0
tp_1_1,1788598537524802133,2,cloud,0.322,0.239,0.249,7132481.0,22867146.0,140.705,1665.0,6251.0,34.0,33.0,7888.0
tp_1_1,1788598537524812185,3,unused,0.0,0.0,0.0,504771.0,281054.0,24.664,210.0,405.0,0.0,0.0,0.0
tp_1_1,1788598538525794384,0,enterprise,0.146,0.117,0.12,83100679.0,9799528.0,106.944,1695.0,6251.0,16.0,16.0,3476.0
tp_1_1,1788598538525831590,1,unused,0.0,0.0,0.0,461880.0,259328.0,25.115,210.0,405.0,0.0,0.0,0.0
tp_1_1,1788598538525839297,2,cloud,0.329,0.244,0.255,7140144.0,23253049.0,142.141,1590.0,6251.0,31.0,30.0,7888.0
tp_1_1,1788598538525850227,3,unused,0.0,0.0,0.0,482357.0,270079.0,24.62,210.0,405.0,0.0,0.0,0.0
tp_1_1,1788598539526631785,0,enterprise,0.144,0.115,0.118,80570248.0,9778099.0,109.712,1695.0,6251.0,16.0,16.0,3476.0
tp_1_1,1788598539526659779,1,unused,0.0,0.0,0.0,461748.0,260053.0,25.224,210.0,405.0,0.0,0.0,0.0
tp_1_1,1788598539526676302,2,cloud,0.321,0.238,0.248,8548160.0,22805670.0,138.886,1665.0,6251.0,34.0,33.0,7888.0
tp_1_1,1788598539526682617,3,unused,0.0,0.0,0.0,489892.0,273357.0,24.628,210.0,405.0,0.0,0.0,0.0
tp_1_1,1788598540527433290,0,enterprise,0.158,0.127,0.123,99297731.0,10081130.0,109.882,1680.0,6251.0,0.0,0.0,3670.0
tp_1_1,1788598540527474039,1,unused,0.0,0.0,0.0,472939.0,267691.0,25.224,210.0,405.0,0.0,0.0,0.0
tp_1_1,1788598540527482293,2,cloud,0.305,0.226,0.236,6658468.0,21594840.0,127.668,1680.0,6251.0,77.0,33.0,8082.0
tp_1_1,1788598540527493411,3,unused,0.0,0.0,0.0,482742.0,272342.0,24.67,210.0,405.0,0.0,0.0,0.0
tp_1_1,1788598541528194262,0,enterprise,0.107,0.093,0.08,17947239.0,25214194.0,115.813,1695.0,6251.0,14.0,14.0,3670.0
tp_1_1,1788598541528225089,1,unused,0.0,0.0,0.0,474761.0,269611.0,25.171,210.0,405.0,0.0,0.0,0.0
tp_1_1,1788598541528232230,2,cloud,0.317,0.266,0.202,25943752.0,36184142.0,134.706,1680.0,6251.0,32.0,31.0,8082.0
tp_1_1,1788598541528241879,3,unused,0.0,0.0,0.0,468620.0,267052.0,24.67,210.0,405.0,0.0,0.0,0.0
tp_1_1,1788598542529052912,0,enterprise,0.146,0.127,0.12,23695905.0,9896826.0,99.003,1695.0,6251.0,15.0,15.0,3670.0
tp_1_1,1788598542529083813,1,unused,0.0,0.0,0.0,463482.0,260388.0,25.122,210.0,405.0,0.0,0.0,0.0
tp_1_1,1788598542529090724,2,cloud,0.322,0.267,0.249,6584058.0,24091075.0,159.787,1650.0,6251.0,32.0,31.0,8082.0
tp_1_1,1788598542529099627,3,unused,0.0,0.0,0.0,470105.0,263954.0,24.627,210.0,405.0,0.0,0.0,0.0
tp_1_1,1788598543529976618,0,enterprise,0.141,0.123,0.116,22858233.0,9548007.0,113.609,1695.0,6251.0,15.0,15.0,3670.0
tp_1_1,1788598543530008696,1,unused,0.0,0.0,0.0,487873.0,273373.0,25.116,210.0,405.0,0.0,0.0,0.0
tp_1_1,1788598543530015645,2,cloud,0.316,0.261,0.244,7990187.0,23634331.0,127.859,1590.0,6251.0,32.0,31.0,8082.0
tp_1_1,1788598543530025028,3,unused,0.0,0.0,0.0,467797.0,262560.0,24.621,210.0,405.0,0.0,0.0,0.0
tp_1_1,1788598544530857090,0,enterprise,0.146,0.127,0.12,23690647.0,9880401.0,116.78,1695.0,6251.0,14.0,15.0,3670.0
tp_1_1,1788598544530895163,1,unused,0.0,0.0,0.0,485288.0,271311.0,25.115,210.0,405.0,0.0,0.0,0.0
tp_1_1,1788598544530902859,2,cloud,0.319,0.264,0.246,6588134.0,23847358.0,141.715,1680.0,6251.0,32.0,31.0,8082.0
tp_1_1,1788598544530912641,3,unused,0.0,0.0,0.0,457291.0,257290.0,24.566,210.0,405.0,0.0,0.0,0.0
tp_1_1,1788598545531744338,0,enterprise,0.146,0.127,0.12,23775583.0,9928957.0,103.737,1695.0,6251.0,15.0,15.0,3670.0
tp_1_1,1788598545531752897,1,unused,0.0,0.0,0.0,474682.0,265985.0,25.115,210.0,405.0,0.0,0.0,0.0
tp_1_1,1788598545531758771,2,cloud,0.323,0.267,0.249,6634503.0,24136068.0,145.396,1680.0,6251.0,32.0,31.0,8082.0
tp_1_1,1788598545531766507,3,unused,0.0,0.0,0.0,468017.0,262908.0,24.514,210.0,405.0,0.0,0.0,0.0
tp_1_1,1788598546532628852,0,enterprise,0.146,0.127,0.12,23757942.0,9917172.0,102.248,1695.0,6251.0,14.0,14.0,3670.0
tp_1_1,1788598546532654110,1,unused,0.0,0.0,0.0,474724.0,266009.0,25.016,210.0,405.0,0.0,0.0,0.0
tp_1_1,1788598546532660941,2,cloud,0.323,0.267,0.249,8103725.0,24129058.0,153.126,1680.0,6251.0,32.0,31.0,8082.0
tp_1_1,1788598546532670023,3,unused,0.0,0.0,0.0,458872.0,258339.0,24.512,210.0,405.0,0.0,0.0,0.0
tp_1_1,1788598547533511508,0,enterprise,0.146,0.127,0.12,23651327.0,9858428.0,98.591,1695.0,6251.0,15.0,15.0,3670.0
tp_1_1,1788598547533546407,1,unused,0.0,0.0,0.0,461398.0,259856.0,24.916,210.0,405.0,0.0,0.0,0.0
tp_1_1,1788598547533563000,2,cloud,0.323,0.267,0.249,6618079.0,24134149.0,165.282,1665.0,6251.0,32.0,31.0,8082.0
tp_1_1,1788598547533574491,3,unused,0.0,0.0,0.0,482356.0,270078.0,24.463,210.0,405.0,0.0,0.0,0.0
tp_1_1,1788598548534349312,0,enterprise,0.146,0.127,0.12,23677302.0,9870103.0,100.498,1695.0,6251.0,15.0,15.0,3670.0
tp_1_1,1788598548534376634,1,unused,0.0,0.0,0.0,461885.0,259331.0,24.966,210.0,405.0,0.0,0.0,0.0
tp_1_1,1788598548534383871,2,cloud,0.323,0.267,0.249,6603575.0,24109443.0,164.116,1650.0,6251.0,33.0,32.0,8082.0
tp_1_1,1788598548534400218,3,unused,0.0,0.0,0.0,481264.0,269303.0,24.407,210.0,405.0,0.0,0.0,0.0
tp_1_1,1788598549535254072,0,enterprise,0.14,0.122,0.115,22903360.0,9447962.0,97.557,1680.0,6251.0,17.0,10.0,3670.0
tp_1_1,1788598549535294326,1,unused,0.0,0.0,0.0,462396.0,260354.0,25.023,210.0,405.0,0.0,0.0,0.0
tp_1_1,1788598549535302482,2,cloud,0.301,0.249,0.232,6202629.0,22534788.0,153.398,1155.0,6251.0,33.0,18.0,8082.0
tp_1_1,1788598549535313312,3,unused,0.0,0.0,0.0,472206.0,265008.0,24.409,210.0,405.0,0.0,0.0,0.0
tp_1_1,1788598550536140239,0,enterprise,0.092,0.08,0.046,63210624.0,40237035.0,88.147,1200.0,6251.0,0.0,0.0,3670.0
tp_1_1,1788598550536189966,1,unused,0.0,0.0,0.0,463427.0,260358.0,24.974,210.0,405.0,0.0,0.0,0.0
tp_1_1,1788598550536198067,2,cloud,0.241,0.205,0.106,43872996.0,43053552.0,133.119,1680.0,6251.0,32.0,14.0,8082.0
tp_1_1,1788598550536209001,3,unused,0.0,0.0,0.0,481861.0,269576.0,24.415,210.0,405.0,0.0,0.0,0.0
tp_1_1,1788598551536953100,0,enterprise,0.097,0.082,0.06,45234352.0,41744132.0,97.476,1695.0,6251.0,14.0,14.0,3670.0
tp_1_1,1788598551536984679,1,unused,0.0,0.0,0.0,463531.0,260928.0,24.917,210.0,405.0,0.0,0.0,0.0
tp_1_1,1788598551536995713,2,cloud,0.347,0.286,0.179,45768526.0,49527052.0,131.36,1680.0,6251.0,34.0,33.0,8082.0
tp_1_1,1788598551537001960,3,unused,0.0,0.0,0.0,481450.0,269121.0,24.407,210.0,405.0,0.0,0.0,0.0
tp_1_1,1788598552537793388,0,enterprise,0.148,0.119,0.121,81786678.0,9811390.0,109.1,1695.0,6251.0,16.0,16.0,3670.0
tp_1_1,1788598552537821537,1,unused,0.0,0.0,0.0,464509.0,260391.0,24.917,210.0,405.0,0.0,0.0,0.0
tp_1_1,1788598552537828821,2,cloud,0.332,0.249,0.256,8617808.0,22941747.0,137.715,1590.0,6251.0,33.0,32.0,8082.0
tp_1_1,1788598552537838200,3,unused,0.0,0.0,0.0,480850.0,269583.0,24.357,210.0,405.0,0.0,0.0,0.0
tp_1_1,1788598553538663986,0,enterprise,0.15,0.121,0.122,83085796.0,9940557.0,109.92,1695.0,6251.0,14.0,14.0,3670.0
tp_1_1,1788598553538693287,1,unused,0.0,0.0,0.0,465204.0,261517.0,24.917,210.0,405.0,0.0,0.0,0.0
tp_1_1,1788598553538708155,2,cloud,0.343,0.257,0.265,7317000.0,23718990.0,146.561,1635.0,6251.0,35.0,34.0,8082.0
tp_1_1,1788598553538717956,3,unused,0.0,0.0,0.0,483763.0,270293.0,24.308,210.0,405.0,0.0,0.0,0.0
tp_1_1,1788598554539474259,0,enterprise,0.148,0.119,0.121,80458620.0,9854009.0,107.628,1695.0,6251.0,16.0,16.0,3670.0
tp_1_1,1788598554539503198,1,unused,0.0,0.0,0.0,462039.0,259928.0,24.916,210.0,405.0,0.0,0.0,0.0
tp_1_1,1788598554539510516,2,cloud,0.334,0.25,0.257,7045859.0,23000988.0,138.528,1680.0,6251.0,31.0,30.0,8082.0
tp_1_1,1788598554539519686,3,unused,0.0,0.0,0.0,480625.0,269457.0,24.302,210.0,405.0,0.0,0.0,0.0
tp_1_1,1788598555540346241,0,enterprise,0.152,0.122,0.124,83148179.0,10024888.0,111.856,1695.0,6251.0,16.0,16.0,3670.0
tp_1_1,1788598555540376598,1,unused,0.0,0.0,0.0,463195.0,260515.0,24.917,210.0,405.0,0.0,0.0,0.0
tp_1_1,1788598555540383883,2,cloud,0.344,0.258,0.265,8902578.0,23635410.0,140.658,1665.0,6251.0,36.0,34.0,8082.0
tp_1_1,1788598555540393123,3,unused,0.0,0.0,0.0,471602.0,264445.0,24.302,210.0,405.0,0.0,0.0,0.0
tp_1_1,1788598556541187877,0,enterprise,0.146,0.118,0.12,80343351.0,9744648.0,107.194,1695.0,6251.0,14.0,14.0,3670.0
tp_1_1,1788598556541220885,1,unused,0.0,0.0,0.0,462403.0,259846.0,24.759,210.0,405.0,0.0,0.0,0.0
tp_1_1,1788598556541238280,2,cloud,0.339,0.255,0.262,7146020.0,23382560.0,144.002,1635.0,6251.0,32.0,31.0,8082.0
tp_1_1,1788598556541244911,3,unused,0.0,0.0,0.0,480643.0,269242.0,24.25,210.0,405.0,0.0,0.0,0.0
tp_1_1,1788598557542043455,0,enterprise,0.152,0.123,0.124,83169833.0,10048867.0,110.704,1695.0,6251.0,16.0,16.0,3670.0
tp_1_1,1788598557542080722,1,unused,0.0,0.0,0.0,463289.0,260568.0,24.701,210.0,405.0,0.0,0.0,0.0
tp_1_1,1788598557542088116,2,cloud,0.339,0.254,0.26,7261605.0,23287322.0,136.125,1605.0,6251.0,35.0,34.0,8082.0
tp_1_1,1788598557542098163,3,unused,0.0,0.0,0.0,480837.0,269064.0,24.2,210.0,405.0,0.0,0.0,0.0
tp_1_1,1788598558542923635,0,enterprise,0.152,0.122,0.124,83174533.0,10085419.0,110.906,1695.0,6251.0,15.0,15.0,3670.0
tp_1_1,1788598558542952407,1,unused,0.0,0.0,0.0,464988.0,261396.0,24.701,210.0,405.0,0.0,0.0,0.0
tp_1_1,1788598558542965069,2,cloud,0.345,0.259,0.266,7293351.0,23727690.0,145.149,1635.0,6251.0,36.0,34.0,8082.0
tp_1_1,1788598558542974819,3,unused,0.0,0.0,0.0,481852.0,269571.0,24.202,210.0,405.0,0.0,0.0,0.0
tp_1_1,1788598559543755798,0,enterprise,0.147,0.118,0.12,80417015.0,9794839.0,108.461,1695.0,6251.0,16.0,16.0,3670.0
tp_1_1,1788598559543764469,1,unused,0.0,0.0,0.0,461306.0,259581.0,24.651,210.0,405.0,0.0,0.0,0.0
tp_1_1,1788598559543771041,2,cloud,0.334,0.25,0.257,8537175.0,22901011.0,137.775,1635.0,6251.0,34.0,33.0,8082.0
tp_1_1,1788598559543779350,3,unused,0.0,0.0,0.0,470376.0,264107.0,24.202,210.0,405.0,0.0,0.0,0.0
tp_1_1,1788598560544570323,0,enterprise,0.185,0.151,0.126,133500918.0,8781305.0,104.316,1695.0,6251.0,0.0,0.0,4218.0
tp_1_1,1788598560544605873,1,unused,0.0,0.0,0.0,462777.0,262103.0,24.601,210.0,405.0,0.0,0.0,0.0
tp_1_1,1788598560544613180,2,cloud,0.224,0.169,0.175,4927583.0,15643771.0,126.405,1695.0,6251.0,0.0,0.0,8082.0
tp_1_1,1788598560544622607,3,unused,0.0,0.0,0.0,482962.0,272689.0,24.202,210.0,405.0,0.0,0.0,0.0
tp_1_1,1788598561545419660,0,enterprise,0.0,0.0,0.0,411845.0,238409.0,95.871,1695.0,6251.0,0.0,0.0,4218.0
tp_1_1,1788598561545459961,1,unused,0.0,0.0,0.0,471710.0,268086.0,24.601,210.0,405.0,0.0,0.0,0.0
tp_1_1,1788598561545466527,2,cloud,0.496,0.429,0.223,11779440.0,84618310.0,147.306,1680.0,6251.0,3.0,0.0,8802.0
tp_1_1,1788598561545475720,3,unused,0.0,0.0,0.0,483627.0,273799.0,24.15,210.0,405.0,0.0,0.0,0.0
tp_1_1,1788598562546399810,0,enterprise,0.108,0.093,0.064,12550561.0,78920817.0,97.724,1695.0,6251.0,15.0,15.0,4390.0
tp_1_1,1788598562546430469,1,unused,0.0,0.0,0.0,474431.0,266644.0,24.701,210.0,405.0,0.0,0.0,0.0
tp_1_1,1788598562546437594,2,cloud,0.151,0.123,0.09,77432804.0,5645827.0,130.331,1635.0,6251.0,34.0,32.0,8802.0
tp_1_1,1788598562546455301,3,unused,0.0,0.0,0.0,457355.0,257838.0,24.099,210.0,405.0,0.0,0.0,0.0
tp_1_1,1788598563547370454,0,enterprise,0.149,0.128,0.121,24469227.0,9858908.0,115.653,1695.0,6251.0,15.0,16.0,4390.0
tp_1_1,1788598563547412164,1,unused,0.0,0.0,0.0,472498.0,265684.0,24.701,210.0,405.0,0.0,0.0,0.0
tp_1_1,1788598563547420238,2,cloud,0.331,0.272,0.251,6510871.0,23715359.0,135.653,1635.0,6251.0,34.0,32.0,8802.0
tp_1_1,1788598563547431561,3,unused,0.0,0.0,0.0,457631.0,257993.0,24.098,210.0,405.0,0.0,0.0,0.0
tp_1_1,1788598564548289803,0,enterprise,0.151,0.13,0.122,23682786.0,9879382.0,108.68,1695.0,6251.0,14.0,14.0,4390.0
tp_1_1,1788598564548323025,1,unused,0.0,0.0,0.0,475811.0,266556.0,24.699,210.0,405.0,0.0,0.0,0.0
tp_1_1,1788598564548331189,2,cloud,0.343,0.281,0.259,6800365.0,24569721.0,152.024,1635.0,6250.0,34.0,33.0,8802.0
tp_1_1,1788598564548341556,3,unused,0.0,0.0,0.0,456877.0,257345.0,24.043,210.0,405.0,0.0,0.0,0.0
tp_1_1,1788598565549224867,0,enterprise,0.149,0.128,0.121,23084185.0,9857537.0,104.955,1695.0,6251.0,15.0,16.0,4390.0
tp_1_1,1788598565549253724,1,unused,0.0,0.0,0.0,473597.0,265726.0,24.643,210.0,405.0,0.0,0.0,0.0
tp_1_1,1788598565549261536,2,cloud,0.332,0.273,0.251,8134110.0,23841374.0,140.086,1635.0,6251.0,34.0,33.0,8802.0
tp_1_1,1788598565549271624,3,unused,0.0,0.0,0.0,457610.0,257470.0,23.993,210.0,405.0,0.0,0.0,0.0
tp_1_1,1788598566550178028,0,enterprise,0.152,0.131,0.123,23696635.0,9975752.0,112.654,1695.0,6251.0,15.0,16.0,4390.0
tp_1_1,1788598566550204176,1,unused,0.0,0.0,0.0,472848.0,265081.0,24.588,210.0,405.0,0.0,0.0,0.0
tp_1_1,1788598566550211906,2,cloud,0.342,0.28,0.259,6666567.0,24431282.0,118.233,1680.0,6251.0,34.0,32.0,8802.0
tp_1_1,1788598566550221492,3,unused,0.0,0.0,0.0,455619.0,256477.0,23.942,210.0,405.0,0.0,0.0,0.0
tp_1_1,1788598567551124169,0,enterprise,0.152,0.131,0.124,23694371.0,9997110.0,120.843,1695.0,6251.0,15.0,16.0,4390.0
tp_1_1,1788598567551151902,1,unused,0.0,0.0,0.0,462379.0,259832.0,24.588,210.0,405.0,0.0,0.0,0.0
tp_1_1,1788598567551159956,2,cloud,0.343,0.281,0.259,6722393.0,24516302.0,125.609,1665.0,6251.0,34.0,33.0,8802.0
tp_1_1,1788598567551180817,3,unused,0.0,0.0,0.0,480274.0,269035.0,23.888,210.0,405.0,0.0,0.0,0.0
tp_1_1,1788598568552021129,0,enterprise,0.153,0.131,0.124,23697236.0,10007263.0,115.697,1695.0,6251.0,15.0,15.0,4390.0
tp_1_1,1788598568552054045,1,unused,0.0,0.0,0.0,462402.0,259845.0,24.545,210.0,405.0,0.0,0.0,0.0
tp_1_1,1788598568552061993,2,cloud,0.343,0.281,0.259,6761052.0,24542958.0,141.61,1590.0,6251.0,34.0,33.0,8802.0
tp_1_1,1788598568552071718,3,unused,0.0,0.0,0.0,482264.0,269801.0,23.935,210.0,405.0,0.0,0.0,0.0
tp_1_1,1788598569552844896,0,enterprise,0.151,0.13,0.122,23655308.0,9883059.0,98.646,1695.0,6251.0,15.0,16.0,4390.0
tp_1_1,1788598569552878965,1,unused,0.0,0.0,0.0,461279.0,259565.0,24.502,210.0,405.0,0.0,0.0,0.0
tp_1_1,1788598569552885880,2,cloud,0.343,0.281,0.26,8257415.0,24592025.0,164.148,1650.0,6251.0,34.0,33.0,8802.0
tp_1_1,1788598569552895126,3,unused,0.0,0.0,0.0,482308.0,271074.0,23.936,210.0,405.0,0.0,0.0,0.0
tp_1_1,1788598570553773560,0,enterprise,0.15,0.129,0.122,23006483.0,9914921.0,100.973,1695.0,6251.0,15.0,16.0,4390.0
tp_1_1,1788598570553800825,1,unused,0.0,0.0,0.0,462108.0,259968.0,24.502,210.0,405.0,0.0,0.0,0.0
tp_1_1,1788598570553809453,2,cloud,0.342,0.281,0.259,6804526.0,24550817.0,164.828,1665.0,6251.0,34.0,32.0,8802.0
tp_1_1,1788598570553818637,3,unused,0.0,0.0,0.0,482731.0,269776.0,23.888,210.0,405.0,0.0,0.0,0.0
tp_1_1,1788598571554705072,0,enterprise,0.153,0.13,0.1,88249515.0,6833092.0,104.637,1695.0,6251.0,0.0,0.0,4390.0
tp_1_1,1788598571554732307,1,unused,0.0,0.0,0.0,462010.0,259912.0,24.502,210.0,405.0,0.0,0.0,0.0
tp_1_1,1788598571554739064,2,cloud,0.147,0.121,0.113,3206981.0,10811598.0,122.778,1695.0,6251.0,0.0,0.0,8802.0
tp_1_1,1788598571554747758,3,unused,0.0,0.0,0.0,481361.0,269582.0,23.894,210.0,405.0,0.0,0.0,0.0
tp_1_1,1788598572555635549,0,enterprise,0.0,0.0,0.0,391845.0,225080.0,89.873,1695.0,6251.0,0.0,0.0,4390.0
tp_1_1,1788598572555686294,1,unused,0.0,0.0,0.0,474726.0,266010.0,24.502,210.0,405.0,0.0,0.0,0.0
tp_1_1,1788598572555697686,2,cloud,0.512,0.448,0.232,11880387.0,84919680.0,142.717,1680.0,6251.0,2.0,0.0,8802.0
tp_1_1,1788598572555703421,3,unused,0.0,0.0,0.0,479533.0,268170.0,23.894,210.0,405.0,0.0,0.0,0.0
tp_1_1,1788598573556481489,0,enterprise,0.169,0.147,0.093,60291832.0,79764135.0,97.719,1680.0,6251.0,0.0,0.0,4390.0
tp_1_1,1788598573556488782,1,unused,0.0,0.0,0.0,461921.0,259862.0,24.502,210.0,405.0,0.0,0.0,0.0
tp_1_1,1788598573556497219,2,cloud,0.086,0.069,0.048,76475808.0,2079662.0,109.438,1695.0,6251.0,0.0,0.0,8802.0
tp_1_1,1788598573556503330,3,unused,0.0,0.0,0.0,482152.0,270250.0,23.844,210.0,405.0,0.0,0.0,0.0
tp_1_1,1788598574557360140,0,enterprise,0.0,0.0,0.0,26371280.0,246728.0,95.013,1695.0,6251.0,0.0,0.0,4390.0
tp_1_1,1788598574557397175,1,unused,0.0,0.0,0.0,461929.0,259355.0,24.451,210.0,405.0,0.0,0.0,0.0
tp_1_1,1788598574557404302,2,cloud,0.301,0.25,0.148,10699976.0,81589684.0,132.73,900.0,6251.0,100.0,42.0,8802.0
tp_1_1,1788598574557414021,3,unused,0.0,0.0,0.0,469751.0,263244.0,23.85,210.0,405.0,0.0,0.0,0.0
tp_1_1,1788598575558262626,0,enterprise,0.027,0.022,0.013,8973182.0,76228050.0,98.819,1680.0,6251.0,96.0,50.0,4390.0
tp_1_1,1788598575558291505,1,unused,0.0,0.0,0.0,463960.0,260881.0,24.352,210.0,405.0,0.0,0.0,0.0
tp_1_1,1788598575558297539,2,cloud,0.27,0.226,0.133,77570569.0,5399336.0,114.378,1695.0,6251.0,0.0,0.0,8802.0
tp_1_1,1788598575558306025,3,unused,0.0,0.0,0.0,482774.0,270312.0,23.85,210.0,405.0,0.0,0.0,0.0
tp_1_1,1788598576559143461,0,enterprise,0.147,0.125,0.079,77722420.0,3745325.0,95.68,1695.0,6251.0,0.0,0.0,4390.0
tp_1_1,1788598576559168485,1,unused,0.0,0.0,0.0,469814.0,264078.0,24.353,210.0,405.0,0.0,0.0,0.0
tp_1_1,1788598576559177550,2,cloud,0.137,0.111,0.072,9744378.0,78691370.0,124.652,975.0,6251.0,100.0,48.0,8802.0
tp_1_1,1788598576559184039,3,unused,0.0,0.0,0.0,481177.0,269479.0,23.8,210.0,405.0,0.0,0.0,0.0
tp_1_1,1788598577560039918,0,enterprise,0.0,0.0,0.0,402646.0,230156.0,97.645,1005.0,6251.0,62.0,16.0,4390.0
tp_1_1,1788598577560086383,1,unused,0.0,0.0,0.0,464166.0,260485.0,24.352,210.0,405.0,0.0,0.0,0.0
tp_1_1,1788598577560094918,2,cloud,0.452,0.394,0.206,78669087.0,8320424.0,122.492,1695.0,6251.0,0.0,0.0,8802.0
tp_1_1,1788598577560101010,3,unused,0.0,0.0,0.0,483026.0,270678.0,23.802,210.0,405.0,0.0,0.0,0.0
tp_1_1,1788598578560853415,0,enterprise,0.176,0.15,0.093,86150757.0,79713577.0,100.981,1695.0,6251.0,0.0,0.0,4390.0
tp_1_1,1788598578560891615,1,unused,0.0,0.0,0.0,463636.0,260987.0,24.303,210.0,405.0,0.0,0.0,0.0
tp_1_1,1788598578560899536,2,cloud,0.009,0.007,0.003,8858811.0,75987565.0,120.88,1005.0,6251.0,100.0,51.0,8802.0
tp_1_1,1788598578560910213,3,unused,0.0,0.0,0.0,481809.0,269547.0,23.752,210.0,405.0,0.0,0.0,0.0
tp_1_1,1788598579561777245,0,enterprise,0.0,0.0,0.0,403141.0,230950.0,92.62,1695.0,6251.0,0.0,0.0,4390.0
tp_1_1,1788598579562372548,1,unused,0.0,0.0,0.0,474130.0,265963.0,24.252,210.0,405.0,0.0,0.0,0.0
tp_1_1,1788598579562379488,2,cloud,0.63,0.572,0.274,79487442.0,10977490.0,125.562,1695.0,6251.0,0.0,0.0,8802.0
tp_1_1,1788598579562388457,3,unused,0.0,0.0,0.0,471269.0,264033.0,23.658,210.0,405.0,0.0,0.0,0.0
tp_1_1,1788598580562644980,0,enterprise,0.178,0.149,0.119,50318225.0,83087338.0,104.838,1695.0,6251.0,16.0,16.0,4390.0
tp_1_1,1788598580562684871,1,unused,0.0,0.0,0.0,458514.0,257402.0,24.203,210.0,405.0,0.0,0.0,0.0
tp_1_1,1788598580562693256,2,cloud,0.201,0.153,0.16,4472574.0,13852549.0,129.344,1605.0,6251.0,39.0,39.0,8802.0
tp_1_1,1788598580562703373,3,unused,0.0,0.0,0.0,468471.0,263387.0,23.659,210.0,405.0,0.0,0.0,0.0
tp_1_1,1788598581563571899,0,enterprise,0.164,0.133,0.136,84487587.0,10704159.0,111.088,1695.0,6251.0,17.0,18.0,4390.0
tp_1_1,1788598581563610324,1,unused,0.0,0.0,0.0,463033.0,260424.0,24.203,210.0,405.0,0.0,0.0,0.0
tp_1_1,1788598581563617529,2,cloud,0.377,0.286,0.295,9236567.0,25078282.0,136.82,1665.0,6251.0,40.0,39.0,8802.0
tp_1_1,1788598581563724318,3,unused,0.0,0.0,0.0,482846.0,270066.0,23.701,210.0,405.0,0.0,0.0,0.0
tp_1_1,1788598582564498645,0,enterprise,0.159,0.128,0.131,80214752.0,10395301.0,108.273,1695.0,6251.0,15.0,16.0,4390.0
tp_1_1,1788598582564535112,1,unused,0.0,0.0,0.0,463036.0,260425.0,24.203,210.0,405.0,0.0,0.0,0.0
tp_1_1,1788598582564543007,2,cloud,0.376,0.285,0.293,7805609.0,25041632.0,145.169,1605.0,6251.0,35.0,35.0,8802.0
tp_1_1,1788598582564558039,3,unused,0.0,0.0,0.0,470066.0,263932.0,23.695,210.0,405.0,0.0,0.0,0.0
tp_1_1,1788598583565389885,0,enterprise,0.165,0.133,0.136,83328034.0,10743696.0,111.958,1695.0,6251.0,18.0,18.0,4390.0
tp_1_1,1788598583565422328,1,unused,0.0,0.0,0.0,462418.0,259854.0,24.202,210.0,405.0,0.0,0.0,0.0
tp_1_1,1788598583565430411,2,cloud,0.386,0.292,0.302,7779488.0,25651646.0,136.871,1605.0,6251.0,40.0,39.0,8802.0
tp_1_1,1788598583565440409,3,unused,0.0,0.0,0.0,481376.0,269079.0,23.645,210.0,405.0,0.0,0.0,0.0
tp_1_1,1788598584566293360,0,enterprise,0.165,0.133,0.136,83221675.0,10724021.0,110.311,1695.0,6251.0,16.0,16.0,4390.0
tp_1_1,1788598584566328860,1,unused,0.0,0.0,0.0,461920.0,259350.0,24.203,210.0,405.0,0.0,0.0,0.0
tp_1_1,1788598584566335687,2,cloud,0.382,0.289,0.298,7863583.0,25466027.0,143.691,1665.0,6251.0,40.0,39.0,8802.0
tp_1_1,1788598584566345194,3,unused,0.0,0.0,0.0,482008.0,270170.0,23.601,210.0,405.0,0.0,0.0,0.0
tp_1_1,1788598585567067567,0,enterprise,0.159,0.129,0.131,80308816.0,10475727.0,109.01,1695.0,6251.0,17.0,18.0,4390.0
tp_1_1,1788598585567096390,1,unused,0.0,0.0,0.0,462055.0,260161.0,24.195,210.0,405.0,0.0,0.0,0.0
tp_1_1,1788598585567103499,2,cloud,0.378,0.287,0.295,9397556.0,25190345.0,140.879,1665.0,6251.0,36.0,35.0,8802.0
tp_1_1,1788598585567113705,3,unused,0.0,0.0,0.0,472087.0,264941.0,23.551,210.0,405.0,0.0,0.0,0.0
tp_1_1,1788598586567858621,0,enterprise,0.165,0.134,0.136,83279699.0,10716755.0,113.639,1695.0,6251.0,18.0,18.0,4390.0
tp_1_1,1788598586567895468,1,unused,0.0,0.0,0.0,479947.0,268627.0,24.145,210.0,405.0,0.0,0.0,0.0
tp_1_1,1788598586567903758,2,cloud,0.386,0.294,0.302,7948972.0,25810749.0,136.559,1515.0,6251.0,40.0,39.0,8802.0
tp_1_1,1788598586567920347,3,unused,0.0,0.0,0.0,480911.0,269105.0,23.502,210.0,405.0,0.0,0.0,0.0
tp_1_1,1788598587568717194,0,enterprise,0.165,0.134,0.136,83218957.0,10735523.0,108.827,1695.0,6251.0,14.0,14.0,4390.0
tp_1_1,1788598587568726933,1,unused,0.0,0.0,0.0,480397.0,269329.0,24.147,210.0,405.0,0.0,0.0,0.0
tp_1_1,1788598587568735474,2,cloud,0.381,0.289,0.298,7976109.0,25538993.0,145.37,1665.0,6251.0,39.0,39.0,8802.0
tp_1_1,1788598587568741535,3,unused,0.0,0.0,0.0,471015.0,264402.0,23.496,210.0,405.0,0.0,0.0,0.0
tp_1_1,1788598588569678126,0,enterprise,0.165,0.133,0.136,83130498.0,10796446.0,110.644,1695.0,6251.0,18.0,18.0,4390.0
tp_1_1,1788598588569724180,1,unused,0.0,0.0,0.0,459929.0,258232.0,24.14,210.0,405.0,0.0,0.0,0.0
tp_1_1,1788598588569732816,2,cloud,0.378,0.287,0.296,7966656.0,25271066.0,137.626,1650.0,6251.0,36.0,36.0,8802.0
tp_1_1,1788598588569743573,3,unused,0.0,0.0,0.0,481031.0,269173.0,23.496,210.0,405.0,0.0,0.0,0.0
tp_1_1,1788598589570462195,0,enterprise,0.126,0.104,0.09,57296108.0,25451370.0,114.425,1695.0,6251.0,15.0,15.0,4390.0
tp_1_1,1788598589570504576,1,unused,0.0,0.0,0.0,486842.0,272163.0,24.095,210.0,405.0,0.0,0.0,0.0
tp_1_1,1788598589570513125,2,cloud,0.323,0.261,0.209,27343590.0,35124745.0,123.354,1650.0,6251.0,32.0,31.0,8802.0
tp_1_1,1788598589570523737,3,unused,0.0,0.0,0.0,479360.0,268624.0,23.502,210.0,405.0,0.0,0.0,0.0
tp_1_1,1788598590571184376,0,enterprise,0.145,0.126,0.119,24883977.0,9799332.0,109.354,1695.0,6251.0,15.0,15.0,4390.0
tp_1_1,1788598590571218763,1,unused,0.0,0.0,0.0,508338.0,278291.0,24.103,210.0,405.0,0.0,0.0,0.0
tp_1_1,1788598590571228375,2,cloud,0.325,0.268,0.251,6779693.0,24360872.0,117.763,1635.0,6251.0,32.0,31.0,8802.0
tp_1_1,1788598590571239694,3,unused,0.0,0.0,0.0,479561.0,268229.0,23.502,210.0,405.0,0.0,0.0,0.0
tp_1_1,1788598591571922168,0,enterprise,0.145,0.126,0.119,23592950.0,9834460.0,111.962,1695.0,6251.0,15.0,15.0,4390.0
tp_1_1,1788598591571959595,1,unused,0.0,0.0,0.0,473429.0,265669.0,24.052,210.0,405.0,0.0,0.0,0.0
tp_1_1,1788598591571967580,2,cloud,0.325,0.269,0.251,6779309.0,24381630.0,117.828,1605.0,6251.0,32.0,31.0,8802.0
tp_1_1,1788598591571977750,3,unused,0.0,0.0,0.0,479700.0,268591.0,23.452,210.0,405.0,0.0,0.0,0.0
tp_1_1,1788598592572684326,0,enterprise,0.145,0.126,0.119,23596698.0,9826404.0,115.848,1695.0,6251.0,15.0,15.0,4390.0
tp_1_1,1788598592572718410,1,unused,0.0,0.0,0.0,502093.0,279280.0,24.053,210.0,405.0,0.0,0.0,0.0
tp_1_1,1788598592572725936,2,cloud,0.32,0.265,0.247,6615687.0,24008763.0,119.607,1680.0,6251.0,32.0,31.0,8802.0
tp_1_1,1788598592572735678,3,unused,0.0,0.0,0.0,479713.0,268598.0,23.402,210.0,405.0,0.0,0.0,0.0
tp_1_1,1788598593573521887,0,enterprise,0.145,0.126,0.119,23572443.0,9823716.0,123.791,1695.0,6251.0,15.0,15.0,4390.0
tp_1_1,1788598593573582330,1,unused,0.0,0.0,0.0,468986.0,262978.0,24.003,210.0,405.0,0.0,0.0,0.0
tp_1_1,1788598593573595552,2,cloud,0.321,0.265,0.247,7939653.0,23908988.0,135.899,1665.0,6251.0,32.0,31.0,8802.0
tp_1_1,1788598593573604371,3,unused,0.0,0.0,0.0,482093.0,269524.0,23.402,210.0,405.0,0.0,0.0,0.0
tp_1_1,1788598594574257455,0,enterprise,0.146,0.127,0.12,23551902.0,9872898.0,118.634,1695.0,6251.0,15.0,15.0,4390.0
tp_1_1,1788598594574291106,1,unused,0.0,0.0,0.0,467860.0,262124.0,23.954,210.0,405.0,0.0,0.0,0.0
tp_1_1,1788598594574299137,2,cloud,0.32,0.265,0.247,6485797.0,23921647.0,139.949,1635.0,6251.0,32.0,31.0,8802.0
tp_1_1,1788598594574309301,3,unused,0.0,0.0,0.0,477144.0,267282.0,23.402,210.0,405.0,0.0,0.0,0.0
tp_1_1,1788598595575001502,0,enterprise,0.146,0.127,0.12,23551808.0,9850435.0,100.03,1695.0,6251.0,14.0,15.0,4390.0
tp_1_1,1788598595575026342,1,unused,0.0,0.0,0.0,458103.0,257492.0,23.954,210.0,405.0,0.0,0.0,0.0
tp_1_1,1788598595575033733,2,cloud,0.32,0.265,0.247,6552795.0,23930427.0,153.645,1680.0,6251.0,32.0,31.0,8802.0
tp_1_1,1788598595575042938,3,unused,0.0,0.0,0.0,468233.0,262555.0,23.396,210.0,405.0,0.0,0.0,0.0
tp_1_1,1788598596575741920,0,enterprise,0.145,0.126,0.119,23550714.0,9790831.0,102.582,1695.0,6251.0,15.0,15.0,4390.0
tp_1_1,1788598596575784491,1,unused,0.0,0.0,0.0,463386.0,260654.0,23.904,210.0,405.0,0.0,0.0,0.0
tp_1_1,1788598596575793009,2,cloud,0.321,0.265,0.247,8071591.0,23951058.0,151.43,1665.0,6251.0,32.0,31.0,8802.0
tp_1_1,1788598596575803588,3,unused,0.0,0.0,0.0,480511.0,268700.0,23.396,210.0,405.0,0.0,0.0,0.0
tp_1_1,1788598597576513193,0,enterprise,0.148,0.128,0.121,24287837.0,9953191.0,109.899,1695.0,6251.0,15.0,15.0,4390.0
tp_1_1,1788598597576558663,1,unused,0.0,0.0,0.0,462306.0,259602.0,23.904,210.0,405.0,0.0,0.0,0.0
tp_1_1,1788598597576568614,2,cloud,0.32,0.265,0.247,6588909.0,23945633.0,122.67,1605.0,6251.0,32.0,31.0,8802.0
tp_1_1,1788598597576580235,3,unused,0.0,0.0,0.0,493966.0,271884.0,23.352,210.0,405.0,0.0,0.0,0.0
tp_1_1,1788598598577347925,0,enterprise,0.146,0.126,0.119,23565829.0,9824604.0,122.201,1695.0,6251.0,15.0,15.0,4390.0
tp_1_1,1788598598577379700,1,unused,0.0,0.0,0.0,464233.0,260337.0,23.904,210.0,405.0,0.0,0.0,0.0
tp_1_1,1788598598577388802,2,cloud,0.321,0.265,0.248,6607845.0,23977591.0,126.223,1680.0,6251.0,32.0,31.0,8802.0
tp_1_1,1788598598577399515,3,unused,0.0,0.0,0.0,469734.0,263335.0,23.303,210.0,405.0,0.0,0.0,0.0
tp_1_1,1788598599578120352,0,enterprise,0.143,0.124,0.118,24235650.0,9720390.0,105.924,1695.0,6251.0,14.0,14.0,4390.0
tp_1_1,1788598599578155271,1,unused,0.0,0.0,0.0,460671.0,259032.0,23.903,210.0,405.0,0.0,0.0,0.0
tp_1_1,1788598599578174056,2,cloud,0.321,0.265,0.247,6474096.0,23879895.0,147.443,1680.0,6251.0,32.0,31.0,8802.0
tp_1_1,1788598599578180542,3,unused,0.0,0.0,0.0,479055.0,268230.0,23.297,210.0,405.0,0.0,0.0,0.0
tp_1_1,1788598600578863449,0,enterprise,0.144,0.125,0.118,23517541.0,9709491.0,104.745,1695.0,6251.0,15.0,15.0,4390.0
tp_1_1,1788598600578893910,1,unused,0.0,0.0,0.0,458355.0,257411.0,23.904,210.0,405.0,0.0,0.0,0.0
tp_1_1,1788598600578902656,2,cloud,0.321,0.266,0.248,8125031.0,23978813.0,140.957,1650.0,6251.0,32.0,31.0,8802.0
tp_1_1,1788598600578919471,3,unused,0.0,0.0,0.0,467992.0,261974.0,23.297,210.0,405.0,0.0,0.0,0.0
tp_1_1,1788598601579592309,0,enterprise,0.146,0.127,0.12,23581770.0,9906764.0,110.547,1695.0,6251.0,15.0,15.0,4390.0
tp_1_1,1788598601579603055,1,unused,0.0,0.0,0.0,461384.0,259655.0,23.853,210.0,405.0,0.0,0.0,0.0
tp_1_1,1788598601579611123,2,cloud,0.321,0.265,0.248,6612538.0,23958700.0,117.917,1635.0,6251.0,32.0,31.0,8802.0
tp_1_1,1788598601579616531,3,unused,0.0,0.0,0.0,468012.0,262717.0,23.303,210.0,405.0,0.0,0.0,0.0
tp_1_1,1788598602580354779,0,enterprise,0.149,0.13,0.122,24367050.0,10081077.0,114.878,1695.0,6251.0,15.0,15.0,4390.0
tp_1_1,1788598602580385722,1,unused,0.0,0.0,0.0,463705.0,260325.0,23.804,210.0,405.0,0.0,0.0,0.0
tp_1_1,1788598602580393945,2,cloud,0.321,0.265,0.248,6604764.0,23974108.0,119.494,1590.0,6251.0,33.0,32.0,8802.0
tp_1_1,1788598602580403346,3,unused,0.0,0.0,0.0,480455.0,268953.0,23.252,210.0,405.0,0.0,0.0,0.0
tp_1_1,1788598603581176627,0,enterprise,0.146,0.127,0.12,23577188.0,9848621.0,119.166,1695.0,6251.0,15.0,15.0,4390.0
tp_1_1,1788598603581209020,1,unused,0.0,0.0,0.0,461371.0,259426.0,23.804,210.0,405.0,0.0,0.0,0.0
tp_1_1,1788598603581220720,2,cloud,0.322,0.266,0.248,8053993.0,24017032.0,122.486,1650.0,6251.0,32.0,31.0,8802.0
tp_1_1,1788598603581227123,3,unused,0.0,0.0,0.0,479135.0,268275.0,23.202,210.0,405.0,0.0,0.0,0.0
tp_1_1,1788598604581933604,0,enterprise,0.145,0.126,0.119,23644532.0,9871319.0,120.067,1695.0,6251.0,15.0,15.0,4390.0
tp_1_1,1788598604581964819,1,unused,0.0,0.0,0.0,469901.0,260097.0,23.804,210.0,405.0,0.0,0.0,0.0
tp_1_1,1788598604581972760,2,cloud,0.328,0.272,0.254,6798557.0,24555649.0,125.966,1620.0,6251.0,32.0,31.0,8802.0
tp_1_1,1788598604581982693,3,unused,0.0,0.0,0.0,478935.0,268163.0,23.204,210.0,405.0,0.0,0.0,0.0
tp_1_1,1788598605582676860,0,enterprise,0.146,0.126,0.119,23589100.0,9850253.0,118.336,1695.0,6251.0,15.0,15.0,4390.0
tp_1_1,1788598605582717278,1,unused,0.0,0.0,0.0,472428.0,264661.0,23.804,210.0,405.0,0.0,0.0,0.0
tp_1_1,1788598605582725399,2,cloud,0.324,0.268,0.25,6705285.0,24198396.0,123.509,1605.0,6251.0,32.0,31.0,8802.0
tp_1_1,1788598605582735423,3,unused,0.0,0.0,0.0,480199.0,268585.0,23.204,210.0,405.0,0.0,0.0,0.0
tp_1_1,1788598606583380475,0,enterprise,0.149,0.129,0.122,24290784.0,10001908.0,117.066,1695.0,6251.0,15.0,15.0,4390.0
tp_1_1,1788598606583412376,1,unused,0.0,0.0,0.0,461203.0,259331.0,23.804,210.0,405.0,0.0,0.0,0.0
tp_1_1,1788598606583420575,2,cloud,0.322,0.266,0.248,6603963.0,23998927.0,121.21,1680.0,6251.0,32.0,31.0,8802.0
tp_1_1,1788598606583430509,3,unused,0.0,0.0,0.0,480021.0,268486.0,23.203,210.0,405.0,0.0,0.0,0.0
tp_1_1,1788598607584339808,0,enterprise,0.146,0.127,0.12,23654022.0,9886530.0,125.97,1695.0,6251.0,15.0,15.0,4390.0
tp_1_1,1788598607584387014,1,unused,0.0,0.0,0.0,461532.0,259230.0,23.804,210.0,405.0,0.0,0.0,0.0
tp_1_1,1788598607584395908,2,cloud,0.322,0.266,0.248,8066055.0,23986718.0,130.486,1665.0,6251.0,32.0,31.0,8802.0
tp_1_1,1788598607584402263,3,unused,0.0,0.0,0.0,480848.0,269397.0,23.154,210.0,405.0,0.0,0.0,0.0
tp_1_1,1788598608585244303,0,enterprise,0.142,0.124,0.117,24300842.0,9662086.0,103.026,1695.0,6251.0,15.0,15.0,4390.0
tp_1_1,1788598608585286497,1,unused,0.0,0.0,0.0,472843.0,265402.0,23.804,210.0,405.0,0.0,0.0,0.0
tp_1_1,1788598608585294272,2,cloud,0.322,0.266,0.248,6513598.0,23948443.0,157.056,1680.0,6251.0,32.0,31.0,8802.0
tp_1_1,1788598608585305189,3,unused,0.0,0.0,0.0,462169.0,259811.0,23.106,210.0,405.0,0.0,0.0,0.0
tp_1_1,1788598609586133346,0,enterprise,0.149,0.129,0.122,23594300.0,10000125.0,100.606,1695.0,6251.0,15.0,15.0,4390.0
tp_1_1,1788598609586164599,1,unused,0.0,0.0,0.0,473321.0,264876.0,23.804,210.0,405.0,0.0,0.0,0.0
tp_1_1,1788598609586172033,2,cloud,0.322,0.266,0.248,6580931.0,23991622.0,155.725,1680.0,6251.0,32.0,31.0,8802.0
tp_1_1,1788598609586181884,3,unused,0.0,0.0,0.0,464699.0,260821.0,23.155,210.0,405.0,0.0,0.0,0.0
tp_1_1,1788598610587054711,0,enterprise,0.147,0.127,0.12,24229101.0,9887613.0,104.58,1695.0,6251.0,15.0,15.0,4390.0
tp_1_1,1788598610587081937,1,unused,0.0,0.0,0.0,483308.0,270368.0,23.804,210.0,405.0,0.0,0.0,0.0
tp_1_1,1788598610587088833,2,cloud,0.321,0.266,0.248,8029765.0,23967325.0,135.158,1665.0,6251.0,32.0,31.0,8802.0
tp_1_1,1788598610587098209,3,unused,0.0,0.0,0.0,452303.0,254611.0,23.212,210.0,405.0,0.0,0.0,0.0
tp_1_1,1788598611587859671,0,enterprise,0.147,0.127,0.12,23553660.0,9863810.0,110.115,1695.0,6251.0,15.0,15.0,4390.0
tp_1_1,1788598611587880708,1,unused,0.0,0.0,0.0,469024.0,262999.0,23.754,210.0,405.0,0.0,0.0,0.0
tp_1_1,1788598611587893925,2,cloud,0.322,0.266,0.248,6571313.0,23996639.0,116.327,1635.0,6251.0,32.0,31.0,8802.0
tp_1_1,1788598611587903314,3,unused,0.0,0.0,0.0,461364.0,255861.0,23.162,210.0,405.0,0.0,0.0,0.0
tp_1_1,1788598612588725239,0,enterprise,0.146,0.127,0.12,23543676.0,9817792.0,116.698,1695.0,6251.0,15.0,15.0,4390.0
tp_1_1,1788598612588751079,1,unused,0.0,0.0,0.0,474086.0,266037.0,23.707,210.0,405.0,0.0,0.0,0.0
tp_1_1,1788598612588758666,2,cloud,0.324,0.268,0.25,6647583.0,24139377.0,118.853,1635.0,6251.0,32.0,31.0,8802.0
tp_1_1,1788598612588768293,3,unused,0.0,0.0,0.0,465891.0,261651.0,23.162,210.0,405.0,0.0,0.0,0.0
tp_1_1,1788598613589542119,0,enterprise,0.146,0.127,0.12,23519366.0,9806171.0,122.696,1695.0,6251.0,15.0,15.0,4390.0
tp_1_1,1788598613589572016,1,unused,0.0,0.0,0.0,476094.0,266247.0,23.715,210.0,405.0,0.0,0.0,0.0
tp_1_1,1788598613589579761,2,cloud,0.325,0.269,0.251,8199320.0,24243833.0,129.575,1665.0,6251.0,32.0,31.0,8802.0
tp_1_1,1788598613589589473,3,unused,0.0,0.0,0.0,465355.0,261127.0,23.162,210.0,405.0,0.0,0.0,0.0
tp_1_1,1788598614590349815,0,enterprise,0.146,0.127,0.12,23511959.0,9798089.0,97.532,1695.0,6251.0,15.0,15.0,4390.0
tp_1_1,1788598614590370901,1,unused,0.0,0.0,0.0,462310.0,260112.0,23.713,210.0,405.0,0.0,0.0,0.0
tp_1_1,1788598614590386433,2,cloud,0.321,0.265,0.247,6512573.0,23869951.0,154.495,1650.0,6251.0,32.0,31.0,8802.0
tp_1_1,1788598614590396726,3,unused,0.0,0.0,0.0,466238.0,261053.0,23.154,210.0,405.0,0.0,0.0,0.0
tp_1_1,1788598615591209985,0,enterprise,0.146,0.127,0.12,23448149.0,9764644.0,99.064,1695.0,6251.0,15.0,15.0,4390.0
tp_1_1,1788598615591218378,1,unused,0.0,0.0,0.0,462165.0,259523.0,23.713,210.0,405.0,0.0,0.0,0.0
tp_1_1,1788598615591226710,2,cloud,0.325,0.269,0.251,6632637.0,24195386.0,161.991,1680.0,6251.0,32.0,31.0,8802.0
tp_1_1,1788598615591232836,3,unused,0.0,0.0,0.0,476731.0,267335.0,23.153,210.0,405.0,0.0,0.0,0.0
tp_1_1,1788598616592106707,0,enterprise,0.146,0.127,0.12,24866200.0,9800304.0,102.795,1695.0,6251.0,15.0,15.0,4390.0
tp_1_1,1788598616592135291,1,unused,0.0,0.0,0.0,472135.0,264782.0,23.715,210.0,405.0,0.0,0.0,0.0
tp_1_1,1788598616592142036,2,cloud,0.322,0.266,0.248,6612571.0,23974447.0,145.634,1650.0,6251.0,30.0,29.0,8802.0
tp_1_1,1788598616592151296,3,unused,0.0,0.0,0.0,464439.0,260898.0,23.11,210.0,405.0,0.0,0.0,0.0
tp_1_1,1788598617593013086,0,enterprise,0.146,0.127,0.119,23487049.0,9783309.0,113.774,1695.0,6251.0,14.0,15.0,4390.0
tp_1_1,1788598617593048382,1,unused,0.0,0.0,0.0,471079.0,263966.0,23.765,210.0,405.0,0.0,0.0,0.0
tp_1_1,1788598617593056031,2,cloud,0.315,0.26,0.243,7956091.0,23451270.0,131.246,1650.0,6251.0,33.0,31.0,8802.0
tp_1_1,1788598617593065361,3,unused,0.0,0.0,0.0,454148.0,255808.0,23.112,210.0,405.0,0.0,0.0,0.0
tp_1_1,1788598618593884593,0,enterprise,0.145,0.126,0.119,23591655.0,9798507.0,99.542,1695.0,6251.0,15.0,15.0,4390.0
tp_1_1,1788598618593920766,1,unused,0.0,0.0,0.0,479582.0,264685.0,23.77,210.0,405.0,0.0,0.0,0.0
tp_1_1,1788598618593929551,2,cloud,0.322,0.266,0.248,6462590.0,23896498.0,155.523,1680.0,6251.0,31.0,30.0,8802.0
tp_1_1,1788598618593939687,3,unused,0.0,0.0,0.0,464503.0,260203.0,23.106,210.0,405.0,0.0,0.0,0.0
tp_1_1,1788598619594706993,0,enterprise,0.146,0.127,0.12,23553426.0,9854752.0,108.739,1695.0,6251.0,15.0,15.0,4390.0
tp_1_1,1788598619594743280,1,unused,0.0,0.0,0.0,473274.0,265359.0,23.715,210.0,405.0,0.0,0.0,0.0
tp_1_1,1788598619594750693,2,cloud,0.322,0.267,0.249,6554877.0,23949652.0,120.729,1635.0,6251.0,32.0,31.0,8802.0
tp_1_1,1788598619594759625,3,unused,0.0,0.0,0.0,464651.0,261303.0,23.106,210.0,405.0,0.0,0.0,0.0
tp_1_1,1788598620595537771,0,enterprise,0.146,0.127,0.12,23534754.0,9832891.0,111.9,1695.0,6251.0,15.0,15.0,4390.0
tp_1_1,1788598620595578643,1,unused,0.0,0.0,0.0,472589.0,265036.0,23.715,210.0,405.0,0.0,0.0,0.0
tp_1_1,1788598620595586446,2,cloud,0.326,0.269,0.251,8113560.0,24209472.0,115.061,1605.0,6251.0,31.0,30.0,8802.0
tp_1_1,1788598620595596287,3,unused,0.0,0.0,0.0,461981.0,259705.0,23.112,210.0,405.0,0.0,0.0,0.0
tp_1_1,1788598621596374159,0,enterprise,0.146,0.127,0.12,23493980.0,9791276.0,115.236,1695.0,6251.0,15.0,15.0,4390.0
tp_1_1,1788598621596402849,1,unused,0.0,0.0,0.0,472223.0,264323.0,23.721,210.0,405.0,0.0,0.0,0.0
tp_1_1,1788598621596409924,2,cloud,0.327,0.27,0.252,6648066.0,24265771.0,116.575,1620.0,6251.0,32.0,31.0,8802.0
tp_1_1,1788598621596418960,3,unused,0.0,0.0,0.0,463535.0,260230.0,23.062,210.0,405.0,0.0,0.0,0.0
tp_1_1,1788598622597316091,0,enterprise,0.146,0.127,0.12,23501947.0,9791419.0,119.23,1695.0,6251.0,15.0,15.0,4390.0
tp_1_1,1788598622597346480,1,unused,0.0,0.0,0.0,472604.0,264759.0,23.721,210.0,405.0,0.0,0.0,0.0
tp_1_1,1788598622597354200,2,cloud,0.325,0.269,0.251,6650078.0,24145979.0,121.359,1680.0,6251.0,33.0,32.0,8802.0
tp_1_1,1788598622597363180,3,unused,0.0,0.0,0.0,464321.0,260609.0,23.007,210.0,405.0,0.0,0.0,0.0
tp_1_1,1788598623598244257,0,enterprise,0.125,0.109,0.102,20439687.0,8444820.0,109.629,1620.0,6251.0,1.0,2.0,4390.0
tp_1_1,1788598623598287180,1,unused,0.0,0.0,0.0,471499.0,264710.0,23.72,210.0,405.0,0.0,0.0,0.0
tp_1_1,1788598623598304440,2,cloud,0.269,0.223,0.208,5664679.0,20150910.0,133.365,1680.0,6251.0,0.0,0.0,8802.0
tp_1_1,1788598623598315301,3,unused,0.0,0.0,0.0,462968.0,260483.0,23.007,210.0,405.0,0.0,0.0,0.0
tp_1_1,1788598624599133673,0,enterprise,0.093,0.08,0.046,62888777.0,40032573.0,87.379,1680.0,6251.0,0.0,0.0,4390.0
tp_1_1,1788598624599168243,1,unused,0.0,0.0,0.0,482824.0,270157.0,23.721,210.0,405.0,0.0,0.0,0.0
tp_1_1,1788598624599177655,2,cloud,0.326,0.284,0.143,46354301.0,63396944.0,146.15,1035.0,6251.0,100.0,44.0,8802.0
tp_1_1,1788598624599183909,3,unused,0.0,0.0,0.0,463633.0,260793.0,23.007,210.0,405.0,0.0,0.0,0.0
tp_1_1,1788598625600030664,0,enterprise,0.125,0.104,0.082,59285135.0,43343597.0,98.303,1695.0,6251.0,14.0,14.0,4390.0
tp_1_1,1788598625600067512,1,unused,0.0,0.0,0.0,471222.0,263823.0,23.671,210.0,405.0,0.0,0.0,0.0
tp_1_1,1788598625600075862,2,cloud,0.313,0.251,0.185,43940862.0,32566199.0,135.389,1680.0,6251.0,31.0,30.0,8802.0
tp_1_1,1788598625600085928,3,unused,0.0,0.0,0.0,474492.0,262139.0,23.012,210.0,405.0,0.0,0.0,0.0
tp_1_1,1788598626600953792,0,enterprise,0.15,0.121,0.123,82581966.0,9976038.0,109.28,1695.0,6251.0,15.0,15.0,4390.0
tp_1_1,1788598626600984566,1,unused,0.0,0.0,0.0,468377.0,262637.0,23.671,210.0,405.0,0.0,0.0,0.0
tp_1_1,1788598626601000685,2,cloud,0.33,0.248,0.255,8502152.0,22796237.0,135.85,1665.0,6251.0,36.0,35.0,8802.0
tp_1_1,1788598626601010562,3,unused,0.0,0.0,0.0,452585.0,254770.0,23.017,210.0,405.0,0.0,0.0,0.0
tp_1_1,1788598627601883890,0,enterprise,0.151,0.121,0.123,84055685.0,9997100.0,105.056,1695.0,6251.0,16.0,16.0,4390.0
tp_1_1,1788598627601916819,1,unused,0.0,0.0,0.0,472918.0,264936.0,23.721,210.0,405.0,0.0,0.0,0.0
tp_1_1,1788598627601923952,2,cloud,0.341,0.255,0.263,7143876.0,23514432.0,144.88,1650.0,6251.0,32.0,31.0,8802.0
tp_1_1,1788598627601933714,3,unused,0.0,0.0,0.0,454246.0,255354.0,23.018,210.0,405.0,0.0,0.0,0.0
tp_1_1,1788598628602833522,0,enterprise,0.151,0.121,0.123,82664820.0,9985558.0,108.197,1695.0,6251.0,16.0,16.0,4390.0
tp_1_1,1788598628602865137,1,unused,0.0,0.0,0.0,475082.0,266534.0,23.721,210.0,405.0,0.0,0.0,0.0
tp_1_1,1788598628602872322,2,cloud,0.341,0.256,0.264,7253105.0,23641501.0,137.892,1680.0,6251.0,32.0,31.0,8802.0
tp_1_1,1788598628602881891,3,unused,0.0,0.0,0.0,463877.0,261153.0,23.018,210.0,405.0,0.0,0.0,0.0
tp_1_1,1788598629603744857,0,enterprise,0.151,0.121,0.123,82568831.0,9970267.0,109.383,1695.0,6251.0,16.0,16.0,4390.0
tp_1_1,1788598629603760087,1,unused,0.0,0.0,0.0,473026.0,265219.0,23.721,210.0,405.0,0.0,0.0,0.0
tp_1_1,1788598629603768994,2,cloud,0.342,0.257,0.264,8857027.0,23664290.0,136.187,1650.0,6251.0,30.0,29.0,8802.0
tp_1_1,1788598629603775315,3,unused,0.0,0.0,0.0,465782.0,261082.0,23.018,210.0,405.0,0.0,0.0,0.0
tp_1_1,1788598630604698536,0,enterprise,0.151,0.122,0.123,82596085.0,9992252.0,112.133,1695.0,6251.0,16.0,16.0,4390.0
tp_1_1,1788598630604728976,1,unused,0.0,0.0,0.0,469857.0,263119.0,23.721,210.0,405.0,0.0,0.0,0.0
tp_1_1,1788598630604737012,2,cloud,0.343,0.258,0.265,7349319.0,23744579.0,133.375,1680.0,6251.0,36.0,35.0,8802.0
tp_1_1,1788598630604747093,3,unused,0.0,0.0,0.0,454443.0,255402.0,23.018,210.0,405.0,0.0,0.0,0.0
tp_1_1,1788598631605601085,0,enterprise,0.151,0.122,0.123,82637956.0,10039631.0,111.015,1695.0,6251.0,16.0,16.0,4390.0
tp_1_1,1788598631605634036,1,unused,0.0,0.0,0.0,470759.0,264071.0,23.671,210.0,405.0,0.0,0.0,0.0
tp_1_1,1788598631605642058,2,cloud,0.346,0.26,0.267,7400328.0,23882346.0,138.161,1680.0,6251.0,36.0,35.0,8802.0
tp_1_1,1788598631605652008,3,unused,0.0,0.0,0.0,465798.0,261599.0,23.018,210.0,405.0,0.0,0.0,0.0
tp_1_1,1788598632606524574,0,enterprise,0.151,0.122,0.123,82553066.0,9974984.0,108.737,1695.0,6251.0,16.0,16.0,4390.0
tp_1_1,1788598632606570895,1,unused,0.0,0.0,0.0,481477.0,265625.0,23.621,210.0,405.0,0.0,0.0,0.0
tp_1_1,1788598632606580667,2,cloud,0.346,0.26,0.267,7327052.0,23804537.0,139.596,1665.0,6251.0,36.0,35.0,8802.0
tp_1_1,1788598632606591788,3,unused,0.0,0.0,0.0,454204.0,255839.0,23.018,210.0,405.0,0.0,0.0,0.0
tp_1_1,1788598633607477852,0,enterprise,0.151,0.122,0.124,82812462.0,10072954.0,104.736,1695.0,6251.0,13.0,13.0,4390.0
tp_1_1,1788598633607517101,1,unused,0.0,0.0,0.0,468961.0,262964.0,23.621,210.0,405.0,0.0,0.0,0.0
tp_1_1,1788598633607536110,2,cloud,0.341,0.256,0.263,8643505.0,23466463.0,143.67,1620.0,6251.0,34.0,33.0,8802.0
tp_1_1,1788598633607542192,3,unused,0.0,0.0,0.0,453099.0,254995.0,23.018,210.0,405.0,0.0,0.0,0.0
tp_1_1,1788598634608401696,0,enterprise,0.151,0.122,0.123,82558231.0,10017232.0,107.676,1695.0,6251.0,16.0,16.0,4390.0
tp_1_1,1788598634608447482,1,unused,0.0,0.0,0.0,474388.0,266145.0,23.671,210.0,405.0,0.0,0.0,0.0
tp_1_1,1788598634608455003,2,cloud,0.343,0.258,0.266,7356661.0,23750243.0,139.916,1680.0,6251.0,32.0,31.0,8802.0
tp_1_1,1788598634608461641,3,unused,0.0,0.0,0.0,461306.0,259389.0,23.018,210.0,405.0,0.0,0.0,0.0
tp_1_1,1788598635609325388,0,enterprise,0.151,0.122,0.124,82663488.0,9992736.0,108.238,1695.0,6251.0,16.0,16.0,4390.0
tp_1_1,1788598635609363631,1,unused,0.0,0.0,0.0,466495.0,261990.0,23.621,210.0,405.0,0.0,0.0,0.0
tp_1_1,1788598635609371518,2,cloud,0.343,0.257,0.265,7257519.0,23642645.0,138.142,1665.0,6251.0,33.0,32.0,8802.0
tp_1_1,1788598635609381534,3,unused,0.0,0.0,0.0,463457.0,260472.0,22.968,210.0,405.0,0.0,0.0,0.0
tp_1_1,1788598636610249897,0,enterprise,0.152,0.122,0.124,84050456.0,9999223.0,109.713,1695.0,6251.0,16.0,16.0,4390.0
tp_1_1,1788598636610285911,1,unused,0.0,0.0,0.0,469508.0,263494.0,23.571,210.0,405.0,0.0,0.0,0.0
tp_1_1,1788598636610293727,2,cloud,0.344,0.257,0.265,7256089.0,23644219.0,132.031,1650.0,6251.0,34.0,33.0,8802.0
tp_1_1,1788598636610303880,3,unused,0.0,0.0,0.0,452703.0,255345.0,22.97,210.0,405.0,0.0,0.0,0.0
tp_1_1,1788598637611165838,0,enterprise,0.152,0.122,0.124,82688976.0,9998120.0,113.495,1695.0,6251.0,16.0,16.0,4390.0
tp_1_1,1788598637611209954,1,unused,0.0,0.0,0.0,470061.0,263519.0,23.671,210.0,405.0,0.0,0.0,0.0
tp_1_1,1788598637611218324,2,cloud,0.344,0.257,0.265,8761331.0,23670653.0,133.191,1680.0,6251.0,36.0,35.0,8802.0
tp_1_1,1788598637611224495,3,unused,0.0,0.0,0.0,453267.0,254867.0,22.97,210.0,405.0,0.0,0.0,0.0
tp_1_1,1788598638612056587,0,enterprise,0.155,0.125,0.127,85476610.0,10234834.0,111.504,1695.0,6251.0,16.0,16.0,4390.0
tp_1_1,1788598638612110622,1,unused,0.0,0.0,0.0,467333.0,261889.0,23.669,210.0,405.0,0.0,0.0,0.0
tp_1_1,1788598638612121797,2,cloud,0.344,0.257,0.265,7253802.0,23636390.0,136.692,1680.0,6251.0,36.0,35.0,8802.0
tp_1_1,1788598638612133620,3,unused,0.0,0.0,0.0,463294.0,260380.0,22.968,210.0,405.0,0.0,0.0,0.0
tp_1_1,1788598639613039536,0,enterprise,0.152,0.122,0.124,82776167.0,10072792.0,109.203,1695.0,6251.0,15.0,15.0,4390.0
tp_1_1,1788598639613083395,1,unused,0.0,0.0,0.0,468248.0,262849.0,23.619,210.0,405.0,0.0,0.0,0.0
tp_1_1,1788598639613092258,2,cloud,0.344,0.257,0.265,7288542.0,23679628.0,139.88,1650.0,6251.0,36.0,35.0,8802.0
tp_1_1,1788598639613102803,3,unused,0.0,0.0,0.0,474131.0,262220.0,23.017,210.0,405.0,0.0,0.0,0.0
tp_1_1,1788598640614021766,0,enterprise,0.152,0.122,0.124,82738301.0,10058774.0,106.604,1695.0,6251.0,14.0,14.0,4390.0
tp_1_1,1788598640614065697,1,unused,0.0,0.0,0.0,468943.0,264193.0,23.621,210.0,405.0,0.0,0.0,0.0
tp_1_1,1788598640614074637,2,cloud,0.344,0.257,0.265,7228510.0,23638470.0,143.983,1605.0,6251.0,35.0,34.0,8802.0
tp_1_1,1788598640614086176,3,unused,0.0,0.0,0.0,461439.0,260195.0,23.012,210.0,405.0,0.0,0.0,0.0
tp_1_1,1788598641615013898,0,enterprise,0.152,0.122,0.124,79867786.0,10025850.0,108.306,1695.0,6251.0,16.0,16.0,4390.0
tp_1_1,1788598641615053260,1,unused,0.0,0.0,0.0,468736.0,262045.0,23.621,210.0,405.0,0.0,0.0,0.0
tp_1_1,1788598641615067936,2,cloud,0.344,0.257,0.265,8685212.0,23617299.0,135.943,1620.0,6251.0,32.0,31.0,8802.0
tp_1_1,1788598641615078832,3,unused,0.0,0.0,0.0,450866.0,252850.0,23.012,210.0,405.0,0.0,0.0,0.0
tp_1_1,1788598642615951243,0,enterprise,0.151,0.121,0.123,82599511.0,9977755.0,112.097,1695.0,6251.0,16.0,16.0,4390.0
tp_1_1,1788598642615988349,1,unused,0.0,0.0,0.0,470600.0,264998.0,23.615,210.0,405.0,0.0,0.0,0.0
tp_1_1,1788598642615995690,2,cloud,0.345,0.258,0.265,7258598.0,23649096.0,134.214,1665.0,6251.0,36.0,35.0,8802.0
tp_1_1,1788598642616005513,3,unused,0.0,0.0,0.0,460579.0,259996.0,22.968,210.0,405.0,0.0,0.0,0.0
tp_1_1,1788598643616911234,0,enterprise,0.153,0.123,0.125,85394741.0,10087593.0,110.064,1695.0,6251.0,16.0,16.0,4390.0
tp_1_1,1788598643616920241,1,unused,0.0,0.0,0.0,467962.0,261448.0,23.613,210.0,405.0,0.0,0.0,0.0
tp_1_1,1788598643616928447,2,cloud,0.346,0.258,0.266,7294365.0,23720932.0,138.24,1680.0,6251.0,36.0,35.0,8802.0
tp_1_1,1788598643616934345,3,unused,0.0,0.0,0.0,460343.0,259928.0,22.919,210.0,405.0,0.0,0.0,0.0
tp_1_1,1788598644617842143,0,enterprise,0.149,0.119,0.121,79940685.0,9848513.0,106.897,1695.0,6251.0,14.0,14.0,4390.0
tp_1_1,1788598644617881375,1,unused,0.0,0.0,0.0,513361.0,294002.0,23.613,210.0,405.0,0.0,0.0,0.0
tp_1_1,1788598644617893546,2,cloud,0.345,0.257,0.265,8804275.0,23688127.0,141.251,1680.0,6251.0,30.0,29.0,8802.0
tp_1_1,1788598644617900058,3,unused,0.0,0.0,0.0,445596.0,254481.0,22.963,210.0,405.0,0.0,0.0,0.0
tp_1_1,1788598645618737813,0,enterprise,0.152,0.122,0.124,83793641.0,9994374.0,110.32,1695.0,6251.0,16.0,16.0,4390.0
tp_1_1,1788598645618772565,1,unused,0.0,0.0,0.0,496126.0,280022.0,23.615,210.0,405.0,0.0,0.0,0.0
tp_1_1,1788598645618780668,2,cloud,0.342,0.255,0.263,7393353.0,23606561.0,136.324,1665.0,6251.0,36.0,35.0,8802.0
tp_1_1,1788598645618792523,3,unused,0.0,0.0,0.0,450598.0,254222.0,22.957,210.0,405.0,0.0,0.0,0.0
tp_1_1,1788598646619621165,0,enterprise,0.152,0.122,0.124,82548342.0,10049504.0,106.206,1695.0,6251.0,15.0,15.0,4390.0
tp_1_1,1788598646619652764,1,unused,0.0,0.0,0.0,482102.0,267947.0,23.621,210.0,405.0,0.0,0.0,0.0
tp_1_1,1788598646619660123,2,cloud,0.343,0.256,0.264,7269024.0,23582988.0,143.877,1650.0,6251.0,32.0,31.0,8802.0
tp_1_1,1788598646619669821,3,unused,0.0,0.0,0.0,520945.0,298770.0,22.907,210.0,405.0,0.0,0.0,0.0
tp_1_1,1788598647620515875,0,enterprise,0.152,0.122,0.124,82608706.0,10107145.0,109.912,1695.0,6251.0,16.0,16.0,4390.0
tp_1_1,1788598647620558852,1,unused,0.0,0.0,0.0,612127.0,358256.0,23.571,210.0,405.0,0.0,0.0,0.0
tp_1_1,1788598647620570429,2,cloud,0.344,0.257,0.265,7409915.0,23718315.0,134.49,1635.0,6251.0,34.0,33.0,8802.0
tp_1_1,1788598647620580350,3,unused,0.0,0.0,0.0,567700.0,333644.0,22.913,210.0,405.0,0.0,0.0,0.0
tp_1_1,1788598648621346123,0,enterprise,0.151,0.122,0.124,82310239.0,10039252.0,109.511,1695.0,6251.0,13.0,13.0,4390.0
tp_1_1,1788598648621375944,1,unused,0.0,0.0,0.0,538016.0,311270.0,23.571,210.0,405.0,0.0,0.0,0.0
tp_1_1,1788598648621384505,2,cloud,0.338,0.253,0.261,8752269.0,23299858.0,140.095,1575.0,6251.0,36.0,35.0,8802.0
tp_1_1,1788598648621394754,3,unused,0.0,0.0,0.0,575302.0,332081.0,22.919,210.0,405.0,0.0,0.0,0.0
tp_1_1,1788598649622114065,0,enterprise,0.152,0.122,0.124,82527070.0,9990151.0,107.841,1695.0,6251.0,16.0,16.0,4390.0
tp_1_1,1788598649622141458,1,unused,0.0,0.0,0.0,464158.0,260009.0,23.571,210.0,405.0,0.0,0.0,0.0
tp_1_1,1788598649622148749,2,cloud,0.345,0.258,0.267,7380058.0,23712582.0,137.9,1635.0,6251.0,32.0,31.0,8802.0
tp_1_1,1788598649622158137,3,unused,0.0,0.0,0.0,474355.0,264377.0,22.919,210.0,405.0,0.0,0.0,0.0
tp_1_1,1788598650622840605,0,enterprise,0.149,0.119,0.121,79946757.0,9875123.0,111.941,1695.0,6251.0,16.0,16.0,4390.0
tp_1_1,1788598650622866040,1,unused,0.0,0.0,0.0,458583.0,258779.0,23.571,210.0,405.0,0.0,0.0,0.0
tp_1_1,1788598650622886974,2,cloud,0.346,0.259,0.267,7344372.0,23793836.0,135.692,1680.0,6251.0,36.0,35.0,8802.0
tp_1_1,1788598650622897340,3,unused,0.0,0.0,0.0,463178.0,261332.0,22.919,210.0,405.0,0.0,0.0,0.0
tp_1_1,1788598651623568855,0,enterprise,0.151,0.122,0.124,82763167.0,9980424.0,107.754,1695.0,6251.0,13.0,13.0,4390.0
tp_1_1,1788598651623593691,1,unused,0.0,0.0,0.0,457491.0,256480.0,23.621,210.0,405.0,0.0,0.0,0.0
tp_1_1,1788598651623600824,2,cloud,0.346,0.259,0.267,7203092.0,23712808.0,142.417,1605.0,6251.0,35.0,34.0,8802.0
tp_1_1,1788598651623610402,3,unused,0.0,0.0,0.0,476265.0,265609.0,22.919,210.0,405.0,0.0,0.0,0.0
tp_1_1,1788598652624272399,0,enterprise,0.152,0.123,0.125,82684874.0,10056935.0,110.793,1695.0,6251.0,16.0,16.0,4390.0
tp_1_1,1788598652624301049,1,unused,0.0,0.0,0.0,472473.0,265988.0,23.565,210.0,405.0,0.0,0.0,0.0
tp_1_1,1788598652624316446,2,cloud,0.34,0.254,0.262,8718334.0,23387020.0,134.968,1680.0,6251.0,36.0,35.0,8802.0
tp_1_1,1788598652624322653,3,unused,0.0,0.0,0.0,495312.0,273818.0,22.919,210.0,405.0,0.0,0.0,0.0
tp_1_1,1788598653625040854,0,enterprise,0.152,0.122,0.125,82632982.0,10055128.0,108.421,1695.0,6251.0,14.0,14.0,4390.0
tp_1_1,1788598653625084301,1,unused,0.0,0.0,0.0,459495.0,257195.0,23.515,210.0,405.0,0.0,0.0,0.0
tp_1_1,1788598653625106028,2,cloud,0.341,0.255,0.263,7154156.0,23357398.0,143.11,1635.0,6251.0,33.0,32.0,8802.0
tp_1_1,1788598653625115387,3,unused,0.0,0.0,0.0,478794.0,266619.0,22.919,210.0,405.0,0.0,0.0,0.0
tp_1_1,1788598654625744457,0,enterprise,0.147,0.118,0.12,81244998.0,9722758.0,110.074,1695.0,6251.0,16.0,16.0,4390.0
tp_1_1,1788598654625773456,1,unused,0.0,0.0,0.0,471611.0,265059.0,23.565,210.0,405.0,0.0,0.0,0.0
tp_1_1,1788598654625781017,2,cloud,0.346,0.259,0.268,7315705.0,23804531.0,136.713,1680.0,6251.0,35.0,34.0,8802.0
tp_1_1,1788598654625790805,3,unused,0.0,0.0,0.0,476177.0,268103.0,22.919,210.0,405.0,0.0,0.0,0.0
tp_1_1,1788598655626466354,0,enterprise,0.147,0.118,0.12,81244998.0,9722758.0,108.844,1695.0,6251.0,14.0,14.0,4390.0
tp_1_1,1788598655626499278,1,unused,0.0,0.0,0.0,471611.0,265059.0,23.615,210.0,405.0,0.0,0.0,0.0
tp_1_1,1788598655626510865,2,cloud,0.346,0.259,0.268,7315705.0,23804531.0,142.424,1575.0,6251.0,36.0,35.0,8802.0
tp_1_1,1788598655626517554,3,unused,0.0,0.0,0.0,476177.0,268103.0,22.919,210.0,405.0,0.0,0.0,0.0
tp_1_1,1788598656627227932,0,enterprise,0.153,0.123,0.125,82780439.0,10106665.0,108.337,1695.0,6251.0,16.0,16.0,4390.0
tp_1_1,1788598656627260769,1,unused,0.0,0.0,0.0,461417.0,258434.0,23.565,210.0,405.0,0.0,0.0,0.0
tp_1_1,1788598656627269896,2,cloud,0.347,0.26,0.268,7272305.0,23780107.0,137.245,1635.0,6251.0,33.0,32.0,8802.0
tp_1_1,1788598656627283740,3,unused,0.0,0.0,0.0,475036.0,264982.0,22.919,210.0,405.0,0.0,0.0,0.0
tp_1_1,1788598657628076534,0,enterprise,0.153,0.123,0.125,82653192.0,10044415.0,114.157,1695.0,6251.0,16.0,16.0,4390.0
tp_1_1,1788598657628085021,1,unused,0.0,0.0,0.0,461816.0,260916.0,23.515,210.0,405.0,0.0,0.0,0.0
tp_1_1,1788598657628093075,2,cloud,0.342,0.256,0.265,8813874.0,23568052.0,134.034,1635.0,6251.0,36.0,35.0,8802.0
tp_1_1,1788598657628098985,3,unused,0.0,0.0,0.0,474426.0,267182.0,22.969,210.0,405.0,0.0,0.0,0.0
tp_1_1,1788598658629215496,0,enterprise,0.152,0.123,0.125,82551716.0,10039407.0,108.728,1695.0,6251.0,14.0,15.0,4390.0
tp_1_1,1788598658629247621,1,unused,0.0,0.0,0.0,470839.0,263101.0,23.521,210.0,405.0,0.0,0.0,0.0
tp_1_1,1788598658629256252,2,cloud,0.346,0.26,0.268,7402459.0,23834874.0,141.107,1635.0,6251.0,36.0,35.0,8802.0
tp_1_1,1788598658629262397,3,unused,0.0,0.0,0.0,476256.0,265546.0,22.969,210.0,405.0,0.0,0.0,0.0
tp_1_1,1788598659630077029,0,enterprise,0.152,0.123,0.125,82601242.0,10074523.0,108.042,1695.0,6251.0,13.0,13.0,4390.0
tp_1_1,1788598659630110586,1,unused,0.0,0.0,0.0,483952.0,271176.0,23.57,210.0,405.0,0.0,0.0,0.0
tp_1_1,1788598659630117668,2,cloud,0.348,0.261,0.27,7489843.0,23997458.0,143.572,1650.0,6251.0,36.0,35.0,8802.0
tp_1_1,1788598659630127334,3,unused,0.0,0.0,0.0,463786.0,261102.0,22.919,210.0,405.0,0.0,0.0,0.0
tp_1_1,1788598660630911829,0,enterprise,0.152,0.123,0.125,82629404.0,10082381.0,109.272,1695.0,6251.0,16.0,16.0,4390.0
tp_1_1,1788598660630951368,1,unused,0.0,0.0,0.0,478948.0,263599.0,23.621,210.0,405.0,0.0,0.0,0.0
tp_1_1,1788598660630958961,2,cloud,0.343,0.257,0.266,8882992.0,23652592.0,139.005,1635.0,6251.0,33.0,32.0,8802.0
tp_1_1,1788598660630968669,3,unused,0.0,0.0,0.0,476998.0,266184.0,22.919,210.0,405.0,0.0,0.0,0.0
tp_1_1,1788598661631709374,0,enterprise,0.14,0.113,0.115,77757666.0,9251023.0,97.958,1695.0,6251.0,0.0,0.0,4390.0
tp_1_1,1788598661631732579,1,unused,0.0,0.0,0.0,471991.0,266733.0,23.57,210.0,405.0,0.0,0.0,0.0
tp_1_1,1788598661631739517,2,cloud,0.316,0.237,0.245,6823106.0,21750780.0,109.428,1695.0,6251.0,0.0,0.0,8802.0
tp_1_1,1788598661631754773,3,unused,0.0,0.0,0.0,478792.0,270179.0,22.921,210.0,405.0,0.0,0.0,0.0
tp_1_1,1788598662632662130,0,enterprise,0.0,0.0,0.0,404020.0,229996.0,95.554,1695.0,6251.0,0.0,0.0,4390.0
tp_1_1,1788598662632685020,1,unused,0.0,0.0,0.0,472720.0,264092.0,23.57,210.0,405.0,0.0,0.0,0.0
tp_1_1,1788598662632699461,2,cloud,0.0,0.0,0.0,396878.0,226424.0,108.61,1695.0,6251.0,0.0,0.0,8802.0
tp_1_1,1788598662632705755,3,unused,0.0,0.0,0.0,453870.0,254411.0,22.923,210.0,405.0,0.0,0.0,0.0
tp_1_1,1788598663633660988,0,enterprise,0.0,0.0,0.0,421813.0,239654.0,92.026,1695.0,6251.0,0.0,0.0,4390.0
tp_1_1,1788598663633699127,1,unused,0.0,0.0,0.0,473719.0,265099.0,23.57,210.0,405.0,0.0,0.0,0.0
tp_1_1,1788598663633708042,2,cloud,0.0,0.0,0.0,395363.0,226431.0,106.598,1695.0,6251.0,0.0,0.0,8802.0
tp_1_1,1788598663633715232,3,unused,0.0,0.0,0.0,454895.0,255942.0,22.923,210.0,405.0,0.0,0.0,0.0
tp_1_1,1788598664634547525,0,enterprise,0.0,0.0,0.0,399424.0,227442.0,91.968,1695.0,6251.0,0.0,0.0,4390.0
tp_1_1,1788598664634573122,1,unused,0.0,0.0,0.0,460963.0,258464.0,23.521,210.0,405.0,0.0,0.0,0.0
tp_1_1,1788598664634580959,2,cloud,0.0,0.0,0.0,407543.0,231500.0,106.481,1695.0,6251.0,0.0,0.0,8802.0
tp_1_1,1788598664634591359,3,unused,0.0,0.0,0.0,475184.0,265574.0,22.923,210.0,405.0,0.0,0.0,0.0
tp_1_1,1788598665635385088,0,enterprise,0.0,0.0,0.0,400400.0,228945.0,91.919,1695.0,6251.0,0.0,0.0,4390.0
tp_1_1,1788598665635403880,1,unused,0.0,0.0,0.0,459869.0,258422.0,23.521,210.0,405.0,0.0,0.0,0.0
tp_1_1,1788598665635418822,2,cloud,0.0,0.0,0.0,407978.0,232984.0,106.283,1695.0,6251.0,0.0,0.0,8802.0
tp_1_1,1788598665635428229,3,unused,0.0,0.0,0.0,474106.0,265540.0,22.923,210.0,405.0,0.0,0.0,0.0
tp_1_1,1788598666636295780,0,enterprise,0.0,0.0,0.0,411017.0,233486.0,91.869,1695.0,6251.0,0.0,0.0,4390.0
tp_1_1,1788598666636314086,1,unused,0.0,0.0,0.0,461432.0,258442.0,23.526,210.0,405.0,0.0,0.0,0.0
tp_1_1,1788598666636326404,2,cloud,0.0,0.0,0.0,405965.0,230454.0,106.183,1695.0,6251.0,0.0,0.0,8802.0
tp_1_1,1788598666636334541,3,unused,0.0,0.0,0.0,462943.0,258942.0,22.923,210.0,405.0,0.0,0.0,0.0
tp_1_1,1788598667637232138,0,enterprise,0.0,0.0,0.0,398847.0,228421.0,91.82,1695.0,6251.0,0.0,0.0,4390.0
tp_1_1,1788598667637249384,1,unused,0.0,0.0,0.0,472049.0,264510.0,23.528,210.0,405.0,0.0,0.0,0.0
tp_1_1,1788598667637255883,2,cloud,0.0,0.0,0.0,405937.0,231964.0,106.085,1695.0,6251.0,0.0,0.0,8802.0
tp_1_1,1788598667637263941,3,unused,0.0,0.0,0.0,475623.0,266552.0,22.928,210.0,405.0,0.0,0.0,0.0
tp_1_1,1788598668638218437,0,enterprise,0.0,0.0,0.0,406431.0,230938.0,91.82,1695.0,6251.0,0.0,0.0,4390.0
tp_1_1,1788598668638236518,1,unused,0.0,0.0,0.0,459299.0,257370.0,23.573,210.0,405.0,0.0,0.0,0.0
tp_1_1,1788598668638245461,2,cloud,0.0,0.0,0.0,406908.0,230920.0,105.936,1695.0,6251.0,0.0,0.0,8802.0
tp_1_1,1788598668638256930,3,unused,0.0,0.0,0.0,483208.0,266019.0,22.926,210.0,405.0,0.0,0.0,0.0
tp_1_1,1788598669639129172,0,enterprise,0.0,0.0,0.0,411999.0,234992.0,91.813,1695.0,6251.0,0.0,0.0,4390.0
tp_1_1,1788598669639146153,1,unused,0.0,0.0,0.0,461374.0,259427.0,23.57,210.0,405.0,0.0,0.0,0.0
tp_1_1,1788598669639152473,2,cloud,0.0,0.0,0.0,404906.0,231447.0,105.836,1695.0,6251.0,0.0,0.0,8802.0
tp_1_1,1788598669639160469,3,unused,0.0,0.0,0.0,467465.0,262472.0,22.919,210.0,405.0,0.0,0.0,0.0
tp_1_1,1788598670640002696,0,enterprise,0.0,0.0,0.0,405417.0,230431.0,91.813,1695.0,6251.0,0.0,0.0,4390.0
tp_1_1,1788598670640017797,1,unused,0.0,0.0,0.0,459301.0,256863.0,23.521,210.0,405.0,0.0,0.0,0.0
tp_1_1,1788598670640026209,2,cloud,0.0,0.0,0.0,405896.0,230923.0,105.787,1695.0,6251.0,0.0,0.0,8802.0
tp_1_1,1788598670640032088,3,unused,0.0,0.0,0.0,476595.0,265510.0,22.921,210.0,405.0,0.0,0.0,0.0
tp_1_1,1788598671640904395,0,enterprise,0.0,0.0,0.0,410485.0,233981.0,91.813,1695.0,6251.0,0.0,0.0,4390.0
tp_1_1,1788598671640915810,1,unused,0.0,0.0,0.0,460433.0,258962.0,23.571,210.0,405.0,0.0,0.0,0.0
tp_1_1,1788598671640923576,2,cloud,0.0,0.0,0.0,407521.0,231997.0,105.687,1695.0,6251.0,0.0,0.0,8802.0
tp_1_1,1788598671640929335,3,unused,0.0,0.0,0.0,478752.0,267612.0,22.923,210.0,405.0,0.0,0.0,0.0
tp_1_1,1788598672641884920,0,enterprise,0.0,0.0,0.0,399877.0,227920.0,91.807,1695.0,6251.0,0.0,0.0,4390.0
tp_1_1,1788598672641917538,1,unused,0.0,0.0,0.0,460380.0,257914.0,23.621,210.0,405.0,0.0,0.0,0.0
tp_1_1,1788598672641925173,2,cloud,0.0,0.0,0.0,403923.0,229941.0,105.637,1695.0,6251.0,0.0,0.0,8802.0
tp_1_1,1788598672641931384,3,unused,0.0,0.0,0.0,468976.0,262464.0,22.923,210.0,405.0,0.0,0.0,0.0
tp_1_1,1788598673642892103,0,enterprise,0.0,0.0,0.0,403355.0,230416.0,91.813,1695.0,6251.0,0.0,0.0,4390.0
tp_1_1,1788598673642926605,1,unused,0.0,0.0,0.0,458268.0,257871.0,23.57,210.0,405.0,0.0,0.0,0.0
tp_1_1,1788598673642935237,2,cloud,0.0,0.0,0.0,410452.0,234471.0,105.637,1695.0,6251.0,0.0,0.0,8802.0
tp_1_1,1788598673642945709,3,unused,0.0,0.0,0.0,467471.0,262475.0,22.923,210.0,405.0,0.0,0.0,0.0
tp_1_1,1788598674644075349,0,enterprise,0.0,0.0,0.0,405920.0,230937.0,91.82,1695.0,6251.0,0.0,0.0,4390.0
tp_1_1,1788598674644094566,1,unused,0.0,0.0,0.0,458789.0,256861.0,23.571,210.0,405.0,0.0,0.0,0.0
tp_1_1,1788598674644111908,2,cloud,0.0,0.0,0.0,411992.0,229901.0,105.538,1695.0,6251.0,0.0,0.0,8802.0
tp_1_1,1788598674644118593,3,unused,0.0,0.0,0.0,464379.0,259401.0,22.928,210.0,405.0,0.0,0.0,0.0
tp_1_1,1788598675645030407,0,enterprise,0.0,0.0,0.0,409970.0,233978.0,91.82,1695.0,6251.0,0.0,0.0,4390.0
tp_1_1,1788598675645047209,1,unused,0.0,0.0,0.0,462393.0,259428.0,23.571,210.0,405.0,0.0,0.0,0.0
tp_1_1,1788598675645053795,2,cloud,0.0,0.0,0.0,405417.0,230940.0,105.538,1695.0,6251.0,0.0,0.0,8802.0
tp_1_1,1788598675645068680,3,unused,0.0,0.0,0.0,478157.0,267564.0,22.928,210.0,405.0,0.0,0.0,0.0
tp_1_1,1788598676645987094,0,enterprise,0.0,0.0,0.0,414574.0,231449.0,91.82,1695.0,6251.0,0.0,0.0,4390.0
tp_1_1,1788598676646003598,1,unused,0.0,0.0,0.0,466971.0,257393.0,23.521,210.0,405.0,0.0,0.0,0.0
tp_1_1,1788598676646012208,2,cloud,0.0,0.0,0.0,404408.0,229927.0,105.588,1695.0,6251.0,0.0,0.0,8802.0
tp_1_1,1788598676646018338,3,unused,0.0,0.0,0.0,479688.0,268076.0,22.922,210.0,405.0,0.0,0.0,0.0
tp_1_1,1788598677646959868,0,enterprise,0.0,0.0,0.0,404390.0,231443.0,91.82,1695.0,6251.0,0.0,0.0,4390.0
tp_1_1,1788598677646977949,1,unused,0.0,0.0,0.0,476581.0,267028.0,23.521,210.0,405.0,0.0,0.0,0.0
tp_1_1,1788598677646994338,2,cloud,0.0,0.0,0.0,403333.0,230912.0,105.538,1695.0,6251.0,0.0,0.0,8802.0
tp_1_1,1788598677647000504,3,unused,0.0,0.0,0.0,478041.0,267500.0,22.923,210.0,405.0,0.0,0.0,0.0
tp_1_1,1788598678647898012,0,enterprise,0.0,0.0,0.0,409886.0,232404.0,91.813,1695.0,6251.0,0.0,0.0,4390.0
tp_1_1,1788598678647922035,1,unused,0.0,0.0,0.0,472482.0,263959.0,23.571,210.0,405.0,0.0,0.0,0.0
tp_1_1,1788598678647928707,2,cloud,0.0,0.0,0.0,409923.0,232425.0,105.489,1695.0,6251.0,0.0,0.0,8802.0
tp_1_1,1788598678647937997,3,unused,0.0,0.0,0.0,476610.0,266026.0,22.923,210.0,405.0,0.0,0.0,0.0
tp_1_1,1788598679648690432,0,enterprise,0.0,0.0,0.0,400323.0,229410.0,91.836,1695.0,6251.0,0.0,0.0,4390.0
tp_1_1,1788598679648706776,1,unused,0.0,0.0,0.0,475574.0,266016.0,23.571,210.0,405.0,0.0,0.0,0.0
tp_1_1,1788598679648715219,2,cloud,0.0,0.0,0.0,839262.0,238554.0,105.483,1695.0,6251.0,0.0,0.0,8802.0
tp_1_1,1788598679648721066,3,unused,0.0,0.0,0.0,472530.0,264495.0,22.923,210.0,405.0,0.0,0.0,0.0
tp_1_1,1788598680649406881,0,enterprise,0.0,0.0,0.0,405398.0,230420.0,91.836,1695.0,6251.0,0.0,0.0,4390.0
tp_1_1,1788598680649426657,1,unused,0.0,0.0,0.0,473683.0,264570.0,23.523,210.0,405.0,0.0,0.0,0.0
tp_1_1,1788598680649433076,2,cloud,0.0,0.0,0.0,409062.0,232005.0,105.489,1695.0,6251.0,0.0,0.0,8802.0
tp_1_1,1788598680649453426,3,unused,0.0,0.0,0.0,473170.0,264568.0,22.928,210.0,405.0,0.0,0.0,0.0
tp_1_1,1788598681650123734,0,enterprise,0.0,0.0,0.0,393295.0,224885.0,91.863,1695.0,6251.0,0.0,0.0,4390.0
tp_1_1,1788598681650145342,1,unused,0.0,0.0,0.0,497542.0,276751.0,23.53,210.0,405.0,0.0,0.0,0.0
tp_1_1,1788598681650154069,2,cloud,0.0,0.0,0.0,406480.0,231475.0,105.489,1695.0,6251.0,0.0,0.0,8802.0
tp_1_1,1788598681650160079,3,unused,0.0,0.0,0.0,474156.0,265059.0,22.934,210.0,405.0,0.0,0.0,0.0
tp_1_1,1788598682650987831,0,enterprise,0.0,0.0,0.0,400388.0,227921.0,91.942,1695.0,6251.0,0.0,0.0,4390.0
tp_1_1,1788598682651006127,1,unused,0.0,0.0,0.0,504683.0,279814.0,23.58,210.0,405.0,0.0,0.0,0.0
tp_1_1,1788598682651012454,2,cloud,0.0,0.0,0.0,408018.0,231481.0,105.439,1695.0,6251.0,0.0,0.0,8802.0
tp_1_1,1788598682651020447,3,unused,0.0,0.0,0.0,473650.0,264043.0,22.934,210.0,405.0,0.0,0.0,0.0
tp_1_1,1788598683651773551,0,enterprise,0.0,0.0,0.0,400381.0,227917.0,91.942,1695.0,6251.0,0.0,0.0,4390.0
tp_1_1,1788598683651800362,1,unused,0.0,0.0,0.0,484359.0,269653.0,23.63,210.0,405.0,0.0,0.0,0.0
tp_1_1,1788598683651807192,2,cloud,0.0,0.0,0.0,400924.0,228445.0,105.39,1695.0,6251.0,0.0,0.0,8802.0
tp_1_1,1788598683651824453,3,unused,0.0,0.0,0.0,478232.0,266589.0,22.934,210.0,405.0,0.0,0.0,0.0
tp_1_1,1788598684652483450,0,enterprise,0.0,0.0,0.0,389204.0,222329.0,91.919,1695.0,6251.0,0.0,0.0,4390.0
tp_1_1,1788598684652504142,1,unused,0.0,0.0,0.0,492960.0,274205.0,23.636,210.0,405.0,0.0,0.0,0.0
tp_1_1,1788598684652513154,2,cloud,0.0,0.0,0.0,401382.0,228416.0,105.439,1695.0,6251.0,0.0,0.0,8802.0
tp_1_1,1788598684652519253,3,unused,0.0,0.0,0.0,476182.0,262510.0,22.934,210.0,405.0,0.0,0.0,0.0
tp_1_1,1788598685653181553,0,enterprise,0.0,0.0,0.0,403951.0,229957.0,91.919,1695.0,6251.0,0.0,0.0,4390.0
tp_1_1,1788598685653188718,1,unused,0.0,0.0,0.0,499090.0,277272.0,23.636,210.0,405.0,0.0,0.0,0.0
tp_1_1,1788598685653195644,2,cloud,0.0,0.0,0.0,401929.0,228947.0,105.489,1695.0,6251.0,0.0,0.0,8802.0
tp_1_1,1788598685653200952,3,unused,0.0,0.0,0.0,468581.0,261510.0,22.934,210.0,405.0,0.0,0.0,0.0
tp_1_1,1788598686653918489,0,enterprise,0.0,0.0,0.0,409568.0,233021.0,91.919,1695.0,6251.0,0.0,0.0,4390.0
tp_1_1,1788598686653943182,1,unused,0.0,0.0,0.0,490023.0,271726.0,23.636,210.0,405.0,0.0,0.0,0.0
tp_1_1,1788598686653954206,2,cloud,0.0,0.0,0.0,401983.0,228469.0,105.538,1695.0,6251.0,0.0,0.0,8802.0
tp_1_1,1788598686653962500,3,unused,0.0,0.0,0.0,478312.0,266633.0,22.934,210.0,405.0,0.0,0.0,0.0
tp_1_1,1788598687654759149,0,enterprise,0.0,0.0,0.0,413160.0,234056.0,91.968,1695.0,6251.0,0.0,0.0,4390.0
tp_1_1,1788598687654782374,1,unused,0.0,0.0,0.0,520963.0,287954.0,23.585,210.0,405.0,0.0,0.0,0.0
tp_1_1,1788598687654791086,2,cloud,0.0,0.0,0.0,388697.0,221822.0,105.637,1695.0,6251.0,0.0,0.0,8802.0
tp_1_1,1788598687654796862,3,unused,0.0,0.0,0.0,456365.0,255910.0,22.934,210.0,405.0,0.0,0.0,0.0
tp_1_1,1788598688655622967,0,enterprise,0.0,0.0,0.0,417199.0,236582.0,92.068,1695.0,6251.0,0.0,0.0,4390.0
tp_1_1,1788598688655646725,1,unused,0.0,0.0,0.0,496029.0,275232.0,23.578,210.0,405.0,0.0,0.0,0.0
tp_1_1,1788598688655655868,2,cloud,0.0,0.0,0.0,389705.0,222834.0,105.736,1695.0,6251.0,0.0,0.0,8802.0
tp_1_1,1788598688655662014,3,unused,0.0,0.0,0.0,455301.0,255375.0,22.928,210.0,405.0,0.0,0.0,0.0
tp_1_1,1788598689656430105,0,enterprise,0.0,0.0,0.0,419174.0,237565.0,92.161,1695.0,6251.0,0.0,0.0,4390.0
tp_1_1,1788598689656451867,1,unused,0.0,0.0,0.0,473161.0,264563.0,23.571,210.0,405.0,0.0,0.0,0.0
tp_1_1,1788598689656463949,2,cloud,0.0,0.0,0.0,391753.0,223858.0,105.687,1695.0,6251.0,0.0,0.0,8802.0
tp_1_1,1788598689656472510,3,unused,0.0,0.0,0.0,452323.0,253891.0,22.923,210.0,405.0,0.0,0.0,0.0
tp_1_1,1788598690657264352,0,enterprise,0.0,0.0,0.0,440620.0,247785.0,92.161,1695.0,6251.0,0.0,0.0,4390.0
tp_1_1,1788598690657285976,1,unused,0.0,0.0,0.0,475162.0,264544.0,23.523,210.0,405.0,0.0,0.0,0.0
tp_1_1,1788598690657292614,2,cloud,0.0,0.0,0.0,399346.0,223837.0,105.687,1695.0,6251.0,0.0,0.0,8802.0
tp_1_1,1788598690657301022,3,unused,0.0,0.0,0.0,455275.0,254852.0,22.928,210.0,405.0,0.0,0.0,0.0
tp_1_1,1788598691658103467,0,enterprise,0.0,0.0,0.0,419165.0,237561.0,92.19,1695.0,6251.0,0.0,0.0,4390.0
tp_1_1,1788598691658149668,1,unused,0.0,0.0,0.0,473075.0,264006.0,23.58,210.0,405.0,0.0,0.0,0.0
tp_1_1,1788598691658157906,2,cloud,0.0,0.0,0.0,391686.0,223311.0,105.736,1695.0,6251.0,0.0,0.0,8802.0
tp_1_1,1788598691658163897,3,unused,0.0,0.0,0.0,455269.0,255357.0,22.934,210.0,405.0,0.0,0.0,0.0
tp_1_1,1788598692658938600,0,enterprise,0.0,0.0,0.0,448651.0,247724.0,92.213,1695.0,6251.0,0.0,0.0,4390.0
tp_1_1,1788598692658984688,1,unused,0.0,0.0,0.0,511825.0,280055.0,23.586,210.0,405.0,0.0,0.0,0.0
tp_1_1,1788598692658993137,2,cloud,0.0,0.0,0.0,391364.0,223636.0,105.687,1695.0,6251.0,0.0,0.0,8802.0
tp_1_1,1788598692659007247,3,unused,0.0,0.0,0.0,453373.0,254132.0,22.934,210.0,405.0,0.0,0.0,0.0
tp_1_1,1788598693659743535,0,enterprise,0.0,0.0,0.0,435575.0,245487.0,92.19,1695.0,6251.0,0.0,0.0,4390.0
tp_1_1,1788598693659787543,1,unused,0.0,0.0,0.0,477649.0,266039.0,23.586,210.0,405.0,0.0,0.0,0.0
tp_1_1,1788598693659795501,2,cloud,0.0,0.0,0.0,391688.0,223821.0,105.737,1695.0,6251.0,0.0,0.0,8802.0
tp_1_1,1788598693659806028,3,unused,0.0,0.0,0.0,455269.0,255357.0,22.934,210.0,405.0,0.0,0.0,0.0
tp_1_1,1788598694660502881,0,enterprise,0.0,0.0,0.0,444094.0,249771.0,92.24,1695.0,6251.0,0.0,0.0,4390.0
tp_1_1,1788598694660527143,1,unused,0.0,0.0,0.0,475148.0,265045.0,23.635,210.0,405.0,0.0,0.0,0.0
tp_1_1,1788598694660533806,2,cloud,0.0,0.0,0.0,397821.0,226381.0,105.836,1695.0,6251.0,0.0,0.0,8802.0
tp_1_1,1788598694660550144,3,unused,0.0,0.0,0.0,454290.0,254870.0,22.933,210.0,405.0,0.0,0.0,0.0
tp_1_1,1788598695661413671,0,enterprise,0.0,0.0,0.0,439538.0,246731.0,92.24,1695.0,6251.0,0.0,0.0,4390.0
tp_1_1,1788598695661467343,1,unused,0.0,0.0,0.0,475665.0,265558.0,23.636,210.0,405.0,0.0,0.0,0.0
tp_1_1,1788598695661475408,2,cloud,0.0,0.0,0.0,392741.0,224350.0,105.886,1695.0,6251.0,0.0,0.0,8802.0
tp_1_1,1788598695661494900,3,unused,0.0,0.0,0.0,454321.0,254379.0,22.934,210.0,405.0,0.0,0.0,0.0
tp_1_1,1788598696662248541,0,enterprise,0.0,0.0,0.0,420223.0,238092.0,92.266,1695.0,6251.0,0.0,0.0,4390.0
tp_1_1,1788598696662286522,1,unused,0.0,0.0,0.0,485279.0,270108.0,23.636,210.0,405.0,0.0,0.0,0.0
tp_1_1,1788598696662298405,2,cloud,0.0,0.0,0.0,388631.0,221784.0,105.886,1695.0,6251.0,0.0,0.0,8802.0
tp_1_1,1788598696662307919,3,unused,0.0,0.0,0.0,454734.0,254834.0,22.934,210.0,405.0,0.0,0.0,0.0
tp_1_1,1788598697663069687,0,enterprise,0.0,0.0,0.0,444065.0,250263.0,92.315,1695.0,6251.0,0.0,0.0,4390.0
tp_1_1,1788598697663100691,1,unused,0.0,0.0,0.0,486349.0,271155.0,23.635,210.0,405.0,0.0,0.0,0.0
tp_1_1,1788598697663108721,2,cloud,0.0,0.0,0.0,389179.0,222824.0,105.936,1695.0,6251.0,0.0,0.0,8802.0
tp_1_1,1788598697663118521,3,unused,0.0,0.0,0.0,454318.0,254886.0,22.934,210.0,405.0,0.0,0.0,0.0
tp_1_1,1788598698663948206,0,enterprise,0.0,0.0,0.0,440582.0,247764.0,92.365,1695.0,6251.0,0.0,0.0,4390.0
tp_1_1,1788598698663992399,1,unused,0.0,0.0,0.0,474707.0,264574.0,23.636,210.0,405.0,0.0,0.0,0.0
tp_1_1,1788598698664000616,2,cloud,0.0,0.0,0.0,389731.0,222848.0,106.035,1695.0,6251.0,0.0,0.0,8802.0
tp_1_1,1788598698664023492,3,unused,0.0,0.0,0.0,463478.0,259466.0,22.934,210.0,405.0,0.0,0.0,0.0
tp_1_1,1788598699664827356,0,enterprise,0.0,0.0,0.0,432438.0,243691.0,92.415,1695.0,6251.0,0.0,0.0,4390.0
tp_1_1,1788598699664847868,1,unused,0.0,0.0,0.0,476157.0,265549.0,23.686,210.0,405.0,0.0,0.0,0.0
tp_1_1,1788598699664856590,2,cloud,0.0,0.0,0.0,391210.0,222822.0,106.184,1695.0,6251.0,0.0,0.0,8802.0
tp_1_1,1788598699664862456,3,unused,0.0,0.0,0.0,454796.0,254360.0,22.934,210.0,405.0,0.0,0.0,0.0
tp_1_1,1788598700665804635,0,enterprise,0.0,0.0,0.0,434977.0,245215.0,92.464,1695.0,6251.0,0.0,0.0,4390.0
tp_1_1,1788598700665850765,1,unused,0.0,0.0,0.0,485814.0,270631.0,23.73,210.0,405.0,0.0,0.0,0.0
tp_1_1,1788598700665858466,2,cloud,0.0,0.0,0.0,393229.0,224339.0,106.233,1695.0,6251.0,0.0,0.0,8802.0
tp_1_1,1788598700665868034,3,unused,0.0,0.0,0.0,473598.0,260962.0,22.934,210.0,405.0,0.0,0.0,0.0
tp_1_1,1788598701666768393,0,enterprise,0.0,0.0,0.0,441015.0,248229.0,92.563,1695.0,6251.0,0.0,0.0,4390.0
tp_1_1,1788598701666802676,1,unused,0.0,0.0,0.0,472579.0,264013.0,23.725,210.0,405.0,0.0,0.0,0.0
tp_1_1,1788598701666817202,2,cloud,0.0,0.0,0.0,387105.0,221784.0,106.283,1695.0,6251.0,0.0,0.0,8802.0
tp_1_1,1788598701666826068,3,unused,0.0,0.0,0.0,464939.0,260447.0,22.934,210.0,405.0,0.0,0.0,0.0
tp_1_1,1788598702667706042,0,enterprise,0.0,0.0,0.0,444590.0,250272.0,92.612,1695.0,6251.0,0.0,0.0,4390.0
tp_1_1,1788598702667727234,1,unused,0.0,0.0,0.0,485772.0,270608.0,23.68,210.0,405.0,0.0,0.0,0.0
tp_1_1,1788598702667733761,2,cloud,0.0,0.0,0.0,391171.0,223308.0,106.382,1695.0,6251.0,0.0,0.0,8802.0
tp_1_1,1788598702667741777,3,unused,0.0,0.0,0.0,464417.0,259422.0,22.934,210.0,405.0,0.0,0.0,0.0
tp_1_2,1788592018645514985,0,enterprise,0.0,0.0,0.0,3528635.0,2426064.0,86.849,1695.0,6251.0,0.0,0.0,3476.0
tp_1_2,1788592018645527020,1,unused,0.0,0.0,0.0,4107010.0,2689397.0,36.654,900.0,6251.0,0.0,0.0,0.0
tp_1_2,1788592018645538448,2,cloud,0.0,0.0,0.0,3034383.0,2129703.0,93.296,1695.0,6251.0,0.0,0.0,4254.0
tp_1_2,1788592018645545030,3,cloud,0.0,0.0,0.0,2671181.0,1868813.0,84.422,1695.0,6251.0,0.0,0.0,4254.0
tp_1_2,1788592019647813597,0,enterprise,0.004,0.003,0.002,10823828.0,4575136.0,95.269,1695.0,6251.0,12.0,13.0,3476.0
tp_1_2,1788592019647838745,1,unused,0.0,0.0,0.0,16135208.0,9553715.0,47.272,900.0,6251.0,0.0,0.0,0.0
tp_1_2,1788592019647845468,2,cloud,0.0,0.0,0.0,4936126.0,3623169.0,102.161,1695.0,6251.0,19.0,15.0,4268.0
tp_1_2,1788592019647854791,3,cloud,0.0,0.0,0.0,5194305.0,3796548.0,94.66,1695.0,6251.0,29.0,13.0,4268.0
tp_1_2,1788592020648896991,0,enterprise,0.11,0.095,0.089,18027352.0,12095465.0,104.714,1695.0,6251.0,15.0,15.0,3476.0
tp_1_2,1788592020648916979,1,unused,0.0,0.0,0.0,467538.0,264461.0,26.128,210.0,405.0,0.0,0.0,0.0
tp_1_2,1788592020648926595,2,cloud,0.17,0.105,0.097,171019782.0,185266527.0,110.295,1695.0,6251.0,17.0,14.0,4268.0
tp_1_2,1788592020648939548,3,cloud,0.296,0.108,0.097,257269921.0,1050901435.0,100.856,1695.0,6251.0,31.0,13.0,4268.0
tp_1_2,1788592021649879273,0,enterprise,0.128,0.111,0.105,20570950.0,8689775.0,105.5,1695.0,6251.0,10.0,10.0,3476.0
tp_1_2,1788592021649902663,1,unused,0.0,0.0,0.0,475164.0,267504.0,24.019,210.0,405.0,0.0,0.0,0.0
tp_1_2,1788592021649912605,2,cloud,0.18,0.113,0.108,27986443.0,104924853.0,109.597,1695.0,6251.0,18.0,12.0,4268.0
tp_1_2,1788592021649918859,3,cloud,0.331,0.115,0.107,147100578.0,1182977450.0,101.485,1695.0,6251.0,24.0,15.0,4268.0
tp_1_2,1788592022650997874,0,enterprise,0.129,0.112,0.106,21316335.0,8715503.0,104.804,1695.0,6251.0,15.0,15.0,3476.0
tp_1_2,1788592022651016957,1,unused,0.0,0.0,0.0,462099.0,258427.0,23.961,210.0,405.0,0.0,0.0,0.0
tp_1_2,1788592022651032583,2,cloud,0.223,0.116,0.11,58760723.0,368577758.0,110.07,1695.0,6251.0,19.0,15.0,4268.0
tp_1_2,1788592022651038829,3,cloud,0.231,0.116,0.11,65327596.0,434208177.0,98.835,1695.0,6251.0,19.0,12.0,4268.0
tp_1_2,1788592023652097240,0,enterprise,0.131,0.113,0.107,21310259.0,8862563.0,107.476,1695.0,6251.0,15.0,15.0,3476.0
tp_1_2,1788592023652116245,1,unused,0.0,0.0,0.0,457951.0,259932.0,23.961,210.0,405.0,0.0,0.0,0.0
tp_1_2,1788592023652126004,2,cloud,0.224,0.114,0.108,62595974.0,415552963.0,111.368,1695.0,6251.0,17.0,14.0,4268.0
tp_1_2,1788592023652131995,3,cloud,0.214,0.114,0.109,53520231.0,340295130.0,100.876,1695.0,6251.0,19.0,13.0,4268.0
tp_1_2,1788592024653039354,0,enterprise,0.124,0.108,0.102,20549834.0,8446672.0,94.522,1695.0,6251.0,12.0,12.0,3476.0
tp_1_2,1788592024653064662,1,unused,0.0,0.0,0.0,458098.0,256432.0,23.919,210.0,405.0,0.0,0.0,0.0
tp_1_2,1788592024653071156,2,cloud,0.213,0.11,0.104,57063106.0,371430052.0,103.817,1695.0,6251.0,18.0,15.0,4268.0
tp_1_2,1788592024653085050,3,cloud,0.223,0.11,0.104,65741751.0,455947755.0,92.94,1695.0,6251.0,20.0,15.0,4268.0
tp_1_2,1788592025654259598,0,enterprise,0.111,0.091,0.082,61682157.0,25150014.0,106.375,1695.0,6251.0,16.0,16.0,3476.0
tp_1_2,1788592025654292358,1,unused,0.0,0.0,0.0,463725.0,262061.0,23.869,210.0,405.0,0.0,0.0,0.0
tp_1_2,1788592025654303643,2,cloud,0.204,0.103,0.09,680150321.0,919168279.0,111.195,1695.0,6251.0,19.0,15.0,4268.0
tp_1_2,1788592025654310996,3,cloud,0.235,0.103,0.09,722107113.0,1647300938.0,100.399,1695.0,6251.0,20.0,11.0,4268.0
tp_1_2,1788592026655373278,0,enterprise,0.132,0.105,0.108,74529787.0,8939034.0,105.893,1695.0,6251.0,16.0,16.0,3476.0
tp_1_2,1788592026655396358,1,unused,0.0,0.0,0.0,481397.0,268068.0,23.969,210.0,405.0,0.0,0.0,0.0
tp_1_2,1788592026655405517,2,cloud,0.185,0.101,0.108,107584249.0,459833930.0,110.82,1695.0,6251.0,17.0,14.0,4268.0
tp_1_2,1788592026655411963,3,cloud,0.267,0.103,0.108,353059673.0,2694847515.0,101.761,1695.0,6251.0,30.0,16.0,4268.0
tp_1_2,1788592027656326028,0,enterprise,0.131,0.105,0.108,74557186.0,8928395.0,105.382,1695.0,6251.0,10.0,10.0,3476.0
tp_1_2,1788592027656352689,1,unused,0.0,0.0,0.0,470560.0,265969.0,24.011,210.0,405.0,0.0,0.0,0.0
tp_1_2,1788592027656369626,2,cloud,0.177,0.101,0.109,81914866.0,224805560.0,110.086,1695.0,6251.0,16.0,12.0,4268.0
tp_1_2,1788592027656375940,3,cloud,0.279,0.104,0.109,387585442.0,3000190712.0,100.923,1695.0,6251.0,42.0,14.0,4268.0
tp_1_2,1788592028657444890,0,enterprise,0.128,0.103,0.105,71910368.0,8746485.0,104.402,1695.0,6251.0,16.0,16.0,3476.0
tp_1_2,1788592028657468874,1,unused,0.0,0.0,0.0,469366.0,262579.0,24.009,210.0,405.0,0.0,0.0,0.0
tp_1_2,1788592028657478773,2,cloud,0.174,0.101,0.109,73692348.0,141887772.0,110.481,1695.0,6251.0,19.0,15.0,4268.0
tp_1_2,1788592028657484788,3,cloud,0.377,0.107,0.109,676209574.0,5586886002.0,100.946,1695.0,6251.0,35.0,12.0,4268.0
tp_1_2,1788592029658580792,0,enterprise,0.132,0.106,0.108,74721229.0,9026176.0,97.796,1545.0,6251.0,25.0,16.0,3670.0
tp_1_2,1788592029658612699,1,unused,0.0,0.0,0.0,468628.0,263987.0,24.009,210.0,405.0,0.0,0.0,0.0
tp_1_2,1788592029658619680,2,cloud,0.166,0.098,0.106,62569329.0,66500440.0,112.194,1680.0,6251.0,0.0,0.0,4394.0
tp_1_2,1788592029658628202,3,cloud,0.395,0.104,0.106,755029529.0,6320185422.0,100.971,1680.0,6251.0,0.0,0.0,4394.0
tp_1_2,1788592030659513328,0,enterprise,0.114,0.095,0.081,58238992.0,25236555.0,104.783,1695.0,6251.0,14.0,15.0,3670.0
tp_1_2,1788592030659537419,1,unused,0.0,0.0,0.0,469022.0,273127.0,24.004,210.0,405.0,0.0,0.0,0.0
tp_1_2,1788592030659543897,2,cloud,0.192,0.115,0.098,637015094.0,564670369.0,109.236,1695.0,6251.0,15.0,12.0,4394.0
tp_1_2,1788592030659568129,3,cloud,0.331,0.118,0.097,913985920.0,3404175142.0,100.164,1695.0,6251.0,32.0,15.0,4394.0
tp_1_2,1788592031660654111,0,enterprise,0.128,0.111,0.105,20586597.0,8675016.0,107.404,1695.0,6251.0,15.0,15.0,3670.0
tp_1_2,1788592031660684572,1,unused,0.0,0.0,0.0,478171.0,270026.0,23.956,210.0,405.0,0.0,0.0,0.0
tp_1_2,1788592031660695906,2,cloud,0.186,0.113,0.107,32302823.0,136083157.0,110.791,1695.0,6251.0,18.0,14.0,4394.0
tp_1_2,1788592031660702076,3,cloud,0.292,0.114,0.107,113986244.0,877170599.0,101.676,1695.0,6251.0,36.0,16.0,4394.0
tp_1_2,1788592032661754564,0,enterprise,0.13,0.113,0.107,21438888.0,8841391.0,105.234,1695.0,6251.0,10.0,10.0,3670.0
tp_1_2,1788592032661788451,1,unused,0.0,0.0,0.0,473308.0,264029.0,23.906,210.0,405.0,0.0,0.0,0.0
tp_1_2,1788592032661798737,2,cloud,0.176,0.114,0.109,23254270.0,62275397.0,111.04,1695.0,6251.0,16.0,12.0,4394.0
tp_1_2,1788592032661804839,3,cloud,0.297,0.116,0.11,115896813.0,901473130.0,102.755,1695.0,6251.0,24.0,13.0,4394.0
tp_1_2,1788592033662728623,0,enterprise,0.131,0.114,0.108,21241698.0,8847352.0,105.898,1695.0,6251.0,15.0,15.0,3670.0
tp_1_2,1788592033662737606,1,unused,0.0,0.0,0.0,465917.0,263100.0,23.959,210.0,405.0,0.0,0.0,0.0
tp_1_2,1788592033662746049,2,cloud,0.174,0.115,0.109,21483068.0,45840758.0,112.006,1695.0,6251.0,20.0,16.0,4394.0
tp_1_2,1788592033662751782,3,cloud,0.294,0.116,0.109,115082718.0,894576160.0,101.21,1695.0,6251.0,25.0,15.0,4394.0
tp_1_2,1788592034663856398,0,enterprise,0.126,0.109,0.103,20524582.0,8559033.0,106.9,1695.0,6251.0,13.0,13.0,3670.0
tp_1_2,1788592034663883918,1,unused,0.0,0.0,0.0,485348.0,270146.0,24.009,210.0,405.0,0.0,0.0,0.0
tp_1_2,1788592034663894280,2,cloud,0.177,0.116,0.111,23575349.0,53227550.0,111.2,1695.0,6251.0,15.0,12.0,4394.0
tp_1_2,1788592034663900378,3,cloud,0.304,0.118,0.111,119823108.0,925452514.0,101.277,1695.0,6251.0,38.0,14.0,4394.0
tp_1_2,1788592035664958864,0,enterprise,0.131,0.114,0.108,21221466.0,8837312.0,106.342,1695.0,6251.0,15.0,15.0,3670.0
tp_1_2,1788592035664991143,1,unused,0.0,0.0,0.0,470671.0,265898.0,23.954,210.0,405.0,0.0,0.0,0.0
tp_1_2,1788592035665002600,2,cloud,0.172,0.115,0.109,19823999.0,31340163.0,112.476,1695.0,6251.0,20.0,16.0,4394.0
tp_1_2,1788592035665014022,3,cloud,0.341,0.117,0.11,151754998.0,1223759851.0,102.141,1695.0,6251.0,35.0,13.0,4394.0
tp_1_2,1788592036665982135,0,enterprise,0.131,0.114,0.107,21267816.0,8850648.0,107.728,1695.0,6251.0,10.0,10.0,3670.0
tp_1_2,1788592036666017840,1,unused,0.0,0.0,0.0,470250.0,262607.0,23.859,210.0,405.0,0.0,0.0,0.0
tp_1_2,1788592036666026860,2,cloud,0.17,0.114,0.109,19690997.0,30780416.0,112.9,1695.0,6251.0,16.0,12.0,4394.0
tp_1_2,1788592036666047253,3,cloud,0.358,0.116,0.109,166415129.0,1357012400.0,101.821,1695.0,6251.0,26.0,13.0,4394.0
tp_1_2,1788592037667095516,0,enterprise,0.126,0.109,0.104,20439502.0,8510903.0,108.659,1695.0,6251.0,15.0,15.0,3670.0
tp_1_2,1788592037667124676,1,unused,0.0,0.0,0.0,477922.0,268735.0,23.861,210.0,405.0,0.0,0.0,0.0
tp_1_2,1788592037667134746,2,cloud,0.186,0.116,0.111,29568984.0,107318372.0,113.723,1695.0,6251.0,20.0,16.0,4394.0
tp_1_2,1788592037667143295,3,cloud,0.332,0.118,0.111,142684916.0,1131287843.0,101.467,1695.0,6251.0,38.0,14.0,4394.0
tp_1_2,1788592038668228135,0,enterprise,0.131,0.114,0.108,21337938.0,8890807.0,107.549,1695.0,6251.0,13.0,14.0,3670.0
tp_1_2,1788592038668254696,1,unused,0.0,0.0,0.0,483380.0,268940.0,23.906,210.0,405.0,0.0,0.0,0.0
tp_1_2,1788592038668264809,2,cloud,0.18,0.114,0.109,26497664.0,91506735.0,112.653,1695.0,6251.0,15.0,12.0,4394.0
tp_1_2,1788592038668271097,3,cloud,0.351,0.117,0.109,159480204.0,1293921838.0,101.794,1695.0,6251.0,35.0,14.0,4394.0
tp_1_2,1788592039669208296,0,enterprise,0.131,0.113,0.107,21196810.0,8809956.0,101.119,1680.0,6251.0,0.0,0.0,3670.0
tp_1_2,1788592039669255115,1,unused,0.0,0.0,0.0,491354.0,276196.0,23.862,210.0,405.0,0.0,0.0,0.0
tp_1_2,1788592039669263295,2,cloud,0.171,0.114,0.109,20816192.0,31161973.0,111.695,1515.0,6251.0,87.0,35.0,4394.0
tp_1_2,1788592039669274202,3,cloud,0.351,0.116,0.109,159508231.0,1294923133.0,103.749,1575.0,6251.0,60.0,24.0,4394.0
tp_1_2,1788592040670345420,0,enterprise,0.108,0.093,0.07,49695943.0,23822378.0,94.441,1680.0,6251.0,0.0,0.0,3670.0
tp_1_2,1788592040670383013,1,unused,0.0,0.0,0.0,466493.0,260747.0,23.862,210.0,405.0,0.0,0.0,0.0
tp_1_2,1788592040670390129,2,cloud,0.16,0.098,0.076,612766462.0,548860525.0,117.089,1260.0,6251.0,12.0,5.0,4394.0
tp_1_2,1788592040670399213,3,cloud,0.234,0.099,0.076,629451040.0,1027912420.0,104.012,1335.0,6251.0,0.0,0.0,4394.0
tp_1_2,1788592041671544353,0,enterprise,0.102,0.088,0.05,47060760.0,59065827.0,102.916,1695.0,6251.0,11.0,11.0,3670.0
tp_1_2,1788592041671596698,1,unused,0.0,0.0,0.0,482713.0,270890.0,23.856,210.0,405.0,0.0,0.0,0.0
tp_1_2,1788592041671618073,2,cloud,0.275,0.163,0.097,1812328893.0,1584601654.0,113.398,1695.0,6251.0,18.0,14.0,4394.0
tp_1_2,1788592041671625038,3,cloud,0.303,0.161,0.096,1719782412.0,1765952792.0,104.333,1695.0,6251.0,26.0,11.0,4394.0
tp_1_2,1788592042672527574,0,enterprise,0.134,0.108,0.109,75543912.0,8916042.0,108.395,1695.0,6251.0,16.0,16.0,3670.0
tp_1_2,1788592042672572906,1,unused,0.0,0.0,0.0,481600.0,268516.0,23.806,210.0,405.0,0.0,0.0,0.0
tp_1_2,1788592042672581378,2,cloud,0.171,0.104,0.109,65360964.0,95642972.0,114.089,1695.0,6251.0,19.0,15.0,4394.0
tp_1_2,1788592042672592473,3,cloud,0.329,0.108,0.108,531233387.0,4313283747.0,100.882,1695.0,6251.0,33.0,16.0,4394.0
tp_1_2,1788592043673613542,0,enterprise,0.132,0.106,0.108,71553691.0,8893713.0,107.551,1695.0,6251.0,11.0,11.0,3670.0
tp_1_2,1788592043673643536,1,unused,0.0,0.0,0.0,478633.0,269581.0,23.804,210.0,405.0,0.0,0.0,0.0
tp_1_2,1788592043673654053,2,cloud,0.176,0.107,0.113,64241836.0,68485493.0,113.926,1695.0,6251.0,15.0,12.0,4394.0
tp_1_2,1788592043673660309,3,cloud,0.35,0.112,0.113,588738484.0,4812511500.0,100.729,1695.0,6251.0,34.0,13.0,4394.0
tp_1_2,1788592044674739803,0,enterprise,0.135,0.109,0.11,74211954.0,8968070.0,105.574,1695.0,6251.0,13.0,13.0,3670.0
tp_1_2,1788592044674765301,1,unused,0.0,0.0,0.0,514481.0,284747.0,23.812,210.0,405.0,0.0,0.0,0.0
tp_1_2,1788592044674775171,2,cloud,0.185,0.108,0.113,91963433.0,308219396.0,114.178,1695.0,6251.0,20.0,16.0,4394.0
tp_1_2,1788592044674781461,3,cloud,0.351,0.112,0.113,585317096.0,4771377588.0,101.88,1695.0,6251.0,31.0,12.0,4394.0
tp_1_2,1788592045675700797,0,enterprise,0.135,0.109,0.111,74314718.0,9057903.0,110.078,1695.0,6251.0,16.0,16.0,3670.0
tp_1_2,1788592045675734074,1,unused,0.0,0.0,0.0,483108.0,271334.0,23.812,210.0,405.0,0.0,0.0,0.0
tp_1_2,1788592045675741764,2,cloud,0.174,0.106,0.112,63657060.0,67820470.0,115.187,1695.0,6251.0,18.0,15.0,4394.0
tp_1_2,1788592045675751226,3,cloud,0.353,0.111,0.112,604489433.0,4959742762.0,101.335,1695.0,6251.0,39.0,16.0,4394.0
tp_1_2,1788592046676848861,0,enterprise,0.135,0.109,0.111,74276170.0,9030624.0,109.84,1695.0,6251.0,11.0,11.0,3670.0
tp_1_2,1788592046676878841,1,unused,0.0,0.0,0.0,479774.0,264053.0,23.854,210.0,405.0,0.0,0.0,0.0
tp_1_2,1788592046676896035,2,cloud,0.177,0.106,0.111,76544444.0,179539858.0,114.803,1695.0,6251.0,16.0,13.0,4394.0
tp_1_2,1788592046676902026,3,cloud,0.341,0.11,0.111,565829025.0,4614925699.0,100.92,1695.0,6251.0,38.0,15.0,4394.0
tp_1_2,1788592047677907907,0,enterprise,0.134,0.108,0.11,74106980.0,8960757.0,107.477,1695.0,6251.0,16.0,16.0,3670.0
tp_1_2,1788592047677919765,1,unused,0.0,0.0,0.0,505126.0,282545.0,23.911,210.0,405.0,0.0,0.0,0.0
tp_1_2,1788592047677926245,2,cloud,0.192,0.108,0.112,111610853.0,497325682.0,115.559,1695.0,6251.0,21.0,16.0,4394.0
tp_1_2,1788592047677937001,3,cloud,0.349,0.112,0.112,587751559.0,4797150871.0,102.022,1695.0,6251.0,40.0,15.0,4394.0
tp_1_2,1788592048678806660,0,enterprise,0.131,0.106,0.107,71545206.0,8793726.0,109.254,1695.0,6251.0,11.0,11.0,3670.0
tp_1_2,1788592048678832943,1,unused,0.0,0.0,0.0,465396.0,260703.0,23.913,210.0,405.0,0.0,0.0,0.0
tp_1_2,1788592048678839317,2,cloud,0.176,0.108,0.113,64335178.0,68568654.0,114.542,1695.0,6251.0,16.0,13.0,4394.0
tp_1_2,1788592048678848154,3,cloud,0.381,0.114,0.113,676814399.0,5603871305.0,101.633,1695.0,6251.0,50.0,15.0,4394.0
tp_1_2,1788592049679819290,0,enterprise,0.135,0.109,0.111,74223284.0,9005109.0,107.182,1695.0,6251.0,14.0,14.0,3670.0
tp_1_2,1788592049679843123,1,unused,0.0,0.0,0.0,488310.0,273433.0,23.905,210.0,405.0,0.0,0.0,0.0
tp_1_2,1788592049679850002,2,cloud,0.171,0.104,0.109,65889672.0,91584918.0,114.566,1695.0,6251.0,15.0,12.0,4394.0
tp_1_2,1788592049679858633,3,cloud,0.415,0.111,0.109,787662128.0,6608670159.0,101.394,1695.0,6251.0,36.0,12.0,4394.0
tp_1_2,1788592050680883801,0,enterprise,0.13,0.105,0.107,71326263.0,8668608.0,109.163,1695.0,6251.0,16.0,16.0,3670.0
tp_1_2,1788592050680905440,1,unused,0.0,0.0,0.0,503136.0,278785.0,23.911,210.0,405.0,0.0,0.0,0.0
tp_1_2,1788592050680911846,2,cloud,0.184,0.109,0.113,84941645.0,255058437.0,115.274,1695.0,6251.0,21.0,17.0,4394.0
tp_1_2,1788592050680925401,3,cloud,0.424,0.115,0.113,812984976.0,6830427325.0,101.901,1695.0,6251.0,45.0,15.0,4394.0
tp_1_2,1788592051681971940,0,enterprise,0.174,0.145,0.128,68915151.0,9568932.0,99.61,1695.0,6251.0,0.0,0.0,4218.0
tp_1_2,1788592051682009225,1,unused,0.0,0.0,0.0,469715.0,267681.0,23.869,210.0,405.0,0.0,0.0,0.0
tp_1_2,1788592051682018032,2,cloud,0.156,0.096,0.1,56901745.0,60593954.0,113.712,1215.0,6251.0,34.0,15.0,4812.0
tp_1_2,1788592051682031360,3,cloud,0.384,0.102,0.1,744018799.0,6264460564.0,94.526,1260.0,6251.0,100.0,44.0,4812.0
tp_1_2,1788592052683054314,0,enterprise,0.021,0.018,0.013,75679301.0,779800.0,96.5,840.0,6251.0,89.0,52.0,4390.0
tp_1_2,1788592052683084384,1,unused,0.0,0.0,0.0,496950.0,286153.0,23.869,210.0,405.0,0.0,0.0,0.0
tp_1_2,1788592052683095725,2,cloud,0.27,0.178,0.114,1773988354.0,1595684526.0,128.917,1695.0,6251.0,0.0,0.0,4812.0
tp_1_2,1788592052683102894,3,cloud,0.361,0.18,0.114,1722141473.0,1627921476.0,107.223,1695.0,6251.0,0.0,0.0,4812.0
tp_1_2,1788592053684194598,0,enterprise,0.118,0.098,0.07,13275042.0,78728106.0,117.455,1695.0,6251.0,15.0,16.0,4390.0
tp_1_2,1788592053684217581,1,unused,0.0,0.0,0.0,509388.0,285196.0,23.869,210.0,405.0,0.0,0.0,0.0
tp_1_2,1788592053684227626,2,cloud,0.118,0.08,0.06,642456777.0,518378811.0,113.369,1695.0,6251.0,25.0,14.0,4812.0
tp_1_2,1788592053684234470,3,cloud,0.158,0.079,0.059,573366979.0,735669095.0,99.526,1695.0,6251.0,31.0,13.0,4812.0
tp_1_2,1788592054685124152,0,enterprise,0.131,0.113,0.106,21860629.0,8619307.0,110.186,1695.0,6251.0,12.0,12.0,4390.0
tp_1_2,1788592054685145638,1,unused,0.0,0.0,0.0,515326.0,285160.0,23.82,210.0,405.0,0.0,0.0,0.0
tp_1_2,1788592054685152336,2,cloud,0.186,0.119,0.111,26055618.0,80904970.0,115.509,1695.0,6251.0,19.0,15.0,4812.0
tp_1_2,1788592054685160979,3,cloud,0.353,0.121,0.111,153224218.0,1230689948.0,100.647,1695.0,6251.0,37.0,16.0,4812.0
tp_1_2,1788592055686177448,0,enterprise,0.136,0.118,0.111,21253077.0,8961153.0,109.781,1695.0,6251.0,15.0,16.0,4390.0
tp_1_2,1788592055686196949,1,unused,0.0,0.0,0.0,532579.0,298875.0,23.869,210.0,405.0,0.0,0.0,0.0
tp_1_2,1788592055686205961,2,cloud,0.183,0.122,0.114,19925296.0,31306524.0,116.547,1695.0,6251.0,18.0,14.0,4812.0
tp_1_2,1788592055686216774,3,cloud,0.378,0.125,0.115,173222861.0,1415837952.0,102.907,1695.0,6251.0,35.0,13.0,4812.0
tp_1_2,1788592056687314262,0,enterprise,0.136,0.117,0.11,21239573.0,8939043.0,109.855,1695.0,6251.0,15.0,16.0,4390.0
tp_1_2,1788592056687346314,1,unused,0.0,0.0,0.0,482233.0,268077.0,23.911,210.0,405.0,0.0,0.0,0.0
tp_1_2,1788592056687356986,2,cloud,0.179,0.12,0.112,20628306.0,30712250.0,116.719,1695.0,6251.0,21.0,16.0,4812.0
tp_1_2,1788592056687363231,3,cloud,0.37,0.122,0.112,168198314.0,1374297826.0,102.145,1695.0,6251.0,38.0,16.0,4812.0
tp_1_2,1788592057688250433,0,enterprise,0.131,0.113,0.106,20464531.0,8615841.0,110.684,1695.0,6251.0,14.0,14.0,4390.0
tp_1_2,1788592057688276192,1,unused,0.0,0.0,0.0,470345.0,265205.0,23.854,210.0,405.0,0.0,0.0,0.0
tp_1_2,1788592057688283378,2,cloud,0.2,0.124,0.116,31211932.0,131130738.0,116.375,1695.0,6251.0,16.0,12.0,4812.0
tp_1_2,1788592057688291847,3,cloud,0.352,0.126,0.116,150576112.0,1201038794.0,101.417,1695.0,6251.0,35.0,12.0,4812.0
tp_1_2,1788592058689345667,0,enterprise,0.136,0.118,0.111,21362355.0,9009068.0,109.573,1695.0,6251.0,15.0,16.0,4390.0
tp_1_2,1788592058689368445,1,unused,0.0,0.0,0.0,481202.0,267844.0,23.806,210.0,405.0,0.0,0.0,0.0
tp_1_2,1788592058689376692,2,cloud,0.18,0.121,0.113,19629355.0,30844021.0,116.824,1695.0,6251.0,21.0,16.0,4812.0
tp_1_2,1788592058689385104,3,cloud,0.366,0.124,0.113,165084699.0,1344604043.0,102.303,1695.0,6251.0,39.0,15.0,4812.0
tp_1_2,1788592059690439301,0,enterprise,0.131,0.113,0.106,20509115.0,8639780.0,107.947,1695.0,6251.0,10.0,10.0,4390.0
tp_1_2,1788592059690460171,1,unused,0.0,0.0,0.0,482273.0,271660.0,23.856,210.0,405.0,0.0,0.0,0.0
tp_1_2,1788592059690469050,2,cloud,0.187,0.122,0.114,24649040.0,64416159.0,116.706,1695.0,6251.0,17.0,13.0,4812.0
tp_1_2,1788592059690475067,3,cloud,0.369,0.124,0.114,165240826.0,1335251781.0,102.465,1695.0,6251.0,37.0,14.0,4812.0
tp_1_2,1788592060691368158,0,enterprise,0.137,0.118,0.111,21233050.0,8932299.0,107.667,1695.0,6251.0,15.0,16.0,4390.0
tp_1_2,1788592060691399244,1,unused,0.0,0.0,0.0,472862.0,263663.0,23.856,210.0,405.0,0.0,0.0,0.0
tp_1_2,1788592060691408639,2,cloud,0.188,0.123,0.114,23088523.0,59773023.0,117.793,1695.0,6251.0,20.0,16.0,4812.0
tp_1_2,1788592060691420103,3,cloud,0.368,0.125,0.115,164411671.0,1336698276.0,102.18,1695.0,6251.0,38.0,15.0,4812.0
tp_1_2,1788592061692570234,0,enterprise,0.136,0.117,0.11,21291874.0,8981087.0,106.553,1695.0,6251.0,10.0,10.0,4390.0
tp_1_2,1788592061692579030,1,unused,0.0,0.0,0.0,464415.0,261964.0,23.806,210.0,405.0,0.0,0.0,0.0
tp_1_2,1788592061692587411,2,cloud,0.182,0.121,0.113,20655705.0,39640583.0,116.949,1695.0,6251.0,18.0,14.0,4812.0
tp_1_2,1788592061692595282,3,cloud,0.366,0.123,0.113,163863684.0,1333260785.0,101.877,1695.0,6251.0,41.0,15.0,4812.0
tp_1_2,1788592062693674687,0,enterprise,0.131,0.113,0.106,20456795.0,8609265.0,107.943,1350.0,6251.0,93.0,52.0,4390.0
tp_1_2,1788592062693712328,1,unused,0.0,0.0,0.0,470925.0,262925.0,23.812,210.0,405.0,0.0,0.0,0.0
tp_1_2,1788592062693718957,2,cloud,0.197,0.123,0.115,30244628.0,113765883.0,113.709,1695.0,6251.0,0.0,0.0,4812.0
tp_1_2,1788592062693728857,3,cloud,0.35,0.125,0.115,149648139.0,1194075615.0,98.15,1695.0,6251.0,0.0,0.0,4812.0
tp_1_2,1788592063694570891,0,enterprise,0.133,0.117,0.089,85257556.0,5805203.0,96.486,1695.0,6251.0,0.0,0.0,4390.0
tp_1_2,1788592063694602506,1,unused,0.0,0.0,0.0,491215.0,272331.0,23.862,210.0,405.0,0.0,0.0,0.0
tp_1_2,1788592063694609321,2,cloud,0.075,0.05,0.047,8413961.0,12998906.0,118.956,1155.0,6251.0,100.0,43.0,4812.0
tp_1_2,1788592063694615320,3,cloud,0.156,0.052,0.047,72136082.0,588770441.0,112.028,1245.0,6251.0,100.0,43.0,4812.0
tp_1_2,1788592064695692827,0,enterprise,0.0,0.0,0.0,410796.0,233140.0,100.339,1650.0,6251.0,39.0,21.0,4390.0
tp_1_2,1788592064695720997,1,unused,0.0,0.0,0.0,475108.0,264797.0,23.956,210.0,405.0,0.0,0.0,0.0
tp_1_2,1788592064695730647,2,cloud,0.378,0.249,0.152,2414018992.0,2109274951.0,106.427,1695.0,6251.0,0.0,0.0,4812.0
tp_1_2,1788592064695736807,3,cloud,0.469,0.248,0.152,2267296430.0,2119924632.0,91.796,1695.0,6251.0,0.0,0.0,4812.0
tp_1_2,1788592065696812054,0,enterprise,0.171,0.149,0.093,85749792.0,79191772.0,94.783,1695.0,6251.0,0.0,0.0,4390.0
tp_1_2,1788592065696841169,1,unused,0.0,0.0,0.0,458884.0,259745.0,23.956,210.0,405.0,0.0,0.0,0.0
tp_1_2,1788592065696850830,2,cloud,0.0,0.0,0.0,379439.0,220023.0,121.871,1170.0,6251.0,100.0,43.0,4812.0
tp_1_2,1788592065696857061,3,cloud,0.0,0.0,0.0,409547.0,234318.0,119.971,1320.0,6251.0,97.0,41.0,4812.0
tp_1_2,1788592066697745110,0,enterprise,0.0,0.0,0.0,416147.0,235834.0,100.043,1680.0,6251.0,0.0,0.0,4390.0
tp_1_2,1788592066697780817,1,unused,0.0,0.0,0.0,475280.0,264893.0,23.856,210.0,405.0,0.0,0.0,0.0
tp_1_2,1788592066697788275,2,cloud,0.375,0.249,0.152,2414553642.0,2109739906.0,103.782,1695.0,6251.0,0.0,0.0,4812.0
tp_1_2,1788592066697797775,3,cloud,0.473,0.248,0.151,2268112652.0,2121059190.0,92.351,1695.0,6251.0,0.0,0.0,4812.0
tp_1_2,1788592067698869116,0,enterprise,0.174,0.15,0.092,85763251.0,79188374.0,91.887,1695.0,6251.0,0.0,0.0,4390.0
tp_1_2,1788592067698894226,1,unused,0.0,0.0,0.0,471193.0,266415.0,23.806,210.0,405.0,0.0,0.0,0.0
tp_1_2,1788592067698909194,2,cloud,0.0,0.0,0.0,370853.0,216501.0,118.466,1560.0,6251.0,100.0,43.0,4812.0
tp_1_2,1788592067698918164,3,cloud,0.0,0.0,0.0,413652.0,237901.0,111.198,1560.0,6251.0,50.0,21.0,4812.0
tp_1_2,1788592068699972208,0,enterprise,0.0,0.0,0.0,397343.0,226180.0,102.951,1680.0,6251.0,0.0,0.0,4390.0
tp_1_2,1788592068699996146,1,unused,0.0,0.0,0.0,463041.0,258773.0,23.812,210.0,405.0,0.0,0.0,0.0
tp_1_2,1788592068700003099,2,cloud,0.376,0.249,0.152,2414460682.0,2109694416.0,103.261,1695.0,6251.0,0.0,0.0,4812.0
tp_1_2,1788592068700012523,3,cloud,0.468,0.248,0.151,2267971330.0,2120594093.0,92.157,1695.0,6251.0,0.0,0.0,4812.0
tp_1_2,1788592069700853801,0,enterprise,0.171,0.149,0.093,85770711.0,79202663.0,95.952,1695.0,6251.0,0.0,0.0,4390.0
tp_1_2,1788592069700875717,1,unused,0.0,0.0,0.0,461942.0,260765.0,23.856,210.0,405.0,0.0,0.0,0.0
tp_1_2,1788592069700882051,2,cloud,0.0,0.0,0.0,372834.0,215958.0,121.475,1680.0,6251.0,53.0,21.0,4812.0
tp_1_2,1788592069700965081,3,cloud,0.0,0.0,0.0,412066.0,235830.0,110.649,1680.0,6251.0,0.0,0.0,4812.0
tp_1_2,1788592070701873762,0,enterprise,0.0,0.0,0.0,416178.0,235851.0,97.639,1680.0,6251.0,14.0,14.0,4390.0
tp_1_2,1788592070701928247,1,unused,0.0,0.0,0.0,471706.0,263361.0,23.898,210.0,405.0,0.0,0.0,0.0
tp_1_2,1788592070701937048,2,cloud,0.376,0.249,0.152,2414530006.0,2109714931.0,106.161,1695.0,6251.0,16.0,13.0,4812.0
tp_1_2,1788592070701948622,3,cloud,0.472,0.249,0.151,2268026280.0,2120812411.0,92.889,1695.0,6251.0,32.0,14.0,4812.0
tp_1_2,1788592071703059436,0,enterprise,0.203,0.168,0.138,61440088.0,84058752.0,107.217,1695.0,6251.0,14.0,14.0,4390.0
tp_1_2,1788592071703074684,1,unused,0.0,0.0,0.0,468098.0,264356.0,23.904,210.0,405.0,0.0,0.0,0.0
tp_1_2,1788592071703083485,2,cloud,0.144,0.089,0.093,46605872.0,50017325.0,120.298,1695.0,6251.0,18.0,13.0,4812.0
tp_1_2,1788592071703089675,3,cloud,0.272,0.093,0.094,421662369.0,3439433882.0,102.682,1695.0,6251.0,18.0,14.0,4812.0
tp_1_2,1788592072704133880,0,enterprise,0.141,0.114,0.117,72930545.0,9312782.0,105.938,1695.0,6251.0,17.0,18.0,4390.0
tp_1_2,1788592072704159288,1,unused,0.0,0.0,0.0,471041.0,262989.0,23.854,210.0,405.0,0.0,0.0,0.0
tp_1_2,1788592072704168611,2,cloud,0.232,0.121,0.126,171318191.0,1034137617.0,121.16,1695.0,6251.0,20.0,15.0,4812.0
tp_1_2,1788592072704175019,3,cloud,0.281,0.122,0.125,314523931.0,2358641357.0,104.402,1695.0,6251.0,27.0,13.0,4812.0
tp_1_2,1788592073705338398,0,enterprise,0.147,0.119,0.121,74452455.0,9655638.0,109.787,1695.0,6251.0,12.0,12.0,4390.0
tp_1_2,1788592073705352981,1,unused,0.0,0.0,0.0,475558.0,267310.0,23.804,210.0,405.0,0.0,0.0,0.0
tp_1_2,1788592073705361247,2,cloud,0.232,0.123,0.128,164363401.0,974593151.0,120.982,1695.0,6251.0,19.0,15.0,4812.0
tp_1_2,1788592073705367227,3,cloud,0.3,0.125,0.128,369927558.0,2837570037.0,105.46,1695.0,6251.0,43.0,17.0,4812.0
tp_1_2,1788592074706579928,0,enterprise,0.147,0.119,0.121,74324675.0,9636629.0,110.28,1695.0,6251.0,12.0,12.0,4390.0
tp_1_2,1788592074706620812,1,unused,0.0,0.0,0.0,487275.0,271612.0,23.806,210.0,405.0,0.0,0.0,0.0
tp_1_2,1788592074706629623,2,cloud,0.196,0.121,0.127,63288226.0,67925436.0,121.565,1695.0,6251.0,24.0,17.0,4812.0
tp_1_2,1788592074706642652,3,cloud,0.37,0.126,0.127,589964402.0,4831100158.0,105.496,1695.0,6251.0,37.0,15.0,4812.0
tp_1_2,1788592075707626974,0,enterprise,0.142,0.115,0.117,71657837.0,9483759.0,108.573,1695.0,6251.0,17.0,18.0,4390.0
tp_1_2,1788592075707636752,1,unused,0.0,0.0,0.0,475045.0,267974.0,23.806,210.0,405.0,0.0,0.0,0.0
tp_1_2,1788592075707645735,2,cloud,0.202,0.123,0.129,74613642.0,154466010.0,121.854,1695.0,6251.0,20.0,16.0,4812.0
tp_1_2,1788592075707652074,3,cloud,0.368,0.127,0.128,567759089.0,4626560338.0,105.652,1695.0,6251.0,44.0,18.0,4812.0
tp_1_2,1788592076708849678,0,enterprise,0.146,0.118,0.121,74349290.0,9581041.0,110.745,1695.0,6251.0,18.0,18.0,4390.0
tp_1_2,1788592076708866234,1,unused,0.0,0.0,0.0,486282.0,270383.0,23.804,210.0,405.0,0.0,0.0,0.0
tp_1_2,1788592076708875121,2,cloud,0.203,0.124,0.13,73866136.0,154858929.0,121.797,1695.0,6251.0,21.0,17.0,4812.0
tp_1_2,1788592076708881093,3,cloud,0.391,0.129,0.13,641577702.0,5276158672.0,106.06,1695.0,6251.0,36.0,14.0,4812.0
tp_1_2,1788592077710052594,0,enterprise,0.147,0.119,0.122,74500714.0,9729874.0,110.647,1695.0,6251.0,17.0,17.0,4390.0
tp_1_2,1788592077710067134,1,unused,0.0,0.0,0.0,486470.0,273258.0,23.804,210.0,405.0,0.0,0.0,0.0
tp_1_2,1788592077710075800,2,cloud,0.202,0.12,0.126,86025677.0,277007761.0,122.297,1695.0,6251.0,20.0,17.0,4812.0
tp_1_2,1788592077710081804,3,cloud,0.381,0.125,0.126,620392225.0,5109618918.0,105.754,1695.0,6251.0,42.0,19.0,4812.0
tp_1_2,1788592078711102693,0,enterprise,0.142,0.115,0.117,71489547.0,9279937.0,110.131,1695.0,6251.0,14.0,14.0,4390.0
tp_1_2,1788592078711119034,1,unused,0.0,0.0,0.0,482686.0,268554.0,23.806,210.0,405.0,0.0,0.0,0.0
tp_1_2,1788592078711127576,2,cloud,0.208,0.124,0.129,90342819.0,295548664.0,122.858,1695.0,6251.0,20.0,16.0,4812.0
tp_1_2,1788592078711133439,3,cloud,0.366,0.128,0.129,559363124.0,4540514855.0,106.169,1695.0,6251.0,33.0,14.0,4812.0
tp_1_2,1788592079712294502,0,enterprise,0.148,0.119,0.122,74529899.0,9749467.0,110.473,1695.0,6251.0,12.0,12.0,4390.0
tp_1_2,1788592079712309304,1,unused,0.0,0.0,0.0,488865.0,274987.0,23.806,210.0,405.0,0.0,0.0,0.0
tp_1_2,1788592079712318104,2,cloud,0.199,0.123,0.129,64173297.0,69611704.0,122.453,1695.0,6251.0,18.0,15.0,4812.0
tp_1_2,1788592079712324085,3,cloud,0.372,0.128,0.129,587057584.0,4797084443.0,105.651,1695.0,6251.0,38.0,17.0,4812.0
tp_1_2,1788592080713493831,0,enterprise,0.147,0.119,0.122,74352192.0,9659584.0,101.445,1680.0,6251.0,0.0,0.0,4390.0
tp_1_2,1788592080713515028,1,unused,0.0,0.0,0.0,499989.0,277206.0,23.861,210.0,405.0,0.0,0.0,0.0
tp_1_2,1788592080713521361,2,cloud,0.198,0.122,0.128,63544389.0,68238061.0,123.413,1665.0,6251.0,80.0,32.0,4812.0
tp_1_2,1788592080713527069,3,cloud,0.363,0.127,0.128,566852871.0,4620654795.0,105.274,1665.0,6251.0,7.0,3.0,4812.0
tp_1_2,1788592081714566310,0,enterprise,0.117,0.099,0.082,46184710.0,24948004.0,108.395,1695.0,6251.0,11.0,11.0,4390.0
tp_1_2,1788592081714584598,1,unused,0.0,0.0,0.0,502600.0,277244.0,23.911,210.0,405.0,0.0,0.0,0.0
tp_1_2,1788592081714593618,2,cloud,0.197,0.121,0.1,626143899.0,561226688.0,114.157,1695.0,6251.0,18.0,12.0,4812.0
tp_1_2,1788592081714599427,3,cloud,0.325,0.123,0.099,770602303.0,2201223814.0,100.655,1695.0,6251.0,25.0,12.0,4812.0
tp_1_2,1788592082715725379,0,enterprise,0.131,0.114,0.108,22639497.0,8849767.0,108.856,1695.0,6251.0,15.0,15.0,4390.0
tp_1_2,1788592082715745573,1,unused,0.0,0.0,0.0,501037.0,278014.0,23.906,210.0,405.0,0.0,0.0,0.0
tp_1_2,1788592082715753917,2,cloud,0.185,0.113,0.107,30913801.0,133509928.0,120.389,1695.0,6251.0,20.0,16.0,4812.0
tp_1_2,1788592082715759684,3,cloud,0.344,0.115,0.108,153023106.0,1237724444.0,103.391,1695.0,6251.0,44.0,15.0,4812.0
tp_1_2,1788592083716886496,0,enterprise,0.127,0.11,0.104,20472627.0,8611062.0,108.754,1695.0,6251.0,10.0,10.0,4390.0
tp_1_2,1788592083716901801,1,unused,0.0,0.0,0.0,488129.0,274287.0,23.858,210.0,405.0,0.0,0.0,0.0
tp_1_2,1788592083716910625,2,cloud,0.173,0.115,0.11,19900967.0,31191086.0,120.016,1695.0,6251.0,16.0,13.0,4812.0
tp_1_2,1788592083716916358,3,cloud,0.372,0.118,0.11,175621149.0,1438072736.0,102.894,1695.0,6251.0,41.0,14.0,4812.0
tp_1_2,1788592084717928476,0,enterprise,0.13,0.113,0.107,21307992.0,8788898.0,107.758,1695.0,6251.0,15.0,15.0,4390.0
tp_1_2,1788592084717961444,1,unused,0.0,0.0,0.0,512149.0,283565.0,23.812,210.0,405.0,0.0,0.0,0.0
tp_1_2,1788592084717971143,2,cloud,0.172,0.115,0.11,20920523.0,31127531.0,119.907,1695.0,6251.0,19.0,15.0,4812.0
tp_1_2,1788592084717977511,3,cloud,0.376,0.118,0.11,177902453.0,1448910467.0,103.295,1695.0,6251.0,37.0,14.0,4812.0
tp_1_2,1788592085719030800,0,enterprise,0.131,0.114,0.107,21200549.0,8837376.0,107.539,1695.0,6251.0,10.0,10.0,4390.0
tp_1_2,1788592085719058306,1,unused,0.0,0.0,0.0,485784.0,272141.0,23.811,210.0,405.0,0.0,0.0,0.0
tp_1_2,1788592085719065692,2,cloud,0.171,0.114,0.109,19722310.0,30851524.0,119.531,1695.0,6251.0,15.0,12.0,4812.0
tp_1_2,1788592085719075130,3,cloud,0.365,0.116,0.109,172544004.0,1411877077.0,103.731,1695.0,6251.0,35.0,13.0,4812.0
tp_1_2,1788592086720189537,0,enterprise,0.126,0.109,0.103,20417593.0,8496478.0,108.065,1695.0,6251.0,15.0,15.0,4390.0
tp_1_2,1788592086720212651,1,unused,0.0,0.0,0.0,476729.0,266093.0,23.806,210.0,405.0,0.0,0.0,0.0
tp_1_2,1788592086720222531,2,cloud,0.173,0.115,0.11,20997106.0,31214775.0,119.723,1695.0,6251.0,17.0,13.0,4812.0
tp_1_2,1788592086720229425,3,cloud,0.388,0.118,0.11,186362937.0,1534698294.0,103.289,1695.0,6251.0,25.0,11.0,4812.0
tp_1_2,1788592087721121383,0,enterprise,0.131,0.114,0.108,21222597.0,8833582.0,108.106,1695.0,6251.0,15.0,15.0,4390.0
tp_1_2,1788592087721147879,1,unused,0.0,0.0,0.0,476058.0,268323.0,23.854,210.0,405.0,0.0,0.0,0.0
tp_1_2,1788592087721157093,2,cloud,0.175,0.113,0.108,23136700.0,62587010.0,120.211,1695.0,6251.0,20.0,16.0,4812.0
tp_1_2,1788592087721163403,3,cloud,0.368,0.116,0.108,173437770.0,1410591107.0,103.246,1695.0,6251.0,46.0,16.0,4812.0
tp_1_2,1788592088722041737,0,enterprise,0.126,0.109,0.104,20424533.0,8525314.0,108.42,1695.0,6251.0,12.0,12.0,4390.0
tp_1_2,1788592088722061384,1,unused,0.0,0.0,0.0,473904.0,263901.0,23.856,210.0,405.0,0.0,0.0,0.0
tp_1_2,1788592088722074782,2,cloud,0.172,0.115,0.11,19876590.0,31098804.0,120.598,1695.0,6251.0,15.0,12.0,4812.0
tp_1_2,1788592088722086442,3,cloud,0.391,0.118,0.109,191001692.0,1576811719.0,102.974,1695.0,6251.0,35.0,12.0,4812.0
tp_1_2,1788592089723014784,0,enterprise,0.131,0.114,0.107,21312328.0,8868347.0,108.47,1695.0,6251.0,15.0,15.0,4390.0
tp_1_2,1788592089723023156,1,unused,0.0,0.0,0.0,477637.0,268353.0,23.863,210.0,405.0,0.0,0.0,0.0
tp_1_2,1788592089723031401,2,cloud,0.172,0.114,0.109,20848262.0,30970967.0,120.725,1695.0,6251.0,18.0,14.0,4812.0
tp_1_2,1788592089723037119,3,cloud,0.368,0.117,0.11,169983010.0,1387948531.0,103.631,1695.0,6251.0,37.0,13.0,4812.0
tp_1_2,1788592090723804269,0,enterprise,0.13,0.113,0.107,21163635.0,8761399.0,110.079,1695.0,6251.0,10.0,10.0,4390.0
tp_1_2,1788592090723824250,1,unused,0.0,0.0,0.0,468558.0,261722.0,23.861,210.0,405.0,0.0,0.0,0.0
tp_1_2,1788592090723832896,2,cloud,0.176,0.114,0.109,23508263.0,65158254.0,121.101,1695.0,6251.0,17.0,13.0,4812.0
tp_1_2,1788592090723838708,3,cloud,0.351,0.116,0.108,159460944.0,1284930819.0,104.332,1695.0,6251.0,35.0,14.0,4812.0
tp_1_2,1788592091724990420,0,enterprise,0.127,0.11,0.104,20527699.0,8597949.0,108.949,1695.0,6251.0,15.0,15.0,4390.0
tp_1_2,1788592091725036498,1,unused,0.0,0.0,0.0,455261.0,258185.0,23.804,210.0,405.0,0.0,0.0,0.0
tp_1_2,1788592091725047694,2,cloud,0.175,0.116,0.111,20286489.0,33350975.0,121.021,1695.0,6251.0,15.0,12.0,4812.0
tp_1_2,1788592091725061641,3,cloud,0.374,0.119,0.111,174001756.0,1422243833.0,104.081,1695.0,6251.0,34.0,12.0,4812.0
tp_1_2,1788592092726200814,0,enterprise,0.126,0.11,0.104,21844334.0,8507889.0,109.538,1695.0,6251.0,15.0,15.0,4390.0
tp_1_2,1788592092726234609,1,unused,0.0,0.0,0.0,469376.0,262178.0,23.856,210.0,405.0,0.0,0.0,0.0
tp_1_2,1788592092726247921,2,cloud,0.169,0.112,0.107,20594732.0,31818642.0,120.661,1695.0,6251.0,16.0,13.0,4812.0
tp_1_2,1788592092726254464,3,cloud,0.376,0.115,0.107,177186124.0,1446185611.0,103.186,1695.0,6251.0,37.0,11.0,4812.0
tp_1_2,1788592093727223915,0,enterprise,0.131,0.114,0.108,21253244.0,8851784.0,110.117,1695.0,6251.0,15.0,15.0,4390.0
tp_1_2,1788592093727244705,1,unused,0.0,0.0,0.0,470555.0,265324.0,23.861,210.0,405.0,0.0,0.0,0.0
tp_1_2,1788592093727253416,2,cloud,0.168,0.112,0.107,19382731.0,30329952.0,121.186,1695.0,6251.0,18.0,14.0,4812.0
tp_1_2,1788592093727259335,3,cloud,0.421,0.116,0.107,214622399.0,1792015897.0,104.411,1695.0,6251.0,43.0,13.0,4812.0
tp_1_2,1788592094728378985,0,enterprise,0.126,0.11,0.104,20440452.0,8512953.0,110.313,1695.0,6251.0,15.0,15.0,4390.0
tp_1_2,1788592094728395600,1,unused,0.0,0.0,0.0,474189.0,265586.0,23.809,210.0,405.0,0.0,0.0,0.0
tp_1_2,1788592094728403956,2,cloud,0.171,0.114,0.109,20768605.0,30831618.0,123.195,1695.0,6251.0,19.0,15.0,4812.0
tp_1_2,1788592094728409936,3,cloud,0.447,0.118,0.109,233609080.0,1960807592.0,104.339,1695.0,6251.0,46.0,14.0,4812.0
tp_1_2,1788592095729510108,0,enterprise,0.126,0.11,0.104,20439203.0,8515826.0,107.948,1695.0,6251.0,12.0,12.0,4390.0
tp_1_2,1788592095729526793,1,unused,0.0,0.0,0.0,472095.0,265553.0,23.804,210.0,405.0,0.0,0.0,0.0
tp_1_2,1788592095729535078,2,cloud,0.178,0.114,0.109,24428280.0,73121034.0,122.726,1695.0,6251.0,19.0,15.0,4812.0
tp_1_2,1788592095729541197,3,cloud,0.43,0.117,0.109,222829336.0,1854745816.0,104.955,1695.0,6251.0,48.0,16.0,4812.0
tp_1_2,1788592096730471088,0,enterprise,0.131,0.114,0.108,21364132.0,8912116.0,108.554,1695.0,6251.0,10.0,10.0,4390.0
tp_1_2,1788592096730506332,1,unused,0.0,0.0,0.0,471969.0,264750.0,23.803,210.0,405.0,0.0,0.0,0.0
tp_1_2,1788592096730514565,2,cloud,0.171,0.113,0.108,20485148.0,39435755.0,122.344,1695.0,6251.0,15.0,12.0,4812.0
tp_1_2,1788592096730524769,3,cloud,0.427,0.117,0.108,219989683.0,1839651956.0,105.066,1695.0,6251.0,43.0,13.0,4812.0
tp_1_2,1788592097731593056,0,enterprise,0.126,0.11,0.104,20524047.0,8553933.0,108.137,1695.0,6251.0,13.0,14.0,4390.0
tp_1_2,1788592097731633526,1,unused,0.0,0.0,0.0,483289.0,270133.0,23.854,210.0,405.0,0.0,0.0,0.0
tp_1_2,1788592097731645325,2,cloud,0.173,0.115,0.11,21177668.0,33276940.0,122.185,1695.0,6251.0,26.0,12.0,4812.0
tp_1_2,1788592097731654854,3,cloud,0.438,0.119,0.11,222818871.0,1862925790.0,104.599,1695.0,6251.0,34.0,11.0,4812.0
tp_1_2,1788592098732690627,0,enterprise,0.13,0.113,0.106,21240034.0,8750236.0,109.186,1695.0,6251.0,15.0,15.0,4390.0
tp_1_2,1788592098732721907,1,unused,0.0,0.0,0.0,475214.0,262029.0,23.904,210.0,405.0,0.0,0.0,0.0
tp_1_2,1788592098732730165,2,cloud,0.18,0.113,0.107,27639617.0,104315987.0,123.018,1695.0,6251.0,19.0,15.0,4812.0
tp_1_2,1788592098732740486,3,cloud,0.417,0.116,0.107,213021754.0,1768631265.0,105.028,1695.0,6251.0,44.0,14.0,4812.0
tp_1_2,1788592099733711915,0,enterprise,0.128,0.111,0.105,20493448.0,8637848.0,108.661,1695.0,6251.0,12.0,12.0,4390.0
tp_1_2,1788592099733746961,1,unused,0.0,0.0,0.0,465260.0,262154.0,23.906,210.0,405.0,0.0,0.0,0.0
tp_1_2,1788592099733754155,2,cloud,0.173,0.115,0.11,19848934.0,31075710.0,123.864,1695.0,6251.0,18.0,15.0,4812.0
tp_1_2,1788592099733764854,3,cloud,0.444,0.119,0.11,231836649.0,1943452898.0,105.673,1695.0,6251.0,50.0,16.0,4812.0
tp_1_2,1788592100734965156,0,enterprise,0.126,0.11,0.104,20535900.0,8576336.0,110.241,1695.0,6251.0,10.0,10.0,4390.0
tp_1_2,1788592100734999175,1,unused,0.0,0.0,0.0,486798.0,271854.0,23.855,210.0,405.0,0.0,0.0,0.0
tp_1_2,1788592100735011757,2,cloud,0.17,0.113,0.108,20623454.0,30607168.0,123.474,1695.0,6251.0,16.0,13.0,4812.0
tp_1_2,1788592100735018439,3,cloud,0.434,0.117,0.108,224490223.0,1880492535.0,105.518,1695.0,6251.0,47.0,14.0,4812.0
tp_1_2,1788592101736197165,0,enterprise,0.131,0.114,0.108,21293955.0,8864555.0,107.807,1695.0,6251.0,10.0,10.0,4390.0
tp_1_2,1788592101736238707,1,unused,0.0,0.0,0.0,469994.0,264276.0,23.804,210.0,405.0,0.0,0.0,0.0
tp_1_2,1788592101736251358,2,cloud,0.181,0.113,0.107,27529969.0,103605008.0,122.689,1695.0,6251.0,15.0,12.0,4812.0
tp_1_2,1788592101736257669,3,cloud,0.422,0.116,0.108,213280043.0,1770409898.0,104.757,1695.0,6251.0,41.0,13.0,4812.0
tp_1_2,1788592102737233676,0,enterprise,0.126,0.11,0.104,21879730.0,8542612.0,107.84,1695.0,6251.0,10.0,10.0,4390.0
tp_1_2,1788592102737277250,1,unused,0.0,0.0,0.0,485244.0,270597.0,23.803,210.0,405.0,0.0,0.0,0.0
tp_1_2,1788592102737285399,2,cloud,0.178,0.114,0.109,25699831.0,75462606.0,123.455,1695.0,6251.0,15.0,12.0,4812.0
tp_1_2,1788592102737296020,3,cloud,0.416,0.118,0.109,207686589.0,1728087513.0,105.21,1695.0,6251.0,44.0,13.0,4812.0
tp_1_2,1788592103738371673,0,enterprise,0.126,0.11,0.104,20506033.0,8539984.0,107.886,1695.0,6251.0,10.0,10.0,4390.0
tp_1_2,1788592103738381895,1,unused,0.0,0.0,0.0,486368.0,273200.0,23.854,210.0,405.0,0.0,0.0,0.0
tp_1_2,1788592103738390316,2,cloud,0.182,0.113,0.108,27477183.0,102166036.0,122.974,1695.0,6251.0,15.0,12.0,4812.0
tp_1_2,1788592103738396251,3,cloud,0.43,0.117,0.108,221350176.0,1842208681.0,104.956,1695.0,6251.0,42.0,13.0,4812.0
tp_1_2,1788592104739510834,0,enterprise,0.126,0.11,0.104,20497966.0,8537894.0,108.908,1695.0,6251.0,13.0,14.0,4390.0
tp_1_2,1788592104739541536,1,unused,0.0,0.0,0.0,479702.0,268084.0,23.904,210.0,405.0,0.0,0.0,0.0
tp_1_2,1788592104739548287,2,cloud,0.171,0.113,0.108,20044145.0,35132449.0,123.493,1695.0,6251.0,14.0,11.0,4812.0
tp_1_2,1788592104739583904,3,cloud,0.429,0.116,0.108,221470182.0,1853575731.0,104.886,1695.0,6251.0,38.0,11.0,4812.0
tp_1_2,1788592105740470293,0,enterprise,0.13,0.113,0.107,21199733.0,8711061.0,108.711,1695.0,6251.0,13.0,14.0,4390.0
tp_1_2,1788592105740502924,1,unused,0.0,0.0,0.0,474554.0,266300.0,23.904,210.0,405.0,0.0,0.0,0.0
tp_1_2,1788592105740510290,2,cloud,0.171,0.112,0.107,21735954.0,42311001.0,123.155,1695.0,6251.0,15.0,12.0,4812.0
tp_1_2,1788592105740520270,3,cloud,0.434,0.116,0.107,224213499.0,1878908984.0,104.599,1695.0,6251.0,37.0,11.0,4812.0
tp_1_2,1788592106741594601,0,enterprise,0.128,0.111,0.105,20489813.0,8625467.0,108.872,1695.0,6251.0,12.0,12.0,4390.0
tp_1_2,1788592106741625661,1,unused,0.0,0.0,0.0,476056.0,266286.0,23.853,210.0,405.0,0.0,0.0,0.0
tp_1_2,1788592106741633840,2,cloud,0.18,0.113,0.107,27499659.0,103268579.0,123.379,1695.0,6251.0,14.0,11.0,4812.0
tp_1_2,1788592106741643200,3,cloud,0.421,0.116,0.107,214701016.0,1783588752.0,104.353,1695.0,6251.0,37.0,12.0,4812.0
tp_1_2,1788592107742849656,0,enterprise,0.127,0.11,0.104,20480509.0,8527184.0,110.905,1695.0,6251.0,15.0,15.0,4390.0
tp_1_2,1788592107742888928,1,unused,0.0,0.0,0.0,468733.0,263630.0,23.804,210.0,405.0,0.0,0.0,0.0
tp_1_2,1788592107742900173,2,cloud,0.172,0.115,0.109,19710546.0,30899786.0,124.394,1695.0,6251.0,16.0,13.0,4812.0
tp_1_2,1788592107742906522,3,cloud,0.441,0.119,0.11,227310420.0,1903548400.0,105.462,1695.0,6251.0,38.0,12.0,4812.0
tp_1_2,1788592108743841242,0,enterprise,0.126,0.11,0.104,20432420.0,8497868.0,112.923,1695.0,6251.0,15.0,15.0,4390.0
tp_1_2,1788592108743872920,1,unused,0.0,0.0,0.0,477606.0,267541.0,23.856,210.0,405.0,0.0,0.0,0.0
tp_1_2,1788592108743881261,2,cloud,0.172,0.114,0.109,20817482.0,30867599.0,124.604,1695.0,6251.0,17.0,13.0,4812.0
tp_1_2,1788592108743891845,3,cloud,0.44,0.118,0.109,226618434.0,1898228369.0,104.298,1695.0,6251.0,28.0,11.0,4812.0
tp_1_2,1788592109744996153,0,enterprise,0.127,0.11,0.104,20448076.0,8502636.0,113.815,1695.0,6251.0,15.0,15.0,4390.0
tp_1_2,1788592109745026631,1,unused,0.0,0.0,0.0,477047.0,267289.0,23.859,210.0,405.0,0.0,0.0,0.0
tp_1_2,1788592109745037601,2,cloud,0.169,0.112,0.107,19510464.0,31318063.0,125.028,1695.0,6251.0,17.0,13.0,4812.0
tp_1_2,1788592109745043851,3,cloud,0.425,0.116,0.107,218371418.0,1816644768.0,104.916,1695.0,6251.0,38.0,12.0,4812.0
tp_1_2,1788592110746090869,0,enterprise,0.132,0.114,0.108,21226332.0,8835139.0,113.356,1695.0,6251.0,15.0,15.0,4390.0
tp_1_2,1788592110746117324,1,unused,0.0,0.0,0.0,473525.0,265276.0,23.856,210.0,405.0,0.0,0.0,0.0
tp_1_2,1788592110746124526,2,cloud,0.169,0.112,0.107,19392752.0,30324629.0,125.168,1695.0,6251.0,18.0,14.0,4812.0
tp_1_2,1788592110746134082,3,cloud,0.432,0.116,0.107,224702102.0,1883376943.0,105.41,1695.0,6251.0,41.0,13.0,4812.0
tp_1_2,1788592111747038327,0,enterprise,0.127,0.11,0.104,20449969.0,8514159.0,112.38,1695.0,6251.0,15.0,15.0,4390.0
tp_1_2,1788592111747083392,1,unused,0.0,0.0,0.0,474551.0,266807.0,23.854,210.0,405.0,0.0,0.0,0.0
tp_1_2,1788592111747091259,2,cloud,0.171,0.114,0.109,20719719.0,30730084.0,125.971,1695.0,6251.0,20.0,15.0,4812.0
tp_1_2,1788592111747100618,3,cloud,0.441,0.118,0.109,227676713.0,1908117813.0,105.511,1695.0,6251.0,46.0,14.0,4812.0
tp_1_2,1788592112748220358,0,enterprise,0.127,0.11,0.104,21791042.0,8497952.0,110.756,1695.0,6251.0,15.0,15.0,4390.0
tp_1_2,1788592112748263735,1,unused,0.0,0.0,0.0,467553.0,262522.0,23.804,210.0,405.0,0.0,0.0,0.0
tp_1_2,1788592112748275818,2,cloud,0.172,0.114,0.109,19894940.0,32655505.0,125.862,1695.0,6251.0,20.0,16.0,4812.0
tp_1_2,1788592112748282658,3,cloud,0.429,0.118,0.109,217484749.0,1806424514.0,106.259,1695.0,6251.0,48.0,15.0,4812.0
tp_1_2,1788592113749406430,0,enterprise,0.127,0.11,0.104,20626351.0,8608560.0,111.288,1695.0,6251.0,15.0,15.0,4390.0
tp_1_2,1788592113749435736,1,unused,0.0,0.0,0.0,473070.0,265021.0,23.806,210.0,405.0,0.0,0.0,0.0
tp_1_2,1788592113749446722,2,cloud,0.17,0.113,0.108,20562845.0,30519468.0,126.268,1695.0,6251.0,20.0,16.0,4812.0
tp_1_2,1788592113749453075,3,cloud,0.428,0.117,0.108,218627823.0,1828167366.0,106.535,1695.0,6251.0,50.0,16.0,4812.0
tp_1_2,1788592114750422523,0,enterprise,0.131,0.113,0.107,21312093.0,8838483.0,110.244,1695.0,6251.0,12.0,12.0,4390.0
tp_1_2,1788592114750463133,1,unused,0.0,0.0,0.0,478147.0,267559.0,23.806,210.0,405.0,0.0,0.0,0.0
tp_1_2,1788592114750470749,2,cloud,0.181,0.113,0.107,27465984.0,103432981.0,125.505,1695.0,6251.0,19.0,15.0,4812.0
tp_1_2,1788592114750485690,3,cloud,0.417,0.116,0.107,213105051.0,1769687189.0,106.384,1695.0,6251.0,50.0,16.0,4812.0
tp_1_2,1788592115751576801,0,enterprise,0.127,0.111,0.104,20529452.0,8602411.0,112.006,1695.0,6251.0,10.0,10.0,4390.0
tp_1_2,1788592115751603371,1,unused,0.0,0.0,0.0,508244.0,279814.0,23.804,210.0,405.0,0.0,0.0,0.0
tp_1_2,1788592115751610144,2,cloud,0.173,0.114,0.109,20706472.0,40070496.0,125.706,1695.0,6251.0,17.0,13.0,4812.0
tp_1_2,1788592115751620333,3,cloud,0.432,0.118,0.11,222182334.0,1857726852.0,106.288,1695.0,6251.0,47.0,14.0,4812.0
tp_1_2,1788592116752691166,0,enterprise,0.127,0.11,0.104,20482882.0,8544950.0,110.475,1695.0,6251.0,10.0,10.0,4390.0
tp_1_2,1788592116752723664,1,unused,0.0,0.0,0.0,469859.0,263406.0,23.804,210.0,405.0,0.0,0.0,0.0
tp_1_2,1788592116752735578,2,cloud,0.172,0.114,0.109,20733358.0,30796219.0,125.148,1695.0,6251.0,17.0,13.0,4812.0
tp_1_2,1788592116752742082,3,cloud,0.442,0.118,0.109,228198006.0,1912747641.0,105.801,1695.0,6251.0,46.0,14.0,4812.0
tp_1_2,1788592117753607727,0,enterprise,0.127,0.11,0.104,20534540.0,8562545.0,110.553,1695.0,6251.0,10.0,10.0,4390.0
tp_1_2,1788592117753617446,1,unused,0.0,0.0,0.0,466623.0,262571.0,23.803,210.0,405.0,0.0,0.0,0.0
tp_1_2,1788592117753625617,2,cloud,0.182,0.113,0.108,27909694.0,106322403.0,125.263,1695.0,6251.0,16.0,13.0,4812.0
tp_1_2,1788592117753631378,3,cloud,0.418,0.116,0.108,210683335.0,1747444681.0,105.439,1695.0,6251.0,45.0,14.0,4812.0
tp_1_2,1788592118754740171,0,enterprise,0.132,0.114,0.108,21259589.0,8842376.0,111.041,1695.0,6251.0,11.0,11.0,4390.0
tp_1_2,1788592118754770291,1,unused,0.0,0.0,0.0,479644.0,268336.0,23.804,210.0,405.0,0.0,0.0,0.0
tp_1_2,1788592118754781041,2,cloud,0.169,0.113,0.107,19371943.0,30312514.0,125.827,1695.0,6251.0,14.0,11.0,4812.0
tp_1_2,1788592118754788542,3,cloud,0.437,0.116,0.107,229149237.0,1923574128.0,105.89,1695.0,6251.0,40.0,12.0,4812.0
tp_1_2,1788592119755898237,0,enterprise,0.127,0.11,0.104,20514744.0,8550101.0,110.102,1695.0,6251.0,12.0,12.0,4390.0
tp_1_2,1788592119755927767,1,unused,0.0,0.0,0.0,471567.0,265320.0,23.804,210.0,405.0,0.0,0.0,0.0
tp_1_2,1788592119755939213,2,cloud,0.171,0.114,0.108,20625030.0,30604538.0,125.855,1695.0,6251.0,14.0,11.0,4812.0
tp_1_2,1788592119755946791,3,cloud,0.44,0.118,0.109,226736036.0,1900120830.0,105.223,1695.0,6251.0,39.0,12.0,4812.0
tp_1_2,1788592120756913927,0,enterprise,0.114,0.098,0.073,50289093.0,24048894.0,105.377,1500.0,6251.0,23.0,13.0,4390.0
tp_1_2,1788592120756950179,1,unused,0.0,0.0,0.0,466971.0,261463.0,23.796,210.0,405.0,0.0,0.0,0.0
tp_1_2,1788592120756957802,2,cloud,0.175,0.102,0.08,620133650.0,615717417.0,120.231,1680.0,6251.0,5.0,2.0,4812.0
tp_1_2,1788592120756968609,3,cloud,0.284,0.103,0.079,661606132.0,1315439304.0,106.856,1680.0,6251.0,0.0,0.0,4812.0
tp_1_2,1788592121758057513,0,enterprise,0.103,0.088,0.05,47052449.0,59056165.0,109.67,1680.0,6251.0,11.0,11.0,4390.0
tp_1_2,1788592121758089476,1,unused,0.0,0.0,0.0,469438.0,263740.0,23.796,210.0,405.0,0.0,0.0,0.0
tp_1_2,1788592121758107982,2,cloud,0.278,0.165,0.098,1812767508.0,1584968377.0,122.231,1695.0,6251.0,20.0,16.0,4812.0
tp_1_2,1788592121758114110,3,cloud,0.318,0.162,0.097,1731336408.0,1858306274.0,107.881,1695.0,6251.0,43.0,14.0,4812.0
tp_1_2,1788592122759197446,0,enterprise,0.133,0.108,0.109,74175149.0,8885784.0,110.568,1695.0,6251.0,14.0,14.0,4390.0
tp_1_2,1788592122759232306,1,unused,0.0,0.0,0.0,479471.0,268239.0,23.854,210.0,405.0,0.0,0.0,0.0
tp_1_2,1788592122759241721,2,cloud,0.17,0.103,0.108,62698402.0,73782646.0,126.686,1695.0,6251.0,20.0,16.0,4812.0
tp_1_2,1788592122759252617,3,cloud,0.408,0.11,0.108,774374579.0,6500755873.0,106.233,1695.0,6251.0,35.0,11.0,4812.0
tp_1_2,1788592123760166842,0,enterprise,0.132,0.106,0.108,71465042.0,8795016.0,114.498,1695.0,6251.0,16.0,16.0,4390.0
tp_1_2,1788592123760206298,1,unused,0.0,0.0,0.0,480665.0,269865.0,23.853,210.0,405.0,0.0,0.0,0.0
tp_1_2,1788592123760214579,2,cloud,0.173,0.106,0.111,64317962.0,67368455.0,126.275,1695.0,6251.0,16.0,13.0,4812.0
tp_1_2,1788592123760224077,3,cloud,0.426,0.113,0.111,819204561.0,6891937260.0,106.424,1695.0,6251.0,35.0,12.0,4812.0
tp_1_2,1788592124761351723,0,enterprise,0.13,0.105,0.106,72706786.0,8664979.0,113.166,1695.0,6251.0,16.0,16.0,4390.0
tp_1_2,1788592124761385869,1,unused,0.0,0.0,0.0,468477.0,262978.0,23.804,210.0,405.0,0.0,0.0,0.0
tp_1_2,1788592124761397307,2,cloud,0.183,0.106,0.11,92675092.0,334880313.0,128.173,1695.0,6251.0,14.0,11.0,4812.0
tp_1_2,1788592124761403516,3,cloud,0.409,0.112,0.11,767357520.0,6420730740.0,106.632,1695.0,6251.0,47.0,15.0,4812.0
tp_1_2,1788592125762520019,0,enterprise,0.135,0.109,0.111,74382986.0,9089737.0,111.845,1695.0,6251.0,11.0,11.0,4390.0
tp_1_2,1788592125762547818,1,unused,0.0,0.0,0.0,468413.0,262718.0,23.854,210.0,405.0,0.0,0.0,0.0
tp_1_2,1788592125762576190,2,cloud,0.175,0.105,0.11,73937650.0,169174736.0,127.254,1695.0,6251.0,19.0,15.0,4812.0
tp_1_2,1788592125762588032,3,cloud,0.418,0.112,0.11,808807276.0,6804349143.0,107.195,1695.0,6251.0,44.0,14.0,4812.0
tp_1_2,1788592126763653406,0,enterprise,0.13,0.105,0.106,71434141.0,8722645.0,110.58,1695.0,6251.0,16.0,16.0,4390.0
tp_1_2,1788592126763703756,1,unused,0.0,0.0,0.0,480150.0,268558.0,23.854,210.0,405.0,0.0,0.0,0.0
tp_1_2,1788592126763712576,2,cloud,0.174,0.107,0.112,64633574.0,67751890.0,127.915,1695.0,6251.0,17.0,13.0,4812.0
tp_1_2,1788592126763723297,3,cloud,0.429,0.114,0.112,827299277.0,6964585478.0,106.486,1695.0,6251.0,35.0,11.0,4812.0
tp_1_2,1788592127764865769,0,enterprise,0.135,0.109,0.111,74249339.0,9025192.0,115.41,1695.0,6251.0,16.0,16.0,4390.0
tp_1_2,1788592127764906319,1,unused,0.0,0.0,0.0,480110.0,269839.0,23.804,210.0,405.0,0.0,0.0,0.0
tp_1_2,1788592127764917842,2,cloud,0.182,0.105,0.109,93103965.0,346999712.0,127.315,1695.0,6251.0,20.0,16.0,4812.0
tp_1_2,1788592127764924093,3,cloud,0.4,0.111,0.109,747894836.0,6251762565.0,106.764,1695.0,6251.0,44.0,14.0,4812.0
tp_1_2,1788592128766024452,0,enterprise,0.13,0.105,0.106,71375319.0,8690819.0,110.719,1695.0,6251.0,11.0,11.0,4390.0
tp_1_2,1788592128766055976,1,unused,0.0,0.0,0.0,470104.0,263543.0,23.803,210.0,405.0,0.0,0.0,0.0
tp_1_2,1788592128766064362,2,cloud,0.177,0.108,0.113,64270121.0,68476106.0,127.199,1695.0,6251.0,17.0,14.0,4812.0
tp_1_2,1788592128766074619,3,cloud,0.431,0.115,0.113,833731473.0,7016691721.0,107.887,1695.0,6251.0,50.0,16.0,4812.0
tp_1_2,1788592129767016773,0,enterprise,0.136,0.109,0.111,74296272.0,9053963.0,110.991,1695.0,6251.0,14.0,14.0,4390.0
tp_1_2,1788592129767050587,1,unused,0.0,0.0,0.0,456192.0,257117.0,23.804,210.0,405.0,0.0,0.0,0.0
tp_1_2,1788592129767058107,2,cloud,0.17,0.104,0.109,62908251.0,65884632.0,128.033,1695.0,6251.0,20.0,16.0,4812.0
tp_1_2,1788592129767067765,3,cloud,0.422,0.111,0.109,809115109.0,6812915267.0,107.501,1695.0,6251.0,35.0,12.0,4812.0
tp_1_2,1788592130768171519,0,enterprise,0.13,0.105,0.107,71388636.0,8685249.0,113.162,1695.0,6251.0,16.0,16.0,4390.0
tp_1_2,1788592130768202128,1,unused,0.0,0.0,0.0,466736.0,261616.0,23.804,210.0,405.0,0.0,0.0,0.0
tp_1_2,1788592130768214751,2,cloud,0.177,0.109,0.113,64321408.0,68522634.0,128.01,1695.0,6251.0,15.0,12.0,4812.0
tp_1_2,1788592130768221198,3,cloud,0.436,0.116,0.113,852473730.0,7174861220.0,106.742,1695.0,6251.0,46.0,15.0,4812.0
tp_1_2,1788592131769342981,0,enterprise,0.136,0.109,0.111,74390861.0,9085366.0,111.49,1695.0,6251.0,12.0,12.0,4390.0
tp_1_2,1788592131769352712,1,unused,0.0,0.0,0.0,466308.0,263189.0,23.804,210.0,405.0,0.0,0.0,0.0
tp_1_2,1788592131769361912,2,cloud,0.17,0.104,0.109,62887694.0,65881546.0,127.108,1695.0,6251.0,18.0,15.0,4812.0
tp_1_2,1788592131769367927,3,cloud,0.419,0.111,0.109,806410385.0,6788738742.0,107.945,1695.0,6251.0,45.0,16.0,4812.0
tp_1_2,1788592132770349327,0,enterprise,0.13,0.105,0.107,71451062.0,8733066.0,112.088,1695.0,6251.0,11.0,11.0,4390.0
tp_1_2,1788592132770383641,1,unused,0.0,0.0,0.0,466457.0,261746.0,23.804,210.0,405.0,0.0,0.0,0.0
tp_1_2,1788592132770391822,2,cloud,0.177,0.108,0.113,64201658.0,71448492.0,128.767,1695.0,6251.0,21.0,16.0,4812.0
tp_1_2,1788592132770401887,3,cloud,0.417,0.115,0.113,779940225.0,6534132709.0,107.094,1695.0,6251.0,41.0,13.0,4812.0
tp_1_2,1788592133771471762,0,enterprise,0.135,0.109,0.11,74117337.0,9008815.0,111.878,1695.0,6251.0,16.0,16.0,4390.0
tp_1_2,1788592133771499092,1,unused,0.0,0.0,0.0,477136.0,263212.0,23.804,210.0,405.0,0.0,0.0,0.0
tp_1_2,1788592133771506232,2,cloud,0.184,0.106,0.11,91795056.0,332314619.0,128.14,1695.0,6251.0,15.0,12.0,4812.0
tp_1_2,1788592133771515906,3,cloud,0.408,0.112,0.109,764582642.0,6401085171.0,106.863,1695.0,6251.0,41.0,14.0,4812.0
tp_1_2,1788592134772750035,0,enterprise,0.131,0.105,0.107,72801842.0,8720788.0,111.967,1695.0,6251.0,16.0,16.0,4390.0
tp_1_2,1788592134772786533,1,unused,0.0,0.0,0.0,465939.0,261740.0,23.804,210.0,405.0,0.0,0.0,0.0
tp_1_2,1788592134772795161,2,cloud,0.174,0.106,0.111,63775688.0,66814250.0,127.112,1695.0,6251.0,14.0,11.0,4812.0
tp_1_2,1788592134772806646,3,cloud,0.426,0.114,0.111,806735260.0,6783615153.0,107.016,1695.0,6251.0,42.0,15.0,4812.0
tp_1_2,1788592135773834447,0,enterprise,0.131,0.105,0.107,71406205.0,8724401.0,110.882,1695.0,6251.0,12.0,12.0,4390.0
tp_1_2,1788592135773869809,1,unused,0.0,0.0,0.0,468445.0,263468.0,23.804,210.0,405.0,0.0,0.0,0.0
tp_1_2,1788592135773885192,2,cloud,0.192,0.108,0.112,108078934.0,469530852.0,126.663,1695.0,6251.0,17.0,14.0,4812.0
tp_1_2,1788592135773896279,3,cloud,0.409,0.114,0.112,763022180.0,6378424861.0,108.242,1695.0,6251.0,49.0,17.0,4812.0
tp_1_2,1788592136775061396,0,enterprise,0.136,0.109,0.111,74287057.0,9063718.0,111.685,1695.0,6251.0,14.0,14.0,4390.0
tp_1_2,1788592136775098262,1,unused,0.0,0.0,0.0,468402.0,262712.0,23.796,210.0,405.0,0.0,0.0,0.0
tp_1_2,1788592136775110902,2,cloud,0.174,0.106,0.111,62538153.0,66639383.0,127.691,1695.0,6251.0,19.0,15.0,4812.0
tp_1_2,1788592136775117437,3,cloud,0.418,0.113,0.111,792740367.0,6659516051.0,107.01,1695.0,6251.0,34.0,11.0,4812.0
tp_1_2,1788592137776254157,0,enterprise,0.131,0.105,0.107,71318338.0,8691701.0,114.21,1695.0,6251.0,16.0,16.0,4390.0
tp_1_2,1788592137776289104,1,unused,0.0,0.0,0.0,466451.0,261965.0,23.796,210.0,405.0,0.0,0.0,0.0
tp_1_2,1788592137776301458,2,cloud,0.177,0.108,0.113,64669613.0,67790664.0,127.26,1695.0,6251.0,15.0,12.0,4812.0
tp_1_2,1788592137776308061,3,cloud,0.431,0.115,0.112,825714148.0,6949856733.0,106.766,1695.0,6251.0,43.0,14.0,4812.0
tp_1_2,1788592138777253642,0,enterprise,0.136,0.11,0.111,74360508.0,9113618.0,110.6,1695.0,6251.0,11.0,11.0,4390.0
tp_1_2,1788592138777294498,1,unused,0.0,0.0,0.0,467831.0,262678.0,23.748,210.0,405.0,0.0,0.0,0.0
tp_1_2,1788592138777302603,2,cloud,0.174,0.106,0.11,62445825.0,66552448.0,127.685,1695.0,6251.0,19.0,15.0,4812.0
tp_1_2,1788592138777309215,3,cloud,0.426,0.113,0.111,822961067.0,6922653529.0,107.273,1695.0,6251.0,48.0,15.0,4812.0
tp_1_2,1788592139778386055,0,enterprise,0.131,0.105,0.107,71372727.0,8756790.0,110.671,1695.0,6251.0,16.0,16.0,4390.0
tp_1_2,1788592139778413295,1,unused,0.0,0.0,0.0,463186.0,261336.0,23.693,210.0,405.0,0.0,0.0,0.0
tp_1_2,1788592139778420430,2,cloud,0.177,0.108,0.113,63664740.0,67893394.0,127.749,1695.0,6251.0,18.0,14.0,4812.0
tp_1_2,1788592139778430402,3,cloud,0.429,0.115,0.113,826748157.0,6958977567.0,107.024,1695.0,6251.0,36.0,12.0,4812.0
tp_1_2,1788592140779516785,0,enterprise,0.136,0.11,0.111,74223664.0,9016872.0,114.127,1695.0,6251.0,16.0,16.0,4390.0
tp_1_2,1788592140779547506,1,unused,0.0,0.0,0.0,465941.0,261232.0,23.748,210.0,405.0,0.0,0.0,0.0
tp_1_2,1788592140779576756,2,cloud,0.174,0.106,0.111,63742541.0,66772566.0,127.36,1695.0,6251.0,14.0,11.0,4812.0
tp_1_2,1788592140779583027,3,cloud,0.427,0.114,0.111,815076059.0,6859519463.0,106.792,1695.0,6251.0,45.0,15.0,4812.0
tp_1_2,1788592141780511477,0,enterprise,0.131,0.105,0.107,71391062.0,8727976.0,109.57,1695.0,6251.0,11.0,11.0,4390.0
tp_1_2,1788592141780550284,1,unused,0.0,0.0,0.0,457236.0,257354.0,23.754,210.0,405.0,0.0,0.0,0.0
tp_1_2,1788592141780574767,2,cloud,0.188,0.108,0.113,95331415.0,353959710.0,126.681,1695.0,6251.0,19.0,15.0,4812.0
tp_1_2,1788592141780586570,3,cloud,0.418,0.114,0.112,780861582.0,6537593546.0,107.457,1695.0,6251.0,48.0,16.0,4812.0
tp_1_2,1788592142781665455,0,enterprise,0.137,0.11,0.111,74325127.0,9127281.0,108.616,1695.0,6251.0,12.0,12.0,4390.0
tp_1_2,1788592142781699203,1,unused,0.0,0.0,0.0,465342.0,261182.0,23.752,210.0,405.0,0.0,0.0,0.0
tp_1_2,1788592142781710889,2,cloud,0.174,0.106,0.111,62515528.0,66605776.0,128.089,1695.0,6251.0,20.0,16.0,4812.0
tp_1_2,1788592142781717321,3,cloud,0.424,0.113,0.111,807878451.0,6795721398.0,106.897,1695.0,6251.0,37.0,12.0,4812.0
tp_1_2,1788592143782846748,0,enterprise,0.131,0.105,0.107,71346725.0,8733053.0,111.115,1695.0,6251.0,16.0,16.0,4390.0
tp_1_2,1788592143782887382,1,unused,0.0,0.0,0.0,466970.0,262988.0,23.794,210.0,405.0,0.0,0.0,0.0
tp_1_2,1788592143782899771,2,cloud,0.177,0.108,0.113,64744163.0,67863990.0,127.025,1695.0,6251.0,15.0,12.0,4812.0
tp_1_2,1788592143782915362,3,cloud,0.436,0.115,0.113,839470915.0,7073306419.0,106.731,1695.0,6251.0,41.0,14.0,4812.0
tp_1_2,1788592144783814063,0,enterprise,0.131,0.105,0.107,72941039.0,8831741.0,115.249,1695.0,6251.0,16.0,16.0,4390.0
tp_1_2,1788592144783847303,1,unused,0.0,0.0,0.0,467893.0,262203.0,23.739,210.0,405.0,0.0,0.0,0.0
tp_1_2,1788592144783866804,2,cloud,0.184,0.105,0.11,93146667.0,347461567.0,126.894,1695.0,6251.0,16.0,13.0,4812.0
tp_1_2,1788592144783873855,3,cloud,0.399,0.111,0.11,732785718.0,6116685737.0,105.261,1695.0,6251.0,39.0,13.0,4812.0
tp_1_2,1788592145784966154,0,enterprise,0.137,0.11,0.111,74393289.0,9164940.0,109.018,1695.0,6251.0,15.0,15.0,4390.0
tp_1_2,1788592145784976219,1,unused,0.0,0.0,0.0,467959.0,262749.0,23.689,210.0,405.0,0.0,0.0,0.0
tp_1_2,1788592145784984901,2,cloud,0.173,0.105,0.11,64853417.0,81916809.0,126.413,1695.0,6251.0,15.0,12.0,4812.0
tp_1_2,1788592145784990770,3,cloud,0.408,0.112,0.11,761983426.0,6386942239.0,106.291,1695.0,6251.0,46.0,16.0,4812.0
tp_1_2,1788592146786204620,0,enterprise,0.131,0.105,0.107,71379736.0,8772090.0,111.05,1695.0,6251.0,11.0,11.0,4390.0
tp_1_2,1788592146786237281,1,unused,0.0,0.0,0.0,466899.0,261931.0,23.689,210.0,405.0,0.0,0.0,0.0
tp_1_2,1788592146786249877,2,cloud,0.179,0.109,0.114,64100275.0,68358535.0,126.202,1695.0,6251.0,20.0,16.0,4812.0
tp_1_2,1788592146786256305,3,cloud,0.424,0.116,0.114,806067492.0,6769209551.0,106.777,1695.0,6251.0,43.0,15.0,4812.0
tp_1_2,1788592147787278002,0,enterprise,0.137,0.11,0.112,74286901.0,9104927.0,109.147,1695.0,6251.0,15.0,15.0,4390.0
tp_1_2,1788592147787312348,1,unused,0.0,0.0,0.0,479122.0,269347.0,23.69,210.0,405.0,0.0,0.0,0.0
tp_1_2,1788592147787320451,2,cloud,0.184,0.106,0.11,90903701.0,327130114.0,127.544,1695.0,6251.0,18.0,15.0,4812.0
tp_1_2,1788592147787330606,3,cloud,0.402,0.112,0.11,748622059.0,6259016204.0,106.115,1695.0,6251.0,34.0,11.0,4812.0
tp_1_2,1788592148788472583,0,enterprise,0.131,0.106,0.107,71431246.0,8768658.0,112.411,1695.0,6251.0,16.0,16.0,4390.0
tp_1_2,1788592148788506719,1,unused,0.0,0.0,0.0,477633.0,267332.0,23.699,210.0,405.0,0.0,0.0,0.0
tp_1_2,1788592148788514778,2,cloud,0.179,0.109,0.114,64963778.0,68154887.0,126.599,1695.0,6251.0,14.0,11.0,4812.0
tp_1_2,1788592148788524907,3,cloud,0.423,0.116,0.114,792470299.0,6645654077.0,105.525,1695.0,6251.0,43.0,15.0,4812.0
tp_1_2,1788592149789632503,0,enterprise,0.137,0.11,0.112,74203023.0,9104037.0,109.575,1695.0,6251.0,11.0,11.0,4390.0
tp_1_2,1788592149789658987,1,unused,0.0,0.0,0.0,478248.0,267615.0,23.697,210.0,405.0,0.0,0.0,0.0
tp_1_2,1788592149789666041,2,cloud,0.174,0.106,0.111,62254239.0,66343224.0,126.183,1695.0,6251.0,31.0,15.0,4812.0
tp_1_2,1788592149789688204,3,cloud,0.407,0.112,0.111,769623256.0,6456548838.0,106.742,1695.0,6251.0,35.0,15.0,4812.0
tp_1_2,1788592150790620535,0,enterprise,0.131,0.106,0.107,71456109.0,8787398.0,111.262,1695.0,6251.0,16.0,16.0,4390.0
tp_1_2,1788592150790665307,1,unused,0.0,0.0,0.0,476057.0,263231.0,23.695,210.0,405.0,0.0,0.0,0.0
tp_1_2,1788592150790673733,2,cloud,0.191,0.11,0.115,95892933.0,352442181.0,126.708,1695.0,6251.0,17.0,14.0,4812.0
tp_1_2,1788592150790683531,3,cloud,0.415,0.116,0.115,770131810.0,6433917525.0,106.036,1695.0,6251.0,32.0,12.0,4812.0
tp_1_2,1788592151791859945,0,enterprise,0.137,0.11,0.112,74277438.0,9122273.0,110.844,1695.0,6251.0,13.0,14.0,4390.0
tp_1_2,1788592151791902085,1,unused,0.0,0.0,0.0,468397.0,263728.0,23.647,210.0,405.0,0.0,0.0,0.0
tp_1_2,1788592151791911914,2,cloud,0.173,0.106,0.11,63446825.0,69467245.0,126.445,1695.0,6251.0,16.0,13.0,4812.0
tp_1_2,1788592151791923447,3,cloud,0.406,0.112,0.111,754632870.0,6320985066.0,105.986,1695.0,6251.0,50.0,17.0,4812.0
tp_1_2,1788592152793043296,0,enterprise,0.131,0.106,0.107,71429954.0,8806279.0,109.77,1695.0,6251.0,12.0,12.0,4390.0
tp_1_2,1788592152793079050,1,unused,0.0,0.0,0.0,477125.0,267047.0,23.641,210.0,405.0,0.0,0.0,0.0
tp_1_2,1788592152793092076,2,cloud,0.187,0.11,0.115,84580905.0,251920710.0,126.26,1695.0,6251.0,20.0,16.0,4812.0
tp_1_2,1788592152793099665,3,cloud,0.413,0.116,0.114,770674241.0,6441075224.0,106.155,1695.0,6251.0,38.0,13.0,4812.0
tp_1_2,1788592153794059942,0,enterprise,0.137,0.11,0.112,74273635.0,9129684.0,109.764,1695.0,6251.0,16.0,16.0,4390.0
tp_1_2,1788592153794100459,1,unused,0.0,0.0,0.0,469417.0,263219.0,23.689,210.0,405.0,0.0,0.0,0.0
tp_1_2,1788592153794108672,2,cloud,0.177,0.108,0.113,63189328.0,67392176.0,126.324,1695.0,6251.0,22.0,12.0,4812.0
tp_1_2,1788592153794118913,3,cloud,0.418,0.115,0.113,786007892.0,6593855483.0,105.956,1695.0,6251.0,30.0,15.0,4812.0
tp_1_2,1788592154795209259,0,enterprise,0.135,0.108,0.11,71475009.0,9049694.0,108.519,1695.0,6251.0,11.0,11.0,4390.0
tp_1_2,1788592154795239755,1,unused,0.0,0.0,0.0,470909.0,264156.0,23.689,210.0,405.0,0.0,0.0,0.0
tp_1_2,1788592154795254014,2,cloud,0.183,0.108,0.113,84321749.0,250072843.0,125.074,1695.0,6251.0,19.0,15.0,4812.0
tp_1_2,1788592154795264393,3,cloud,0.39,0.113,0.112,703571673.0,5856633098.0,106.131,1695.0,6251.0,45.0,15.0,4812.0
tp_1_2,1788592155796381401,0,enterprise,0.134,0.107,0.109,75601310.0,8916793.0,107.138,1695.0,6251.0,14.0,14.0,4390.0
tp_1_2,1788592155796412932,1,unused,0.0,0.0,0.0,467454.0,262751.0,23.689,210.0,405.0,0.0,0.0,0.0
tp_1_2,1788592155796420875,2,cloud,0.188,0.108,0.112,95318228.0,359428515.0,126.243,1695.0,6251.0,20.0,16.0,4812.0
tp_1_2,1788592155796427026,3,cloud,0.4,0.114,0.112,727805000.0,6063825037.0,105.149,1695.0,6251.0,36.0,12.0,4812.0
tp_1_2,1788592156797434959,0,enterprise,0.135,0.109,0.111,74137251.0,9019428.0,109.206,1695.0,6251.0,14.0,14.0,4390.0
tp_1_2,1788592156797480475,1,unused,0.0,0.0,0.0,479729.0,268831.0,23.689,210.0,405.0,0.0,0.0,0.0
tp_1_2,1788592156797488862,2,cloud,0.178,0.108,0.114,63390863.0,67598149.0,125.219,1695.0,6251.0,15.0,12.0,4812.0
tp_1_2,1788592156797499279,3,cloud,0.414,0.115,0.113,781896443.0,6557381825.0,106.022,1695.0,6251.0,50.0,17.0,4812.0
tp_1_2,1788592157798646779,0,enterprise,0.133,0.107,0.109,71585306.0,8950261.0,108.953,1695.0,6251.0,11.0,11.0,4390.0
tp_1_2,1788592157798681618,1,unused,0.0,0.0,0.0,466403.0,261715.0,23.689,210.0,405.0,0.0,0.0,0.0
tp_1_2,1788592157798693879,2,cloud,0.18,0.11,0.115,65192298.0,68423657.0,125.599,1695.0,6251.0,21.0,17.0,4812.0
tp_1_2,1788592157798700207,3,cloud,0.425,0.117,0.115,793764521.0,6656523745.0,106.188,1695.0,6251.0,40.0,13.0,4812.0
tp_1_2,1788592158799820916,0,enterprise,0.137,0.11,0.112,74238780.0,9127606.0,109.871,1695.0,6251.0,16.0,16.0,4390.0
tp_1_2,1788592158799853290,1,unused,0.0,0.0,0.0,464675.0,260584.0,23.689,210.0,405.0,0.0,0.0,0.0
tp_1_2,1788592158799864942,2,cloud,0.176,0.107,0.112,64983609.0,90040769.0,125.463,1695.0,6251.0,15.0,12.0,4812.0
tp_1_2,1788592158799871129,3,cloud,0.402,0.113,0.112,748355212.0,6253453401.0,105.414,1695.0,6251.0,45.0,15.0,4812.0
tp_1_2,1788592159800793083,0,enterprise,0.132,0.106,0.108,71439987.0,8800511.0,110.525,1695.0,6251.0,11.0,11.0,4390.0
tp_1_2,1788592159800803698,1,unused,0.0,0.0,0.0,468562.0,264043.0,23.689,210.0,405.0,0.0,0.0,0.0
tp_1_2,1788592159800812484,2,cloud,0.18,0.11,0.115,65122724.0,68340445.0,125.369,1695.0,6251.0,20.0,16.0,4812.0
tp_1_2,1788592159800818539,3,cloud,0.42,0.116,0.115,781009434.0,6544475799.0,105.608,1695.0,6251.0,43.0,15.0,4812.0
tp_1_2,1788592160802001199,0,enterprise,0.137,0.11,0.112,74278231.0,9144059.0,109.558,1695.0,6251.0,16.0,16.0,4390.0
tp_1_2,1788592160802033811,1,unused,0.0,0.0,0.0,467987.0,262765.0,23.639,210.0,405.0,0.0,0.0,0.0
tp_1_2,1788592160802046007,2,cloud,0.178,0.109,0.114,63399938.0,67605997.0,125.518,1695.0,6251.0,16.0,12.0,4812.0
tp_1_2,1788592160802052531,3,cloud,0.412,0.115,0.114,758751742.0,6346956492.0,105.918,1695.0,6251.0,40.0,14.0,4812.0
tp_1_2,1788592161803144527,0,enterprise,0.135,0.109,0.111,74181763.0,9042722.0,108.421,1695.0,6251.0,11.0,11.0,4390.0
tp_1_2,1788592161803187200,1,unused,0.0,0.0,0.0,471858.0,264403.0,23.59,210.0,405.0,0.0,0.0,0.0
tp_1_2,1788592161803198598,2,cloud,0.178,0.108,0.113,66303637.0,98577686.0,125.663,1695.0,6251.0,19.0,15.0,4812.0
tp_1_2,1788592161803204506,3,cloud,0.382,0.113,0.112,670808949.0,5553099065.0,105.381,1695.0,6251.0,45.0,16.0,4812.0
tp_1_2,1788592162804170236,0,enterprise,0.016,0.013,0.013,9894308.0,1273434.0,96.692,1695.0,6251.0,0.0,0.0,4390.0
tp_1_2,1788592162804216704,1,unused,0.0,0.0,0.0,466826.0,261666.0,23.592,210.0,405.0,0.0,0.0,0.0
tp_1_2,1788592162804224272,2,cloud,0.021,0.013,0.013,7771806.0,8120026.0,109.618,1695.0,6251.0,0.0,0.0,4812.0
tp_1_2,1788592162804234963,3,cloud,0.047,0.013,0.013,86175808.0,716379393.0,90.971,1695.0,6251.0,0.0,0.0,4812.0
tp_1_2,1788592163805378383,0,enterprise,0.0,0.0,0.0,410334.0,235204.0,95.831,1695.0,6251.0,0.0,0.0,4390.0
tp_1_2,1788592163805424741,1,unused,0.0,0.0,0.0,461285.0,260173.0,23.599,210.0,405.0,0.0,0.0,0.0
tp_1_2,1788592163805436357,2,cloud,0.0,0.0,0.0,406801.0,233185.0,106.973,1695.0,6251.0,0.0,0.0,4812.0
tp_1_2,1788592163805451081,3,cloud,0.0,0.0,0.0,416515.0,238299.0,88.594,1695.0,6251.0,0.0,0.0,4812.0
tp_1_2,1788592164806570945,0,enterprise,0.0,0.0,0.0,401764.0,229143.0,93.691,1695.0,6251.0,0.0,0.0,4390.0
tp_1_2,1788592164806620626,1,unused,0.0,0.0,0.0,455737.0,255620.0,23.605,210.0,405.0,0.0,0.0,0.0
tp_1_2,1788592164806628133,2,cloud,0.0,0.0,0.0,411438.0,230161.0,106.887,1695.0,6251.0,0.0,0.0,4812.0
tp_1_2,1788592164806638095,3,cloud,0.0,0.0,0.0,413957.0,234728.0,88.445,1695.0,6251.0,0.0,0.0,4812.0
tp_1_2,1788592165807625595,0,enterprise,0.0,0.0,0.0,412429.0,231673.0,93.633,1695.0,6251.0,0.0,0.0,4390.0
tp_1_2,1788592165807674201,1,unused,0.0,0.0,0.0,456728.0,257132.0,23.605,210.0,405.0,0.0,0.0,0.0
tp_1_2,1788592165807681517,2,cloud,0.0,0.0,0.0,404787.0,231161.0,106.747,1695.0,6251.0,0.0,0.0,4812.0
tp_1_2,1788592165807691808,3,cloud,0.0,0.0,0.0,413444.0,235235.0,88.247,1695.0,6251.0,0.0,0.0,4812.0
tp_1_2,1788592166808874826,0,enterprise,0.0,0.0,0.0,400720.0,227600.0,93.484,1695.0,6251.0,0.0,0.0,4390.0
tp_1_2,1788592166808923652,1,unused,0.0,0.0,0.0,457244.0,255608.0,23.555,210.0,405.0,0.0,0.0,0.0
tp_1_2,1788592166808937386,2,cloud,0.0,0.0,0.0,405822.0,230661.0,106.557,1695.0,6251.0,0.0,0.0,4812.0
tp_1_2,1788592166808943748,3,cloud,0.0,0.0,0.0,411424.0,233717.0,88.154,1695.0,6251.0,0.0,0.0,4812.0
tp_1_2,1788592167810057395,0,enterprise,0.0,0.0,0.0,398672.0,229631.0,93.432,1695.0,6251.0,0.0,0.0,4390.0
tp_1_2,1788592167810103853,1,unused,0.0,0.0,0.0,460207.0,260139.0,23.555,210.0,405.0,0.0,0.0,0.0
tp_1_2,1788592167810115783,2,cloud,0.0,0.0,0.0,405439.0,232479.0,106.386,1695.0,6251.0,0.0,0.0,4812.0
tp_1_2,1788592167810121525,3,cloud,0.0,0.0,0.0,423242.0,237565.0,88.062,1695.0,6251.0,0.0,0.0,4812.0
tp_1_2,1788592168811086787,0,enterprise,0.0,0.0,0.0,403434.0,229952.0,93.233,1695.0,6251.0,0.0,0.0,4390.0
tp_1_2,1788592168811139821,1,unused,0.0,0.0,0.0,489505.0,268668.0,23.555,210.0,405.0,0.0,0.0,0.0
tp_1_2,1788592168811147843,2,cloud,0.0,0.0,0.0,410420.0,233216.0,106.264,1695.0,6251.0,0.0,0.0,4812.0
tp_1_2,1788592168811156622,3,cloud,0.0,0.0,0.0,411971.0,233738.0,88.013,1695.0,6251.0,0.0,0.0,4812.0
tp_1_2,1788592169812247794,0,enterprise,0.0,0.0,0.0,399740.0,228641.0,93.085,1695.0,6251.0,0.0,0.0,4390.0
tp_1_2,1788592169812288897,1,unused,0.0,0.0,0.0,457335.0,257187.0,23.506,210.0,405.0,0.0,0.0,0.0
tp_1_2,1788592169812300616,2,cloud,0.0,0.0,0.0,402839.0,230193.0,106.115,1695.0,6251.0,0.0,0.0,4812.0
tp_1_2,1788592169812306920,3,cloud,0.0,0.0,0.0,409950.0,233239.0,87.914,1695.0,6251.0,0.0,0.0,4812.0
tp_1_2,1788592170813431228,0,enterprise,0.0,0.0,0.0,392617.0,224061.0,93.036,1695.0,6251.0,0.0,0.0,4390.0
tp_1_2,1788592170813480141,1,unused,0.0,0.0,0.0,456726.0,255603.0,23.555,210.0,405.0,0.0,0.0,0.0
tp_1_2,1788592170813488380,2,cloud,0.0,0.0,0.0,403259.0,229124.0,105.917,1695.0,6251.0,0.0,0.0,4812.0
tp_1_2,1788592170813499268,3,cloud,0.0,0.0,0.0,410899.0,233708.0,87.765,1695.0,6251.0,0.0,0.0,4812.0
tp_1_2,1788592171814450643,0,enterprise,0.0,0.0,0.0,398696.0,229135.0,92.986,1695.0,6251.0,0.0,0.0,4390.0
tp_1_2,1788592171814492355,1,unused,0.0,0.0,0.0,457258.0,258162.0,23.555,210.0,405.0,0.0,0.0,0.0
tp_1_2,1788592171814506569,2,cloud,0.0,0.0,0.0,403292.0,231180.0,105.817,1695.0,6251.0,0.0,0.0,4812.0
tp_1_2,1788592171814517331,3,cloud,0.0,0.0,0.0,411436.0,234742.0,87.737,1695.0,6251.0,0.0,0.0,4812.0
tp_1_2,1788592172815672452,0,enterprise,0.0,0.0,0.0,399237.0,227626.0,92.937,1695.0,6251.0,0.0,0.0,4390.0
tp_1_2,1788592172815717166,1,unused,0.0,0.0,0.0,456271.0,256143.0,23.456,210.0,405.0,0.0,0.0,0.0
tp_1_2,1788592172815729838,2,cloud,0.0,0.0,0.0,402811.0,229668.0,105.719,1695.0,6251.0,0.0,0.0,4812.0
tp_1_2,1788592172815735702,3,cloud,0.0,0.0,0.0,406383.0,231710.0,87.709,1695.0,6251.0,0.0,0.0,4812.0
tp_1_2,1788592173816873233,0,enterprise,0.0,0.0,0.0,398724.0,228133.0,92.937,1695.0,6251.0,0.0,0.0,4390.0
tp_1_2,1788592173816884324,1,unused,0.0,0.0,0.0,457338.0,256679.0,23.456,210.0,405.0,0.0,0.0,0.0
tp_1_2,1788592173816890844,2,cloud,0.0,0.0,0.0,405379.0,231717.0,105.57,1695.0,6251.0,0.0,0.0,4812.0
tp_1_2,1788592173816896700,3,cloud,0.0,0.0,0.0,405890.0,231719.0,87.61,1695.0,6251.0,0.0,0.0,4812.0
tp_1_2,1788592174818051376,0,enterprise,0.0,0.0,0.0,391106.0,224071.0,92.887,1695.0,6251.0,0.0,0.0,4390.0
tp_1_2,1788592174818113051,1,unused,0.0,0.0,0.0,458233.0,258138.0,23.456,210.0,405.0,0.0,0.0,0.0
tp_1_2,1788592174818121495,2,cloud,0.0,0.0,0.0,394592.0,225554.0,105.521,1695.0,6251.0,0.0,0.0,4812.0
tp_1_2,1788592174818132032,3,cloud,0.0,0.0,0.0,414959.0,235737.0,87.561,1695.0,6251.0,0.0,0.0,4812.0
tp_1_2,1788592175819342719,0,enterprise,0.0,0.0,0.0,400691.0,229621.0,92.838,1695.0,6251.0,0.0,0.0,4390.0
tp_1_2,1788592175819400344,1,unused,0.0,0.0,0.0,468509.0,262263.0,23.461,210.0,405.0,0.0,0.0,0.0
tp_1_2,1788592175819408162,2,cloud,0.0,0.0,0.0,390084.0,223559.0,105.521,1695.0,6251.0,0.0,0.0,4812.0
tp_1_2,1788592175819418549,3,cloud,0.0,0.0,0.0,409945.0,233745.0,87.561,1695.0,6251.0,0.0,0.0,4812.0
tp_1_2,1788592176820622019,0,enterprise,0.0,0.0,0.0,392639.0,224074.0,92.838,1695.0,6251.0,0.0,0.0,4390.0
tp_1_2,1788592176820675735,1,unused,0.0,0.0,0.0,469992.0,263257.0,23.511,210.0,405.0,0.0,0.0,0.0
tp_1_2,1788592176820687976,2,cloud,0.0,0.0,0.0,391075.0,224053.0,105.471,1695.0,6251.0,0.0,0.0,4812.0
tp_1_2,1788592176820693955,3,cloud,0.0,0.0,0.0,409410.0,232712.0,87.561,1695.0,6251.0,0.0,0.0,4812.0
tp_1_2,1788592177821749065,0,enterprise,0.0,0.0,0.0,401750.0,229644.0,92.745,1695.0,6251.0,0.0,0.0,4390.0
tp_1_2,1788592177821806951,1,unused,0.0,0.0,0.0,457246.0,257137.0,23.51,210.0,405.0,0.0,0.0,0.0
tp_1_2,1788592177821814421,2,cloud,0.0,0.0,0.0,400723.0,229130.0,105.323,1695.0,6251.0,0.0,0.0,4812.0
tp_1_2,1788592177821824328,3,cloud,0.0,0.0,0.0,410905.0,234221.0,87.511,1695.0,6251.0,0.0,0.0,4812.0
tp_1_2,1788592178823019073,0,enterprise,0.0,0.0,0.0,398680.0,228108.0,92.702,1695.0,6251.0,0.0,0.0,4390.0
tp_1_2,1788592178823067071,1,unused,0.0,0.0,0.0,471453.0,264237.0,23.518,210.0,405.0,0.0,0.0,0.0
tp_1_2,1788592178823079323,2,cloud,0.0,0.0,0.0,399659.0,228595.0,105.224,1695.0,6251.0,0.0,0.0,4812.0
tp_1_2,1788592178823085599,3,cloud,0.0,0.0,0.0,410350.0,233685.0,87.462,1695.0,6251.0,0.0,0.0,4812.0
tp_1_2,1788592179824256905,0,enterprise,0.0,0.0,0.0,403237.0,231657.0,92.702,1695.0,6251.0,0.0,0.0,4390.0
tp_1_2,1788592179824305020,1,unused,0.0,0.0,0.0,467936.0,263246.0,23.518,210.0,405.0,0.0,0.0,0.0
tp_1_2,1788592179824317497,2,cloud,0.0,0.0,0.0,1264749.0,231667.0,105.224,1695.0,6251.0,0.0,0.0,4812.0
tp_1_2,1788592179824323548,3,cloud,0.0,0.0,0.0,701607.0,235736.0,87.412,1695.0,6251.0,0.0,0.0,4812.0
tp_1_2,1788592180825227480,0,enterprise,0.0,0.0,0.0,397660.0,227089.0,92.676,1695.0,6251.0,0.0,0.0,4390.0
tp_1_2,1788592180825265649,1,unused,0.0,0.0,0.0,467945.0,262232.0,23.468,210.0,405.0,0.0,0.0,0.0
tp_1_2,1788592180825272891,2,cloud,0.0,0.0,0.0,406349.0,231181.0,105.202,1695.0,6251.0,0.0,0.0,4812.0
tp_1_2,1788592180825283404,3,cloud,0.0,0.0,0.0,406899.0,231204.0,87.411,1695.0,6251.0,0.0,0.0,4812.0
tp_1_2,1788592181826467839,0,enterprise,0.0,0.0,0.0,399273.0,227137.0,92.698,1695.0,6251.0,0.0,0.0,4390.0
tp_1_2,1788592181826511891,1,unused,0.0,0.0,0.0,457915.0,256208.0,23.471,210.0,405.0,0.0,0.0,0.0
tp_1_2,1788592181826524282,2,cloud,0.0,0.0,0.0,400362.0,227686.0,105.192,1695.0,6251.0,0.0,0.0,4812.0
tp_1_2,1788592181826530515,3,cloud,0.0,0.0,0.0,405955.0,230737.0,87.276,1695.0,6251.0,0.0,0.0,4812.0
tp_1_2,1788592182827645816,0,enterprise,0.0,0.0,0.0,388627.0,223091.0,92.699,1695.0,6251.0,0.0,0.0,4390.0
tp_1_2,1788592182827669488,1,unused,0.0,0.0,0.0,458326.0,257681.0,23.521,210.0,405.0,0.0,0.0,0.0
tp_1_2,1788592182827678956,2,cloud,0.0,0.0,0.0,406390.0,228149.0,105.192,1695.0,6251.0,0.0,0.0,4812.0
tp_1_2,1788592182827690874,3,cloud,0.0,0.0,0.0,404334.0,231193.0,87.32,1695.0,6251.0,0.0,0.0,4812.0
tp_1_2,1788592183828720476,0,enterprise,0.0,0.0,0.0,388039.0,221518.0,92.699,1695.0,6251.0,0.0,0.0,4390.0
tp_1_2,1788592183828743476,1,unused,0.0,0.0,0.0,460105.0,257536.0,23.521,210.0,405.0,0.0,0.0,0.0
tp_1_2,1788592183828756098,2,cloud,0.0,0.0,0.0,393932.0,224958.0,105.142,1695.0,6251.0,0.0,0.0,4812.0
tp_1_2,1788592183828762323,3,cloud,0.0,0.0,0.0,410221.0,232594.0,87.32,1695.0,6251.0,0.0,0.0,4812.0
tp_1_2,1788592184829945193,0,enterprise,0.0,0.0,0.0,434115.0,241231.0,92.699,1695.0,6251.0,0.0,0.0,4390.0
tp_1_2,1788592184829966667,1,unused,0.0,0.0,0.0,456756.0,256130.0,23.47,210.0,405.0,0.0,0.0,0.0
tp_1_2,1788592184829975739,2,cloud,0.0,0.0,0.0,393619.0,224561.0,105.093,1695.0,6251.0,0.0,0.0,4812.0
tp_1_2,1788592184829981707,3,cloud,0.0,0.0,0.0,408898.0,232201.0,87.326,1695.0,6251.0,0.0,0.0,4812.0
tp_1_2,1788592185831109284,0,enterprise,0.0,0.0,0.0,390588.0,223047.0,92.699,1695.0,6251.0,0.0,0.0,4390.0
tp_1_2,1788592185831128811,1,unused,0.0,0.0,0.0,467480.0,261239.0,23.471,210.0,405.0,0.0,0.0,0.0
tp_1_2,1788592185831137279,2,cloud,0.0,0.0,0.0,394658.0,225082.0,105.093,1695.0,6251.0,0.0,0.0,4812.0
tp_1_2,1788592185831143280,3,cloud,0.0,0.0,0.0,431183.0,239772.0,87.398,1695.0,6251.0,0.0,0.0,4812.0
tp_1_2,1788592186832179180,0,enterprise,0.0,0.0,0.0,383830.0,220422.0,92.676,1695.0,6251.0,0.0,0.0,4390.0
tp_1_2,1788592186832199301,1,unused,0.0,0.0,0.0,454626.0,256077.0,23.521,210.0,405.0,0.0,0.0,0.0
tp_1_2,1788592186832210392,2,cloud,0.0,0.0,0.0,394258.0,225363.0,105.116,1695.0,6251.0,0.0,0.0,4812.0
tp_1_2,1788592186832219234,3,cloud,0.0,0.0,0.0,403038.0,230016.0,87.342,1695.0,6251.0,0.0,0.0,4812.0
tp_1_2,1788592187833422559,0,enterprise,0.0,0.0,0.0,394360.0,225421.0,92.653,1695.0,6251.0,0.0,0.0,4390.0
tp_1_2,1788592187833439101,1,unused,0.0,0.0,0.0,485397.0,266103.0,23.513,210.0,405.0,0.0,0.0,0.0
tp_1_2,1788592187833447367,2,cloud,0.0,0.0,0.0,398685.0,227092.0,105.132,1695.0,6251.0,0.0,0.0,4812.0
tp_1_2,1788592187833453179,3,cloud,0.0,0.0,0.0,405302.0,230146.0,87.264,1695.0,6251.0,0.0,0.0,4812.0
tp_1_2,1788592188834623085,0,enterprise,0.0,0.0,0.0,393592.0,224546.0,92.702,1695.0,6251.0,0.0,0.0,4390.0
tp_1_2,1788592188834654338,1,unused,0.0,0.0,0.0,454201.0,254597.0,23.513,210.0,405.0,0.0,0.0,0.0
tp_1_2,1788592188834661359,2,cloud,0.0,0.0,0.0,393604.0,225062.0,105.075,1695.0,6251.0,0.0,0.0,4812.0
tp_1_2,1788592188834670466,3,cloud,0.0,0.0,0.0,403282.0,229647.0,87.27,1695.0,6251.0,0.0,0.0,4812.0
tp_1_2,1788592189835683593,0,enterprise,0.0,0.0,0.0,386499.0,221002.0,92.702,1695.0,6251.0,0.0,0.0,4390.0
tp_1_2,1788592189835713785,1,unused,0.0,0.0,0.0,455244.0,255629.0,23.521,210.0,405.0,0.0,0.0,0.0
tp_1_2,1788592189835720829,2,cloud,0.0,0.0,0.0,394152.0,225084.0,104.976,1695.0,6251.0,0.0,0.0,4812.0
tp_1_2,1788592189835728934,3,cloud,0.0,0.0,0.0,402811.0,229159.0,87.227,1695.0,6251.0,0.0,0.0,4812.0
tp_1_2,1788592190836861662,0,enterprise,0.0,0.0,0.0,389513.0,223525.0,92.676,1695.0,6251.0,0.0,0.0,4390.0
tp_1_2,1788592190836881037,1,unused,0.0,0.0,0.0,452652.0,254585.0,23.471,210.0,405.0,0.0,0.0,0.0
tp_1_2,1788592190836889895,2,cloud,0.0,0.0,0.0,395610.0,226063.0,104.96,1695.0,6251.0,0.0,0.0,4812.0
tp_1_2,1788592190836895765,3,cloud,0.0,0.0,0.0,408850.0,233192.0,87.2,1695.0,6251.0,0.0,0.0,4812.0
tp_1_2,1788592191838097018,0,enterprise,0.0,0.0,0.0,392613.0,224568.0,92.699,1695.0,6251.0,0.0,0.0,4390.0
tp_1_2,1788592191838136701,1,unused,0.0,0.0,0.0,454187.0,255098.0,23.421,210.0,405.0,0.0,0.0,0.0
tp_1_2,1788592191838148068,2,cloud,0.0,0.0,0.0,395132.0,225571.0,105.043,1695.0,6251.0,0.0,0.0,4812.0
tp_1_2,1788592191838154073,3,cloud,0.0,0.0,0.0,400684.0,228089.0,87.221,1695.0,6251.0,0.0,0.0,4812.0
tp_1_2,1788592192839181345,0,enterprise,0.0,0.0,0.0,396083.0,226042.0,92.699,1695.0,6251.0,0.0,0.0,4390.0
tp_1_2,1788592192839232814,1,unused,0.0,0.0,0.0,452132.0,253560.0,23.473,210.0,405.0,0.0,0.0,0.0
tp_1_2,1788592192839241048,2,cloud,0.0,0.0,0.0,398661.0,227588.0,105.093,1695.0,6251.0,0.0,0.0,4812.0
tp_1_2,1788592192839251715,3,cloud,0.0,0.0,0.0,403799.0,230160.0,87.222,1695.0,6251.0,0.0,0.0,4812.0
tp_1_2,1788592193840347256,0,enterprise,0.0,0.0,0.0,442940.0,258636.0,92.698,1695.0,6251.0,0.0,0.0,4390.0
tp_1_2,1788592193840369517,1,unused,0.0,0.0,0.0,453594.0,257087.0,23.473,210.0,405.0,0.0,0.0,0.0
tp_1_2,1788592193840379514,2,cloud,0.0,0.0,0.0,392006.0,226040.0,105.093,1695.0,6251.0,0.0,0.0,4812.0
tp_1_2,1788592193840386719,3,cloud,0.0,0.0,0.0,411859.0,236221.0,87.321,1695.0,6251.0,0.0,0.0,4812.0
tp_1_2,1788592194841515798,0,enterprise,0.0,0.0,0.0,399144.0,229825.0,92.755,1695.0,6251.0,0.0,0.0,4390.0
tp_1_2,1788592194841534816,1,unused,0.0,0.0,0.0,522447.0,297815.0,23.471,210.0,405.0,0.0,0.0,0.0
tp_1_2,1788592194841543404,2,cloud,0.0,0.0,0.0,394368.0,226660.0,105.142,1695.0,6251.0,0.0,0.0,4812.0
tp_1_2,1788592194841549374,3,cloud,0.0,0.0,0.0,406064.0,232762.0,87.37,1695.0,6251.0,0.0,0.0,4812.0
tp_1_2,1788592195842537910,0,enterprise,0.0,0.0,0.0,393257.0,225372.0,92.811,1695.0,6251.0,0.0,0.0,4390.0
tp_1_2,1788592195842579839,1,unused,0.0,0.0,0.0,464135.0,261076.0,23.571,210.0,405.0,0.0,0.0,0.0
tp_1_2,1788592195842587443,2,cloud,0.0,0.0,0.0,447367.0,259564.0,105.291,1695.0,6251.0,0.0,0.0,4812.0
tp_1_2,1788592195842596561,3,cloud,0.0,0.0,0.0,404613.0,231571.0,87.37,1695.0,6251.0,0.0,0.0,4812.0
tp_1_2,1788592196843772830,0,enterprise,0.0,0.0,0.0,396565.0,227554.0,92.804,1695.0,6251.0,0.0,0.0,4390.0
tp_1_2,1788592196843795755,1,unused,0.0,0.0,0.0,452545.0,255033.0,23.57,210.0,405.0,0.0,0.0,0.0
tp_1_2,1788592196843804820,2,cloud,0.0,0.0,0.0,392473.0,226015.0,105.39,1695.0,6251.0,0.0,0.0,4812.0
tp_1_2,1788592196843810902,3,cloud,0.0,0.0,0.0,460087.0,266179.0,87.469,1695.0,6251.0,0.0,0.0,4812.0
tp_1_2,1788592197844981873,0,enterprise,0.0,0.0,0.0,450329.0,265618.0,92.904,1695.0,6251.0,0.0,0.0,4390.0
tp_1_2,1788592197845023991,1,unused,0.0,0.0,0.0,448552.0,253772.0,23.571,210.0,405.0,0.0,0.0,0.0
tp_1_2,1788592197845031769,2,cloud,0.0,0.0,0.0,399205.0,228843.0,105.439,1695.0,6251.0,0.0,0.0,4812.0
tp_1_2,1788592197845042185,3,cloud,0.0,0.0,0.0,408388.0,233945.0,87.469,1695.0,6251.0,0.0,0.0,4812.0
tp_1_2,1788592198846039371,0,enterprise,0.0,0.0,0.0,448135.0,266238.0,93.003,1695.0,6251.0,0.0,0.0,4390.0
tp_1_2,1788592198846059905,1,unused,0.0,0.0,0.0,588912.0,347046.0,23.571,210.0,405.0,0.0,0.0,0.0
tp_1_2,1788592198846072144,2,cloud,0.0,0.0,0.0,545716.0,326414.0,105.588,1695.0,6251.0,0.0,0.0,4812.0
tp_1_2,1788592198846080502,3,cloud,0.0,0.0,0.0,529174.0,318517.0,87.469,1695.0,6251.0,0.0,0.0,4812.0
tp_1_2,1788592199847202384,0,enterprise,0.0,0.0,0.0,456097.0,267786.0,93.052,1695.0,6251.0,0.0,0.0,4390.0
tp_1_2,1788592199847222102,1,unused,0.0,0.0,0.0,533536.0,306036.0,23.571,210.0,405.0,0.0,0.0,0.0
tp_1_2,1788592199847230740,2,cloud,0.0,0.0,0.0,505133.0,287053.0,105.687,1695.0,6251.0,0.0,0.0,4812.0
tp_1_2,1788592199847236625,3,cloud,0.0,0.0,0.0,487716.0,281746.0,87.469,1695.0,6251.0,0.0,0.0,4812.0
tp_1_2,1788592200848315639,0,enterprise,0.0,0.0,0.0,404459.0,226680.0,93.102,1695.0,6251.0,0.0,0.0,4390.0
tp_1_2,1788592200848337137,1,unused,0.0,0.0,0.0,452834.0,254177.0,23.571,210.0,405.0,0.0,0.0,0.0
tp_1_2,1788592200848343808,2,cloud,0.0,0.0,0.0,394770.0,225655.0,105.737,1695.0,6251.0,0.0,0.0,4812.0
tp_1_2,1788592200848351958,3,cloud,0.0,0.0,0.0,405949.0,230734.0,87.519,1695.0,6251.0,0.0,0.0,4812.0
tp_1_2,1788592201849344382,0,enterprise,0.0,0.0,0.0,395750.0,225633.0,93.095,1695.0,6251.0,0.0,0.0,4390.0
tp_1_2,1788592201849356139,1,unused,0.0,0.0,0.0,467562.0,261285.0,23.521,210.0,405.0,0.0,0.0,0.0
tp_1_2,1788592201849364353,2,cloud,0.0,0.0,0.0,394725.0,225121.0,105.836,1695.0,6251.0,0.0,0.0,4812.0
tp_1_2,1788592201849370123,3,cloud,0.0,0.0,0.0,406446.0,231236.0,87.618,1695.0,6251.0,0.0,0.0,4812.0
tp_1_2,1788592202850540895,0,enterprise,0.0,0.0,0.0,396276.0,227171.0,93.144,1695.0,6251.0,0.0,0.0,4390.0
tp_1_2,1788592202850577660,1,unused,0.0,0.0,0.0,457374.0,257209.0,23.57,210.0,405.0,0.0,0.0,0.0
tp_1_2,1788592202850587651,2,cloud,0.0,0.0,0.0,397779.0,227666.0,105.886,1695.0,6251.0,0.0,0.0,4812.0
tp_1_2,1788592202850594020,3,cloud,0.0,0.0,0.0,414561.0,232236.0,87.667,1695.0,6251.0,0.0,0.0,4812.0
tp_1_2,1788592203851721975,0,enterprise,0.0,0.0,0.0,399778.0,227644.0,93.195,1695.0,6251.0,0.0,0.0,4390.0
tp_1_2,1788592203851743525,1,unused,0.0,0.0,0.0,453796.0,254146.0,23.621,210.0,405.0,0.0,0.0,0.0
tp_1_2,1788592203851751678,2,cloud,0.0,0.0,0.0,396492.0,225985.0,105.936,1695.0,6251.0,0.0,0.0,4812.0
tp_1_2,1788592203851757586,3,cloud,0.0,0.0,0.0,410229.0,232598.0,87.716,1695.0,6251.0,0.0,0.0,4812.0
tp_1_2,1788592204852791200,0,enterprise,0.0,0.0,0.0,396503.0,225991.0,93.251,1695.0,6251.0,0.0,0.0,4390.0
tp_1_2,1788592204852816465,1,unused,0.0,0.0,0.0,487060.0,267704.0,23.571,210.0,405.0,0.0,0.0,0.0
tp_1_2,1788592204852823253,2,cloud,0.0,0.0,0.0,397752.0,226632.0,106.084,1695.0,6251.0,0.0,0.0,4812.0
tp_1_2,1788592204852831203,3,cloud,0.0,0.0,0.0,401832.0,229182.0,87.766,1695.0,6251.0,0.0,0.0,4812.0
tp_1_2,1788592205853972678,0,enterprise,0.0,0.0,0.0,397239.0,226630.0,93.301,1695.0,6251.0,0.0,0.0,4390.0
tp_1_2,1788592205853991034,1,unused,0.0,0.0,0.0,462423.0,258203.0,23.573,210.0,405.0,0.0,0.0,0.0
tp_1_2,1788592205853999478,2,cloud,0.0,0.0,0.0,398259.0,226630.0,106.233,1695.0,6251.0,0.0,0.0,4812.0
tp_1_2,1788592205854007351,3,cloud,0.0,0.0,0.0,413535.0,234268.0,87.816,1695.0,6251.0,0.0,0.0,4812.0
tp_1_2,1788592206855225739,0,enterprise,0.0,0.0,0.0,391097.0,224575.0,93.344,1695.0,6251.0,0.0,0.0,4390.0
tp_1_2,1788592206855282566,1,unused,0.0,0.0,0.0,460865.0,259204.0,23.623,210.0,405.0,0.0,0.0,0.0
tp_1_2,1788592206855290740,2,cloud,0.0,0.0,0.0,395675.0,226609.0,106.382,1695.0,6251.0,0.0,0.0,4812.0
tp_1_2,1788592206855296414,3,cloud,0.0,0.0,0.0,412476.0,234754.0,87.865,1695.0,6251.0,0.0,0.0,4812.0
tp_1_2,1788592207856298516,0,enterprise,0.0,0.0,0.0,391629.0,223570.0,93.394,1695.0,6251.0,0.0,0.0,4390.0
tp_1_2,1788592207856325231,1,unused,0.0,0.0,0.0,461911.0,258711.0,23.621,210.0,405.0,0.0,0.0,0.0
tp_1_2,1788592207856332073,2,cloud,0.0,0.0,0.0,397234.0,226118.0,106.431,1695.0,6251.0,0.0,0.0,4812.0
tp_1_2,1788592207856341012,3,cloud,0.0,0.0,0.0,407932.0,231722.0,87.915,1695.0,6251.0,0.0,0.0,4812.0
tp_1_2,1788592208857470378,0,enterprise,0.0,0.0,0.0,389082.0,222551.0,93.443,1695.0,6251.0,0.0,0.0,4390.0
tp_1_2,1788592208857495936,1,unused,0.0,0.0,0.0,460378.0,257689.0,23.621,210.0,405.0,0.0,0.0,0.0
tp_1_2,1788592208857505350,2,cloud,0.0,0.0,0.0,401814.0,229172.0,106.431,1695.0,6251.0,0.0,0.0,4812.0
tp_1_2,1788592208857511316,3,cloud,0.0,0.0,0.0,407885.0,231695.0,87.964,1695.0,6251.0,0.0,0.0,4812.0
tp_1_2,1788592209858664222,0,enterprise,0.0,0.0,0.0,388028.0,221512.0,93.499,1695.0,6251.0,0.0,0.0,4390.0
tp_1_2,1788592209858684690,1,unused,0.0,0.0,0.0,470489.0,262740.0,23.623,210.0,405.0,0.0,0.0,0.0
tp_1_2,1788592209858693581,2,cloud,0.0,0.0,0.0,401234.0,228112.0,106.53,1695.0,6251.0,0.0,0.0,4812.0
tp_1_2,1788592209858699601,3,cloud,0.0,0.0,0.0,410443.0,233229.0,88.014,1695.0,6251.0,0.0,0.0,4812.0
tp_1_2,1788592210859717988,0,enterprise,0.0,0.0,0.0,399251.0,228652.0,93.549,1695.0,6251.0,0.0,0.0,4390.0
tp_1_2,1788592210859739333,1,unused,0.0,0.0,0.0,462433.0,259736.0,23.623,210.0,405.0,0.0,0.0,0.0
tp_1_2,1788592210859752071,2,cloud,0.0,0.0,0.0,396760.0,227156.0,106.629,1695.0,6251.0,0.0,0.0,4812.0
tp_1_2,1788592210859760480,3,cloud,0.0,0.0,0.0,402872.0,230212.0,88.013,1695.0,6251.0,0.0,0.0,4812.0
tp_1_2,1788592211860917627,0,enterprise,0.0,0.0,0.0,396229.0,226126.0,93.549,1695.0,6251.0,0.0,0.0,4390.0
tp_1_2,1788592211860955923,1,unused,0.0,0.0,0.0,461424.0,258214.0,23.621,210.0,405.0,0.0,0.0,0.0
tp_1_2,1788592211860967457,2,cloud,0.0,0.0,0.0,398247.0,227133.0,106.778,1695.0,6251.0,0.0,0.0,4812.0
tp_1_2,1788592211860973802,3,cloud,0.0,0.0,0.0,409457.0,232229.0,88.014,1695.0,6251.0,0.0,0.0,4812.0
tp_1_2,1788592212862080891,0,enterprise,0.0,0.0,0.0,396242.0,226133.0,93.555,1695.0,6251.0,0.0,0.0,4390.0
tp_1_2,1788592212862128021,1,unused,0.0,0.0,0.0,455286.0,255143.0,23.621,210.0,405.0,0.0,0.0,0.0
tp_1_2,1788592212862137528,2,cloud,0.0,0.0,0.0,396206.0,225603.0,106.927,1695.0,6251.0,0.0,0.0,4812.0
tp_1_2,1788592212862148267,3,cloud,0.0,0.0,0.0,406892.0,231200.0,88.014,1695.0,6251.0,0.0,0.0,4812.0
tp_1_2,1788592213863065765,0,enterprise,0.0,0.0,0.0,404308.0,229651.0,93.605,1695.0,6251.0,0.0,0.0,4390.0
tp_1_2,1788592213863111823,1,unused,0.0,0.0,0.0,461880.0,258694.0,23.621,210.0,405.0,0.0,0.0,0.0
tp_1_2,1788592213863125717,2,cloud,0.0,0.0,0.0,399250.0,227634.0,107.026,1695.0,6251.0,0.0,0.0,4812.0
tp_1_2,1788592213863136608,3,cloud,0.0,0.0,0.0,410454.0,233236.0,88.063,1695.0,6251.0,0.0,0.0,4812.0
tp_1_2,1788592214864213841,0,enterprise,0.0,0.0,0.0,398752.0,228149.0,93.697,1695.0,6251.0,0.0,0.0,4390.0
tp_1_2,1788592214864263474,1,unused,0.0,0.0,0.0,457799.0,257162.0,23.621,210.0,405.0,0.0,0.0,0.0
tp_1_2,1788592214864272699,2,cloud,0.0,0.0,0.0,399235.0,228134.0,107.125,1695.0,6251.0,0.0,0.0,4812.0
tp_1_2,1788592214864279138,3,cloud,0.0,0.0,0.0,407387.0,232211.0,88.091,1695.0,6251.0,0.0,0.0,4812.0
tp_1_2,1788592215865289247,0,enterprise,0.0,0.0,0.0,399767.0,228147.0,93.79,1695.0,6251.0,0.0,0.0,4390.0
tp_1_2,1788592215865299753,1,unused,0.0,0.0,0.0,457347.0,256175.0,23.621,210.0,405.0,0.0,0.0,0.0
tp_1_2,1788592215865316234,2,cloud,0.0,0.0,0.0,397764.0,226639.0,107.175,1695.0,6251.0,0.0,0.0,4812.0
tp_1_2,1788592215865323139,3,cloud,0.0,0.0,0.0,406929.0,231221.0,88.09,1695.0,6251.0,0.0,0.0,4812.0
tp_1_2,1788592216866440027,0,enterprise,0.0,0.0,0.0,397246.0,226634.0,93.789,1695.0,6251.0,0.0,0.0,4390.0
tp_1_2,1788592216866496593,1,unused,0.0,0.0,0.0,456322.0,256172.0,23.621,210.0,405.0,0.0,0.0,0.0
tp_1_2,1788592216866505077,2,cloud,0.0,0.0,0.0,397235.0,226627.0,107.274,1695.0,6251.0,0.0,0.0,4812.0
tp_1_2,1788592216866510817,3,cloud,0.0,0.0,0.0,404874.0,230192.0,88.163,1695.0,6251.0,0.0,0.0,4812.0
tp_1_2,1788592217867682877,0,enterprise,0.0,0.0,0.0,402295.0,228646.0,93.79,1695.0,6251.0,0.0,0.0,4390.0
tp_1_2,1788592217867755964,1,unused,0.0,0.0,0.0,468463.0,261728.0,23.621,210.0,405.0,0.0,0.0,0.0
tp_1_2,1788592217867767522,2,cloud,0.0,0.0,0.0,424023.0,236190.0,107.373,1695.0,6251.0,0.0,0.0,4812.0
tp_1_2,1788592217867776816,3,cloud,0.0,0.0,0.0,406721.0,231103.0,88.213,1695.0,6251.0,0.0,0.0,4812.0
tp_1_2,1788592218868903205,0,enterprise,0.0,0.0,0.0,399082.0,228556.0,93.839,1695.0,6251.0,0.0,0.0,4390.0
tp_1_2,1788592218868959493,1,unused,0.0,0.0,0.0,457088.0,257048.0,23.621,210.0,405.0,0.0,0.0,0.0
tp_1_2,1788592218868971860,2,cloud,0.0,0.0,0.0,397663.0,227599.0,107.346,1695.0,6251.0,0.0,0.0,4812.0
tp_1_2,1788592218868978076,3,cloud,0.0,0.0,0.0,408863.0,233199.0,88.213,1695.0,6251.0,0.0,0.0,4812.0
tp_1_2,1788592219869972883,0,enterprise,0.0,0.0,0.0,411908.0,229630.0,93.889,1695.0,6251.0,0.0,0.0,4390.0
tp_1_2,1788592219870021688,1,unused,0.0,0.0,0.0,457284.0,255631.0,23.621,210.0,405.0,0.0,0.0,0.0
tp_1_2,1788592219870029116,2,cloud,0.0,0.0,0.0,398212.0,226604.0,107.445,1695.0,6251.0,0.0,0.0,4812.0
tp_1_2,1788592219870038357,3,cloud,0.0,0.0,0.0,407892.0,231699.0,88.191,1695.0,6251.0,0.0,0.0,4812.0
tp_1_2,1788592220871269738,0,enterprise,0.0,0.0,0.0,397723.0,227124.0,93.889,1695.0,6251.0,0.0,0.0,4390.0
tp_1_2,1788592220871313331,1,unused,0.0,0.0,0.0,458292.0,257152.0,23.62,210.0,405.0,0.0,0.0,0.0
tp_1_2,1788592220871320530,2,cloud,0.0,0.0,0.0,397189.0,226601.0,107.67,1695.0,6251.0,0.0,0.0,4812.0
tp_1_2,1788592220871326461,3,cloud,0.0,0.0,0.0,406358.0,231186.0,88.29,1695.0,6251.0,0.0,0.0,4812.0
tp_1_2,1788592221872595997,0,enterprise,0.0,0.0,0.0,401705.0,228600.0,93.938,1695.0,6251.0,0.0,0.0,4390.0
tp_1_2,1788592221872662162,1,unused,0.0,0.0,0.0,457241.0,256116.0,23.621,210.0,405.0,0.0,0.0,0.0
tp_1_2,1788592221872670525,2,cloud,0.0,0.0,0.0,400728.0,228114.0,107.742,1695.0,6251.0,0.0,0.0,4812.0
tp_1_2,1788592221872676417,3,cloud,0.0,0.0,0.0,424654.0,236258.0,88.412,1695.0,6251.0,0.0,0.0,4812.0
tp_1_2,1788592222873693024,0,enterprise,0.0,0.0,0.0,396194.0,227124.0,93.987,1695.0,6251.0,0.0,0.0,4390.0
tp_1_2,1788592222873740314,1,unused,0.0,0.0,0.0,455223.0,256126.0,23.621,210.0,405.0,0.0,0.0,0.0
tp_1_2,1788592222873747679,2,cloud,0.0,0.0,0.0,397719.0,227631.0,107.792,1695.0,6251.0,0.0,0.0,4812.0
tp_1_2,1788592222873757109,3,cloud,0.0,0.0,0.0,408920.0,233232.0,88.412,1695.0,6251.0,0.0,0.0,4812.0
tp_1_2,1788592223874956785,0,enterprise,0.0,0.0,0.0,399782.0,227646.0,93.988,1695.0,6251.0,0.0,0.0,4390.0
tp_1_2,1788592223875012117,1,unused,0.0,0.0,0.0,462465.0,255170.0,23.626,210.0,405.0,0.0,0.0,0.0
tp_1_2,1788592223875025093,2,cloud,0.0,0.0,0.0,395192.0,225096.0,107.918,1695.0,6251.0,0.0,0.0,4812.0
tp_1_2,1788592223875030983,3,cloud,0.0,0.0,0.0,406349.0,230671.0,88.412,1695.0,6251.0,0.0,0.0,4812.0
tp_1_2,1788592224876129023,0,enterprise,0.0,0.0,0.0,397669.0,227094.0,94.037,1695.0,6251.0,0.0,0.0,4390.0
tp_1_2,1788592224876164066,1,unused,0.0,0.0,0.0,457206.0,256096.0,23.626,210.0,405.0,0.0,0.0,0.0
tp_1_2,1788592224876171509,2,cloud,0.0,0.0,0.0,403242.0,229624.0,107.941,1695.0,6251.0,0.0,0.0,4812.0
tp_1_2,1788592224876180495,3,cloud,0.0,0.0,0.0,409909.0,233215.0,88.389,1695.0,6251.0,0.0,0.0,4812.0
tp_1_2,1788592225877231713,0,enterprise,0.0,0.0,0.0,401246.0,228119.0,94.136,1695.0,6251.0,0.0,0.0,4390.0
tp_1_2,1788592225877276567,1,unused,0.0,0.0,0.0,455777.0,255133.0,23.67,210.0,405.0,0.0,0.0,0.0
tp_1_2,1788592225877287056,2,cloud,0.0,0.0,0.0,397213.0,226615.0,107.991,1695.0,6251.0,0.0,0.0,4812.0
tp_1_2,1788592225877295679,3,cloud,0.0,0.0,0.0,409945.0,232217.0,88.439,1695.0,6251.0,0.0,0.0,4812.0
tp_1_2,1788592226878488900,0,enterprise,0.0,0.0,0.0,397212.0,227633.0,94.193,1695.0,6251.0,0.0,0.0,4390.0
tp_1_2,1788592226878519175,1,unused,0.0,0.0,0.0,460863.0,259203.0,23.67,210.0,405.0,0.0,0.0,0.0
tp_1_2,1788592226878528723,2,cloud,0.0,0.0,0.0,398736.0,228140.0,108.067,1695.0,6251.0,0.0,0.0,4812.0
tp_1_2,1788592226878534966,3,cloud,0.0,0.0,0.0,408928.0,232727.0,88.511,1695.0,6251.0,0.0,0.0,4812.0
tp_1_2,1788592227879712732,0,enterprise,0.0,0.0,0.0,397721.0,226614.0,94.15,1695.0,6251.0,0.0,0.0,4390.0
tp_1_2,1788592227879743235,1,unused,0.0,0.0,0.0,456289.0,255644.0,23.621,210.0,405.0,0.0,0.0,0.0
tp_1_2,1788592227879752667,2,cloud,0.0,0.0,0.0,396195.0,225596.0,108.166,1695.0,6251.0,0.0,0.0,4812.0
tp_1_2,1788592227879759061,3,cloud,0.0,0.0,0.0,403341.0,229680.0,88.511,1695.0,6251.0,0.0,0.0,4812.0
tp_1_2,1788592228880843226,0,enterprise,0.0,0.0,0.0,395686.0,226106.0,94.15,1695.0,6251.0,0.0,0.0,4390.0
tp_1_2,1788592228880888459,1,unused,0.0,0.0,0.0,457305.0,256661.0,23.621,210.0,405.0,0.0,0.0,0.0
tp_1_2,1788592228880905189,2,cloud,0.0,0.0,0.0,399239.0,227627.0,108.266,1695.0,6251.0,0.0,0.0,4812.0
tp_1_2,1788592228880914022,3,cloud,0.0,0.0,0.0,407873.0,231688.0,88.511,1695.0,6251.0,0.0,0.0,4812.0
tp_1_2,1788592229882024637,0,enterprise,0.0,0.0,0.0,398222.0,226610.0,94.192,1695.0,6251.0,0.0,0.0,4390.0
tp_1_2,1788592229882032902,1,unused,0.0,0.0,0.0,457768.0,256126.0,23.621,210.0,405.0,0.0,0.0,0.0
tp_1_2,1788592229882049848,2,cloud,0.0,0.0,0.0,397702.0,226603.0,108.315,1695.0,6251.0,0.0,0.0,4812.0
tp_1_2,1788592229882055775,3,cloud,0.0,0.0,0.0,406874.0,231190.0,88.538,1695.0,6251.0,0.0,0.0,4812.0
tp_1_2,1788592230883188717,0,enterprise,0.0,0.0,0.0,400757.0,229149.0,94.235,1695.0,6251.0,0.0,0.0,4390.0
tp_1_2,1788592230883213051,1,unused,0.0,0.0,0.0,458341.0,257689.0,23.621,210.0,405.0,0.0,0.0,0.0
tp_1_2,1788592230883219401,2,cloud,0.0,0.0,0.0,396708.0,227127.0,108.315,1695.0,6251.0,0.0,0.0,4812.0
tp_1_2,1788592230883227548,3,cloud,0.0,0.0,0.0,409437.0,233236.0,88.566,1695.0,6251.0,0.0,0.0,4812.0
tp_1_2,1788592231884282435,0,enterprise,0.0,0.0,0.0,396698.0,226103.0,94.285,1695.0,6251.0,0.0,0.0,4390.0
tp_1_2,1788592231884321997,1,unused,0.0,0.0,0.0,456752.0,256127.0,23.621,210.0,405.0,0.0,0.0,0.0
tp_1_2,1788592231884328818,2,cloud,0.0,0.0,0.0,399720.0,227102.0,108.365,1695.0,6251.0,0.0,0.0,4812.0
tp_1_2,1788592231884337091,3,cloud,0.0,0.0,0.0,406340.0,231176.0,88.588,1695.0,6251.0,0.0,0.0,4812.0
tp_1_2,1788592232885546535,0,enterprise,0.0,0.0,0.0,396698.0,226103.0,94.334,1695.0,6251.0,0.0,0.0,4390.0
tp_1_2,1788592232885610612,1,unused,0.0,0.0,0.0,456752.0,256127.0,23.671,210.0,405.0,0.0,0.0,0.0
tp_1_2,1788592232885622014,2,cloud,0.0,0.0,0.0,399720.0,227102.0,108.513,1695.0,6251.0,0.0,0.0,4812.0
tp_1_2,1788592232885627928,3,cloud,0.0,0.0,0.0,406340.0,231176.0,88.61,1695.0,6251.0,0.0,0.0,4812.0
tp_1_2,1788592233886699966,0,enterprise,0.0,0.0,0.0,388523.0,222013.0,94.334,1695.0,6251.0,0.0,0.0,4390.0
tp_1_2,1788592233886723510,1,unused,0.0,0.0,0.0,456799.0,256153.0,23.671,210.0,405.0,0.0,0.0,0.0
tp_1_2,1788592233886730269,2,cloud,0.0,0.0,0.0,397733.0,227130.0,108.662,1695.0,6251.0,0.0,0.0,4812.0
tp_1_2,1788592233886738533,3,cloud,0.0,0.0,0.0,408946.0,232228.0,88.588,1695.0,6251.0,0.0,0.0,4812.0
tp_1_2,1788592234887778649,0,enterprise,0.0,0.0,0.0,396212.0,226116.0,94.334,1695.0,6251.0,0.0,0.0,4390.0
tp_1_2,1788592234887826586,1,unused,0.0,0.0,0.0,457832.0,256161.0,23.67,210.0,405.0,0.0,0.0,0.0
tp_1_2,1788592234887837012,2,cloud,0.0,0.0,0.0,396716.0,226113.0,108.711,1695.0,6251.0,0.0,0.0,4812.0
tp_1_2,1788592234887847488,3,cloud,0.0,0.0,0.0,408930.0,232219.0,88.588,1695.0,6251.0,0.0,0.0,4812.0
tp_1_2,1788592235888938863,0,enterprise,0.0,0.0,0.0,402304.0,230179.0,94.384,1695.0,6251.0,0.0,0.0,4390.0
tp_1_2,1788592235888961702,1,unused,0.0,0.0,0.0,456345.0,256694.0,23.67,210.0,405.0,0.0,0.0,0.0
tp_1_2,1788592235888970852,2,cloud,0.0,0.0,0.0,398285.0,227664.0,108.734,1695.0,6251.0,0.0,0.0,4812.0
tp_1_2,1788592235888976803,3,cloud,0.0,0.0,0.0,409491.0,233776.0,88.637,1695.0,6251.0,0.0,0.0,4812.0
tp_1_2,1788592236890157414,0,enterprise,0.0,0.0,0.0,391185.0,223097.0,94.384,1695.0,6251.0,0.0,0.0,4390.0
tp_1_2,1788592236890192708,1,unused,0.0,0.0,0.0,457348.0,256176.0,23.671,210.0,405.0,0.0,0.0,0.0
tp_1_2,1788592236890201595,2,cloud,0.0,0.0,0.0,397766.0,226640.0,108.805,1695.0,6251.0,0.0,0.0,4812.0
tp_1_2,1788592236890211465,3,cloud,0.0,0.0,0.0,405408.0,229697.0,88.665,1695.0,6251.0,0.0,0.0,4812.0
tp_2_1,1788594997445174938,0,enterprise,0.0,0.0,0.0,2904873.0,1988670.0,92.705,1695.0,6251.0,0.0,0.0,2070.0
tp_2_1,1788594997445186920,1,enterprise,0.0,0.0,0.0,2866934.0,1967175.0,85.247,1695.0,6251.0,0.0,0.0,2070.0
tp_2_1,1788594997445198426,2,cloud,0.0,0.0,0.0,2631815.0,1837448.0,103.522,1695.0,6251.0,0.0,0.0,7854.0
tp_2_1,1788594997445205146,3,unused,0.0,0.0,0.0,3292848.0,2166975.0,39.009,900.0,6251.0,0.0,0.0,0.0
tp_2_1,1788594998448084980,0,enterprise,0.004,0.002,0.001,34533753.0,25950488.0,100.236,1695.0,6251.0,9.0,7.0,2070.0
tp_2_1,1788594998448112031,1,enterprise,0.004,0.002,0.001,29093051.0,25482206.0,91.427,1695.0,6251.0,14.0,7.0,2070.0
tp_2_1,1788594998448122181,2,cloud,0.0,0.0,0.0,5383784.0,3892669.0,117.289,1650.0,6251.0,32.0,31.0,7888.0
tp_2_1,1788594998448128369,3,unused,0.0,0.0,0.0,15833753.0,9400539.0,46.374,900.0,6251.0,0.0,0.0,0.0
tp_2_1,1788594999449031075,0,enterprise,0.07,0.049,0.046,55139957.0,48469268.0,101.509,1695.0,6251.0,9.0,7.0,2070.0
tp_2_1,1788594999449057542,1,enterprise,0.11,0.049,0.046,68914213.0,326250927.0,92.948,1695.0,6251.0,12.0,7.0,2070.0
tp_2_1,1788594999449064451,2,cloud,0.265,0.219,0.197,10401204.0,23635891.0,135.423,1620.0,6251.0,32.0,31.0,7888.0
tp_2_1,1788594999449080509,3,unused,0.0,0.0,0.0,490832.0,274845.0,25.143,210.0,405.0,0.0,0.0,0.0
tp_2_1,1788595000449994035,0,enterprise,0.084,0.06,0.057,29359186.0,20539862.0,101.819,1695.0,6251.0,9.0,7.0,2070.0
tp_2_1,1788595000450023469,1,enterprise,0.131,0.06,0.057,50734151.0,353996583.0,93.092,1695.0,6251.0,16.0,8.0,2070.0
tp_2_1,1788595000450033976,2,cloud,0.31,0.256,0.24,6532858.0,23592325.0,136.516,1635.0,6251.0,32.0,31.0,7888.0
tp_2_1,1788595000450039868,3,unused,0.0,0.0,0.0,513368.0,287813.0,22.968,210.0,405.0,0.0,0.0,0.0
tp_2_1,1788595001451078581,0,enterprise,0.083,0.059,0.057,29234916.0,20964241.0,101.874,1695.0,6251.0,9.0,7.0,2070.0
tp_2_1,1788595001451113455,1,enterprise,0.132,0.06,0.057,52167543.0,367071964.0,93.139,1695.0,6251.0,14.0,8.0,2070.0
tp_2_1,1788595001451130939,2,cloud,0.31,0.256,0.24,6564839.0,23630154.0,136.619,1650.0,6251.0,32.0,31.0,7888.0
tp_2_1,1788595001451136727,3,unused,0.0,0.0,0.0,480627.0,267639.0,22.919,210.0,405.0,0.0,0.0,0.0
tp_2_1,1788595002452190901,0,enterprise,0.085,0.059,0.057,30747472.0,34956984.0,100.402,1695.0,6251.0,4.0,2.0,2070.0
tp_2_1,1788595002452224103,1,enterprise,0.127,0.06,0.057,48103453.0,330754236.0,97.42,1695.0,6251.0,4.0,2.0,2070.0
tp_2_1,1788595002452230978,2,cloud,0.312,0.257,0.241,7976566.0,23641047.0,134.522,1530.0,6251.0,7.0,5.0,7888.0
tp_2_1,1788595002452246141,3,unused,0.0,0.0,0.0,527844.0,298501.0,22.919,210.0,405.0,0.0,0.0,0.0
tp_2_1,1788595003453140356,0,enterprise,0.073,0.048,0.043,166615979.0,132647680.0,99.594,1695.0,6251.0,12.0,8.0,2070.0
tp_2_1,1788595003453175394,1,enterprise,0.101,0.048,0.043,154047470.0,326972595.0,105.446,1695.0,6251.0,7.0,5.0,2070.0
tp_2_1,1788595003453182928,2,cloud,0.253,0.21,0.178,15541782.0,30112426.0,132.315,1680.0,6251.0,34.0,33.0,7888.0
tp_2_1,1788595003453193817,3,unused,0.0,0.0,0.0,560367.0,331057.0,22.913,210.0,405.0,0.0,0.0,0.0
tp_2_1,1788595004454095254,0,enterprise,0.109,0.053,0.052,259022932.0,842064897.0,101.973,1695.0,6251.0,8.0,7.0,2070.0
tp_2_1,1788595004454130960,1,enterprise,0.1,0.052,0.052,164176565.0,566184659.0,93.271,1695.0,6251.0,10.0,6.0,2070.0
tp_2_1,1788595004454138118,2,cloud,0.321,0.243,0.235,16455557.0,25642225.0,138.644,1650.0,6251.0,30.0,29.0,7888.0
tp_2_1,1788595004454144073,3,unused,0.0,0.0,0.0,569347.0,328899.0,22.905,210.0,405.0,0.0,0.0,0.0
tp_2_1,1788595005455185780,0,enterprise,0.1,0.054,0.056,160281018.0,533826374.0,101.113,1695.0,6251.0,9.0,7.0,2070.0
tp_2_1,1788595005455217357,1,enterprise,0.117,0.054,0.056,150903193.0,990303608.0,94.007,1695.0,6251.0,9.0,6.0,2070.0
tp_2_1,1788595005455229718,2,cloud,0.317,0.235,0.245,6917694.0,22606939.0,138.201,1650.0,6251.0,30.0,29.0,7888.0
tp_2_1,1788595005455239603,3,unused,0.0,0.0,0.0,450355.0,252688.0,22.905,210.0,405.0,0.0,0.0,0.0
tp_2_1,1788595006456143229,0,enterprise,0.1,0.054,0.056,159556017.0,535312139.0,100.773,1695.0,6251.0,11.0,8.0,2070.0
tp_2_1,1788595006456173447,1,enterprise,0.114,0.054,0.056,141606758.0,914997082.0,95.035,1695.0,6251.0,13.0,8.0,2070.0
tp_2_1,1788595006456184952,2,cloud,0.317,0.235,0.245,6956572.0,22621333.0,133.313,1665.0,6251.0,33.0,32.0,7888.0
tp_2_1,1788595006456195317,3,unused,0.0,0.0,0.0,472381.0,266223.0,22.907,210.0,405.0,0.0,0.0,0.0
tp_2_1,1788595007457109940,0,enterprise,0.122,0.055,0.056,224172422.0,1116726196.0,101.653,1695.0,6251.0,17.0,8.0,2176.0
tp_2_1,1788595007457152063,1,enterprise,0.109,0.054,0.056,127755165.0,791382716.0,99.541,1680.0,6251.0,22.0,10.0,2176.0
tp_2_1,1788595007457159981,2,cloud,0.317,0.235,0.246,8480846.0,22647170.0,134.093,1680.0,6251.0,11.0,11.0,8082.0
tp_2_1,1788595007457171537,3,unused,0.0,0.0,0.0,483369.0,269953.0,22.962,210.0,405.0,0.0,0.0,0.0
tp_2_1,1788595008458194527,0,enterprise,0.083,0.045,0.044,222712464.0,433377247.0,99.01,1695.0,6251.0,9.0,7.0,2196.0
tp_2_1,1788595008458229820,1,enterprise,0.102,0.046,0.044,217134339.0,938581778.0,95.877,1695.0,6251.0,14.0,8.0,2196.0
tp_2_1,1788595008458237366,2,cloud,0.336,0.262,0.22,26552541.0,36954936.0,139.934,1680.0,6251.0,30.0,29.0,8082.0
tp_2_1,1788595008458247939,3,unused,0.0,0.0,0.0,450177.0,263792.0,22.968,210.0,405.0,0.0,0.0,0.0
tp_2_1,1788595009459124587,0,enterprise,0.094,0.062,0.057,153230545.0,148519934.0,101.729,1695.0,6251.0,9.0,7.0,2196.0
tp_2_1,1788595009459161743,1,enterprise,0.131,0.062,0.056,148365382.0,398448011.0,94.52,1695.0,6251.0,14.0,8.0,2196.0
tp_2_1,1788595009459168144,2,cloud,0.275,0.227,0.21,5701222.0,20500887.0,135.643,1680.0,6251.0,30.0,29.0,8082.0
tp_2_1,1788595009459177847,3,unused,0.0,0.0,0.0,451190.0,254843.0,22.968,210.0,405.0,0.0,0.0,0.0
tp_2_1,1788595010460060665,0,enterprise,0.086,0.06,0.057,31056348.0,37860097.0,101.22,1695.0,6251.0,9.0,7.0,2196.0
tp_2_1,1788595010460089353,1,enterprise,0.121,0.06,0.057,43247290.0,287375096.0,95.321,1695.0,6251.0,12.0,7.0,2196.0
tp_2_1,1788595010460095859,2,cloud,0.315,0.26,0.243,6544479.0,23677949.0,131.536,1620.0,6251.0,32.0,31.0,8082.0
tp_2_1,1788595010460105344,3,unused,0.0,0.0,0.0,475224.0,267122.0,23.012,210.0,405.0,0.0,0.0,0.0
tp_2_1,1788595011461130622,0,enterprise,0.084,0.06,0.057,30478383.0,23736220.0,103.242,1695.0,6251.0,10.0,7.0,2196.0
tp_2_1,1788595011461166449,1,enterprise,0.126,0.06,0.057,47188141.0,322673753.0,94.174,1695.0,6251.0,12.0,7.0,2196.0
tp_2_1,1788595011461173241,2,cloud,0.303,0.25,0.234,7804030.0,22835766.0,138.853,1680.0,6251.0,32.0,31.0,8082.0
tp_2_1,1788595011461178956,3,unused,0.0,0.0,0.0,475433.0,266446.0,22.955,210.0,405.0,0.0,0.0,0.0
tp_2_1,1788595012462035258,0,enterprise,0.087,0.06,0.057,31741943.0,43207730.0,100.093,1695.0,6251.0,9.0,7.0,2196.0
tp_2_1,1788595012462043832,1,enterprise,0.124,0.06,0.057,46496472.0,307489354.0,94.497,1695.0,6251.0,12.0,7.0,2196.0
tp_2_1,1788595012462051790,2,cloud,0.315,0.26,0.243,6539294.0,23682754.0,139.334,1650.0,6251.0,32.0,31.0,8082.0
tp_2_1,1788595012462057559,3,unused,0.0,0.0,0.0,449008.0,253742.0,22.905,210.0,405.0,0.0,0.0,0.0
tp_2_1,1788595013463014345,0,enterprise,0.087,0.06,0.057,31503880.0,41337338.0,99.889,1695.0,6251.0,9.0,7.0,2196.0
tp_2_1,1788595013463056162,1,enterprise,0.121,0.06,0.057,42397531.0,279482350.0,93.922,1695.0,6251.0,14.0,7.0,2196.0
tp_2_1,1788595013463063323,2,cloud,0.312,0.258,0.241,6521866.0,23453086.0,139.025,1665.0,6251.0,32.0,31.0,8082.0
tp_2_1,1788595013463073870,3,unused,0.0,0.0,0.0,451151.0,253581.0,22.911,210.0,405.0,0.0,0.0,0.0
tp_2_1,1788595014464107540,0,enterprise,0.086,0.06,0.057,30829245.0,35210219.0,100.635,1695.0,6251.0,10.0,7.0,2196.0
tp_2_1,1788595014464144601,1,enterprise,0.121,0.06,0.057,42851165.0,283138719.0,92.264,1695.0,6251.0,10.0,6.0,2196.0
tp_2_1,1788595014464152014,2,cloud,0.31,0.257,0.24,7844331.0,23284945.0,140.601,1680.0,6251.0,32.0,31.0,8082.0
tp_2_1,1788595014464164922,3,unused,0.0,0.0,0.0,450769.0,254671.0,22.911,210.0,405.0,0.0,0.0,0.0
tp_2_1,1788595015465059910,0,enterprise,0.087,0.06,0.058,31125987.0,37361369.0,100.07,1695.0,6251.0,9.0,7.0,2196.0
tp_2_1,1788595015465101868,1,enterprise,0.127,0.061,0.058,47239051.0,321984574.0,92.832,1695.0,6251.0,10.0,6.0,2196.0
tp_2_1,1788595015465109406,2,cloud,0.31,0.256,0.239,6331537.0,23248034.0,139.501,1680.0,6251.0,32.0,31.0,8082.0
tp_2_1,1788595015465122237,3,unused,0.0,0.0,0.0,461009.0,258999.0,22.905,210.0,405.0,0.0,0.0,0.0
tp_2_1,1788595016466007528,0,enterprise,0.091,0.062,0.059,33746361.0,53331189.0,101.32,1695.0,6251.0,9.0,7.0,2196.0
tp_2_1,1788595016466032685,1,enterprise,0.123,0.062,0.059,43092824.0,282049537.0,91.949,1695.0,6251.0,11.0,7.0,2196.0
tp_2_1,1788595016466039217,2,cloud,0.311,0.257,0.24,6346786.0,23283094.0,144.195,1680.0,6251.0,31.0,30.0,8082.0
tp_2_1,1788595016466049260,3,unused,0.0,0.0,0.0,451274.0,255178.0,22.904,210.0,405.0,0.0,0.0,0.0
tp_2_1,1788595017467166530,0,enterprise,0.077,0.053,0.051,29153565.0,37114587.0,92.348,1680.0,6251.0,0.0,0.0,2196.0
tp_2_1,1788595017467205319,1,enterprise,0.111,0.053,0.051,41158370.0,278966645.0,94.403,1575.0,6251.0,0.0,0.0,2196.0
tp_2_1,1788595017467212468,2,cloud,0.278,0.23,0.215,5730044.0,20894724.0,141.84,1560.0,6251.0,100.0,45.0,8082.0
tp_2_1,1788595017467222076,3,unused,0.0,0.0,0.0,449717.0,252615.0,22.911,210.0,405.0,0.0,0.0,0.0
tp_2_1,1788595018468129114,0,enterprise,0.077,0.042,0.027,590639964.0,481086837.0,89.513,1695.0,6251.0,24.0,12.0,2196.0
tp_2_1,1788595018468153815,1,enterprise,0.081,0.042,0.027,496980965.0,481527053.0,100.406,1680.0,6251.0,22.0,9.0,2196.0
tp_2_1,1788595018468160203,2,cloud,0.27,0.231,0.119,45965685.0,62356281.0,137.629,1575.0,6251.0,17.0,16.0,8082.0
tp_2_1,1788595018468168439,3,unused,0.0,0.0,0.0,450542.0,255052.0,22.919,210.0,405.0,0.0,0.0,0.0
tp_2_1,1788595019469099029,0,enterprise,0.085,0.048,0.038,416634541.0,457143264.0,99.653,1695.0,6251.0,10.0,8.0,2196.0
tp_2_1,1788595019469120917,1,enterprise,0.095,0.048,0.038,359784089.0,653415036.0,92.585,1695.0,6251.0,14.0,8.0,2196.0
tp_2_1,1788595019469127288,2,cloud,0.338,0.277,0.183,43746720.0,31456094.0,137.376,1635.0,6251.0,35.0,34.0,8082.0
tp_2_1,1788595019469135851,3,unused,0.0,0.0,0.0,474432.0,261370.0,22.912,210.0,405.0,0.0,0.0,0.0
tp_2_1,1788595020470205642,0,enterprise,0.096,0.055,0.056,144111205.0,425772194.0,101.014,1695.0,6251.0,11.0,8.0,2196.0
tp_2_1,1788595020470228933,1,enterprise,0.114,0.055,0.056,143939199.0,947211581.0,92.57,1695.0,6251.0,14.0,8.0,2196.0
tp_2_1,1788595020470243777,2,cloud,0.33,0.247,0.254,8480781.0,22867768.0,139.875,1650.0,6251.0,35.0,34.0,8082.0
tp_2_1,1788595020470249677,3,unused,0.0,0.0,0.0,477574.0,268826.0,22.906,210.0,405.0,0.0,0.0,0.0
tp_2_1,1788595021471328537,0,enterprise,0.101,0.057,0.058,157808581.0,517996375.0,100.302,1695.0,6251.0,10.0,8.0,2196.0
tp_2_1,1788595021471356215,1,enterprise,0.124,0.058,0.058,163949027.0,1113887707.0,93.116,1695.0,6251.0,12.0,7.0,2196.0
tp_2_1,1788595021471366799,2,cloud,0.33,0.247,0.254,6995232.0,22838110.0,139.927,1650.0,6251.0,36.0,34.0,8082.0
tp_2_1,1788595021471372929,3,unused,0.0,0.0,0.0,452032.0,253727.0,22.913,210.0,405.0,0.0,0.0,0.0
tp_2_1,1788595022472334837,0,enterprise,0.101,0.058,0.059,155342846.0,469467338.0,100.715,1695.0,6251.0,11.0,8.0,2196.0
tp_2_1,1788595022472363100,1,enterprise,0.121,0.058,0.059,152272835.0,1001516943.0,93.213,1695.0,6251.0,12.0,7.0,2196.0
tp_2_1,1788595022472369584,2,cloud,0.33,0.248,0.255,6947317.0,22837806.0,139.294,1680.0,6251.0,35.0,34.0,8082.0
tp_2_1,1788595022472378964,3,unused,0.0,0.0,0.0,454439.0,256480.0,22.963,210.0,405.0,0.0,0.0,0.0
tp_2_1,1788595023473508195,0,enterprise,0.105,0.057,0.057,171475941.0,643740414.0,100.879,1695.0,6251.0,8.0,5.0,2196.0
tp_2_1,1788595023473541670,1,enterprise,0.117,0.056,0.057,146859358.0,965164381.0,92.534,1695.0,6251.0,11.0,6.0,2196.0
tp_2_1,1788595023473558578,2,cloud,0.33,0.248,0.255,8504786.0,22860526.0,139.858,1605.0,6251.0,27.0,26.0,8082.0
tp_2_1,1788595023473566304,3,unused,0.0,0.0,0.0,464359.0,260693.0,22.956,210.0,405.0,0.0,0.0,0.0
tp_2_1,1788595024474501934,0,enterprise,0.1,0.056,0.056,156622190.0,528910538.0,99.706,1695.0,6251.0,11.0,7.0,2196.0
tp_2_1,1788595024474537622,1,enterprise,0.121,0.056,0.056,158840680.0,1079402651.0,94.113,1695.0,6251.0,14.0,8.0,2196.0
tp_2_1,1788595024474544220,2,cloud,0.331,0.248,0.255,6998574.0,22868761.0,136.761,1680.0,6251.0,30.0,29.0,8082.0
tp_2_1,1788595024474562856,3,unused,0.0,0.0,0.0,454391.0,256453.0,22.913,210.0,405.0,0.0,0.0,0.0
tp_2_1,1788595025475475218,0,enterprise,0.106,0.057,0.058,170926055.0,637569338.0,100.283,1695.0,6251.0,13.0,8.0,2196.0
tp_2_1,1788595025475497078,1,enterprise,0.118,0.057,0.057,148850987.0,972495527.0,94.001,1695.0,6251.0,12.0,8.0,2196.0
tp_2_1,1788595025475507376,2,cloud,0.331,0.249,0.255,6992778.0,22867312.0,136.622,1650.0,6251.0,36.0,34.0,8082.0
tp_2_1,1788595025475515374,3,unused,0.0,0.0,0.0,454614.0,255052.0,22.919,210.0,405.0,0.0,0.0,0.0
tp_2_1,1788595026476589764,0,enterprise,0.106,0.057,0.058,173671030.0,662090193.0,101.512,1695.0,6251.0,11.0,8.0,2196.0
tp_2_1,1788595026476598480,1,enterprise,0.118,0.057,0.058,147089662.0,964612641.0,92.967,1695.0,6251.0,11.0,6.0,2196.0
tp_2_1,1788595026476606141,2,cloud,0.332,0.249,0.255,6981337.0,22855697.0,141.396,1680.0,6251.0,36.0,35.0,8082.0
tp_2_1,1788595026476615848,3,unused,0.0,0.0,0.0,452152.0,255608.0,22.919,210.0,405.0,0.0,0.0,0.0
tp_2_1,1788595027477657912,0,enterprise,0.106,0.057,0.058,173986424.0,664952614.0,100.854,1695.0,6251.0,12.0,8.0,2550.0
tp_2_1,1788595027477695803,1,enterprise,0.117,0.057,0.058,145089339.0,946666450.0,92.703,1695.0,6251.0,13.0,8.0,2550.0
tp_2_1,1788595027477703459,2,cloud,0.323,0.243,0.249,8368044.0,22350584.0,140.68,1650.0,6251.0,32.0,31.0,8082.0
tp_2_1,1788595027477709793,3,unused,0.0,0.0,0.0,475396.0,266425.0,22.919,210.0,405.0,0.0,0.0,0.0
tp_2_1,1788595028478622433,0,enterprise,0.146,0.079,0.068,600873840.0,988701018.0,100.315,1695.0,6251.0,0.0,0.0,2582.0
tp_2_1,1788595028478655906,1,enterprise,0.139,0.079,0.067,453279914.0,760115142.0,84.511,1695.0,6251.0,0.0,0.0,2582.0
tp_2_1,1788595028478662329,2,cloud,0.255,0.192,0.198,5500338.0,17714326.0,129.772,930.0,6251.0,100.0,47.0,8802.0
tp_2_1,1788595028478671865,3,unused,0.0,0.0,0.0,464957.0,270927.0,22.919,210.0,405.0,0.0,0.0,0.0
tp_2_1,1788595029479799519,0,enterprise,0.0,0.0,0.0,403366.0,233259.0,98.849,1695.0,6251.0,0.0,0.0,2582.0
tp_2_1,1788595029479829910,1,enterprise,0.0,0.0,0.0,423721.0,239870.0,85.717,1695.0,6251.0,0.0,0.0,2582.0
tp_2_1,1788595029479839610,2,cloud,0.4,0.34,0.187,11285021.0,82951529.0,130.63,1695.0,6251.0,0.0,0.0,8802.0
tp_2_1,1788595029479855173,3,unused,0.0,0.0,0.0,454498.0,258040.0,22.919,210.0,405.0,0.0,0.0,0.0
tp_2_1,1788595030480832153,0,enterprise,0.078,0.047,0.034,505686833.0,468219351.0,96.195,1695.0,6251.0,11.0,8.0,2614.0
tp_2_1,1788595030480873242,1,enterprise,0.086,0.048,0.034,428504788.0,461277809.0,93.314,1695.0,6251.0,12.0,8.0,2614.0
tp_2_1,1788595030480880862,2,cloud,0.203,0.166,0.106,77049623.0,5473959.0,133.69,1665.0,6251.0,34.0,32.0,8802.0
tp_2_1,1788595030480891463,3,unused,0.0,0.0,0.0,476991.0,269515.0,22.961,210.0,405.0,0.0,0.0,0.0
tp_2_1,1788595031481794568,0,enterprise,0.104,0.063,0.059,41979561.0,135697659.0,100.78,1695.0,6251.0,11.0,8.0,2614.0
tp_2_1,1788595031481816623,1,enterprise,0.109,0.062,0.059,30480606.0,172720727.0,92.605,1695.0,6251.0,14.0,8.0,2614.0
tp_2_1,1788595031481823234,2,cloud,0.329,0.27,0.249,6578047.0,23656266.0,142.643,1620.0,6251.0,34.0,32.0,8802.0
tp_2_1,1788595031481831437,3,unused,0.0,0.0,0.0,458137.0,257797.0,22.955,210.0,405.0,0.0,0.0,0.0
tp_2_1,1788595032482928146,0,enterprise,0.107,0.063,0.059,45706020.0,160180573.0,102.382,1695.0,6251.0,11.0,8.0,2614.0
tp_2_1,1788595032482950257,1,enterprise,0.109,0.062,0.059,30408901.0,171814490.0,92.832,1695.0,6251.0,10.0,6.0,2614.0
tp_2_1,1788595032482959580,2,cloud,0.328,0.269,0.248,6527560.0,23591421.0,144.957,1680.0,6251.0,34.0,33.0,8802.0
tp_2_1,1788595032482965977,3,unused,0.0,0.0,0.0,454459.0,256492.0,22.955,210.0,405.0,0.0,0.0,0.0
tp_2_1,1788595033483909173,0,enterprise,0.104,0.063,0.059,41966976.0,135221947.0,101.411,1695.0,6251.0,10.0,6.0,2614.0
tp_2_1,1788595033483932647,1,enterprise,0.107,0.062,0.059,29815848.0,157561201.0,93.41,1695.0,6251.0,11.0,8.0,2614.0
tp_2_1,1788595033483939065,2,cloud,0.329,0.27,0.249,7972669.0,23617430.0,140.102,1605.0,6251.0,31.0,29.0,8802.0
tp_2_1,1788595033483947802,3,unused,0.0,0.0,0.0,451417.0,253445.0,22.955,210.0,405.0,0.0,0.0,0.0
tp_2_1,1788595034484854383,0,enterprise,0.103,0.063,0.059,41510090.0,131361167.0,100.208,1695.0,6251.0,11.0,8.0,2614.0
tp_2_1,1788595034484873499,1,enterprise,0.105,0.062,0.059,27330832.0,143489034.0,94.971,1695.0,6251.0,11.0,8.0,2614.0
tp_2_1,1788595034484879883,2,cloud,0.33,0.27,0.249,6453390.0,23631203.0,136.782,1590.0,6251.0,33.0,32.0,8802.0
tp_2_1,1788595034484893089,3,unused,0.0,0.0,0.0,452165.0,255616.0,22.905,210.0,405.0,0.0,0.0,0.0
tp_2_1,1788595035485919864,0,enterprise,0.105,0.063,0.059,42834342.0,143151159.0,100.556,1695.0,6251.0,10.0,8.0,2614.0
tp_2_1,1788595035485943985,1,enterprise,0.104,0.063,0.059,26192008.0,133870040.0,95.104,1695.0,6251.0,11.0,8.0,2614.0
tp_2_1,1788595035485953152,2,cloud,0.33,0.271,0.249,6512516.0,23674517.0,139.022,1635.0,6251.0,34.0,33.0,8802.0
tp_2_1,1788595035485959630,3,unused,0.0,0.0,0.0,460347.0,258690.0,22.904,210.0,405.0,0.0,0.0,0.0
tp_2_1,1788595036486888420,0,enterprise,0.099,0.063,0.059,38287944.0,102353768.0,100.556,1695.0,6251.0,10.0,8.0,2614.0
tp_2_1,1788595036486915822,1,enterprise,0.106,0.063,0.059,28208468.0,152032590.0,94.233,1695.0,6251.0,11.0,8.0,2614.0
tp_2_1,1788595036486922225,2,cloud,0.332,0.272,0.251,6568645.0,23845257.0,138.866,1650.0,6251.0,34.0,33.0,8802.0
tp_2_1,1788595036486931098,3,unused,0.0,0.0,0.0,483663.0,267515.0,22.905,210.0,405.0,0.0,0.0,0.0
tp_2_1,1788595037487863737,0,enterprise,0.102,0.063,0.059,39981090.0,117803751.0,101.836,1695.0,6251.0,10.0,8.0,2614.0
tp_2_1,1788595037487889335,1,enterprise,0.106,0.063,0.059,27759938.0,148107423.0,92.417,1695.0,6251.0,10.0,7.0,2614.0
tp_2_1,1788595037487899883,2,cloud,0.33,0.271,0.25,8027974.0,23734528.0,144.996,1650.0,6251.0,34.0,33.0,8802.0
tp_2_1,1788595037487905998,3,unused,0.0,0.0,0.0,491608.0,273511.0,22.907,210.0,405.0,0.0,0.0,0.0
tp_2_1,1788595038489034979,0,enterprise,0.101,0.063,0.059,40561413.0,114251158.0,102.456,1695.0,6251.0,11.0,8.0,2614.0
tp_2_1,1788595038489070263,1,enterprise,0.106,0.062,0.059,27977032.0,150101145.0,92.881,1695.0,6251.0,8.0,6.0,2614.0
tp_2_1,1788595038489076761,2,cloud,0.33,0.271,0.25,6643115.0,23755403.0,145.142,1665.0,6251.0,34.0,32.0,8802.0
tp_2_1,1788595038489082146,3,unused,0.0,0.0,0.0,472383.0,265938.0,22.905,210.0,405.0,0.0,0.0,0.0
tp_2_1,1788595039490039142,0,enterprise,0.13,0.08,0.065,478703401.0,418344089.0,101.004,1695.0,6251.0,0.0,0.0,2614.0
tp_2_1,1788595039490078716,1,enterprise,0.133,0.08,0.065,394475992.0,436750595.0,89.141,1695.0,6251.0,0.0,0.0,2614.0
tp_2_1,1788595039490090281,2,cloud,0.233,0.192,0.178,4732128.0,16927789.0,119.067,945.0,6251.0,99.0,52.0,8802.0
tp_2_1,1788595039490095660,3,unused,0.0,0.0,0.0,465038.0,260788.0,22.905,210.0,405.0,0.0,0.0,0.0
tp_2_1,1788595040491052013,0,enterprise,0.0,0.0,0.0,396798.0,229216.0,98.003,1695.0,6251.0,0.0,0.0,2614.0
tp_2_1,1788595040491071804,1,enterprise,0.0,0.0,0.0,424764.0,242431.0,88.789,1695.0,6251.0,0.0,0.0,2614.0
tp_2_1,1788595040491079937,2,cloud,0.355,0.3,0.167,11017048.0,82129309.0,134.501,1680.0,6251.0,0.0,0.0,8802.0
tp_2_1,1788595040491085388,3,unused,0.0,0.0,0.0,461517.0,260016.0,22.905,210.0,405.0,0.0,0.0,0.0
tp_2_1,1788595041492228511,0,enterprise,0.08,0.05,0.034,585130300.0,527421839.0,95.927,1695.0,6251.0,0.0,0.0,2614.0
tp_2_1,1788595041492274812,1,enterprise,0.09,0.051,0.035,530242674.0,545718502.0,93.342,1695.0,6251.0,0.0,0.0,2614.0
tp_2_1,1788595041492282567,2,cloud,0.215,0.177,0.109,76726526.0,4515535.0,112.366,1695.0,6251.0,0.0,0.0,8802.0
tp_2_1,1788595041492295323,3,unused,0.0,0.0,0.0,451330.0,253110.0,22.905,210.0,405.0,0.0,0.0,0.0
tp_2_1,1788595042493283764,0,enterprise,0.038,0.025,0.018,367235436.0,263496647.0,92.306,1695.0,6251.0,0.0,0.0,2614.0
tp_2_1,1788595042493318494,1,enterprise,0.037,0.025,0.017,271755060.0,245695498.0,91.432,1695.0,6251.0,0.0,0.0,2614.0
tp_2_1,1788595042493328251,2,cloud,0.197,0.164,0.101,10182480.0,79515014.0,129.751,1680.0,6251.0,0.0,0.0,8802.0
tp_2_1,1788595042493334040,3,unused,0.0,0.0,0.0,483985.0,271255.0,22.905,210.0,405.0,0.0,0.0,0.0
tp_2_1,1788595043494252360,0,enterprise,0.0,0.0,0.0,373554.0,215786.0,94.371,1695.0,6251.0,0.0,0.0,2614.0
tp_2_1,1788595043494282410,1,enterprise,0.0,0.0,0.0,397971.0,227485.0,94.224,1695.0,6251.0,0.0,0.0,2614.0
tp_2_1,1788595043494291914,2,cloud,0.376,0.321,0.172,77724691.0,7025946.0,112.511,1695.0,6251.0,0.0,0.0,8802.0
tp_2_1,1788595043494297606,3,unused,0.0,0.0,0.0,480324.0,268940.0,22.904,210.0,405.0,0.0,0.0,0.0
tp_2_1,1788595044495402247,0,enterprise,0.12,0.077,0.052,953378185.0,791836075.0,93.055,1695.0,6251.0,0.0,0.0,2614.0
tp_2_1,1788595044495450497,1,enterprise,0.133,0.079,0.052,803215789.0,793126998.0,91.68,1695.0,6251.0,0.0,0.0,2614.0
tp_2_1,1788595044495457308,2,cloud,0.11,0.091,0.058,9527766.0,77786924.0,130.849,1425.0,6251.0,50.0,25.0,8802.0
tp_2_1,1788595044495462682,3,unused,0.0,0.0,0.0,482453.0,270743.0,22.904,210.0,405.0,0.0,0.0,0.0
tp_2_1,1788595045496398781,0,enterprise,0.0,0.0,0.0,384758.0,219862.0,95.171,1680.0,6251.0,0.0,0.0,2614.0
tp_2_1,1788595045496437075,1,enterprise,0.0,0.0,0.0,448704.0,248771.0,92.236,1695.0,6251.0,0.0,0.0,2614.0
tp_2_1,1788595045496446875,2,cloud,0.489,0.427,0.221,78313326.0,8877807.0,110.249,1695.0,6251.0,0.0,0.0,8802.0
tp_2_1,1788595045496452412,3,unused,0.0,0.0,0.0,470019.0,262762.0,22.905,210.0,405.0,0.0,0.0,0.0
tp_2_1,1788595046497398461,0,enterprise,0.121,0.077,0.052,953145723.0,791656576.0,95.981,1695.0,6251.0,0.0,0.0,2614.0
tp_2_1,1788595046497439245,1,enterprise,0.133,0.078,0.052,803120849.0,793033481.0,91.331,1695.0,6251.0,0.0,0.0,2614.0
tp_2_1,1788595046497448185,2,cloud,0.055,0.045,0.031,9161775.0,76729230.0,135.581,915.0,6251.0,100.0,46.0,8802.0
tp_2_1,1788595046497453807,3,unused,0.0,0.0,0.0,469284.0,264163.0,22.905,210.0,405.0,0.0,0.0,0.0
tp_2_1,1788595047498550271,0,enterprise,0.0,0.0,0.0,389893.0,223450.0,98.822,1680.0,6251.0,10.0,6.0,2614.0
tp_2_1,1788595047498597738,1,enterprise,0.0,0.0,0.0,414794.0,236152.0,87.138,1680.0,6251.0,9.0,6.0,2614.0
tp_2_1,1788595047498604241,2,cloud,0.569,0.505,0.247,78666628.0,9906307.0,120.109,1560.0,6251.0,36.0,35.0,8802.0
tp_2_1,1788595047498609651,3,unused,0.0,0.0,0.0,479740.0,267880.0,22.903,210.0,405.0,0.0,0.0,0.0
tp_2_1,1788595048499512320,0,enterprise,0.141,0.082,0.069,607464901.0,850657804.0,100.493,1695.0,6251.0,10.0,7.0,2614.0
tp_2_1,1788595048499547726,1,enterprise,0.147,0.083,0.068,487322343.0,769040114.0,94.395,1695.0,6251.0,11.0,8.0,2614.0
tp_2_1,1788595048499578060,2,cloud,0.232,0.176,0.184,4987352.0,15833405.0,139.694,1605.0,6251.0,31.0,31.0,8802.0
tp_2_1,1788595048499676219,3,unused,0.0,0.0,0.0,461458.0,260205.0,22.904,210.0,405.0,0.0,0.0,0.0
tp_2_1,1788595049500511215,0,enterprise,0.119,0.063,0.064,185941300.0,773748408.0,100.141,1695.0,6251.0,14.0,9.0,2614.0
tp_2_1,1788595049500541854,1,enterprise,0.113,0.062,0.063,106000322.0,595386962.0,94.076,1695.0,6251.0,11.0,8.0,2614.0
tp_2_1,1788595049500567274,2,cloud,0.363,0.275,0.283,9076963.0,24317541.0,138.902,1665.0,6251.0,40.0,39.0,8802.0
tp_2_1,1788595049500574620,3,unused,0.0,0.0,0.0,472148.0,263264.0,22.904,210.0,405.0,0.0,0.0,0.0
tp_2_1,1788595050501622322,0,enterprise,0.117,0.063,0.064,181020903.0,729460285.0,101.639,1695.0,6251.0,12.0,9.0,2614.0
tp_2_1,1788595050501652282,1,enterprise,0.111,0.062,0.063,102762097.0,566500120.0,92.942,1695.0,6251.0,10.0,7.0,2614.0
tp_2_1,1788595050501661571,2,cloud,0.367,0.278,0.287,7646077.0,24626513.0,144.295,1545.0,6251.0,38.0,37.0,8802.0
tp_2_1,1788595050501666985,3,unused,0.0,0.0,0.0,453882.0,256962.0,22.904,210.0,405.0,0.0,0.0,0.0
tp_2_1,1788595051502617784,0,enterprise,0.115,0.063,0.064,174245331.0,667126295.0,101.821,1695.0,6251.0,11.0,8.0,2614.0
tp_2_1,1788595051502653293,1,enterprise,0.111,0.062,0.063,100671088.0,546985955.0,94.567,1695.0,6251.0,12.0,8.0,2614.0
tp_2_1,1788595051502662801,2,cloud,0.372,0.282,0.29,7622254.0,24763551.0,139.294,1605.0,6251.0,31.0,30.0,8802.0
tp_2_1,1788595051502668347,3,unused,0.0,0.0,0.0,454646.0,255579.0,22.898,210.0,405.0,0.0,0.0,0.0
tp_2_1,1788595052503652018,0,enterprise,0.114,0.061,0.062,176839050.0,712693208.0,100.256,1695.0,6251.0,14.0,9.0,2614.0
tp_2_1,1788595052503681241,1,enterprise,0.109,0.061,0.062,101633770.0,566317322.0,93.148,1695.0,6251.0,11.0,7.0,2614.0
tp_2_1,1788595052503687115,2,cloud,0.371,0.282,0.29,7665933.0,24797571.0,141.454,1590.0,6251.0,40.0,39.0,8802.0
tp_2_1,1788595052503696065,3,unused,0.0,0.0,0.0,455178.0,256832.0,22.849,210.0,405.0,0.0,0.0,0.0
tp_2_1,1788595053504827876,0,enterprise,0.123,0.063,0.064,197628703.0,878555617.0,102.549,1695.0,6251.0,13.0,8.0,2614.0
tp_2_1,1788595053504857314,1,enterprise,0.109,0.062,0.063,96907619.0,515291718.0,94.274,1695.0,6251.0,12.0,8.0,2614.0
tp_2_1,1788595053504863534,2,cloud,0.371,0.282,0.29,9151226.0,24863036.0,141.531,1635.0,6251.0,32.0,31.0,8802.0
tp_2_1,1788595053504873741,3,unused,0.0,0.0,0.0,473821.0,261085.0,22.849,210.0,405.0,0.0,0.0,0.0
tp_2_1,1788595054505819693,0,enterprise,0.127,0.063,0.064,210899788.0,997065350.0,100.686,1695.0,6251.0,14.0,9.0,2614.0
tp_2_1,1788595054505832156,1,enterprise,0.112,0.062,0.063,103342359.0,562269692.0,93.718,1695.0,6251.0,11.0,8.0,2614.0
tp_2_1,1788595054505839916,2,cloud,0.358,0.272,0.28,7433752.0,23967742.0,138.649,1650.0,6251.0,40.0,39.0,8802.0
tp_2_1,1788595054505845355,3,unused,0.0,0.0,0.0,466391.0,262726.0,22.898,210.0,405.0,0.0,0.0,0.0
tp_2_1,1788595055506804136,0,enterprise,0.124,0.063,0.063,203721124.0,934766870.0,102.12,1695.0,6251.0,13.0,9.0,2614.0
tp_2_1,1788595055506834833,1,enterprise,0.111,0.062,0.063,100739314.0,548453718.0,93.199,1695.0,6251.0,10.0,7.0,2614.0
tp_2_1,1788595055506844227,2,cloud,0.371,0.282,0.29,7651773.0,24869536.0,143.166,1605.0,6251.0,35.0,35.0,8802.0
tp_2_1,1788595055506849890,3,unused,0.0,0.0,0.0,482784.0,269626.0,22.904,210.0,405.0,0.0,0.0,0.0
tp_2_1,1788595056508012170,0,enterprise,0.121,0.062,0.063,191951108.0,852371265.0,101.471,1695.0,6251.0,9.0,6.0,2614.0
tp_2_1,1788595056508071371,1,enterprise,0.113,0.062,0.063,111778124.0,649447962.0,94.055,1695.0,6251.0,12.0,8.0,2614.0
tp_2_1,1788595056508079602,2,cloud,0.372,0.283,0.291,7629153.0,24897542.0,135.716,1620.0,6251.0,36.0,36.0,8802.0
tp_2_1,1788595056508085189,3,unused,0.0,0.0,0.0,455942.0,257485.0,22.898,210.0,405.0,0.0,0.0,0.0
tp_2_1,1788595057509007239,0,enterprise,0.101,0.053,0.047,346763306.0,661050889.0,101.579,1695.0,6251.0,10.0,7.0,2614.0
tp_2_1,1788595057509046993,1,enterprise,0.094,0.051,0.046,255068268.0,492737095.0,90.277,1695.0,6251.0,10.0,7.0,2614.0
tp_2_1,1788595057509056276,2,cloud,0.335,0.267,0.217,27566303.0,35498232.0,144.114,1665.0,6251.0,29.0,28.0,8802.0
tp_2_1,1788595057509061949,3,unused,0.0,0.0,0.0,451457.0,253467.0,22.842,210.0,405.0,0.0,0.0,0.0
tp_2_1,1788595058509970777,0,enterprise,0.103,0.06,0.057,45460298.0,157895461.0,100.362,1695.0,6251.0,7.0,6.0,2614.0
tp_2_1,1788595058509999827,1,enterprise,0.104,0.06,0.057,29183650.0,160617212.0,92.635,1695.0,6251.0,13.0,7.0,2614.0
tp_2_1,1788595058510008894,2,cloud,0.31,0.256,0.239,6437063.0,23321371.0,138.176,1665.0,6251.0,29.0,28.0,8802.0
tp_2_1,1788595058510022851,3,unused,0.0,0.0,0.0,454637.0,256592.0,22.848,210.0,405.0,0.0,0.0,0.0
tp_2_1,1788595059511083318,0,enterprise,0.094,0.06,0.057,37319300.0,93126421.0,99.089,1695.0,6251.0,9.0,7.0,2614.0
tp_2_1,1788595059511113689,1,enterprise,0.112,0.06,0.057,35987704.0,221538231.0,93.308,1695.0,6251.0,10.0,7.0,2614.0
tp_2_1,1788595059511120000,2,cloud,0.31,0.256,0.239,6356850.0,23262815.0,135.639,1650.0,6251.0,29.0,28.0,8802.0
tp_2_1,1788595059511125291,3,unused,0.0,0.0,0.0,470780.0,264146.0,22.898,210.0,405.0,0.0,0.0,0.0
tp_2_1,1788595060512084844,0,enterprise,0.096,0.061,0.059,38409418.0,95770197.0,99.12,1695.0,6251.0,9.0,7.0,2614.0
tp_2_1,1788595060512117189,1,enterprise,0.108,0.061,0.059,31365744.0,177526571.0,94.409,1695.0,6251.0,10.0,7.0,2614.0
tp_2_1,1788595060512127152,2,cloud,0.31,0.256,0.239,6327990.0,23229761.0,136.113,1680.0,6251.0,32.0,31.0,8802.0
tp_2_1,1788595060512132950,3,unused,0.0,0.0,0.0,471562.0,265031.0,22.893,210.0,405.0,0.0,0.0,0.0
tp_2_1,1788595061513034789,0,enterprise,0.094,0.059,0.056,37527638.0,102273386.0,99.79,1695.0,6251.0,9.0,7.0,2614.0
tp_2_1,1788595061513063290,1,enterprise,0.106,0.059,0.057,32123424.0,179721551.0,92.387,1695.0,6251.0,11.0,7.0,2614.0
tp_2_1,1788595061513071796,2,cloud,0.31,0.256,0.239,7779215.0,23221166.0,141.627,1680.0,6251.0,32.0,31.0,8802.0
tp_2_1,1788595061513077365,3,unused,0.0,0.0,0.0,468993.0,261964.0,22.849,210.0,405.0,0.0,0.0,0.0
tp_2_1,1788595062514182294,0,enterprise,0.095,0.061,0.058,37383348.0,87639001.0,99.988,1695.0,6251.0,9.0,7.0,2614.0
tp_2_1,1788595062514218915,1,enterprise,0.117,0.061,0.058,39242962.0,248945780.0,92.208,1695.0,6251.0,13.0,7.0,2614.0
tp_2_1,1788595062514225184,2,cloud,0.311,0.257,0.239,6402578.0,23297648.0,141.782,1665.0,6251.0,32.0,31.0,8802.0
tp_2_1,1788595062514230638,3,unused,0.0,0.0,0.0,473838.0,265675.0,22.805,210.0,405.0,0.0,0.0,0.0
tp_2_1,1788595063515195075,0,enterprise,0.091,0.06,0.058,34292708.0,65820483.0,99.918,1695.0,6251.0,9.0,7.0,2614.0
tp_2_1,1788595063515229527,1,enterprise,0.121,0.061,0.058,42073368.0,276066312.0,92.477,1695.0,6251.0,13.0,6.0,2614.0
tp_2_1,1788595063515238972,2,cloud,0.311,0.257,0.24,6419502.0,23297740.0,141.93,1590.0,6251.0,32.0,31.0,8802.0
tp_2_1,1788595063515244822,3,unused,0.0,0.0,0.0,472793.0,264642.0,22.854,210.0,405.0,0.0,0.0,0.0
tp_2_1,1788595064516187694,0,enterprise,0.09,0.06,0.057,35268733.0,66676061.0,100.715,1695.0,6251.0,13.0,7.0,2614.0
tp_2_1,1788595064516219261,1,enterprise,0.121,0.06,0.057,42999715.0,285051248.0,92.047,1695.0,6251.0,12.0,7.0,2614.0
tp_2_1,1788595064516229678,2,cloud,0.31,0.257,0.239,7936257.0,23321278.0,143.143,1680.0,6251.0,29.0,28.0,8802.0
tp_2_1,1788595064516236111,3,unused,0.0,0.0,0.0,466713.0,263130.0,22.848,210.0,405.0,0.0,0.0,0.0
tp_2_1,1788595065517309763,0,enterprise,0.096,0.06,0.058,38415846.0,102652896.0,100.51,1695.0,6251.0,8.0,7.0,2614.0
tp_2_1,1788595065517343933,1,enterprise,0.119,0.06,0.057,40918358.0,266311853.0,92.484,1695.0,6251.0,12.0,7.0,2614.0
tp_2_1,1788595065517351280,2,cloud,0.311,0.257,0.24,6347439.0,23264612.0,141.78,1680.0,6251.0,29.0,29.0,8802.0
tp_2_1,1788595065517358712,3,unused,0.0,0.0,0.0,451501.0,254001.0,22.799,210.0,405.0,0.0,0.0,0.0
tp_2_1,1788595066518293925,0,enterprise,0.09,0.06,0.057,33945381.0,62943078.0,98.908,1695.0,6251.0,8.0,6.0,2614.0
tp_2_1,1788595066518332005,1,enterprise,0.12,0.06,0.057,42588118.0,272726083.0,93.408,1695.0,6251.0,13.0,7.0,2614.0
tp_2_1,1788595066518342491,2,cloud,0.311,0.257,0.24,6451452.0,23356040.0,136.838,1665.0,6251.0,29.0,28.0,8802.0
tp_2_1,1788595066518348937,3,unused,0.0,0.0,0.0,473962.0,266476.0,22.805,210.0,405.0,0.0,0.0,0.0
tp_2_1,1788595067519372782,0,enterprise,0.087,0.06,0.057,31609214.0,42027123.0,98.62,1695.0,6251.0,9.0,7.0,2614.0
tp_2_1,1788595067519416535,1,enterprise,0.121,0.06,0.057,43066287.0,285596522.0,93.041,1695.0,6251.0,10.0,7.0,2614.0
tp_2_1,1788595067519428210,2,cloud,0.315,0.261,0.243,6566915.0,23636223.0,135.264,1635.0,6251.0,30.0,29.0,8802.0
tp_2_1,1788595067519441872,3,unused,0.0,0.0,0.0,449120.0,253011.0,22.804,210.0,405.0,0.0,0.0,0.0
tp_2_1,1788595068520471543,0,enterprise,0.09,0.06,0.057,34421061.0,67744746.0,98.916,1695.0,6251.0,10.0,7.0,2614.0
tp_2_1,1788595068520486778,1,enterprise,0.116,0.06,0.057,38739603.0,246551540.0,93.147,1695.0,6251.0,11.0,7.0,2614.0
tp_2_1,1788595068520492887,2,cloud,0.312,0.258,0.24,7900025.0,23364913.0,135.556,1665.0,6251.0,32.0,31.0,8802.0
tp_2_1,1788595068520498549,3,unused,0.0,0.0,0.0,451537.0,253735.0,22.854,210.0,405.0,0.0,0.0,0.0
tp_2_1,1788595069521478318,0,enterprise,0.089,0.06,0.057,33288615.0,57419886.0,100.551,1695.0,6251.0,9.0,7.0,2614.0
tp_2_1,1788595069521512132,1,enterprise,0.118,0.06,0.057,40631114.0,263672822.0,92.159,1695.0,6251.0,13.0,7.0,2614.0
tp_2_1,1788595069521522056,2,cloud,0.315,0.26,0.243,6486212.0,23597789.0,142.785,1650.0,6251.0,32.0,31.0,8802.0
tp_2_1,1788595069521527707,3,unused,0.0,0.0,0.0,451638.0,254587.0,22.854,210.0,405.0,0.0,0.0,0.0
tp_2_1,1788595070522431262,0,enterprise,0.11,0.06,0.058,50320550.0,201904428.0,99.935,1695.0,6251.0,11.0,7.0,2614.0
tp_2_1,1788595070522461078,1,enterprise,0.115,0.06,0.057,37583941.0,236339459.0,91.875,1695.0,6251.0,12.0,8.0,2614.0
tp_2_1,1788595070522470553,2,cloud,0.307,0.254,0.237,6341574.0,23035929.0,141.139,1665.0,6251.0,32.0,31.0,8802.0
tp_2_1,1788595070522475952,3,unused,0.0,0.0,0.0,469378.0,260878.0,22.799,210.0,405.0,0.0,0.0,0.0
tp_2_1,1788595071523572444,0,enterprise,0.095,0.06,0.057,37683904.0,97185956.0,100.495,1695.0,6251.0,10.0,7.0,2614.0
tp_2_1,1788595071523607364,1,enterprise,0.116,0.06,0.057,38719167.0,246676476.0,91.928,1695.0,6251.0,12.0,7.0,2614.0
tp_2_1,1788595071523613651,2,cloud,0.315,0.26,0.243,6534144.0,23605524.0,143.649,1680.0,6251.0,32.0,31.0,8802.0
tp_2_1,1788595071523619018,3,unused,0.0,0.0,0.0,462810.0,259662.0,22.791,210.0,405.0,0.0,0.0,0.0
tp_2_1,1788595072524590398,0,enterprise,0.101,0.06,0.058,42703497.0,142029670.0,101.105,1695.0,6251.0,7.0,6.0,2614.0
tp_2_1,1788595072524645150,1,enterprise,0.112,0.06,0.057,36653277.0,219399263.0,91.367,1695.0,6251.0,12.0,7.0,2614.0
tp_2_1,1788595072524652551,2,cloud,0.308,0.254,0.237,7842992.0,23104399.0,140.668,1650.0,6251.0,29.0,28.0,8802.0
tp_2_1,1788595072524658153,3,unused,0.0,0.0,0.0,452128.0,254290.0,22.791,210.0,405.0,0.0,0.0,0.0
tp_2_1,1788595073525565427,0,enterprise,0.096,0.06,0.057,38711925.0,106263513.0,99.042,1695.0,6251.0,8.0,7.0,2614.0
tp_2_1,1788595073525595536,1,enterprise,0.115,0.06,0.057,38124366.0,241266831.0,92.683,1695.0,6251.0,11.0,7.0,2614.0
tp_2_1,1788595073525604990,2,cloud,0.314,0.26,0.242,6530425.0,23576752.0,137.085,1665.0,6251.0,29.0,28.0,8802.0
tp_2_1,1788595073525610643,3,unused,0.0,0.0,0.0,450421.0,253966.0,22.798,210.0,405.0,0.0,0.0,0.0
tp_2_1,1788595074526674452,0,enterprise,0.095,0.06,0.058,37999013.0,99418052.0,99.044,1695.0,6251.0,8.0,6.0,2614.0
tp_2_1,1788595074526708541,1,enterprise,0.114,0.06,0.057,36838895.0,229698894.0,92.864,1695.0,6251.0,12.0,7.0,2614.0
tp_2_1,1788595074526715267,2,cloud,0.311,0.257,0.24,6423347.0,23339434.0,135.703,1665.0,6251.0,29.0,28.0,8802.0
tp_2_1,1788595074526720702,3,unused,0.0,0.0,0.0,450634.0,255104.0,22.805,210.0,405.0,0.0,0.0,0.0
tp_2_1,1788595075527672389,0,enterprise,0.11,0.06,0.058,50026023.0,198990537.0,97.182,1695.0,6251.0,10.0,7.0,2614.0
tp_2_1,1788595075527705156,1,enterprise,0.11,0.06,0.057,34207870.0,205965114.0,93.476,1695.0,6251.0,11.0,7.0,2614.0
tp_2_1,1788595075527714232,2,cloud,0.308,0.255,0.237,7831847.0,23106722.0,131.384,1665.0,6251.0,32.0,31.0,8802.0
tp_2_1,1788595075527719924,3,unused,0.0,0.0,0.0,451486.0,254215.0,22.799,210.0,405.0,0.0,0.0,0.0
tp_2_1,1788595076528645676,0,enterprise,0.089,0.06,0.057,33232466.0,57135985.0,99.423,1695.0,6251.0,9.0,7.0,2614.0
tp_2_1,1788595076528677563,1,enterprise,0.118,0.06,0.057,40238221.0,260184217.0,92.077,1695.0,6251.0,11.0,7.0,2614.0
tp_2_1,1788595076528687587,2,cloud,0.315,0.26,0.242,6453003.0,23529607.0,139.589,1665.0,6251.0,32.0,31.0,8802.0
tp_2_1,1788595076528693318,3,unused,0.0,0.0,0.0,452664.0,254591.0,22.793,210.0,405.0,0.0,0.0,0.0
tp_2_1,1788595077529748121,0,enterprise,0.096,0.06,0.058,38608291.0,105137349.0,99.559,1695.0,6251.0,12.0,7.0,2614.0
tp_2_1,1788595077529782822,1,enterprise,0.116,0.06,0.058,38506477.0,244393320.0,92.028,1695.0,6251.0,11.0,7.0,2614.0
tp_2_1,1788595077529789091,2,cloud,0.312,0.257,0.24,6329392.0,23279211.0,138.848,1665.0,6251.0,32.0,31.0,8802.0
tp_2_1,1788595077529794356,3,unused,0.0,0.0,0.0,451036.0,254535.0,22.793,210.0,405.0,0.0,0.0,0.0
tp_2_1,1788595078530754435,0,enterprise,0.095,0.06,0.058,37161467.0,91681988.0,100.57,1695.0,6251.0,9.0,7.0,2614.0
tp_2_1,1788595078530789661,1,enterprise,0.117,0.061,0.058,39405606.0,242912898.0,91.569,1695.0,6251.0,11.0,7.0,2614.0
tp_2_1,1788595078530799641,2,cloud,0.311,0.257,0.24,6311096.0,23233840.0,142.731,1650.0,6251.0,32.0,31.0,8802.0
tp_2_1,1788595078530806183,3,unused,0.0,0.0,0.0,451177.0,255057.0,22.793,210.0,405.0,0.0,0.0,0.0
tp_2_1,1788595079531760856,0,enterprise,0.093,0.062,0.059,35290210.0,67946345.0,99.404,1695.0,6251.0,13.0,7.0,2614.0
tp_2_1,1788595079531791776,1,enterprise,0.119,0.061,0.059,40418422.0,258650960.0,92.008,1695.0,6251.0,12.0,8.0,2614.0
tp_2_1,1788595079531800653,2,cloud,0.312,0.258,0.24,7882740.0,23360529.0,138.417,1665.0,6251.0,32.0,31.0,8802.0
tp_2_1,1788595079531806389,3,unused,0.0,0.0,0.0,451129.0,254078.0,22.743,210.0,405.0,0.0,0.0,0.0
tp_2_1,1788595080532902092,0,enterprise,0.094,0.06,0.058,36491235.0,86115322.0,99.679,1695.0,6251.0,10.0,7.0,2614.0
tp_2_1,1788595080532939766,1,enterprise,0.117,0.06,0.058,39480512.0,253214462.0,91.304,1695.0,6251.0,9.0,6.0,2614.0
tp_2_1,1788595080532946366,2,cloud,0.319,0.263,0.246,6492292.0,23857163.0,139.743,1650.0,6251.0,32.0,31.0,8802.0
tp_2_1,1788595080532951578,3,unused,0.0,0.0,0.0,463190.0,259813.0,22.743,210.0,405.0,0.0,0.0,0.0
tp_2_1,1788595081533899486,0,enterprise,0.103,0.06,0.058,45407075.0,158095983.0,99.102,1695.0,6251.0,9.0,7.0,2614.0
tp_2_1,1788595081533936015,1,enterprise,0.118,0.06,0.057,40634325.0,264086262.0,92.456,1695.0,6251.0,14.0,8.0,2614.0
tp_2_1,1788595081533945368,2,cloud,0.312,0.258,0.241,6497787.0,23397728.0,136.553,1665.0,6251.0,32.0,31.0,8802.0
tp_2_1,1788595081533950874,3,unused,0.0,0.0,0.0,451027.0,254242.0,22.791,210.0,405.0,0.0,0.0,0.0
tp_2_1,1788595082534902304,0,enterprise,0.087,0.06,0.058,31180170.0,38612156.0,100.092,1695.0,6251.0,9.0,7.0,2614.0
tp_2_1,1788595082534914935,1,enterprise,0.119,0.06,0.058,40798505.0,264742392.0,91.184,1695.0,6251.0,13.0,8.0,2614.0
tp_2_1,1788595082534922796,2,cloud,0.314,0.26,0.242,7899394.0,23496350.0,140.117,1665.0,6251.0,32.0,31.0,8802.0
tp_2_1,1788595082534928596,3,unused,0.0,0.0,0.0,453375.0,255946.0,22.797,210.0,405.0,0.0,0.0,0.0
tp_2_1,1788595083536002051,0,enterprise,0.094,0.062,0.059,36432436.0,78023929.0,99.538,1695.0,6251.0,9.0,7.0,2614.0
tp_2_1,1788595083536037304,1,enterprise,0.122,0.062,0.059,41153753.0,265089994.0,91.984,1695.0,6251.0,11.0,7.0,2614.0
tp_2_1,1788595083536043487,2,cloud,0.312,0.258,0.24,6306368.0,23285209.0,138.418,1680.0,6251.0,32.0,31.0,8802.0
tp_2_1,1788595083536048951,3,unused,0.0,0.0,0.0,460648.0,259082.0,22.805,210.0,405.0,0.0,0.0,0.0
tp_2_1,1788595084537007319,0,enterprise,0.092,0.061,0.058,35005262.0,71731494.0,99.916,1695.0,6251.0,9.0,7.0,2614.0
tp_2_1,1788595084537046459,1,enterprise,0.129,0.061,0.058,49776177.0,336799383.0,92.182,1695.0,6251.0,13.0,7.0,2614.0
tp_2_1,1788595084537058542,2,cloud,0.312,0.258,0.241,6321773.0,23277450.0,139.054,1680.0,6251.0,33.0,31.0,8802.0
tp_2_1,1788595084537064488,3,unused,0.0,0.0,0.0,449703.0,253626.0,22.805,210.0,405.0,0.0,0.0,0.0
tp_2_1,1788595085538003240,0,enterprise,0.085,0.06,0.058,30009872.0,27296379.0,99.685,1695.0,6251.0,11.0,7.0,2614.0
tp_2_1,1788595085538035989,1,enterprise,0.131,0.061,0.058,50010558.0,347996777.0,91.952,1695.0,6251.0,13.0,7.0,2614.0
tp_2_1,1788595085538045232,2,cloud,0.319,0.264,0.246,6474940.0,23829513.0,137.957,1635.0,6251.0,33.0,32.0,8802.0
tp_2_1,1788595085538050839,3,unused,0.0,0.0,0.0,452020.0,254229.0,22.755,210.0,405.0,0.0,0.0,0.0
tp_2_1,1788595086539120333,0,enterprise,0.088,0.06,0.058,32840612.0,44710499.0,99.926,1695.0,6251.0,9.0,8.0,2614.0
tp_2_1,1788595086539164253,1,enterprise,0.131,0.06,0.057,50049101.0,348242425.0,92.31,1695.0,6251.0,14.0,7.0,2614.0
tp_2_1,1788595086539170964,2,cloud,0.315,0.261,0.243,7955415.0,23567720.0,139.794,1680.0,6251.0,32.0,31.0,8802.0
tp_2_1,1788595086539176468,3,unused,0.0,0.0,0.0,452089.0,256082.0,22.755,210.0,405.0,0.0,0.0,0.0
tp_2_1,1788595087540116041,0,enterprise,0.085,0.06,0.058,29900069.0,26077210.0,99.406,1695.0,6251.0,9.0,8.0,2614.0
tp_2_1,1788595087540150102,1,enterprise,0.131,0.061,0.058,49669554.0,344346500.0,91.933,1695.0,6251.0,13.0,7.0,2614.0
tp_2_1,1788595087540159398,2,cloud,0.312,0.258,0.241,6362450.0,23277766.0,137.868,1635.0,6251.0,33.0,32.0,8802.0
tp_2_1,1788595087540165121,3,unused,0.0,0.0,0.0,455385.0,252369.0,22.799,210.0,405.0,0.0,0.0,0.0
tp_2_1,1788595088541052234,0,enterprise,0.089,0.062,0.06,31726062.0,34820270.0,99.78,1695.0,6251.0,9.0,8.0,2614.0
tp_2_1,1788595088541077002,1,enterprise,0.131,0.062,0.059,48735098.0,332906521.0,91.902,1695.0,6251.0,14.0,7.0,2614.0
tp_2_1,1788595088541086091,2,cloud,0.312,0.258,0.241,6349760.0,23323707.0,138.939,1635.0,6251.0,33.0,32.0,8802.0
tp_2_1,1788595088541091876,3,unused,0.0,0.0,0.0,450183.0,253610.0,22.749,210.0,405.0,0.0,0.0,0.0
tp_2_1,1788595089542104327,0,enterprise,0.088,0.06,0.058,32395017.0,49192188.0,99.425,1695.0,6251.0,9.0,8.0,2614.0
tp_2_1,1788595089542131531,1,enterprise,0.134,0.061,0.058,53143989.0,375966508.0,92.099,1695.0,6251.0,13.0,7.0,2614.0
tp_2_1,1788595089542140669,2,cloud,0.315,0.261,0.243,6433456.0,23544375.0,138.021,1605.0,6251.0,33.0,32.0,8802.0
tp_2_1,1788595089542146084,3,unused,0.0,0.0,0.0,462931.0,260462.0,22.705,210.0,405.0,0.0,0.0,0.0
tp_2_1,1788595090543095837,0,enterprise,0.087,0.06,0.058,31579586.0,42045917.0,99.454,1695.0,6251.0,9.0,8.0,2614.0
tp_2_1,1788595090543134064,1,enterprise,0.129,0.06,0.058,50006584.0,339478674.0,93.279,1695.0,6251.0,14.0,7.0,2614.0
tp_2_1,1788595090543144550,2,cloud,0.313,0.259,0.241,7891088.0,23391896.0,137.54,1680.0,6251.0,33.0,32.0,8802.0
tp_2_1,1788595090543150236,3,unused,0.0,0.0,0.0,462913.0,260961.0,22.755,210.0,405.0,0.0,0.0,0.0
tp_2_1,1788595091544069494,0,enterprise,0.086,0.06,0.058,30390119.0,31100273.0,99.735,1695.0,6251.0,9.0,8.0,2614.0
tp_2_1,1788595091544109410,1,enterprise,0.13,0.06,0.058,49758885.0,345706640.0,92.024,1695.0,6251.0,12.0,7.0,2614.0
tp_2_1,1788595091544118788,2,cloud,0.317,0.262,0.244,6509905.0,23692171.0,138.496,1680.0,6251.0,33.0,32.0,8802.0
tp_2_1,1788595091544124228,3,unused,0.0,0.0,0.0,450002.0,253221.0,22.755,210.0,405.0,0.0,0.0,0.0
tp_2_1,1788595092545227104,0,enterprise,0.095,0.06,0.058,38599314.0,96437778.0,99.637,1665.0,6251.0,15.0,6.0,2614.0
tp_2_1,1788595092545277511,1,enterprise,0.125,0.06,0.058,44694251.0,300363569.0,89.755,1695.0,6251.0,10.0,4.0,2614.0
tp_2_1,1788595092545288610,2,cloud,0.307,0.254,0.236,6320401.0,22936179.0,136.244,1680.0,6251.0,0.0,0.0,8802.0
tp_2_1,1788595092545294686,3,unused,0.0,0.0,0.0,462100.0,259264.0,22.755,210.0,405.0,0.0,0.0,0.0
tp_2_1,1788595093546247315,0,enterprise,0.074,0.042,0.029,469877807.0,389876963.0,104.783,1680.0,6251.0,0.0,0.0,2614.0
tp_2_1,1788595093546293451,1,enterprise,0.081,0.042,0.029,406644524.0,435302909.0,82.689,1680.0,6251.0,0.0,0.0,2614.0
tp_2_1,1788595093546306004,2,cloud,0.283,0.241,0.136,44469120.0,45716977.0,121.892,1620.0,6251.0,55.0,24.0,8802.0
tp_2_1,1788595093546311927,3,unused,0.0,0.0,0.0,452209.0,254844.0,22.756,210.0,405.0,0.0,0.0,0.0
tp_2_1,1788595094547233617,0,enterprise,0.097,0.051,0.038,540570440.0,646388475.0,98.028,1695.0,6251.0,12.0,8.0,2614.0
tp_2_1,1788595094547267959,1,enterprise,0.097,0.05,0.037,437270300.0,623117141.0,94.184,1695.0,6251.0,10.0,7.0,2614.0
tp_2_1,1788595094547278122,2,cloud,0.331,0.276,0.172,45360006.0,48734202.0,131.698,1650.0,6251.0,35.0,34.0,8802.0
tp_2_1,1788595094547283704,3,unused,0.0,0.0,0.0,450000.0,254237.0,22.756,210.0,405.0,0.0,0.0,0.0
tp_2_1,1788595095548335138,0,enterprise,0.108,0.057,0.058,176211361.0,686346018.0,99.062,1695.0,6251.0,7.0,6.0,2614.0
tp_2_1,1788595095548371844,1,enterprise,0.114,0.057,0.057,135812135.0,863879343.0,91.095,1695.0,6251.0,14.0,7.0,2614.0
tp_2_1,1788595095548378220,2,cloud,0.327,0.245,0.253,8573879.0,22787398.0,138.833,1680.0,6251.0,30.0,29.0,8802.0
tp_2_1,1788595095548383597,3,unused,0.0,0.0,0.0,451575.0,254265.0,22.806,210.0,405.0,0.0,0.0,0.0
tp_2_1,1788595096549335000,0,enterprise,0.099,0.057,0.058,150908662.0,458782694.0,98.794,1695.0,6251.0,8.0,6.0,2614.0
tp_2_1,1788595096549347489,1,enterprise,0.124,0.057,0.057,165644131.0,1132211736.0,91.61,1695.0,6251.0,13.0,7.0,2614.0
tp_2_1,1788595096549355111,2,cloud,0.331,0.248,0.256,7207895.0,23065775.0,135.631,1680.0,6251.0,29.0,28.0,8802.0
tp_2_1,1788595096549360498,3,unused,0.0,0.0,0.0,450083.0,253775.0,22.806,210.0,405.0,0.0,0.0,0.0
tp_2_1,1788595097550337286,0,enterprise,0.102,0.057,0.058,159174701.0,532811362.0,98.643,1695.0,6251.0,12.0,8.0,2614.0
tp_2_1,1788595097550371332,1,enterprise,0.121,0.057,0.057,157589979.0,1059835613.0,92.744,1695.0,6251.0,12.0,7.0,2614.0
tp_2_1,1788595097550381027,2,cloud,0.331,0.249,0.256,7074613.0,22999358.0,134.608,1650.0,6251.0,35.0,35.0,8802.0
tp_2_1,1788595097550387184,3,unused,0.0,0.0,0.0,450400.0,253667.0,22.755,210.0,405.0,0.0,0.0,0.0
tp_2_1,1788595098551478511,0,enterprise,0.111,0.057,0.058,189555676.0,806133461.0,99.829,1695.0,6251.0,16.0,8.0,2614.0
tp_2_1,1788595098551516602,1,enterprise,0.113,0.057,0.057,134124274.0,839817338.0,92.254,1695.0,6251.0,11.0,7.0,2614.0
tp_2_1,1788595098551523275,2,cloud,0.326,0.245,0.252,7009241.0,22673249.0,139.869,1665.0,6251.0,36.0,35.0,8802.0
tp_2_1,1788595098551528765,3,unused,0.0,0.0,0.0,451097.0,254791.0,22.757,210.0,405.0,0.0,0.0,0.0
tp_2_1,1788595099552491186,0,enterprise,0.107,0.056,0.056,177424428.0,717104362.0,98.588,1695.0,6251.0,10.0,7.0,2614.0
tp_2_1,1788595099552529760,1,enterprise,0.124,0.057,0.057,168230548.0,1158636554.0,91.238,1695.0,6251.0,13.0,7.0,2614.0
tp_2_1,1788595099552540478,2,cloud,0.328,0.246,0.253,8538334.0,22726879.0,137.815,1680.0,6251.0,29.0,28.0,8802.0
tp_2_1,1788595099552547152,3,unused,0.0,0.0,0.0,451117.0,254293.0,22.806,210.0,405.0,0.0,0.0,0.0
tp_2_1,1788595100553497145,0,enterprise,0.111,0.057,0.057,191168615.0,823226299.0,98.504,1695.0,6251.0,11.0,8.0,2614.0
tp_2_1,1788595100553532959,1,enterprise,0.111,0.056,0.056,130623102.0,826368157.0,92.727,1695.0,6251.0,12.0,7.0,2614.0
tp_2_1,1788595100553549354,2,cloud,0.331,0.248,0.255,7090919.0,22920638.0,133.095,1680.0,6251.0,36.0,35.0,8802.0
tp_2_1,1788595100553566357,3,unused,0.0,0.0,0.0,452162.0,254595.0,22.806,210.0,405.0,0.0,0.0,0.0
tp_2_1,1788595101554656966,0,enterprise,0.101,0.057,0.058,156636706.0,507249447.0,99.461,1695.0,6251.0,10.0,8.0,2614.0
tp_2_1,1788595101554704019,1,enterprise,0.119,0.058,0.058,147863945.0,969122262.0,92.638,1695.0,6251.0,12.0,7.0,2614.0
tp_2_1,1788595101554717426,2,cloud,0.33,0.248,0.255,6991650.0,22862168.0,137.73,1680.0,6251.0,36.0,35.0,8802.0
tp_2_1,1788595101554723961,3,unused,0.0,0.0,0.0,450941.0,254194.0,22.756,210.0,405.0,0.0,0.0,0.0
tp_2_1,1788595102555661243,0,enterprise,0.099,0.058,0.059,148051030.0,404429057.0,99.913,1695.0,6251.0,12.0,8.0,2614.0
tp_2_1,1788595102555704188,1,enterprise,0.123,0.059,0.059,158976605.0,1061771006.0,91.685,1695.0,6251.0,12.0,7.0,2614.0
tp_2_1,1788595102555715362,2,cloud,0.331,0.248,0.255,7001531.0,22882049.0,142.141,1635.0,6251.0,36.0,35.0,8802.0
tp_2_1,1788595102555721036,3,unused,0.0,0.0,0.0,451814.0,255417.0,22.754,210.0,405.0,0.0,0.0,0.0
tp_2_1,1788595103556656828,0,enterprise,0.099,0.056,0.057,150102689.0,476162279.0,99.291,1695.0,6251.0,10.0,7.0,2614.0
tp_2_1,1788595103556690179,1,enterprise,0.117,0.057,0.057,144874553.0,948127245.0,91.401,1695.0,6251.0,11.0,6.0,2614.0
tp_2_1,1788595103556699534,2,cloud,0.331,0.249,0.256,8523075.0,22905607.0,139.437,1650.0,6251.0,33.0,33.0,8802.0
tp_2_1,1788595103556705280,3,unused,0.0,0.0,0.0,457922.0,253383.0,22.806,210.0,405.0,0.0,0.0,0.0
tp_2_1,1788595104557755507,0,enterprise,0.093,0.057,0.058,129584524.0,266279398.0,99.529,1695.0,6251.0,8.0,6.0,2614.0
tp_2_1,1788595104557789625,1,enterprise,0.122,0.057,0.058,160484371.0,1077065525.0,91.405,1695.0,6251.0,12.0,7.0,2614.0
tp_2_1,1788595104557795969,2,cloud,0.331,0.248,0.255,7105153.0,23007794.0,138.206,1680.0,6251.0,35.0,34.0,8802.0
tp_2_1,1788595104557801421,3,unused,0.0,0.0,0.0,450807.0,253897.0,22.757,210.0,405.0,0.0,0.0,0.0
tp_2_1,1788595105558760284,0,enterprise,0.094,0.057,0.058,134606600.0,302341215.0,98.724,1695.0,6251.0,11.0,8.0,2614.0
tp_2_1,1788595105558796178,1,enterprise,0.127,0.058,0.058,173251304.0,1200522479.0,91.795,1695.0,6251.0,13.0,7.0,2614.0
tp_2_1,1788595105558804723,2,cloud,0.331,0.248,0.256,7130669.0,23016802.0,136.185,1650.0,6251.0,30.0,29.0,8802.0
tp_2_1,1788595105558811192,3,unused,0.0,0.0,0.0,451378.0,254441.0,22.755,210.0,405.0,0.0,0.0,0.0
tp_2_1,1788595106559764977,0,enterprise,0.098,0.057,0.057,145977415.0,414886261.0,99.165,1695.0,6251.0,11.0,8.0,2614.0
tp_2_1,1788595106559794601,1,enterprise,0.124,0.057,0.058,162737886.0,1105696970.0,93.557,1695.0,6251.0,12.0,7.0,2614.0
tp_2_1,1788595106559804624,2,cloud,0.332,0.248,0.256,8579774.0,22976526.0,133.172,1650.0,6251.0,36.0,35.0,8802.0
tp_2_1,1788595106559810395,3,unused,0.0,0.0,0.0,447993.0,253236.0,22.756,210.0,405.0,0.0,0.0,0.0
tp_2_1,1788595107560943394,0,enterprise,0.1,0.058,0.059,148668547.0,409837004.0,99.34,1695.0,6251.0,12.0,8.0,2614.0
tp_2_1,1788595107560993779,1,enterprise,0.121,0.058,0.058,151386272.0,1000392790.0,92.119,1695.0,6251.0,12.0,8.0,2614.0
tp_2_1,1788595107561001493,2,cloud,0.332,0.249,0.256,7070779.0,23003825.0,136.609,1680.0,6251.0,36.0,35.0,8802.0
tp_2_1,1788595107561007219,3,unused,0.0,0.0,0.0,452433.0,254970.0,22.708,210.0,405.0,0.0,0.0,0.0
tp_2_1,1788595108561961167,0,enterprise,0.098,0.057,0.058,144616410.0,399254962.0,99.673,1695.0,6251.0,10.0,8.0,2614.0
tp_2_1,1788595108562002205,1,enterprise,0.12,0.057,0.058,151418923.0,1003376190.0,92.38,1695.0,6251.0,16.0,7.0,2614.0
tp_2_1,1788595108562013472,2,cloud,0.333,0.249,0.256,7040903.0,23044344.0,137.421,1680.0,6251.0,33.0,32.0,8802.0
tp_2_1,1788595108562019208,3,unused,0.0,0.0,0.0,451329.0,253904.0,22.758,210.0,405.0,0.0,0.0,0.0
tp_2_1,1788595109562964484,0,enterprise,0.096,0.057,0.058,138049394.0,342139203.0,99.566,1695.0,6251.0,10.0,8.0,2614.0
tp_2_1,1788595109563002439,1,enterprise,0.125,0.058,0.058,168125834.0,1153659009.0,92.632,1695.0,6251.0,13.0,7.0,2614.0
tp_2_1,1788595109563008894,2,cloud,0.337,0.252,0.259,7142308.0,23260698.0,138.403,1680.0,6251.0,36.0,35.0,8802.0
tp_2_1,1788595109563014338,3,unused,0.0,0.0,0.0,449003.0,253231.0,22.806,210.0,405.0,0.0,0.0,0.0
tp_2_1,1788595110564101127,0,enterprise,0.102,0.057,0.058,157638666.0,518664808.0,100.534,1695.0,6251.0,11.0,8.0,2614.0
tp_2_1,1788595110564116398,1,enterprise,0.12,0.057,0.058,152308347.0,1003207558.0,91.466,1695.0,6251.0,12.0,7.0,2614.0
tp_2_1,1788595110564122373,2,cloud,0.334,0.249,0.257,8666858.0,23077757.0,141.97,1635.0,6251.0,36.0,35.0,8802.0
tp_2_1,1788595110564127606,3,unused,0.0,0.0,0.0,450575.0,255004.0,22.755,210.0,405.0,0.0,0.0,0.0
tp_2_1,1788595111565093466,0,enterprise,0.098,0.057,0.058,145370514.0,400779307.0,99.495,1695.0,6251.0,11.0,7.0,2614.0
tp_2_1,1788595111565124164,1,enterprise,0.119,0.057,0.058,149093575.0,982646132.0,91.574,1695.0,6251.0,12.0,7.0,2614.0
tp_2_1,1788595111565133862,2,cloud,0.336,0.251,0.259,7083314.0,23170151.0,139.262,1665.0,6251.0,33.0,32.0,8802.0
tp_2_1,1788595111565139349,3,unused,0.0,0.0,0.0,450031.0,253746.0,22.707,210.0,405.0,0.0,0.0,0.0
tp_2_1,1788595112566093483,0,enterprise,0.102,0.057,0.058,155767566.0,502326947.0,99.424,1695.0,6251.0,9.0,7.0,2614.0
tp_2_1,1788595112566135784,1,enterprise,0.12,0.057,0.058,149924537.0,990365558.0,91.503,1695.0,6251.0,11.0,7.0,2614.0
tp_2_1,1788595112566146899,2,cloud,0.338,0.253,0.26,7202405.0,23306597.0,139.027,1665.0,6251.0,33.0,32.0,8802.0
tp_2_1,1788595112566153129,3,unused,0.0,0.0,0.0,450623.0,253061.0,22.758,210.0,405.0,0.0,0.0,0.0
tp_2_1,1788595113567199756,0,enterprise,0.098,0.057,0.058,144960038.0,404021655.0,99.206,1695.0,6251.0,9.0,7.0,2614.0
tp_2_1,1788595113567233483,1,enterprise,0.119,0.058,0.058,147983897.0,972083256.0,91.671,1695.0,6251.0,11.0,7.0,2614.0
tp_2_1,1788595113567240486,2,cloud,0.333,0.249,0.257,7059588.0,23030153.0,138.585,1650.0,6251.0,34.0,33.0,8802.0
tp_2_1,1788595113567245829,3,unused,0.0,0.0,0.0,449731.0,253864.0,22.758,210.0,405.0,0.0,0.0,0.0
tp_2_1,1788595114568188694,0,enterprise,0.102,0.057,0.058,157724791.0,519254328.0,99.504,1695.0,6251.0,11.0,7.0,2614.0
tp_2_1,1788595114568218382,1,enterprise,0.118,0.057,0.058,145123309.0,947402687.0,91.397,1695.0,6251.0,14.0,7.0,2614.0
tp_2_1,1788595114568233429,2,cloud,0.334,0.25,0.257,8552220.0,23021800.0,138.972,1650.0,6251.0,30.0,29.0,8802.0
tp_2_1,1788595114568239129,3,unused,0.0,0.0,0.0,452644.0,255599.0,22.756,210.0,405.0,0.0,0.0,0.0
tp_2_1,1788595115569134011,0,enterprise,0.102,0.057,0.058,157998421.0,520693371.0,99.788,1695.0,6251.0,9.0,7.0,2614.0
tp_2_1,1788595115569165363,1,enterprise,0.12,0.058,0.058,151057985.0,999094241.0,92.598,1695.0,6251.0,12.0,8.0,2614.0
tp_2_1,1788595115569175126,2,cloud,0.334,0.25,0.257,7219113.0,23111544.0,135.406,1665.0,6251.0,30.0,29.0,8802.0
tp_2_1,1788595115569180752,3,unused,0.0,0.0,0.0,464477.0,260473.0,22.804,210.0,405.0,0.0,0.0,0.0
tp_2_1,1788595116570235812,0,enterprise,0.101,0.059,0.06,146845431.0,418254678.0,99.011,1695.0,6251.0,11.0,8.0,2614.0
tp_2_1,1788595116570271655,1,enterprise,0.119,0.059,0.059,145581772.0,934758322.0,92.643,1695.0,6251.0,12.0,8.0,2614.0
tp_2_1,1788595116570278051,2,cloud,0.334,0.25,0.257,7224207.0,23116650.0,136.102,1620.0,6251.0,33.0,32.0,8802.0
tp_2_1,1788595116570283422,3,unused,0.0,0.0,0.0,462936.0,260465.0,22.757,210.0,405.0,0.0,0.0,0.0
tp_2_1,1788595117571206925,0,enterprise,0.103,0.058,0.058,162884286.0,531287497.0,99.882,1695.0,6251.0,11.0,8.0,2614.0
tp_2_1,1788595117571241465,1,enterprise,0.119,0.058,0.058,145191099.0,945598076.0,92.871,1695.0,6251.0,13.0,7.0,2614.0
tp_2_1,1788595117571251259,2,cloud,0.334,0.25,0.258,7094207.0,23049687.0,136.653,1590.0,6251.0,36.0,35.0,8802.0
tp_2_1,1788595117571256770,3,unused,0.0,0.0,0.0,451300.0,253888.0,22.757,210.0,405.0,0.0,0.0,0.0
tp_2_1,1788595118572172326,0,enterprise,0.095,0.057,0.058,135230316.0,317629444.0,99.865,1695.0,6251.0,11.0,8.0,2614.0
tp_2_1,1788595118572200432,1,enterprise,0.12,0.057,0.057,151198770.0,1004140582.0,92.084,1695.0,6251.0,12.0,7.0,2614.0
tp_2_1,1788595118572209434,2,cloud,0.334,0.25,0.258,8584562.0,23057936.0,138.958,1680.0,6251.0,36.0,35.0,8802.0
tp_2_1,1788595118572215223,3,unused,0.0,0.0,0.0,452005.0,255525.0,22.755,210.0,405.0,0.0,0.0,0.0
tp_2_1,1788595119573244457,0,enterprise,0.1,0.058,0.059,148901344.0,435756492.0,100.58,1695.0,6251.0,11.0,8.0,2614.0
tp_2_1,1788595119573276058,1,enterprise,0.121,0.058,0.059,152306989.0,1008263210.0,92.558,1695.0,6251.0,12.0,8.0,2614.0
tp_2_1,1788595119573288269,2,cloud,0.334,0.25,0.258,7059253.0,23065049.0,138.724,1680.0,6251.0,36.0,35.0,8802.0
tp_2_1,1788595119573293572,3,unused,0.0,0.0,0.0,487094.0,268741.0,22.755,210.0,405.0,0.0,0.0,0.0
tp_2_1,1788595120574214860,0,enterprise,0.1,0.057,0.058,150322880.0,452202902.0,99.798,1695.0,6251.0,12.0,8.0,2614.0
tp_2_1,1788595120574258767,1,enterprise,0.12,0.058,0.058,151520993.0,1004470099.0,92.938,1695.0,6251.0,13.0,8.0,2614.0
tp_2_1,1788595120574265406,2,cloud,0.34,0.255,0.263,7174201.0,23498536.0,138.204,1680.0,6251.0,36.0,35.0,8802.0
tp_2_1,1788595120574270929,3,unused,0.0,0.0,0.0,452064.0,254254.0,22.755,210.0,405.0,0.0,0.0,0.0
tp_2_1,1788595121575159495,0,enterprise,0.105,0.058,0.058,166456788.0,598266950.0,99.671,1695.0,6251.0,13.0,8.0,2614.0
tp_2_1,1788595121575189230,1,enterprise,0.12,0.058,0.058,151610589.0,1005673815.0,93.515,1695.0,6251.0,12.0,8.0,2614.0
tp_2_1,1788595121575198513,2,cloud,0.34,0.254,0.262,7271991.0,23442877.0,138.015,1680.0,6251.0,36.0,35.0,8802.0
tp_2_1,1788595121575204226,3,unused,0.0,0.0,0.0,450888.0,254451.0,22.705,210.0,405.0,0.0,0.0,0.0
tp_2_1,1788595122576284967,0,enterprise,0.11,0.058,0.058,181959352.0,736791818.0,100.472,1695.0,6251.0,10.0,6.0,2614.0
tp_2_1,1788595122576314759,1,enterprise,0.117,0.058,0.058,140519220.0,897119329.0,91.505,1695.0,6251.0,12.0,7.0,2614.0
tp_2_1,1788595122576324522,2,cloud,0.328,0.246,0.253,8499252.0,22646352.0,142.312,1680.0,6251.0,31.0,30.0,8802.0
tp_2_1,1788595122576330286,3,unused,0.0,0.0,0.0,450509.0,254746.0,22.755,210.0,405.0,0.0,0.0,0.0
tp_2_1,1788595123577245925,0,enterprise,0.112,0.058,0.058,189398637.0,796238336.0,99.613,1695.0,6251.0,8.0,6.0,2614.0
tp_2_1,1788595123577268964,1,enterprise,0.117,0.058,0.058,139960666.0,900860442.0,91.934,1695.0,6251.0,12.0,7.0,2614.0
tp_2_1,1788595123577283752,2,cloud,0.339,0.254,0.262,7170431.0,23382835.0,138.06,1680.0,6251.0,30.0,29.0,8802.0
tp_2_1,1788595123577289528,3,unused,0.0,0.0,0.0,449458.0,253201.0,22.755,210.0,405.0,0.0,0.0,0.0
tp_2_1,1788595124578190270,0,enterprise,0.104,0.058,0.058,160780557.0,547560948.0,99.183,1695.0,6251.0,10.0,6.0,2614.0
tp_2_1,1788595124578203829,1,enterprise,0.12,0.058,0.058,149360242.0,985127099.0,91.859,1695.0,6251.0,12.0,7.0,2614.0
tp_2_1,1788595124578211817,2,cloud,0.337,0.252,0.26,7207752.0,23243349.0,136.162,1680.0,6251.0,29.0,29.0,8802.0
tp_2_1,1788595124578217253,3,unused,0.0,0.0,0.0,466463.0,261748.0,22.705,210.0,405.0,0.0,0.0,0.0
tp_2_1,1788595125579272613,0,enterprise,0.11,0.058,0.058,181799137.0,735343233.0,99.194,1695.0,6251.0,8.0,6.0,2614.0
tp_2_1,1788595125579297897,1,enterprise,0.114,0.058,0.058,133868437.0,845730257.0,92.353,1695.0,6251.0,12.0,8.0,2614.0
tp_2_1,1788595125579307303,2,cloud,0.335,0.251,0.259,7120203.0,23120418.0,135.477,1680.0,6251.0,30.0,29.0,8802.0
tp_2_1,1788595125579312833,3,unused,0.0,0.0,0.0,461853.0,259697.0,22.754,210.0,405.0,0.0,0.0,0.0
tp_2_1,1788595126580233601,0,enterprise,0.106,0.058,0.058,167691284.0,608528062.0,99.35,1695.0,6251.0,12.0,8.0,2614.0
tp_2_1,1788595126580261229,1,enterprise,0.118,0.058,0.058,145568122.0,950993565.0,93.039,1695.0,6251.0,12.0,8.0,2614.0
tp_2_1,1788595126580273035,2,cloud,0.335,0.251,0.259,8641929.0,23127968.0,133.21,1620.0,6251.0,32.0,32.0,8802.0
tp_2_1,1788595126580278866,3,unused,0.0,0.0,0.0,477083.0,267818.0,22.805,210.0,405.0,0.0,0.0,0.0
tp_2_1,1788595127581204612,0,enterprise,0.107,0.058,0.059,167591618.0,605584363.0,99.188,1695.0,6251.0,12.0,8.0,2614.0
tp_2_1,1788595127581233546,1,enterprise,0.119,0.059,0.059,142749670.0,922570019.0,92.87,1695.0,6251.0,12.0,8.0,2614.0
tp_2_1,1788595127581242759,2,cloud,0.335,0.251,0.259,7161757.0,23134426.0,136.348,1575.0,6251.0,35.0,34.0,8802.0
tp_2_1,1788595127581248453,3,unused,0.0,0.0,0.0,473563.0,266029.0,22.755,210.0,405.0,0.0,0.0,0.0
tp_2_1,1788595128582329337,0,enterprise,0.105,0.058,0.059,165826643.0,592145013.0,100.039,1695.0,6251.0,12.0,8.0,2614.0
tp_2_1,1788595128582364816,1,enterprise,0.114,0.058,0.058,131961229.0,820058512.0,93.664,1695.0,6251.0,11.0,8.0,2614.0
tp_2_1,1788595128582371327,2,cloud,0.335,0.251,0.259,7154309.0,23129809.0,138.95,1680.0,6251.0,36.0,35.0,8802.0
tp_2_1,1788595128582382042,3,unused,0.0,0.0,0.0,457791.0,256871.0,22.756,210.0,405.0,0.0,0.0,0.0
tp_2_1,1788595129583315920,0,enterprise,0.109,0.057,0.058,180963824.0,721990934.0,101.1,1695.0,6251.0,11.0,7.0,2614.0
tp_2_1,1788595129583349686,1,enterprise,0.11,0.057,0.057,122316035.0,745295986.0,92.516,1695.0,6251.0,11.0,7.0,2614.0
tp_2_1,1788595129583358520,2,cloud,0.335,0.251,0.26,7072876.0,23116677.0,141.368,1650.0,6251.0,35.0,34.0,8802.0
tp_2_1,1788595129583364105,3,unused,0.0,0.0,0.0,449578.0,254065.0,22.756,210.0,405.0,0.0,0.0,0.0
tp_2_1,1788595130584327895,0,enterprise,0.109,0.058,0.059,177895092.0,700063291.0,99.674,1695.0,6251.0,12.0,8.0,2614.0
tp_2_1,1788595130584364966,1,enterprise,0.112,0.058,0.058,124623122.0,762665259.0,92.319,1695.0,6251.0,11.0,8.0,2614.0
tp_2_1,1788595130584385109,2,cloud,0.334,0.251,0.259,8548173.0,23050339.0,137.061,1635.0,6251.0,30.0,30.0,8802.0
tp_2_1,1788595130584391148,3,unused,0.0,0.0,0.0,459881.0,259446.0,22.705,210.0,405.0,0.0,0.0,0.0
tp_2_1,1788595131585359705,0,enterprise,0.024,0.014,0.014,39054691.0,124160130.0,92.697,1695.0,6251.0,0.0,0.0,2614.0
tp_2_1,1788595131585388487,1,enterprise,0.027,0.014,0.014,30558604.0,182562607.0,87.279,1695.0,6251.0,0.0,0.0,2614.0
tp_2_1,1788595131585397337,2,cloud,0.071,0.054,0.056,2020835.0,5250813.0,109.026,1695.0,6251.0,0.0,0.0,8802.0
tp_2_1,1788595131585402714,3,unused,0.0,0.0,0.0,445095.0,250557.0,22.711,210.0,405.0,0.0,0.0,0.0
tp_2_1,1788595132586227788,0,enterprise,0.0,0.0,0.0,425230.0,241897.0,92.22,1695.0,6251.0,0.0,0.0,2614.0
tp_2_1,1788595132586266716,1,enterprise,0.0,0.0,0.0,408961.0,233255.0,85.036,1695.0,6251.0,0.0,0.0,2614.0
tp_2_1,1788595132586273171,2,cloud,0.0,0.0,0.0,397737.0,227642.0,108.526,1695.0,6251.0,0.0,0.0,8802.0
tp_2_1,1788595132586278625,3,unused,0.0,0.0,0.0,460852.0,259197.0,22.719,210.0,405.0,0.0,0.0,0.0
tp_2_1,1788595133587074745,0,enterprise,0.0,0.0,0.0,421639.0,238827.0,91.32,1695.0,6251.0,0.0,0.0,2614.0
tp_2_1,1788595133587097264,1,enterprise,0.0,0.0,0.0,421557.0,238781.0,84.121,1695.0,6251.0,0.0,0.0,2614.0
tp_2_1,1788595133587114469,2,cloud,0.0,0.0,0.0,391571.0,224045.0,106.393,1695.0,6251.0,0.0,0.0,8802.0
tp_2_1,1788595133587120360,3,unused,0.0,0.0,0.0,453541.0,254512.0,22.768,210.0,405.0,0.0,0.0,0.0
tp_2_1,1788595134588103813,0,enterprise,0.0,0.0,0.0,415880.0,237209.0,91.311,1695.0,6251.0,0.0,0.0,2614.0
tp_2_1,1788595134588126663,1,enterprise,0.0,0.0,0.0,399676.0,229622.0,84.418,1695.0,6251.0,0.0,0.0,2614.0
tp_2_1,1788595134588132933,2,cloud,0.0,0.0,0.0,418459.0,235192.0,106.283,1695.0,6251.0,0.0,0.0,8802.0
tp_2_1,1788595134588138295,3,unused,0.0,0.0,0.0,460348.0,259709.0,22.819,210.0,405.0,0.0,0.0,0.0
tp_2_1,1788595135589020123,0,enterprise,0.0,0.0,0.0,392616.0,224061.0,91.261,1695.0,6251.0,0.0,0.0,2614.0
tp_2_1,1788595135589052510,1,enterprise,0.0,0.0,0.0,410899.0,233199.0,84.716,1695.0,6251.0,0.0,0.0,2614.0
tp_2_1,1788595135589061708,2,cloud,0.0,0.0,0.0,397150.0,226070.0,106.108,1695.0,6251.0,0.0,0.0,8802.0
tp_2_1,1788595135589067656,3,unused,0.0,0.0,0.0,465384.0,260187.0,22.769,210.0,405.0,0.0,0.0,0.0
tp_2_1,1788595136589932116,0,enterprise,0.0,0.0,0.0,405300.0,231672.0,91.261,1695.0,6251.0,0.0,0.0,2614.0
tp_2_1,1788595136589955901,1,enterprise,0.0,0.0,0.0,404259.0,230641.0,84.743,1695.0,6251.0,0.0,0.0,2614.0
tp_2_1,1788595136589965266,2,cloud,0.0,0.0,0.0,395602.0,226567.0,105.958,1695.0,6251.0,0.0,0.0,8802.0
tp_2_1,1788595136589971495,3,unused,0.0,0.0,0.0,476547.0,266785.0,22.771,210.0,405.0,0.0,0.0,0.0
tp_2_1,1788595137591036155,0,enterprise,0.0,0.0,0.0,408867.0,232692.0,91.26,1695.0,6251.0,0.0,0.0,2614.0
tp_2_1,1788595137591074324,1,enterprise,0.0,0.0,0.0,405332.0,230673.0,84.771,1695.0,6251.0,0.0,0.0,2614.0
tp_2_1,1788595137591082310,2,cloud,0.0,0.0,0.0,403809.0,229657.0,105.836,1695.0,6251.0,0.0,0.0,8802.0
tp_2_1,1788595137591088539,3,unused,0.0,0.0,0.0,470518.0,259192.0,22.82,210.0,405.0,0.0,0.0,0.0
tp_2_1,1788595138591962705,0,enterprise,0.0,0.0,0.0,404301.0,231684.0,91.211,1695.0,6251.0,0.0,0.0,2614.0
tp_2_1,1788595138591975620,1,enterprise,0.0,0.0,0.0,404319.0,231694.0,84.77,1695.0,6251.0,0.0,0.0,2614.0
tp_2_1,1788595138591983355,2,cloud,0.0,0.0,0.0,405332.0,232709.0,105.787,1695.0,6251.0,0.0,0.0,8802.0
tp_2_1,1788595138591988730,3,unused,0.0,0.0,0.0,473056.0,266317.0,22.821,210.0,405.0,0.0,0.0,0.0
tp_2_1,1788595139592813232,0,enterprise,0.0,0.0,0.0,401762.0,228632.0,91.261,1695.0,6251.0,0.0,0.0,2614.0
tp_2_1,1788595139592835415,1,enterprise,0.0,0.0,0.0,404299.0,229645.0,84.771,1695.0,6251.0,0.0,0.0,2614.0
tp_2_1,1788595139592843966,2,cloud,0.0,0.0,0.0,395667.0,225077.0,105.737,1695.0,6251.0,0.0,0.0,8802.0
tp_2_1,1788595139592849397,3,unused,0.0,0.0,0.0,465416.0,260205.0,22.823,210.0,405.0,0.0,0.0,0.0
tp_2_1,1788595140593812785,0,enterprise,0.0,0.0,0.0,405339.0,231695.0,91.31,1695.0,6251.0,0.0,0.0,2614.0
tp_2_1,1788595140593839808,1,enterprise,0.0,0.0,0.0,399795.0,229181.0,84.423,1695.0,6251.0,0.0,0.0,2614.0
tp_2_1,1788595140593845958,2,cloud,0.0,0.0,0.0,399800.0,229184.0,105.638,1695.0,6251.0,0.0,0.0,8802.0
tp_2_1,1788595140593851308,3,unused,0.0,0.0,0.0,458891.0,257712.0,22.823,210.0,405.0,0.0,0.0,0.0
tp_2_1,1788595141594753179,0,enterprise,0.0,0.0,0.0,398783.0,227148.0,91.26,1695.0,6251.0,0.0,0.0,2614.0
tp_2_1,1788595141594777486,1,enterprise,0.0,0.0,0.0,400258.0,227627.0,84.423,1695.0,6251.0,0.0,0.0,2614.0
tp_2_1,1788595141594786219,2,cloud,0.0,0.0,0.0,407357.0,231175.0,105.538,1695.0,6251.0,0.0,0.0,8802.0
tp_2_1,1788595141594791817,3,unused,0.0,0.0,0.0,464893.0,260197.0,22.773,210.0,405.0,0.0,0.0,0.0
tp_2_1,1788595142595654841,0,enterprise,0.0,0.0,0.0,402263.0,231174.0,91.261,1695.0,6251.0,0.0,0.0,2614.0
tp_2_1,1788595142595680190,1,enterprise,0.0,0.0,0.0,403795.0,231685.0,84.423,1695.0,6251.0,0.0,0.0,2614.0
tp_2_1,1788595142595688925,2,cloud,0.0,0.0,0.0,406344.0,233215.0,105.488,1695.0,6251.0,0.0,0.0,8802.0
tp_2_1,1788595142595700422,3,unused,0.0,0.0,0.0,462340.0,260703.0,22.773,210.0,405.0,0.0,0.0,0.0
tp_2_1,1788595143596684805,0,enterprise,0.0,0.0,0.0,403284.0,229648.0,91.36,1695.0,6251.0,0.0,0.0,2614.0
tp_2_1,1788595143596707862,1,enterprise,0.0,0.0,0.0,401245.0,228119.0,84.473,1695.0,6251.0,0.0,0.0,2614.0
tp_2_1,1788595143596716755,2,cloud,0.0,0.0,0.0,409901.0,232192.0,105.439,1695.0,6251.0,0.0,0.0,8802.0
tp_2_1,1788595143596722304,3,unused,0.0,0.0,0.0,467957.0,261221.0,22.773,210.0,405.0,0.0,0.0,0.0
tp_2_1,1788595144597629669,0,enterprise,0.0,0.0,0.0,403791.0,230665.0,91.367,1695.0,6251.0,0.0,0.0,2614.0
tp_2_1,1788595144597671838,1,enterprise,0.0,0.0,0.0,402315.0,229676.0,84.523,1695.0,6251.0,0.0,0.0,2614.0
tp_2_1,1788595144597681965,2,cloud,0.0,0.0,0.0,405888.0,231717.0,105.439,1695.0,6251.0,0.0,0.0,8802.0
tp_2_1,1788595144597687665,3,unused,0.0,0.0,0.0,467518.0,262278.0,22.773,210.0,405.0,0.0,0.0,0.0
tp_2_1,1788595145598480568,0,enterprise,0.0,0.0,0.0,393675.0,224593.0,91.324,1695.0,6251.0,0.0,0.0,2614.0
tp_2_1,1788595145598504089,1,enterprise,0.0,0.0,0.0,411416.0,230149.0,84.522,1695.0,6251.0,0.0,0.0,2614.0
tp_2_1,1788595145598512786,2,cloud,0.0,0.0,0.0,406317.0,231163.0,105.489,1695.0,6251.0,0.0,0.0,8802.0
tp_2_1,1788595145598518399,3,unused,0.0,0.0,0.0,467907.0,262211.0,22.823,210.0,405.0,0.0,0.0,0.0
tp_2_1,1788595146599458834,0,enterprise,0.0,0.0,0.0,409859.0,234714.0,91.373,1695.0,6251.0,0.0,0.0,2614.0
tp_2_1,1788595146599480599,1,enterprise,0.0,0.0,0.0,402300.0,231195.0,84.871,1695.0,6251.0,0.0,0.0,2614.0
tp_2_1,1788595146599489085,2,cloud,0.0,0.0,0.0,405870.0,232726.0,105.489,1695.0,6251.0,0.0,0.0,8802.0
tp_2_1,1788595146599494703,3,unused,0.0,0.0,0.0,479715.0,269394.0,22.823,210.0,405.0,0.0,0.0,0.0
tp_2_1,1788595147600360203,0,enterprise,0.0,0.0,0.0,398743.0,227635.0,91.473,1695.0,6251.0,0.0,0.0,2614.0
tp_2_1,1788595147600387603,1,enterprise,0.0,0.0,0.0,412415.0,233702.0,84.871,1695.0,6251.0,0.0,0.0,2614.0
tp_2_1,1788595147600396563,2,cloud,0.0,0.0,0.0,405795.0,230646.0,105.439,1695.0,6251.0,0.0,0.0,8802.0
tp_2_1,1788595147600404450,3,unused,0.0,0.0,0.0,462825.0,258652.0,22.823,210.0,405.0,0.0,0.0,0.0
tp_2_1,1788595148601237867,0,enterprise,0.0,0.0,0.0,408338.0,232681.0,91.467,1695.0,6251.0,0.0,0.0,2614.0
tp_2_1,1788595148601260214,1,enterprise,0.0,0.0,0.0,402260.0,230154.0,84.573,1695.0,6251.0,0.0,0.0,2614.0
tp_2_1,1788595148601270139,2,cloud,0.0,0.0,0.0,403786.0,230152.0,105.39,1695.0,6251.0,0.0,0.0,8802.0
tp_2_1,1788595148601275810,3,unused,0.0,0.0,0.0,474041.0,265788.0,22.773,210.0,405.0,0.0,0.0,0.0
tp_2_1,1788595149602311516,0,enterprise,0.0,0.0,0.0,411430.0,229647.0,91.417,1695.0,6251.0,0.0,0.0,2614.0
tp_2_1,1788595149602340042,1,enterprise,0.0,0.0,0.0,402272.0,229142.0,84.672,1695.0,6251.0,0.0,0.0,2614.0
tp_2_1,1788595149602346327,2,cloud,0.0,0.0,0.0,405858.0,231191.0,105.439,1695.0,6251.0,0.0,0.0,8802.0
tp_2_1,1788595149602351727,3,unused,0.0,0.0,0.0,461369.0,258183.0,22.772,210.0,405.0,0.0,0.0,0.0
tp_2_1,1788595150603233254,0,enterprise,0.0,0.0,0.0,401276.0,230682.0,91.467,1695.0,6251.0,0.0,0.0,2614.0
tp_2_1,1788595150603254050,1,enterprise,0.0,0.0,0.0,400260.0,229665.0,84.672,1695.0,6251.0,0.0,0.0,2614.0
tp_2_1,1788595150603270073,2,cloud,0.0,0.0,0.0,406858.0,233218.0,105.489,1695.0,6251.0,0.0,0.0,8802.0
tp_2_1,1788595150603275996,3,unused,0.0,0.0,0.0,461854.0,260206.0,22.828,210.0,405.0,0.0,0.0,0.0
tp_2_1,1788595151604119926,0,enterprise,0.0,0.0,0.0,400250.0,227623.0,91.51,1695.0,6251.0,0.0,0.0,2614.0
tp_2_1,1788595151604142230,1,enterprise,0.0,0.0,0.0,402813.0,229669.0,84.672,1695.0,6251.0,0.0,0.0,2614.0
tp_2_1,1788595151604150919,2,cloud,0.0,0.0,0.0,403317.0,229666.0,105.489,1695.0,6251.0,0.0,0.0,8802.0
tp_2_1,1788595151604156397,3,unused,0.0,0.0,0.0,469004.0,261746.0,22.828,210.0,405.0,0.0,0.0,0.0
tp_2_1,1788595152605163103,0,enterprise,0.0,0.0,0.0,399227.0,228638.0,91.559,1695.0,6251.0,0.0,0.0,2614.0
tp_2_1,1788595152605178410,1,enterprise,0.0,0.0,0.0,394117.0,225573.0,84.721,1695.0,6251.0,0.0,0.0,2614.0
tp_2_1,1788595152605183954,2,cloud,0.0,0.0,0.0,412984.0,231189.0,105.538,1695.0,6251.0,0.0,0.0,8802.0
tp_2_1,1788595152605189201,3,unused,0.0,0.0,0.0,478160.0,267851.0,22.823,210.0,405.0,0.0,0.0,0.0
tp_2_1,1788595153606086767,0,enterprise,0.0,0.0,0.0,400267.0,228142.0,91.658,1695.0,6251.0,0.0,0.0,2614.0
tp_2_1,1788595153606109105,1,enterprise,0.0,0.0,0.0,396682.0,226093.0,84.771,1695.0,6251.0,0.0,0.0,2614.0
tp_2_1,1788595153606117777,2,cloud,0.0,0.0,0.0,402260.0,229135.0,105.588,1695.0,6251.0,0.0,0.0,8802.0
tp_2_1,1788595153606123176,3,unused,0.0,0.0,0.0,473545.0,264778.0,22.828,210.0,405.0,0.0,0.0,0.0
tp_2_1,1788595154606956484,0,enterprise,0.0,0.0,0.0,405288.0,232684.0,91.708,1695.0,6251.0,0.0,0.0,2614.0
tp_2_1,1788595154606979162,1,enterprise,0.0,0.0,0.0,393097.0,226591.0,85.168,1695.0,6251.0,0.0,0.0,2614.0
tp_2_1,1788595154606987633,2,cloud,0.0,0.0,0.0,398694.0,229134.0,105.638,1695.0,6251.0,0.0,0.0,8802.0
tp_2_1,1788595154606993384,3,unused,0.0,0.0,0.0,479654.0,269359.0,22.828,210.0,405.0,0.0,0.0,0.0
tp_2_1,1788595155608168354,0,enterprise,0.0,0.0,0.0,402243.0,228617.0,91.708,1695.0,6251.0,0.0,0.0,2614.0
tp_2_1,1788595155608203264,1,enterprise,0.0,0.0,0.0,391514.0,223504.0,84.82,1695.0,6251.0,0.0,0.0,2614.0
tp_2_1,1788595155608211648,2,cloud,0.0,0.0,0.0,396582.0,226036.0,105.737,1695.0,6251.0,0.0,0.0,8802.0
tp_2_1,1788595155608217073,3,unused,0.0,0.0,0.0,479054.0,266763.0,22.773,210.0,405.0,0.0,0.0,0.0
tp_2_1,1788595156609159319,0,enterprise,0.0,0.0,0.0,403717.0,230623.0,91.763,1695.0,6251.0,0.0,0.0,2614.0
tp_2_1,1788595156609197089,1,enterprise,0.0,0.0,0.0,400194.0,228609.0,84.82,1695.0,6251.0,0.0,0.0,2614.0
tp_2_1,1788595156609206723,2,cloud,0.0,0.0,0.0,400216.0,228622.0,105.787,1695.0,6251.0,0.0,0.0,8802.0
tp_2_1,1788595156609212279,3,unused,0.0,0.0,0.0,488810.0,269355.0,22.773,210.0,405.0,0.0,0.0,0.0
tp_2_1,1788595157610139013,0,enterprise,0.0,0.0,0.0,397682.0,227101.0,91.813,1695.0,6251.0,0.0,0.0,2614.0
tp_2_1,1788595157610171784,1,enterprise,0.0,0.0,0.0,395661.0,225583.0,85.217,1695.0,6251.0,0.0,0.0,2614.0
tp_2_1,1788595157610181125,2,cloud,0.0,0.0,0.0,399739.0,228131.0,105.836,1695.0,6251.0,0.0,0.0,8802.0
tp_2_1,1788595157610186845,3,unused,0.0,0.0,0.0,460333.0,257664.0,22.823,210.0,405.0,0.0,0.0,0.0
tp_2_1,1788595158611194748,0,enterprise,0.0,0.0,0.0,403296.0,231182.0,91.863,1695.0,6251.0,0.0,0.0,2614.0
tp_2_1,1788595158611228055,1,enterprise,0.0,0.0,0.0,397689.0,228633.0,84.969,1695.0,6251.0,0.0,0.0,2614.0
tp_2_1,1788595158611238207,2,cloud,0.0,0.0,0.0,402293.0,230682.0,105.886,1695.0,6251.0,0.0,0.0,8802.0
tp_2_1,1788595158611244039,3,unused,0.0,0.0,0.0,471038.0,265309.0,22.823,210.0,405.0,0.0,0.0,0.0
tp_2_1,1788595159612192930,0,enterprise,0.0,0.0,0.0,397210.0,226613.0,91.919,1695.0,6251.0,0.0,0.0,2614.0
tp_2_1,1788595159612232555,1,enterprise,0.0,0.0,0.0,398716.0,227110.0,85.019,1695.0,6251.0,0.0,0.0,2614.0
tp_2_1,1788595159612242427,2,cloud,0.0,0.0,0.0,400750.0,228127.0,105.886,1695.0,6251.0,0.0,0.0,8802.0
tp_2_1,1788595159612248032,3,unused,0.0,0.0,0.0,465445.0,260221.0,22.821,210.0,405.0,0.0,0.0,0.0
tp_2_1,1788595160613226410,0,enterprise,0.0,0.0,0.0,392605.0,225073.0,91.912,1695.0,6251.0,0.0,0.0,2614.0
tp_2_1,1788595160613261777,1,enterprise,0.0,0.0,0.0,398738.0,228141.0,85.019,1695.0,6251.0,0.0,0.0,2614.0
tp_2_1,1788595160613273156,2,cloud,0.0,0.0,0.0,395151.0,226092.0,105.936,1695.0,6251.0,0.0,0.0,8802.0
tp_2_1,1788595160613278959,3,unused,0.0,0.0,0.0,460298.0,258663.0,22.821,210.0,405.0,0.0,0.0,0.0
tp_2_1,1788595161614374601,0,enterprise,0.0,0.0,0.0,400736.0,228119.0,91.961,1695.0,6251.0,0.0,0.0,2614.0
tp_2_1,1788595161614414993,1,enterprise,0.0,0.0,0.0,399231.0,228132.0,85.069,1695.0,6251.0,0.0,0.0,2614.0
tp_2_1,1788595161614422371,2,cloud,0.0,0.0,0.0,402218.0,229621.0,105.986,1695.0,6251.0,0.0,0.0,8802.0
tp_2_1,1788595161614436870,3,unused,0.0,0.0,0.0,464846.0,260171.0,22.823,210.0,405.0,0.0,0.0,0.0
tp_2_1,1788595162615455199,0,enterprise,0.0,0.0,0.0,397137.0,229117.0,92.018,1695.0,6251.0,0.0,0.0,2614.0
tp_2_1,1788595162615502691,1,enterprise,0.0,0.0,0.0,411881.0,235724.0,85.118,1695.0,6251.0,0.0,0.0,2614.0
tp_2_1,1788595162615525803,2,cloud,0.0,0.0,0.0,400747.0,230162.0,106.035,1695.0,6251.0,0.0,0.0,8802.0
tp_2_1,1788595162615532198,3,unused,0.0,0.0,0.0,460791.0,259672.0,22.821,210.0,405.0,0.0,0.0,0.0
tp_2_1,1788595163616430549,0,enterprise,0.0,0.0,0.0,398645.0,227070.0,92.068,1695.0,6251.0,0.0,0.0,2614.0
tp_2_1,1788595163616458091,1,enterprise,0.0,0.0,0.0,402165.0,230099.0,85.168,1695.0,6251.0,0.0,0.0,2614.0
tp_2_1,1788595163616467522,2,cloud,0.0,0.0,0.0,403071.0,232071.0,106.184,1695.0,6251.0,0.0,0.0,8802.0
tp_2_1,1788595163616473056,3,unused,0.0,0.0,0.0,464863.0,263456.0,22.821,210.0,405.0,0.0,0.0,0.0
tp_2_1,1788595164617494276,0,enterprise,0.0,0.0,0.0,453033.0,265922.0,92.117,1695.0,6251.0,0.0,0.0,2614.0
tp_2_1,1788595164617519537,1,enterprise,0.0,0.0,0.0,457200.0,262928.0,85.218,1695.0,6251.0,0.0,0.0,2614.0
tp_2_1,1788595164617528427,2,cloud,0.0,0.0,0.0,412565.0,236042.0,106.282,1695.0,6251.0,0.0,0.0,8802.0
tp_2_1,1788595164617534348,3,unused,0.0,0.0,0.0,478022.0,268283.0,22.823,210.0,405.0,0.0,0.0,0.0
tp_2_1,1788595165618431171,0,enterprise,0.0,0.0,0.0,400315.0,229188.0,92.167,1695.0,6251.0,0.0,0.0,2614.0
tp_2_1,1788595165618453837,1,enterprise,0.0,0.0,0.0,391930.0,225996.0,85.218,1695.0,6251.0,0.0,0.0,2614.0
tp_2_1,1788595165618469548,2,cloud,0.0,0.0,0.0,449272.0,261524.0,106.283,1695.0,6251.0,0.0,0.0,8802.0
tp_2_1,1788595165618475515,3,unused,0.0,0.0,0.0,473186.0,266612.0,22.823,210.0,405.0,0.0,0.0,0.0
tp_2_1,1788595166619432872,0,enterprise,0.0,0.0,0.0,400925.0,232007.0,92.217,1695.0,6251.0,0.0,0.0,2614.0
tp_2_1,1788595166619452780,1,enterprise,0.0,0.0,0.0,401640.0,231618.0,85.615,1695.0,6251.0,0.0,0.0,2614.0
tp_2_1,1788595166619460810,2,cloud,0.0,0.0,0.0,818850.0,229888.0,106.292,1695.0,6251.0,0.0,0.0,8802.0
tp_2_1,1788595166619466309,3,unused,0.0,0.0,0.0,543306.0,309008.0,22.823,210.0,405.0,0.0,0.0,0.0
tp_2_1,1788595167620473218,0,enterprise,0.0,0.0,0.0,470463.0,272828.0,92.217,1695.0,6251.0,0.0,0.0,2614.0
tp_2_1,1788595167620497138,1,enterprise,0.0,0.0,0.0,389871.0,224886.0,85.317,1695.0,6251.0,0.0,0.0,2614.0
tp_2_1,1788595167620506971,2,cloud,0.0,0.0,0.0,404984.0,232218.0,106.327,1695.0,6251.0,0.0,0.0,8802.0
tp_2_1,1788595167620512620,3,unused,0.0,0.0,0.0,476903.0,268448.0,22.823,210.0,405.0,0.0,0.0,0.0
tp_2_1,1788595168621460265,0,enterprise,0.0,0.0,0.0,455763.0,268783.0,92.259,1695.0,6251.0,0.0,0.0,2614.0
tp_2_1,1788595168621495419,1,enterprise,0.0,0.0,0.0,500598.0,302593.0,85.367,1695.0,6251.0,0.0,0.0,2614.0
tp_2_1,1788595168621509252,2,cloud,0.0,0.0,0.0,525065.0,315039.0,106.562,1695.0,6251.0,0.0,0.0,8802.0
tp_2_1,1788595168621518649,3,unused,0.0,0.0,0.0,598771.0,352069.0,22.873,210.0,405.0,0.0,0.0,0.0
tp_2_1,1788595169622319484,0,enterprise,0.0,0.0,0.0,466340.0,272918.0,92.303,1695.0,6251.0,0.0,0.0,2614.0
tp_2_1,1788595169622345394,1,enterprise,0.0,0.0,0.0,457588.0,268364.0,85.743,1695.0,6251.0,0.0,0.0,2614.0
tp_2_1,1788595169622355338,2,cloud,0.0,0.0,0.0,479389.0,275242.0,106.531,1695.0,6251.0,0.0,0.0,8802.0
tp_2_1,1788595169622362148,3,unused,0.0,0.0,0.0,539237.0,307772.0,22.923,210.0,405.0,0.0,0.0,0.0
tp_2_1,1788595170623255621,0,enterprise,0.0,0.0,0.0,394852.0,226212.0,92.352,1695.0,6251.0,0.0,0.0,2614.0
tp_2_1,1788595170623279066,1,enterprise,0.0,0.0,0.0,386146.0,222110.0,85.395,1695.0,6251.0,0.0,0.0,2614.0
tp_2_1,1788595170623288525,2,cloud,0.0,0.0,0.0,395359.0,226720.0,106.481,1695.0,6251.0,0.0,0.0,8802.0
tp_2_1,1788595170623295707,3,unused,0.0,0.0,0.0,458023.0,257287.0,22.873,210.0,405.0,0.0,0.0,0.0
tp_2_1,1788595171624206989,0,enterprise,0.0,0.0,0.0,400443.0,228242.0,92.352,1695.0,6251.0,0.0,0.0,2614.0
tp_2_1,1788595171624238594,1,enterprise,0.0,0.0,0.0,378532.0,217032.0,85.416,1695.0,6251.0,0.0,0.0,2614.0
tp_2_1,1788595171624250617,2,cloud,0.0,0.0,0.0,397383.0,226202.0,106.431,1695.0,6251.0,0.0,0.0,8802.0
tp_2_1,1788595171624256413,3,unused,0.0,0.0,0.0,467179.0,260846.0,22.878,210.0,405.0,0.0,0.0,0.0
tp_2_1,1788595172625115440,0,enterprise,0.0,0.0,0.0,401473.0,228758.0,92.303,1695.0,6251.0,0.0,0.0,2614.0
tp_2_1,1788595172625139734,1,enterprise,0.0,0.0,0.0,380071.0,218056.0,85.813,1695.0,6251.0,0.0,0.0,2614.0
tp_2_1,1788595172625148512,2,cloud,0.0,0.0,0.0,395872.0,225703.0,106.382,1695.0,6251.0,0.0,0.0,8802.0
tp_2_1,1788595172625154163,3,unused,0.0,0.0,0.0,465158.0,260345.0,22.928,210.0,405.0,0.0,0.0,0.0
tp_2_1,1788595173626065444,0,enterprise,0.0,0.0,0.0,400960.0,228247.0,92.309,1695.0,6251.0,0.0,0.0,2614.0
tp_2_1,1788595173626089811,1,enterprise,0.0,0.0,0.0,379570.0,217552.0,85.515,1695.0,6251.0,0.0,0.0,2614.0
tp_2_1,1788595173626099108,2,cloud,0.0,0.0,0.0,395356.0,225190.0,106.432,1695.0,6251.0,0.0,0.0,8802.0
tp_2_1,1788595173626104775,3,unused,0.0,0.0,0.0,479421.0,266967.0,22.923,210.0,405.0,0.0,0.0,0.0
tp_2_1,1788595174626989345,0,enterprise,0.0,0.0,0.0,395470.0,227001.0,92.359,1695.0,6251.0,0.0,0.0,2614.0
tp_2_1,1788595174627016608,1,enterprise,0.0,0.0,0.0,382739.0,219871.0,85.465,1695.0,6251.0,0.0,0.0,2614.0
tp_2_1,1788595174627025320,2,cloud,0.0,0.0,0.0,394447.0,225980.0,106.531,1695.0,6251.0,0.0,0.0,8802.0
tp_2_1,1788595174627030869,3,unused,0.0,0.0,0.0,509927.0,279900.0,22.923,210.0,405.0,0.0,0.0,0.0
tp_2_1,1788595175627773119,0,enterprise,0.0,0.0,0.0,401925.0,228725.0,92.451,1695.0,6251.0,0.0,0.0,2614.0
tp_2_1,1788595175627796668,1,enterprise,0.0,0.0,0.0,381049.0,218543.0,85.785,1695.0,6251.0,0.0,0.0,2614.0
tp_2_1,1788595175627805064,2,cloud,0.0,0.0,0.0,396331.0,225674.0,106.546,1695.0,6251.0,0.0,0.0,8802.0
tp_2_1,1788595175627810575,3,unused,0.0,0.0,0.0,471221.0,263374.0,22.921,210.0,405.0,0.0,0.0,0.0
tp_2_1,1788595176628792214,0,enterprise,0.0,0.0,0.0,398900.0,227215.0,92.501,1695.0,6251.0,0.0,0.0,2614.0
tp_2_1,1788595176628817812,1,enterprise,0.0,0.0,0.0,384121.0,220079.0,85.487,1695.0,6251.0,0.0,0.0,2614.0
tp_2_1,1788595176628826336,2,cloud,0.0,0.0,0.0,397364.0,226701.0,106.519,1695.0,6251.0,0.0,0.0,8802.0
tp_2_1,1788595176628831985,3,unused,0.0,0.0,0.0,471225.0,263376.0,22.919,210.0,405.0,0.0,0.0,0.0
tp_2_1,1788595177629766962,0,enterprise,0.0,0.0,0.0,399892.0,227709.0,92.501,1695.0,6251.0,0.0,0.0,2614.0
tp_2_1,1788595177629791748,1,enterprise,0.0,0.0,0.0,389172.0,222092.0,85.466,1695.0,6251.0,0.0,0.0,2614.0
tp_2_1,1788595177629806038,2,cloud,0.0,0.0,0.0,395793.0,225658.0,106.554,1695.0,6251.0,0.0,0.0,8802.0
tp_2_1,1788595177629811611,3,unused,0.0,0.0,0.0,470161.0,262332.0,22.87,210.0,405.0,0.0,0.0,0.0
tp_2_1,1788595178630627310,0,enterprise,0.0,0.0,0.0,403431.0,230750.0,92.507,1695.0,6251.0,0.0,0.0,2614.0
tp_2_1,1788595178630649290,1,enterprise,0.0,0.0,0.0,388230.0,223156.0,85.466,1695.0,6251.0,0.0,0.0,2614.0
tp_2_1,1788595178630655210,2,cloud,0.0,0.0,0.0,394805.0,226185.0,106.531,1695.0,6251.0,0.0,0.0,8802.0
tp_2_1,1788595178630663984,3,unused,0.0,0.0,0.0,467144.0,262355.0,22.872,210.0,405.0,0.0,0.0,0.0
tp_2_1,1788595179631578301,0,enterprise,0.0,0.0,0.0,394307.0,224663.0,92.514,1695.0,6251.0,0.0,0.0,2614.0
tp_2_1,1788595179631604886,1,enterprise,0.0,0.0,0.0,396342.0,225680.0,85.565,1695.0,6251.0,0.0,0.0,2614.0
tp_2_1,1788595179631611056,2,cloud,0.0,0.0,0.0,394815.0,225172.0,106.481,1695.0,6251.0,0.0,0.0,8802.0
tp_2_1,1788595179631616491,3,unused,0.0,0.0,0.0,482440.0,268475.0,22.873,210.0,405.0,0.0,0.0,0.0
tp_2_1,1788595180632494276,0,enterprise,0.0,0.0,0.0,393305.0,224673.0,92.514,1695.0,6251.0,0.0,0.0,2614.0
tp_2_1,1788595180632508140,1,enterprise,0.0,0.0,0.0,397385.0,226713.0,85.565,1695.0,6251.0,0.0,0.0,2614.0
tp_2_1,1788595180632515450,2,cloud,0.0,0.0,0.0,396871.0,226201.0,106.58,1695.0,6251.0,0.0,0.0,8802.0
tp_2_1,1788595180632520600,3,unused,0.0,0.0,0.0,469723.0,262372.0,22.823,210.0,405.0,0.0,0.0,0.0
tp_2_1,1788595181633322728,0,enterprise,0.0,0.0,0.0,395830.0,225679.0,92.514,1695.0,6251.0,0.0,0.0,2614.0
tp_2_1,1788595181633350538,1,enterprise,0.0,0.0,0.0,410067.0,229230.0,85.565,1695.0,6251.0,0.0,0.0,2614.0
tp_2_1,1788595181633358860,2,cloud,0.0,0.0,0.0,396818.0,226171.0,106.68,1695.0,6251.0,0.0,0.0,8802.0
tp_2_1,1788595181633364187,3,unused,0.0,0.0,0.0,470166.0,262845.0,22.823,210.0,405.0,0.0,0.0,0.0
tp_2_1,1788595182634390169,0,enterprise,0.0,0.0,0.0,413619.0,235844.0,92.563,1695.0,6251.0,0.0,0.0,2614.0
tp_2_1,1788595182634426845,1,enterprise,0.0,0.0,0.0,416678.0,237374.0,85.614,1695.0,6251.0,0.0,0.0,2614.0
tp_2_1,1788595182634435827,2,cloud,0.0,0.0,0.0,386166.0,222122.0,106.68,1695.0,6251.0,0.0,0.0,8802.0
tp_2_1,1788595182634441466,3,unused,0.0,0.0,0.0,454904.0,255724.0,22.872,210.0,405.0,0.0,0.0,0.0
tp_2_1,1788595183635516304,0,enterprise,0.0,0.0,0.0,411103.0,233315.0,92.606,1695.0,6251.0,0.0,0.0,2614.0
tp_2_1,1788595183635598893,1,enterprise,0.0,0.0,0.0,411088.0,233306.0,85.664,1695.0,6251.0,0.0,0.0,2614.0
tp_2_1,1788595183635606746,2,cloud,0.0,0.0,0.0,387136.0,221075.0,106.729,1695.0,6251.0,0.0,0.0,8802.0
tp_2_1,1788595183635612223,3,unused,0.0,0.0,0.0,461454.0,258231.0,22.923,210.0,405.0,0.0,0.0,0.0
tp_2_1,1788595184636689172,0,enterprise,0.0,0.0,0.0,416649.0,236339.0,92.649,1695.0,6251.0,0.0,0.0,2614.0
tp_2_1,1788595184636734377,1,enterprise,0.0,0.0,0.0,411235.0,233610.0,86.061,1695.0,6251.0,0.0,0.0,2614.0
tp_2_1,1788595184636740948,2,cloud,0.0,0.0,0.0,393417.0,224955.0,106.779,1695.0,6251.0,0.0,0.0,8802.0
tp_2_1,1788595184636748137,3,unused,0.0,0.0,0.0,450988.0,253489.0,22.921,210.0,405.0,0.0,0.0,0.0
tp_2_1,1788595185637696151,0,enterprise,0.0,0.0,0.0,470787.0,259060.0,92.705,1695.0,6251.0,0.0,0.0,2614.0
tp_2_1,1788595185637743047,1,enterprise,0.0,0.0,0.0,415609.0,235308.0,85.763,1695.0,6251.0,0.0,0.0,2614.0
tp_2_1,1788595185637752128,2,cloud,0.0,0.0,0.0,387614.0,221057.0,106.779,1695.0,6251.0,0.0,0.0,8802.0
tp_2_1,1788595185637757827,3,unused,0.0,0.0,0.0,453313.0,254161.0,22.921,210.0,405.0,0.0,0.0,0.0
tp_2_1,1788595186638625730,0,enterprise,0.0,0.0,0.0,422752.0,239899.0,92.762,1695.0,6251.0,0.0,0.0,2614.0
tp_2_1,1788595186638664401,1,enterprise,0.0,0.0,0.0,410004.0,233778.0,85.813,1695.0,6251.0,0.0,0.0,2614.0
tp_2_1,1788595186638673846,2,cloud,0.0,0.0,0.0,387061.0,222560.0,106.828,1695.0,6251.0,0.0,0.0,8802.0
tp_2_1,1788595186638679218,3,unused,0.0,0.0,0.0,462437.0,259229.0,22.923,210.0,405.0,0.0,0.0,0.0
tp_2_1,1788595187639683384,0,enterprise,0.0,0.0,0.0,403354.0,229688.0,92.755,1695.0,6251.0,0.0,0.0,2614.0
tp_2_1,1788595187639715313,1,enterprise,0.0,0.0,0.0,395714.0,225613.0,85.813,1695.0,6251.0,0.0,0.0,2614.0
tp_2_1,1788595187639725687,2,cloud,0.0,0.0,0.0,396758.0,226136.0,106.878,1695.0,6251.0,0.0,0.0,8802.0
tp_2_1,1788595187639731485,3,unused,0.0,0.0,0.0,481836.0,268931.0,22.923,210.0,405.0,0.0,0.0,0.0
tp_2_1,1788595188640697346,0,enterprise,0.0,0.0,0.0,405463.0,230747.0,92.705,1695.0,6251.0,0.0,0.0,2614.0
tp_2_1,1788595188640747378,1,enterprise,0.0,0.0,0.0,392225.0,223619.0,85.813,1695.0,6251.0,0.0,0.0,2614.0
tp_2_1,1788595188640753848,2,cloud,0.0,0.0,0.0,404946.0,226668.0,106.927,1695.0,6251.0,0.0,0.0,8802.0
tp_2_1,1788595188640759274,3,unused,0.0,0.0,0.0,476760.0,265885.0,22.923,210.0,405.0,0.0,0.0,0.0
tp_2_1,1788595189641532580,0,enterprise,0.0,0.0,0.0,407475.0,231242.0,92.762,1695.0,6251.0,0.0,0.0,2614.0
tp_2_1,1788595189641584315,1,enterprise,0.0,0.0,0.0,394301.0,225169.0,85.863,1695.0,6251.0,0.0,0.0,2614.0
tp_2_1,1788595189641603828,2,cloud,0.0,0.0,0.0,395325.0,225682.0,107.026,1695.0,6251.0,0.0,0.0,8802.0
tp_2_1,1788595189641609820,3,unused,0.0,0.0,0.0,469200.0,262364.0,22.923,210.0,405.0,0.0,0.0,0.0
tp_2_1,1788595190642488679,0,enterprise,0.0,0.0,0.0,398373.0,228223.0,92.854,1695.0,6251.0,0.0,0.0,2614.0
tp_2_1,1788595190642515881,1,enterprise,0.0,0.0,0.0,394809.0,226187.0,85.912,1695.0,6251.0,0.0,0.0,2614.0
tp_2_1,1788595190642522443,2,cloud,0.0,0.0,0.0,397864.0,227205.0,107.125,1695.0,6251.0,0.0,0.0,8802.0
tp_2_1,1788595190642527981,3,unused,0.0,0.0,0.0,472235.0,264390.0,22.923,210.0,405.0,0.0,0.0,0.0
tp_2_2,1788598106072423128,0,enterprise,0.0,0.0,0.0,5122666.0,3569246.0,92.448,1695.0,6251.0,0.0,0.0,2070.0
tp_2_2,1788598106072436491,1,enterprise,0.0,0.0,0.0,4285071.0,3011970.0,85.113,1695.0,6251.0,0.0,0.0,2070.0
tp_2_2,1788598106072442951,2,cloud,0.0,0.0,0.0,3943055.0,2812251.0,104.9,1695.0,6251.0,0.0,0.0,4254.0
tp_2_2,1788598106072453460,3,cloud,0.0,0.0,0.0,3864564.0,2758732.0,86.422,1695.0,6251.0,0.0,0.0,4254.0
tp_2_2,1788598107074661233,0,enterprise,0.031,0.02,0.018,72423008.0,63946920.0,97.158,1695.0,6251.0,9.0,7.0,2070.0
tp_2_2,1788598107074696783,1,enterprise,0.045,0.02,0.018,69252858.0,158110811.0,88.498,1695.0,6251.0,12.0,6.0,2070.0
tp_2_2,1788598107074704277,2,cloud,0.13,0.047,0.041,200854461.0,496702199.0,114.544,1695.0,6251.0,36.0,14.0,4268.0
tp_2_2,1788598107074714940,3,cloud,0.081,0.047,0.041,153036534.0,153200272.0,91.305,1695.0,6251.0,14.0,11.0,4268.0
tp_2_2,1788598108075670171,0,enterprise,0.075,0.054,0.051,26714577.0,21840501.0,100.037,1695.0,6251.0,6.0,5.0,2070.0
tp_2_2,1788598108075704913,1,enterprise,0.117,0.054,0.051,44957756.0,312210309.0,92.766,1695.0,6251.0,13.0,7.0,2070.0
tp_2_2,1788598108075713731,2,cloud,0.332,0.113,0.105,148582631.0,1192625339.0,121.183,1695.0,6251.0,29.0,11.0,4268.0
tp_2_2,1788598108075733838,3,cloud,0.172,0.111,0.106,23506510.0,74013771.0,101.229,1695.0,6251.0,19.0,15.0,4268.0
tp_2_2,1788598109076610929,0,enterprise,0.075,0.053,0.051,26536797.0,21221777.0,100.597,1695.0,6251.0,9.0,7.0,2070.0
tp_2_2,1788598109076644719,1,enterprise,0.117,0.054,0.051,45324042.0,315568886.0,92.198,1695.0,6251.0,12.0,6.0,2070.0
tp_2_2,1788598109076651369,2,cloud,0.327,0.11,0.103,148452984.0,1194655639.0,121.892,1695.0,6251.0,33.0,14.0,4268.0
tp_2_2,1788598109076661173,3,cloud,0.17,0.108,0.103,24604620.0,87745894.0,100.828,1695.0,6251.0,15.0,11.0,4268.0
tp_2_2,1788598110077548081,0,enterprise,0.077,0.052,0.05,28496613.0,46048706.0,100.778,1695.0,6251.0,9.0,7.0,2070.0
tp_2_2,1788598110077585860,1,enterprise,0.122,0.052,0.049,50962937.0,369635094.0,92.17,1695.0,6251.0,8.0,5.0,2070.0
tp_2_2,1788598110077601989,2,cloud,0.235,0.109,0.104,75926166.0,532523861.0,121.646,1695.0,6251.0,25.0,15.0,4268.0
tp_2_2,1788598110077616009,3,cloud,0.278,0.11,0.104,106671556.0,815068005.0,100.806,1695.0,6251.0,29.0,11.0,4268.0
tp_2_2,1788598111078463254,0,enterprise,0.072,0.051,0.049,25417029.0,19481721.0,100.577,1695.0,6251.0,9.0,5.0,2070.0
tp_2_2,1788598111078494128,1,enterprise,0.116,0.052,0.049,45959071.0,324969927.0,91.739,1695.0,6251.0,13.0,7.0,2070.0
tp_2_2,1788598111078500583,2,cloud,0.181,0.109,0.104,32208207.0,147833834.0,122.205,1695.0,6251.0,15.0,12.0,4268.0
tp_2_2,1788598111078515539,3,cloud,0.401,0.112,0.104,202839363.0,1688919544.0,100.851,1695.0,6251.0,49.0,15.0,4268.0
tp_2_2,1788598112079418525,0,enterprise,0.072,0.045,0.041,139788370.0,138775182.0,98.082,1695.0,6251.0,8.0,5.0,2070.0
tp_2_2,1788598112079459671,1,enterprise,0.101,0.046,0.042,132762958.0,323685062.0,99.227,1695.0,6251.0,12.0,7.0,2070.0
tp_2_2,1788598112079467469,2,cloud,0.168,0.098,0.086,320002801.0,331221703.0,115.096,1680.0,6251.0,25.0,13.0,4268.0
tp_2_2,1788598112079477915,3,cloud,0.318,0.1,0.086,414012604.0,1348426184.0,94.072,1680.0,6251.0,47.0,15.0,4268.0
tp_2_2,1788598113080377703,0,enterprise,0.087,0.047,0.046,228038465.0,433828207.0,101.524,1695.0,6251.0,11.0,8.0,2070.0
tp_2_2,1788598113080416115,1,enterprise,0.106,0.047,0.045,220857455.0,931435465.0,91.83,1695.0,6251.0,8.0,6.0,2070.0
tp_2_2,1788598113080422700,2,cloud,0.185,0.103,0.101,352857960.0,317520128.0,122.264,1695.0,6251.0,19.0,15.0,4268.0
tp_2_2,1788598113080432710,3,cloud,0.379,0.108,0.101,889536727.0,5332921409.0,102.115,1695.0,6251.0,34.0,11.0,4268.0
tp_2_2,1788598114081355322,0,enterprise,0.091,0.048,0.05,148594879.0,523180128.0,100.57,1695.0,6251.0,7.0,5.0,2070.0
tp_2_2,1788598114081392691,1,enterprise,0.106,0.049,0.05,137832357.0,910758313.0,92.594,1695.0,6251.0,12.0,7.0,2070.0
tp_2_2,1788598114081399316,2,cloud,0.178,0.095,0.102,106469342.0,476323277.0,123.692,1695.0,6251.0,14.0,11.0,4268.0
tp_2_2,1788598114081409149,3,cloud,0.391,0.101,0.103,737306450.0,6174089718.0,102.161,1695.0,6251.0,47.0,16.0,4268.0
tp_2_2,1788598115082312071,0,enterprise,0.086,0.048,0.05,132503603.0,388246208.0,101.96,1695.0,6251.0,8.0,5.0,2070.0
tp_2_2,1788598115082349077,1,enterprise,0.108,0.049,0.05,143650724.0,971910940.0,90.774,1695.0,6251.0,9.0,5.0,2070.0
tp_2_2,1788598115082363300,2,cloud,0.177,0.096,0.104,100679361.0,418552702.0,123.267,1695.0,6251.0,17.0,13.0,4268.0
tp_2_2,1788598115082373728,3,cloud,0.385,0.102,0.104,725430110.0,6063155396.0,102.668,1695.0,6251.0,40.0,13.0,4268.0
tp_2_2,1788598116083294742,0,enterprise,0.085,0.048,0.05,131809362.0,382961325.0,100.698,1695.0,6251.0,9.0,7.0,2070.0
tp_2_2,1788598116083336993,1,enterprise,0.108,0.049,0.05,144868933.0,982934846.0,91.955,1695.0,6251.0,13.0,7.0,2070.0
tp_2_2,1788598116083346251,2,cloud,0.167,0.095,0.103,76312476.0,193200460.0,123.307,1695.0,6251.0,16.0,13.0,4268.0
tp_2_2,1788598116083360370,3,cloud,0.395,0.101,0.103,753218231.0,6307809363.0,102.392,1695.0,6251.0,41.0,13.0,4268.0
tp_2_2,1788598117084298817,0,enterprise,0.082,0.046,0.048,123826097.0,339891620.0,100.429,1695.0,6251.0,7.0,5.0,2176.0
tp_2_2,1788598117084345678,1,enterprise,0.106,0.047,0.048,145859588.0,1004143002.0,93.06,1695.0,6251.0,10.0,5.0,2176.0
tp_2_2,1788598117084352844,2,cloud,0.17,0.097,0.104,79067554.0,221478440.0,123.156,1695.0,6251.0,17.0,13.0,4268.0
tp_2_2,1788598117084362957,3,cloud,0.409,0.103,0.105,791885719.0,6657309653.0,101.527,1695.0,6251.0,40.0,14.0,4268.0
tp_2_2,1788598118085249315,0,enterprise,0.085,0.05,0.043,292357271.0,332599781.0,105.349,1695.0,6251.0,9.0,7.0,2196.0
tp_2_2,1788598118085293919,1,enterprise,0.108,0.049,0.043,266325200.0,648013795.0,93.432,1695.0,6251.0,13.0,7.0,2196.0
tp_2_2,1788598118085301773,2,cloud,0.206,0.113,0.094,672615711.0,948730832.0,122.175,1695.0,6251.0,19.0,13.0,4394.0
tp_2_2,1788598118085312675,3,cloud,0.33,0.115,0.093,837443326.0,2776833575.0,101.875,1695.0,6251.0,30.0,12.0,4394.0
tp_2_2,1788598119086219210,0,enterprise,0.072,0.052,0.05,25197635.0,17161990.0,101.474,1695.0,6251.0,8.0,7.0,2196.0
tp_2_2,1788598119086256094,1,enterprise,0.118,0.052,0.049,47568946.0,339330040.0,93.675,1695.0,6251.0,9.0,5.0,2196.0
tp_2_2,1788598119086263279,2,cloud,0.179,0.112,0.107,28120346.0,99452364.0,123.773,1695.0,6251.0,19.0,15.0,4394.0
tp_2_2,1788598119086273479,3,cloud,0.398,0.115,0.107,192975929.0,1588478362.0,102.018,1695.0,6251.0,38.0,12.0,4394.0
tp_2_2,1788598120087170677,0,enterprise,0.076,0.054,0.052,26819424.0,23713626.0,101.394,1695.0,6251.0,8.0,7.0,2196.0
tp_2_2,1788598120087211712,1,enterprise,0.123,0.054,0.051,49335044.0,351903478.0,92.814,1695.0,6251.0,14.0,7.0,2196.0
tp_2_2,1788598120087218456,2,cloud,0.163,0.108,0.103,18787481.0,29366365.0,123.986,1695.0,6251.0,14.0,11.0,4394.0
tp_2_2,1788598120087232906,3,cloud,0.414,0.112,0.104,211820441.0,1771177866.0,102.109,1695.0,6251.0,45.0,14.0,4394.0
tp_2_2,1788598121088149343,0,enterprise,0.073,0.052,0.05,26304876.0,18058666.0,101.305,1695.0,6251.0,9.0,7.0,2196.0
tp_2_2,1788598121088158253,1,enterprise,0.124,0.053,0.05,51300732.0,372040520.0,93.188,1695.0,6251.0,10.0,5.0,2196.0
tp_2_2,1788598121088166096,2,cloud,0.17,0.111,0.106,21616090.0,51489028.0,124.2,1695.0,6251.0,20.0,16.0,4394.0
tp_2_2,1788598121088172085,3,cloud,0.403,0.114,0.106,198114635.0,1645214235.0,102.229,1695.0,6251.0,35.0,12.0,4394.0
tp_2_2,1788598122089136298,0,enterprise,0.076,0.054,0.051,27386298.0,29188403.0,100.836,1695.0,6251.0,6.0,5.0,2196.0
tp_2_2,1788598122089168675,1,enterprise,0.128,0.054,0.051,54482504.0,390079153.0,93.147,1695.0,6251.0,13.0,7.0,2196.0
tp_2_2,1788598122089175616,2,cloud,0.165,0.109,0.104,21049304.0,39402578.0,124.039,1695.0,6251.0,16.0,12.0,4394.0
tp_2_2,1788598122089192428,3,cloud,0.408,0.113,0.104,204693123.0,1696009615.0,101.649,1695.0,6251.0,50.0,15.0,4394.0
tp_2_2,1788598123090120081,0,enterprise,0.074,0.053,0.051,26044966.0,17391486.0,101.916,1695.0,6251.0,11.0,7.0,2196.0
tp_2_2,1788598123090152353,1,enterprise,0.123,0.054,0.051,50096431.0,359125724.0,93.285,1695.0,6251.0,11.0,7.0,2196.0
tp_2_2,1788598123090163274,2,cloud,0.166,0.111,0.106,19415092.0,32537813.0,124.694,1695.0,6251.0,18.0,14.0,4394.0
tp_2_2,1788598123090180533,3,cloud,0.417,0.114,0.105,212320192.0,1773880074.0,102.209,1695.0,6251.0,33.0,12.0,4394.0
tp_2_2,1788598124091086762,0,enterprise,0.076,0.052,0.05,27618825.0,38088450.0,102.656,1695.0,6251.0,6.0,5.0,2196.0
tp_2_2,1788598124091117715,1,enterprise,0.121,0.053,0.05,49727060.0,358109727.0,93.026,1695.0,6251.0,13.0,7.0,2196.0
tp_2_2,1788598124091124614,2,cloud,0.168,0.112,0.107,19542710.0,32528907.0,125.355,1695.0,6251.0,16.0,13.0,4394.0
tp_2_2,1788598124091145117,3,cloud,0.416,0.115,0.107,208638165.0,1738828411.0,102.67,1695.0,6251.0,48.0,15.0,4394.0
tp_2_2,1788598125092066613,0,enterprise,0.08,0.054,0.051,30236424.0,54626861.0,99.677,1695.0,6251.0,8.0,7.0,2196.0
tp_2_2,1788598125092096859,1,enterprise,0.123,0.054,0.051,49589866.0,353845627.0,93.264,1695.0,6251.0,15.0,7.0,2196.0
tp_2_2,1788598125092103349,2,cloud,0.17,0.108,0.103,25059970.0,76516063.0,125.614,1695.0,6251.0,15.0,12.0,4394.0
tp_2_2,1788598125092117806,3,cloud,0.396,0.111,0.103,196435242.0,1624293972.0,102.638,1695.0,6251.0,43.0,14.0,4394.0
tp_2_2,1788598126093016120,0,enterprise,0.075,0.052,0.05,27082118.0,33464872.0,98.857,1695.0,6251.0,7.0,6.0,2196.0
tp_2_2,1788598126093048639,1,enterprise,0.118,0.052,0.05,47589450.0,339306438.0,93.827,1695.0,6251.0,13.0,6.0,2196.0
tp_2_2,1788598126093056189,2,cloud,0.168,0.112,0.107,19396138.0,30362409.0,125.745,1695.0,6251.0,18.0,14.0,4394.0
tp_2_2,1788598126093066188,3,cloud,0.418,0.116,0.107,210845106.0,1758460764.0,102.666,1695.0,6251.0,42.0,13.0,4394.0
tp_2_2,1788598127094071784,0,enterprise,0.08,0.054,0.052,30638429.0,48984993.0,97.873,1695.0,6251.0,7.0,6.0,2196.0
tp_2_2,1788598127094109688,1,enterprise,0.127,0.054,0.052,51850647.0,374399653.0,94.049,1695.0,6251.0,14.0,7.0,2196.0
tp_2_2,1788598127094126219,2,cloud,0.164,0.109,0.104,18918654.0,29876950.0,125.844,1695.0,6251.0,14.0,11.0,4394.0
tp_2_2,1788598127094132015,3,cloud,0.405,0.113,0.104,204461105.0,1704109789.0,102.756,1695.0,6251.0,43.0,14.0,4394.0
tp_2_2,1788598128095095059,0,enterprise,0.068,0.044,0.04,132720828.0,113509104.0,99.607,1650.0,6251.0,34.0,14.0,2196.0
tp_2_2,1788598128095140746,1,enterprise,0.099,0.044,0.04,128392802.0,330557200.0,92.403,1665.0,6251.0,32.0,13.0,2196.0
tp_2_2,1788598128095153044,2,cloud,0.152,0.093,0.083,216997161.0,238107368.0,120.414,1680.0,6251.0,20.0,7.0,4394.0
tp_2_2,1788598128095158906,3,cloud,0.309,0.095,0.083,331288957.0,1278968544.0,101.708,1680.0,6251.0,0.0,0.0,4394.0
tp_2_2,1788598129096067809,0,enterprise,0.096,0.053,0.033,716060944.0,593808213.0,96.911,1635.0,6251.0,20.0,9.0,2196.0
tp_2_2,1788598129096102668,1,enterprise,0.101,0.052,0.033,603282707.0,594397452.0,91.526,1695.0,6251.0,20.0,8.0,2196.0
tp_2_2,1788598129096119284,2,cloud,0.252,0.149,0.087,1684492406.0,1468886413.0,123.701,1680.0,6251.0,48.0,18.0,4394.0
tp_2_2,1788598129096125029,3,cloud,0.277,0.145,0.085,1575075480.0,1475317824.0,107.81,1680.0,6251.0,0.0,0.0,4394.0
tp_2_2,1788598130097030104,0,enterprise,0.081,0.049,0.046,210198777.0,255379402.0,98.802,1695.0,6251.0,9.0,6.0,2196.0
tp_2_2,1788598130097064808,1,enterprise,0.109,0.049,0.046,230777185.0,981119284.0,96.017,1695.0,6251.0,9.0,5.0,2196.0
tp_2_2,1788598130097075109,2,cloud,0.21,0.127,0.112,578412778.0,512709955.0,125.995,1695.0,6251.0,18.0,15.0,4394.0
tp_2_2,1788598130097080886,3,cloud,0.398,0.131,0.112,1076727454.0,5349337998.0,101.322,1695.0,6251.0,38.0,13.0,4394.0
tp_2_2,1788598131098037379,0,enterprise,0.083,0.05,0.051,117499736.0,253071615.0,99.774,1695.0,6251.0,10.0,8.0,2196.0
tp_2_2,1788598131098075684,1,enterprise,0.12,0.051,0.051,176956421.0,1271419360.0,91.848,1695.0,6251.0,12.0,7.0,2196.0
tp_2_2,1788598131098085597,2,cloud,0.167,0.102,0.107,61009970.0,64989578.0,126.749,1695.0,6251.0,18.0,14.0,4394.0
tp_2_2,1788598131098091482,3,cloud,0.404,0.108,0.107,769799967.0,6466217339.0,103.798,1695.0,6251.0,39.0,12.0,4394.0
tp_2_2,1788598132099029921,0,enterprise,0.08,0.049,0.049,114862766.0,259691526.0,99.098,1695.0,6251.0,7.0,5.0,2196.0
tp_2_2,1788598132099067960,1,enterprise,0.114,0.05,0.05,163457031.0,1160411877.0,92.034,1695.0,6251.0,12.0,7.0,2196.0
tp_2_2,1788598132099078119,2,cloud,0.184,0.104,0.108,103263718.0,429650609.0,127.78,1695.0,6251.0,15.0,12.0,4394.0
tp_2_2,1788598132099083724,3,cloud,0.401,0.11,0.108,748246564.0,6256665916.0,104.183,1695.0,6251.0,46.0,15.0,4394.0
tp_2_2,1788598133100019648,0,enterprise,0.084,0.05,0.051,120098875.0,276741902.0,98.407,1695.0,6251.0,8.0,6.0,2196.0
tp_2_2,1788598133100059369,1,enterprise,0.114,0.051,0.051,158898639.0,1110706659.0,91.611,1695.0,6251.0,13.0,7.0,2196.0
tp_2_2,1788598133100070907,2,cloud,0.223,0.102,0.105,233856680.0,1627511447.0,127.509,1695.0,6251.0,15.0,12.0,4394.0
tp_2_2,1788598133100076613,3,cloud,0.338,0.106,0.106,571451855.0,4687057416.0,103.731,1695.0,6251.0,46.0,14.0,4394.0
tp_2_2,1788598134101029390,0,enterprise,0.084,0.051,0.052,122386263.0,296875567.0,98.926,1695.0,6251.0,7.0,5.0,2196.0
tp_2_2,1788598134101064952,1,enterprise,0.115,0.051,0.051,160792695.0,1125581455.0,92.569,1695.0,6251.0,13.0,7.0,2196.0
tp_2_2,1788598134101081726,2,cloud,0.168,0.103,0.108,61269189.0,65333874.0,128.497,1695.0,6251.0,15.0,12.0,4394.0
tp_2_2,1788598134101087197,3,cloud,0.409,0.109,0.107,782839493.0,6581835654.0,104.637,1695.0,6251.0,46.0,15.0,4394.0
tp_2_2,1788598135102014953,0,enterprise,0.082,0.049,0.05,119640078.0,295166073.0,99.28,1695.0,6251.0,9.0,7.0,2196.0
tp_2_2,1788598135102026576,1,enterprise,0.113,0.049,0.049,159017826.0,1122302073.0,91.755,1695.0,6251.0,14.0,7.0,2196.0
tp_2_2,1788598135102034381,2,cloud,0.178,0.104,0.109,85063064.0,264618621.0,127.749,1695.0,6251.0,17.0,14.0,4394.0
tp_2_2,1788598135102045406,3,cloud,0.405,0.111,0.109,754796795.0,6313605546.0,104.182,1695.0,6251.0,39.0,13.0,4394.0
tp_2_2,1788598136103036868,0,enterprise,0.09,0.051,0.052,137062545.0,428178603.0,98.646,1695.0,6251.0,10.0,5.0,2196.0
tp_2_2,1788598136103073521,1,enterprise,0.113,0.051,0.051,153020778.0,1055617623.0,92.917,1695.0,6251.0,11.0,7.0,2196.0
tp_2_2,1788598136103083584,2,cloud,0.169,0.103,0.108,61277556.0,65317952.0,127.746,1695.0,6251.0,14.0,11.0,4394.0
tp_2_2,1788598136103089332,3,cloud,0.408,0.11,0.108,770302744.0,6466056113.0,104.358,1695.0,6251.0,48.0,16.0,4394.0
tp_2_2,1788598137104054306,0,enterprise,0.085,0.051,0.052,122224740.0,295658041.0,99.972,1695.0,6251.0,10.0,7.0,2196.0
tp_2_2,1788598137104092408,1,enterprise,0.116,0.051,0.051,163742241.0,1143747070.0,91.721,1695.0,6251.0,10.0,5.0,2196.0
tp_2_2,1788598137104103084,2,cloud,0.167,0.102,0.107,60690028.0,64621510.0,127.893,1695.0,6251.0,19.0,15.0,4394.0
tp_2_2,1788598137104109912,3,cloud,0.402,0.109,0.107,758296524.0,6364524772.0,104.043,1695.0,6251.0,36.0,12.0,4394.0
tp_2_2,1788598138105063600,0,enterprise,0.083,0.05,0.051,118819489.0,268461966.0,99.734,1695.0,6251.0,7.0,5.0,2196.0
tp_2_2,1788598138105098110,1,enterprise,0.116,0.051,0.051,165602549.0,1172123216.0,90.42,1695.0,6251.0,9.0,5.0,2196.0
tp_2_2,1788598138105108256,2,cloud,0.187,0.104,0.108,113717997.0,527775520.0,127.302,1695.0,6251.0,7.0,5.0,4394.0
tp_2_2,1788598138105123494,3,cloud,0.385,0.109,0.108,700422437.0,5831095534.0,103.365,1695.0,6251.0,28.0,9.0,4394.0
tp_2_2,1788598139106024374,0,enterprise,0.081,0.047,0.048,119273200.0,328771367.0,98.801,1695.0,6251.0,11.0,8.0,2196.0
tp_2_2,1788598139106058514,1,enterprise,0.107,0.048,0.048,147810528.0,1031210316.0,92.615,1695.0,6251.0,9.0,5.0,2196.0
tp_2_2,1788598139106068414,2,cloud,0.161,0.099,0.103,58525702.0,62389659.0,128.812,1695.0,6251.0,21.0,16.0,4394.0
tp_2_2,1788598139106074144,3,cloud,0.39,0.105,0.103,741005599.0,6223422829.0,104.925,1695.0,6251.0,35.0,11.0,4394.0
tp_2_2,1788598140107029825,0,enterprise,0.106,0.065,0.053,521800029.0,495648958.0,95.899,1695.0,6251.0,0.0,0.0,2582.0
tp_2_2,1788598140107069301,1,enterprise,0.126,0.065,0.053,473087330.0,1022727386.0,95.975,1695.0,6251.0,0.0,0.0,2582.0
tp_2_2,1788598140107078581,2,cloud,0.098,0.06,0.063,35824974.0,38070019.0,119.736,1695.0,6251.0,0.0,0.0,4394.0
tp_2_2,1788598140107084314,3,cloud,0.24,0.064,0.062,460104186.0,3870588595.0,96.26,1695.0,6251.0,0.0,0.0,4426.0
tp_2_2,1788598141108005361,0,enterprise,0.0,0.0,0.0,394551.0,237036.0,92.02,1695.0,6251.0,0.0,0.0,2582.0
tp_2_2,1788598141108045148,1,enterprise,0.0,0.0,0.0,422606.0,250810.0,93.169,1695.0,6251.0,0.0,0.0,2582.0
tp_2_2,1788598141108056075,2,cloud,0.385,0.252,0.153,2416789963.0,2111905050.0,128.941,1695.0,6251.0,0.0,0.0,4812.0
tp_2_2,1788598141108061789,3,cloud,0.478,0.249,0.151,2270084433.0,2123238214.0,116.839,1695.0,6251.0,0.0,0.0,4812.0
tp_2_2,1788598142109021524,0,enterprise,0.112,0.072,0.057,516430508.0,468965200.0,95.894,1695.0,6251.0,8.0,7.0,2614.0
tp_2_2,1788598142109052429,1,enterprise,0.151,0.074,0.057,457739681.0,682680478.0,89.883,1695.0,6251.0,10.0,5.0,2614.0
tp_2_2,1788598142109061822,2,cloud,0.096,0.064,0.06,11659530.0,16531411.0,123.487,1695.0,6251.0,20.0,16.0,4812.0
tp_2_2,1788598142109067451,3,cloud,0.229,0.066,0.06,110395642.0,917190160.0,98.224,1695.0,6251.0,33.0,13.0,4812.0
tp_2_2,1788598143110010961,0,enterprise,0.078,0.056,0.053,26504215.0,21596592.0,99.49,1695.0,6251.0,4.0,3.0,2614.0
tp_2_2,1788598143110044438,1,enterprise,0.123,0.056,0.052,47191348.0,333079900.0,91.007,1695.0,6251.0,1.0,1.0,2614.0
tp_2_2,1788598143110053730,2,cloud,0.195,0.117,0.109,33666575.0,161097750.0,127.153,1695.0,6251.0,10.0,6.0,4812.0
tp_2_2,1788598143110064694,3,cloud,0.395,0.12,0.109,186736465.0,1533727572.0,102.354,1695.0,6251.0,0.0,0.0,4812.0
tp_2_2,1788598144110992497,0,enterprise,0.07,0.05,0.047,24849859.0,22213072.0,99.967,1695.0,6251.0,11.0,6.0,2614.0
tp_2_2,1788598144111027903,1,enterprise,0.114,0.05,0.047,45616093.0,328438216.0,91.707,1695.0,6251.0,10.0,6.0,2614.0
tp_2_2,1788598144111038255,2,cloud,0.163,0.104,0.097,22086785.0,71910368.0,128.895,1695.0,6251.0,24.0,15.0,4812.0
tp_2_2,1788598144111044020,3,cloud,0.36,0.107,0.097,171622233.0,1421979036.0,103.934,1695.0,6251.0,41.0,14.0,4812.0
tp_2_2,1788598145112006606,0,enterprise,0.081,0.054,0.051,29407668.0,54545644.0,99.219,1695.0,6251.0,9.0,7.0,2614.0
tp_2_2,1788598145112042052,1,enterprise,0.113,0.055,0.051,41186233.0,272432231.0,93.39,1695.0,6251.0,13.0,7.0,2614.0
tp_2_2,1788598145112051931,2,cloud,0.177,0.118,0.11,20288078.0,30241277.0,129.456,1695.0,6251.0,16.0,12.0,4812.0
tp_2_2,1788598145112057460,3,cloud,0.415,0.121,0.11,201388472.0,1674470398.0,104.543,1695.0,6251.0,44.0,14.0,4812.0
tp_2_2,1788598146112983030,0,enterprise,0.079,0.056,0.053,26713152.0,23049198.0,99.954,1695.0,6251.0,7.0,6.0,2614.0
tp_2_2,1788598146113017901,1,enterprise,0.113,0.056,0.052,39587860.0,264639523.0,92.477,1695.0,6251.0,10.0,6.0,2614.0
tp_2_2,1788598146113028681,2,cloud,0.178,0.119,0.111,19319442.0,30389848.0,129.432,1695.0,6251.0,20.0,15.0,4812.0
tp_2_2,1788598146113034558,3,cloud,0.42,0.122,0.111,204013827.0,1687081529.0,105.237,1695.0,6251.0,40.0,14.0,4812.0
tp_2_2,1788598147113941981,0,enterprise,0.079,0.056,0.053,26696726.0,22350735.0,100.816,1695.0,6251.0,10.0,8.0,2614.0
tp_2_2,1788598147113973676,1,enterprise,0.116,0.056,0.053,41430017.0,280465374.0,91.787,1695.0,6251.0,12.0,7.0,2614.0
tp_2_2,1788598147113983345,2,cloud,0.175,0.116,0.108,19505728.0,34777082.0,128.977,1695.0,6251.0,23.0,14.0,4812.0
tp_2_2,1788598147113989239,3,cloud,0.413,0.12,0.109,201080752.0,1673437556.0,104.707,1695.0,6251.0,29.0,13.0,4812.0
tp_2_2,1788598148114994526,0,enterprise,0.079,0.054,0.051,27755437.0,40592122.0,99.691,1695.0,6251.0,9.0,8.0,2614.0
tp_2_2,1788598148115035613,1,enterprise,0.112,0.054,0.051,40305413.0,274406423.0,93.355,1695.0,6251.0,9.0,5.0,2614.0
tp_2_2,1788598148115053476,2,cloud,0.19,0.118,0.11,29320731.0,110912973.0,128.925,1695.0,6251.0,25.0,16.0,4812.0
tp_2_2,1788598148115059303,3,cloud,0.412,0.121,0.11,197757923.0,1632185889.0,104.623,1695.0,6251.0,34.0,12.0,4812.0
tp_2_2,1788598149115980205,0,enterprise,0.082,0.056,0.053,28964075.0,42776880.0,99.299,1695.0,6251.0,6.0,5.0,2614.0
tp_2_2,1788598149115995210,1,enterprise,0.116,0.056,0.053,41054608.0,277440949.0,92.65,1695.0,6251.0,13.0,7.0,2614.0
tp_2_2,1788598149116001250,2,cloud,0.173,0.116,0.108,19017650.0,31338658.0,129.099,1695.0,6251.0,23.0,11.0,4812.0
tp_2_2,1788598149116006484,3,cloud,0.405,0.119,0.108,194657188.0,1616671478.0,104.872,1695.0,6251.0,39.0,16.0,4812.0
tp_2_2,1788598150116983971,0,enterprise,0.079,0.054,0.051,28336164.0,36319811.0,99.742,1695.0,6251.0,9.0,8.0,2614.0
tp_2_2,1788598150117019667,1,enterprise,0.115,0.055,0.052,41894668.0,287380678.0,92.422,1695.0,6251.0,9.0,5.0,2614.0
tp_2_2,1788598150117029215,2,cloud,0.187,0.118,0.11,26584905.0,96446131.0,129.074,1695.0,6251.0,20.0,16.0,4812.0
tp_2_2,1788598150117040437,3,cloud,0.418,0.121,0.11,202386271.0,1683326849.0,104.82,1695.0,6251.0,34.0,11.0,4812.0
tp_2_2,1788598151117984035,0,enterprise,0.083,0.056,0.053,29878313.0,51678875.0,98.526,1695.0,6251.0,6.0,5.0,2614.0
tp_2_2,1788598151118019969,1,enterprise,0.112,0.056,0.052,38419385.0,254531930.0,93.115,1695.0,6251.0,13.0,7.0,2614.0
tp_2_2,1788598151118029872,2,cloud,0.192,0.117,0.109,32411552.0,140863437.0,129.117,1695.0,6251.0,18.0,14.0,4812.0
tp_2_2,1788598151118035483,3,cloud,0.409,0.12,0.109,196957906.0,1626256860.0,103.945,1695.0,6251.0,46.0,15.0,4812.0
tp_2_2,1788598152118999595,0,enterprise,0.1,0.064,0.051,465186403.0,349455776.0,102.786,1695.0,6251.0,0.0,0.0,2614.0
tp_2_2,1788598152119040139,1,enterprise,0.121,0.065,0.051,399112047.0,497621718.0,90.15,1695.0,6251.0,0.0,0.0,2614.0
tp_2_2,1788598152119050651,2,cloud,0.093,0.062,0.058,10352882.0,16054912.0,120.381,1695.0,6251.0,0.0,0.0,4812.0
tp_2_2,1788598152119057118,3,cloud,0.226,0.064,0.058,111935343.0,933344331.0,97.018,1695.0,6251.0,0.0,0.0,4812.0
tp_2_2,1788598153120030060,0,enterprise,0.0,0.0,0.0,404220.0,230910.0,99.335,1695.0,6251.0,0.0,0.0,2614.0
tp_2_2,1788598153120075833,1,enterprise,0.0,0.0,0.0,413432.0,236028.0,86.889,1695.0,6251.0,0.0,0.0,2614.0
tp_2_2,1788598153120086874,2,cloud,0.382,0.252,0.153,2416562734.0,2111536199.0,133.288,1680.0,6251.0,0.0,0.0,4812.0
tp_2_2,1788598153120100236,3,cloud,0.475,0.249,0.151,2270184170.0,2122893910.0,110.181,1680.0,6251.0,0.0,0.0,4812.0
tp_2_2,1788598154121064774,0,enterprise,0.12,0.077,0.052,954142161.0,792143406.0,93.486,1695.0,6251.0,0.0,0.0,2614.0
tp_2_2,1788598154121105902,1,enterprise,0.134,0.079,0.052,803817595.0,793698348.0,89.103,1695.0,6251.0,0.0,0.0,2614.0
tp_2_2,1788598154121116273,2,cloud,0.0,0.0,0.0,375756.0,218214.0,113.761,1695.0,6251.0,0.0,0.0,4812.0
tp_2_2,1788598154121122118,3,cloud,0.0,0.0,0.0,396645.0,228402.0,91.741,1695.0,6251.0,0.0,0.0,4812.0
tp_2_2,1788598155122083828,0,enterprise,0.0,0.0,0.0,400232.0,229942.0,92.307,1695.0,6251.0,0.0,0.0,2614.0
tp_2_2,1788598155122119524,1,enterprise,0.0,0.0,0.0,413485.0,236568.0,89.384,1695.0,6251.0,0.0,0.0,2614.0
tp_2_2,1788598155122129260,2,cloud,0.382,0.252,0.152,2416726252.0,2111631388.0,120.177,1695.0,6251.0,0.0,0.0,4812.0
tp_2_2,1788598155122134910,3,cloud,0.458,0.249,0.151,2269436575.0,2121077448.0,114.842,1695.0,6251.0,0.0,0.0,4812.0
tp_2_2,1788598156123057909,0,enterprise,0.121,0.077,0.052,954136012.0,792118928.0,96.498,1695.0,6251.0,0.0,0.0,2614.0
tp_2_2,1788598156123095012,1,enterprise,0.131,0.079,0.052,803839884.0,793645567.0,91.407,1695.0,6251.0,0.0,0.0,2614.0
tp_2_2,1788598156123105107,2,cloud,0.0,0.0,0.0,367102.0,212613.0,114.222,1140.0,6251.0,0.0,0.0,4812.0
tp_2_2,1788598156123110670,3,cloud,0.036,0.001,0.0,1857982.0,4715318.0,95.808,1260.0,6251.0,99.0,8.0,4812.0
tp_2_2,1788598157124060727,0,enterprise,0.0,0.0,0.0,401804.0,229966.0,93.709,1290.0,6251.0,83.0,29.0,2614.0
tp_2_2,1788598157124099271,1,enterprise,0.0,0.0,0.0,426299.0,241705.0,85.835,1275.0,6251.0,0.0,0.0,2614.0
tp_2_2,1788598157124109212,2,cloud,0.38,0.252,0.153,2416918656.0,2111834975.0,129.053,1695.0,6251.0,0.0,0.0,4812.0
tp_2_2,1788598157124205415,3,cloud,0.444,0.249,0.151,2269180519.0,2119522305.0,117.499,1695.0,6251.0,0.0,0.0,4812.0
tp_2_2,1788598158125083201,0,enterprise,0.12,0.078,0.052,954203306.0,792160750.0,95.918,1695.0,6251.0,0.0,0.0,2614.0
tp_2_2,1788598158125128555,1,enterprise,0.133,0.079,0.052,803909255.0,793605399.0,87.355,1695.0,6251.0,0.0,0.0,2614.0
tp_2_2,1788598158125139599,2,cloud,0.114,0.072,0.048,794496802.0,716457806.0,122.807,1155.0,6251.0,100.0,43.0,4812.0
tp_2_2,1788598158125145397,3,cloud,0.187,0.077,0.05,721568608.0,724337641.0,99.677,1260.0,6251.0,100.0,40.0,4812.0
tp_2_2,1788598159126083143,0,enterprise,0.07,0.043,0.03,504458965.0,472140630.0,96.188,1680.0,6251.0,8.0,6.0,2614.0
tp_2_2,1788598159126124145,1,enterprise,0.08,0.044,0.03,427995130.0,453463925.0,88.911,1680.0,6251.0,27.0,13.0,2614.0
tp_2_2,1788598159126134977,2,cloud,0.246,0.164,0.105,1624413070.0,1434804433.0,119.744,1695.0,6251.0,0.0,0.0,4812.0
tp_2_2,1788598159126143426,3,cloud,0.261,0.162,0.104,1548512914.0,1417856597.0,103.017,1695.0,6251.0,16.0,9.0,4812.0
tp_2_2,1788598160127106571,0,enterprise,0.102,0.054,0.055,157764753.0,647275681.0,97.721,1695.0,6251.0,10.0,6.0,2614.0
tp_2_2,1788598160127143036,1,enterprise,0.108,0.054,0.054,123158962.0,799981725.0,92.771,1695.0,6251.0,12.0,8.0,2614.0
tp_2_2,1788598160127152864,2,cloud,0.19,0.117,0.123,62800431.0,79758945.0,131.132,1695.0,6251.0,17.0,13.0,4812.0
tp_2_2,1788598160127158655,3,cloud,0.38,0.122,0.123,627603977.0,5185477703.0,105.461,1695.0,6251.0,46.0,18.0,4812.0
tp_2_2,1788598161128127104,0,enterprise,0.099,0.056,0.057,142366283.0,475265683.0,100.008,1695.0,6251.0,11.0,9.0,2614.0
tp_2_2,1788598161128165968,1,enterprise,0.116,0.056,0.057,140939015.0,946557182.0,91.869,1695.0,6251.0,9.0,6.0,2614.0
tp_2_2,1788598161128176982,2,cloud,0.189,0.115,0.121,67178541.0,116468694.0,130.405,1695.0,6251.0,23.0,18.0,4812.0
tp_2_2,1788598161128183141,3,cloud,0.381,0.121,0.121,627132220.0,5176746940.0,107.071,1695.0,6251.0,31.0,13.0,4812.0
tp_2_2,1788598162129165105,0,enterprise,0.103,0.056,0.057,154985925.0,590100559.0,99.639,1695.0,6251.0,9.0,6.0,2614.0
tp_2_2,1788598162129206882,1,enterprise,0.115,0.056,0.057,134486234.0,889062377.0,91.961,1695.0,6251.0,13.0,8.0,2614.0
tp_2_2,1788598162129218226,2,cloud,0.191,0.118,0.123,61698804.0,68577927.0,129.717,1695.0,6251.0,17.0,13.0,4812.0
tp_2_2,1788598162129231013,3,cloud,0.384,0.123,0.123,634470876.0,5245857604.0,105.703,1695.0,6251.0,41.0,17.0,4812.0
tp_2_2,1788598163130145513,0,enterprise,0.09,0.056,0.057,116596913.0,243720071.0,98.408,1695.0,6251.0,7.0,6.0,2614.0
tp_2_2,1788598163130157884,1,enterprise,0.121,0.056,0.057,153835143.0,1063020404.0,93.855,1695.0,6251.0,15.0,8.0,2614.0
tp_2_2,1788598163130165766,2,cloud,0.193,0.119,0.125,62105737.0,66765540.0,131.589,1695.0,6251.0,16.0,13.0,4812.0
tp_2_2,1788598163130171149,3,cloud,0.377,0.124,0.125,613004311.0,5046523158.0,107.564,1695.0,6251.0,49.0,19.0,4812.0
tp_2_2,1788598164131169193,0,enterprise,0.093,0.054,0.055,133048178.0,414718937.0,99.706,1695.0,6251.0,10.0,9.0,2614.0
tp_2_2,1788598164131206258,1,enterprise,0.11,0.054,0.054,131198923.0,871903383.0,91.655,1695.0,6251.0,10.0,6.0,2614.0
tp_2_2,1788598164131216125,2,cloud,0.197,0.119,0.125,73582504.0,160275968.0,129.341,1695.0,6251.0,27.0,19.0,4812.0
tp_2_2,1788598164131230739,3,cloud,0.388,0.125,0.125,638157765.0,5263560315.0,106.367,1695.0,6251.0,30.0,13.0,4812.0
tp_2_2,1788598165132147777,0,enterprise,0.089,0.056,0.057,112815944.0,209699470.0,101.345,1695.0,6251.0,11.0,9.0,2614.0
tp_2_2,1788598165132185381,1,enterprise,0.116,0.056,0.057,139902667.0,937418100.0,90.936,1695.0,6251.0,11.0,8.0,2614.0
tp_2_2,1788598165132202383,2,cloud,0.193,0.119,0.125,62154906.0,66807541.0,129.353,1695.0,6251.0,20.0,16.0,4812.0
tp_2_2,1788598165132214983,3,cloud,0.381,0.124,0.125,622649068.0,5133284299.0,106.657,1695.0,6251.0,33.0,14.0,4812.0
tp_2_2,1788598166133115319,0,enterprise,0.095,0.056,0.057,129993333.0,364258369.0,98.811,1695.0,6251.0,10.0,6.0,2614.0
tp_2_2,1788598166133152287,1,enterprise,0.117,0.056,0.057,144030257.0,965976675.0,92.365,1695.0,6251.0,15.0,8.0,2614.0
tp_2_2,1788598166133162408,2,cloud,0.201,0.119,0.124,86027281.0,284972663.0,128.919,1695.0,6251.0,17.0,14.0,4812.0
tp_2_2,1788598166133168353,3,cloud,0.365,0.124,0.125,577813414.0,4731438926.0,106.382,1695.0,6251.0,32.0,17.0,4812.0
tp_2_2,1788598167134098789,0,enterprise,0.088,0.056,0.057,108870576.0,175000279.0,98.923,1695.0,6251.0,11.0,9.0,2614.0
tp_2_2,1788598167134136522,1,enterprise,0.126,0.056,0.057,169033825.0,1200046041.0,92.113,1695.0,6251.0,10.0,5.0,2614.0
tp_2_2,1788598167134146308,2,cloud,0.201,0.116,0.121,100883654.0,421104747.0,129.183,1695.0,6251.0,32.0,18.0,4812.0
tp_2_2,1788598167134164583,3,cloud,0.337,0.12,0.121,503497539.0,4067882005.0,106.287,1695.0,6251.0,25.0,13.0,4812.0
tp_2_2,1788598168135095031,0,enterprise,0.09,0.056,0.057,115487844.0,234244384.0,100.629,1695.0,6251.0,12.0,9.0,2614.0
tp_2_2,1788598168135138917,1,enterprise,0.122,0.056,0.057,157444472.0,1095612985.0,91.567,1695.0,6251.0,13.0,8.0,2614.0
tp_2_2,1788598168135149236,2,cloud,0.203,0.12,0.125,90536965.0,323127137.0,129.274,1695.0,6251.0,20.0,16.0,4812.0
tp_2_2,1788598168135155003,3,cloud,0.346,0.123,0.125,517383535.0,4187768021.0,106.282,1695.0,6251.0,30.0,14.0,4812.0
tp_2_2,1788598169136075586,0,enterprise,0.091,0.055,0.056,122465139.0,300112327.0,98.487,1695.0,6251.0,8.0,6.0,2614.0
tp_2_2,1788598169136121120,1,enterprise,0.12,0.056,0.056,156635056.0,1091057627.0,92.986,1695.0,6251.0,15.0,8.0,2614.0
tp_2_2,1788598169136131511,2,cloud,0.201,0.12,0.125,85123095.0,273529320.0,129.31,1695.0,6251.0,16.0,13.0,4812.0
tp_2_2,1788598169136137356,3,cloud,0.341,0.124,0.125,499549482.0,4026070992.0,105.843,1695.0,6251.0,40.0,18.0,4812.0
tp_2_2,1788598170137068745,0,enterprise,0.082,0.05,0.044,278761832.0,262354546.0,100.695,1695.0,6251.0,9.0,8.0,2614.0
tp_2_2,1788598170137113772,1,enterprise,0.111,0.051,0.043,270688579.0,705292534.0,88.96,1695.0,6251.0,13.0,7.0,2614.0
tp_2_2,1788598170137124252,2,cloud,0.197,0.122,0.101,628873169.0,556619306.0,123.294,1695.0,6251.0,16.0,13.0,4812.0
tp_2_2,1788598170137131000,3,cloud,0.338,0.124,0.101,797107501.0,2424779976.0,106.481,1695.0,6251.0,35.0,12.0,4812.0
tp_2_2,1788598171138033474,0,enterprise,0.075,0.054,0.052,27291060.0,19421362.0,99.159,1695.0,6251.0,6.0,5.0,2614.0
tp_2_2,1788598171138077243,1,enterprise,0.131,0.054,0.051,55864408.0,410678908.0,90.917,1695.0,6251.0,14.0,7.0,2614.0
tp_2_2,1788598171138089069,2,cloud,0.174,0.11,0.105,25394007.0,86925229.0,125.345,1695.0,6251.0,24.0,12.0,4812.0
tp_2_2,1788598171138095795,3,cloud,0.342,0.112,0.105,154392432.0,1243874853.0,102.849,1695.0,6251.0,40.0,15.0,4812.0
tp_2_2,1788598172138981126,0,enterprise,0.073,0.052,0.05,25413976.0,18431745.0,97.721,1695.0,6251.0,9.0,8.0,2614.0
tp_2_2,1788598172139014725,1,enterprise,0.126,0.054,0.051,52516733.0,381625838.0,91.286,1695.0,6251.0,9.0,5.0,2614.0
tp_2_2,1788598172139024601,2,cloud,0.168,0.112,0.107,19519528.0,31889855.0,125.257,1695.0,6251.0,20.0,16.0,4812.0
tp_2_2,1788598172139030533,3,cloud,0.374,0.115,0.107,175638871.0,1441944005.0,102.883,1695.0,6251.0,31.0,12.0,4812.0
tp_2_2,1788598173140002897,0,enterprise,0.074,0.053,0.051,26133718.0,17932718.0,97.549,1695.0,6251.0,6.0,5.0,2614.0
tp_2_2,1788598173140051726,1,enterprise,0.126,0.053,0.05,52699882.0,384485456.0,91.277,1695.0,6251.0,15.0,7.0,2614.0
tp_2_2,1788598173140062884,2,cloud,0.169,0.111,0.106,22280781.0,48545441.0,124.988,1695.0,6251.0,16.0,11.0,4812.0
tp_2_2,1788598173140068955,3,cloud,0.368,0.114,0.106,170970574.0,1391550509.0,102.461,1695.0,6251.0,37.0,16.0,4812.0
tp_2_2,1788598174140961035,0,enterprise,0.076,0.054,0.052,26638798.0,22225646.0,97.312,1695.0,6251.0,8.0,7.0,2614.0
tp_2_2,1788598174141004773,1,enterprise,0.124,0.054,0.051,51303198.0,361230406.0,91.631,1695.0,6251.0,9.0,5.0,2614.0
tp_2_2,1788598174141015456,2,cloud,0.165,0.11,0.105,19057751.0,29810993.0,125.121,1695.0,6251.0,19.0,16.0,4812.0
tp_2_2,1788598174141021097,3,cloud,0.356,0.113,0.105,163710243.0,1336750359.0,102.65,1695.0,6251.0,32.0,12.0,4812.0
tp_2_2,1788598175141934219,0,enterprise,0.077,0.054,0.052,27807432.0,32398046.0,98.432,1695.0,6251.0,9.0,8.0,2614.0
tp_2_2,1788598175141979151,1,enterprise,0.123,0.054,0.051,49475660.0,353046240.0,90.631,1695.0,6251.0,14.0,7.0,2614.0
tp_2_2,1788598175141989405,2,cloud,0.17,0.111,0.106,21533714.0,51223922.0,123.881,1695.0,6251.0,16.0,12.0,4812.0
tp_2_2,1788598175141995194,3,cloud,0.354,0.113,0.106,162154045.0,1322526010.0,101.994,1695.0,6251.0,34.0,13.0,4812.0
tp_2_2,1788598176142943510,0,enterprise,0.073,0.052,0.05,25303347.0,18320003.0,98.411,1695.0,6251.0,7.0,6.0,2614.0
tp_2_2,1788598176142985565,1,enterprise,0.123,0.052,0.05,50471801.0,365276137.0,90.717,1695.0,6251.0,11.0,5.0,2614.0
tp_2_2,1788598176142995630,2,cloud,0.194,0.112,0.107,39013095.0,197542757.0,124.458,1695.0,6251.0,27.0,14.0,4812.0
tp_2_2,1788598176143007738,3,cloud,0.341,0.114,0.107,150714329.0,1207952351.0,102.134,1695.0,6251.0,38.0,13.0,4812.0
tp_2_2,1788598177143914342,0,enterprise,0.076,0.054,0.052,27642021.0,22284424.0,98.506,1695.0,6251.0,9.0,8.0,2614.0
tp_2_2,1788598177143936739,1,enterprise,0.127,0.054,0.052,52668896.0,381858543.0,90.139,1695.0,6251.0,14.0,6.0,2614.0
tp_2_2,1788598177143942833,2,cloud,0.165,0.11,0.105,19036619.0,29786524.0,124.352,1695.0,6251.0,18.0,14.0,4812.0
tp_2_2,1788598177143954095,3,cloud,0.358,0.113,0.105,166281149.0,1360143430.0,102.096,1695.0,6251.0,31.0,11.0,4812.0
tp_2_2,1788598178144948017,0,enterprise,0.068,0.048,0.046,24055185.0,23455919.0,97.564,1695.0,6251.0,4.0,3.0,2614.0
tp_2_2,1788598178144984902,1,enterprise,0.117,0.048,0.046,49765076.0,365990821.0,89.662,1695.0,6251.0,1.0,1.0,2614.0
tp_2_2,1788598178144995168,2,cloud,0.156,0.101,0.097,20988465.0,48731517.0,121.867,1695.0,6251.0,12.0,8.0,4812.0
tp_2_2,1788598178145001091,3,cloud,0.314,0.103,0.096,140076647.0,1135269596.0,100.821,1695.0,6251.0,2.0,1.0,4812.0
tp_2_2,1788598179145951186,0,enterprise,0.076,0.054,0.052,26644636.0,22006377.0,97.731,1695.0,6251.0,7.0,6.0,2614.0
tp_2_2,1788598179145992836,1,enterprise,0.127,0.054,0.052,52170017.0,377193409.0,91.378,1695.0,6251.0,13.0,7.0,2614.0
tp_2_2,1788598179145999559,2,cloud,0.172,0.11,0.105,23068991.0,65815614.0,124.422,1695.0,6251.0,14.0,11.0,4812.0
tp_2_2,1788598179146004897,3,cloud,0.339,0.113,0.106,152134671.0,1222665187.0,101.508,1695.0,6251.0,38.0,15.0,4812.0
tp_2_2,1788598180146961817,0,enterprise,0.076,0.054,0.052,27069773.0,26160404.0,97.637,1695.0,6251.0,8.0,5.0,2614.0
tp_2_2,1788598180146999497,1,enterprise,0.128,0.054,0.051,54326018.0,388269199.0,91.162,1695.0,6251.0,11.0,6.0,2614.0
tp_2_2,1788598180147009846,2,cloud,0.165,0.11,0.105,19036898.0,29802442.0,124.951,1695.0,6251.0,18.0,14.0,4812.0
tp_2_2,1788598180147021001,3,cloud,0.358,0.113,0.105,165740438.0,1354995779.0,102.831,1695.0,6251.0,36.0,14.0,4812.0
tp_2_2,1788598181148056029,0,enterprise,0.076,0.052,0.05,27597423.0,38149768.0,97.508,1695.0,6251.0,9.0,8.0,2614.0
tp_2_2,1788598181148097525,1,enterprise,0.121,0.054,0.051,48028590.0,341144354.0,90.71,1695.0,6251.0,15.0,7.0,2614.0
tp_2_2,1788598181148107679,2,cloud,0.175,0.112,0.106,25493407.0,76669517.0,124.053,1695.0,6251.0,16.0,13.0,4812.0
tp_2_2,1788598181148113385,3,cloud,0.347,0.114,0.106,154428745.0,1252315251.0,102.423,1695.0,6251.0,34.0,13.0,4812.0
tp_2_2,1788598182149061619,0,enterprise,0.075,0.053,0.051,26295449.0,19352114.0,97.98,1695.0,6251.0,6.0,5.0,2614.0
tp_2_2,1788598182149097593,1,enterprise,0.132,0.053,0.05,56786199.0,421379899.0,90.587,1695.0,6251.0,13.0,7.0,2614.0
tp_2_2,1788598182149108025,2,cloud,0.169,0.112,0.107,20018930.0,36888672.0,124.184,1695.0,6251.0,18.0,13.0,4812.0
tp_2_2,1788598182149114041,3,cloud,0.357,0.115,0.107,164496648.0,1332074581.0,102.402,1695.0,6251.0,35.0,15.0,4812.0
tp_2_2,1788598183150058971,0,enterprise,0.076,0.052,0.05,27753128.0,39873124.0,98.67,1695.0,6251.0,6.0,5.0,2614.0
tp_2_2,1788598183150104771,1,enterprise,0.125,0.053,0.05,52066702.0,379373160.0,89.394,1695.0,6251.0,15.0,7.0,2614.0
tp_2_2,1788598183150118792,2,cloud,0.24,0.109,0.103,76670395.0,550311462.0,124.614,1695.0,6251.0,15.0,12.0,4812.0
tp_2_2,1788598183150124749,3,cloud,0.278,0.109,0.103,106351302.0,823989790.0,102.516,1695.0,6251.0,44.0,16.0,4812.0
tp_2_2,1788598184151078149,0,enterprise,0.075,0.054,0.051,27282134.0,19583737.0,97.553,1695.0,6251.0,9.0,8.0,2614.0
tp_2_2,1788598184151115956,1,enterprise,0.13,0.054,0.051,55201990.0,405440881.0,90.742,1695.0,6251.0,11.0,5.0,2614.0
tp_2_2,1788598184151126666,2,cloud,0.176,0.111,0.106,26822407.0,89040240.0,124.171,1695.0,6251.0,18.0,15.0,4812.0
tp_2_2,1788598184151132666,3,cloud,0.351,0.114,0.106,157407112.0,1278647792.0,102.162,1695.0,6251.0,29.0,11.0,4812.0
tp_2_2,1788598185152086116,0,enterprise,0.076,0.054,0.052,26415697.0,19994840.0,97.416,1695.0,6251.0,6.0,5.0,2614.0
tp_2_2,1788598185152125238,1,enterprise,0.128,0.054,0.052,52965211.0,384383740.0,91.171,1695.0,6251.0,15.0,7.0,2614.0
tp_2_2,1788598185152135532,2,cloud,0.197,0.11,0.105,42814377.0,243932793.0,124.258,1695.0,6251.0,19.0,11.0,4812.0
tp_2_2,1788598185152141704,3,cloud,0.31,0.112,0.105,130442323.0,1028779085.0,102.07,1695.0,6251.0,36.0,16.0,4812.0
tp_2_2,1788598186153043755,0,enterprise,0.076,0.054,0.052,26392433.0,19951901.0,97.415,1695.0,6251.0,6.0,5.0,2614.0
tp_2_2,1788598186153080055,1,enterprise,0.13,0.054,0.052,54757723.0,400802748.0,90.92,1695.0,6251.0,13.0,6.0,2614.0
tp_2_2,1788598186153089853,2,cloud,0.171,0.112,0.106,22220808.0,56937352.0,123.832,1695.0,6251.0,18.0,14.0,4812.0
tp_2_2,1788598186153095725,3,cloud,0.341,0.114,0.106,152627120.0,1236257970.0,102.715,1695.0,6251.0,38.0,14.0,4812.0
tp_2_2,1788598187154089224,0,enterprise,0.073,0.052,0.05,25433163.0,19502784.0,98.121,1695.0,6251.0,9.0,8.0,2614.0
tp_2_2,1788598187154127306,1,enterprise,0.127,0.052,0.05,55106425.0,398729661.0,91.085,1695.0,6251.0,15.0,7.0,2614.0
tp_2_2,1788598187154137832,2,cloud,0.169,0.112,0.107,20457988.0,30375407.0,122.105,1695.0,6251.0,16.0,13.0,4812.0
tp_2_2,1788598187154144498,3,cloud,0.356,0.115,0.107,162662874.0,1315269347.0,101.749,1695.0,6251.0,34.0,13.0,4812.0
tp_2_2,1788598188155104741,0,enterprise,0.076,0.054,0.052,26652891.0,21779668.0,98.088,1695.0,6251.0,6.0,5.0,2614.0
tp_2_2,1788598188155142886,1,enterprise,0.128,0.054,0.052,52834256.0,383250068.0,90.996,1695.0,6251.0,14.0,7.0,2614.0
tp_2_2,1788598188155153126,2,cloud,0.169,0.112,0.107,19364066.0,30354758.0,122.982,1695.0,6251.0,14.0,12.0,4812.0
tp_2_2,1788598188155159083,3,cloud,0.353,0.115,0.107,159583779.0,1297597712.0,102.976,1695.0,6251.0,39.0,16.0,4812.0
tp_2_2,1788598189156102082,0,enterprise,0.082,0.054,0.052,31717889.0,67822523.0,96.76,1695.0,6251.0,7.0,6.0,2614.0
tp_2_2,1788598189156142448,1,enterprise,0.116,0.054,0.052,43720813.0,301378649.0,91.147,1695.0,6251.0,11.0,6.0,2614.0
tp_2_2,1788598189156152814,2,cloud,0.166,0.11,0.105,20139721.0,29880884.0,122.596,1695.0,6251.0,19.0,15.0,4812.0
tp_2_2,1788598189156158382,3,cloud,0.346,0.113,0.106,157316415.0,1278749396.0,102.342,1695.0,6251.0,29.0,13.0,4812.0
tp_2_2,1788598190157095565,0,enterprise,0.075,0.053,0.051,27379215.0,20626788.0,97.342,1695.0,6251.0,8.0,7.0,2614.0
tp_2_2,1788598190157132803,1,enterprise,0.125,0.054,0.051,50688695.0,364349447.0,90.716,1695.0,6251.0,14.0,7.0,2614.0
tp_2_2,1788598190157142526,2,cloud,0.172,0.11,0.105,24157975.0,76276081.0,121.589,1695.0,6251.0,14.0,11.0,4812.0
tp_2_2,1788598190157148766,3,cloud,0.344,0.112,0.104,155998119.0,1259092296.0,101.394,1695.0,6251.0,37.0,14.0,4812.0
tp_2_2,1788598191158053428,0,enterprise,0.073,0.052,0.05,25186938.0,16444600.0,97.605,1695.0,6251.0,6.0,5.0,2614.0
tp_2_2,1788598191158067246,1,enterprise,0.127,0.053,0.05,53702130.0,394151461.0,90.629,1695.0,6251.0,13.0,7.0,2614.0
tp_2_2,1788598191158075344,2,cloud,0.171,0.112,0.107,20712335.0,42646277.0,122.662,1695.0,6251.0,19.0,14.0,4812.0
tp_2_2,1788598191158080880,3,cloud,0.358,0.115,0.107,164296716.0,1340103133.0,102.47,1695.0,6251.0,34.0,14.0,4812.0
tp_2_2,1788598192159065988,0,enterprise,0.076,0.054,0.052,26270391.0,18977784.0,98.553,1695.0,6251.0,9.0,8.0,2614.0
tp_2_2,1788598192159108513,1,enterprise,0.13,0.054,0.051,55174554.0,404978943.0,90.024,1695.0,6251.0,10.0,5.0,2614.0
tp_2_2,1788598192159119389,2,cloud,0.169,0.112,0.107,20442564.0,30355253.0,122.22,1695.0,6251.0,19.0,15.0,4812.0
tp_2_2,1788598192159132145,3,cloud,0.366,0.115,0.107,169168264.0,1383621011.0,102.156,1695.0,6251.0,29.0,10.0,4812.0
tp_2_2,1788598193160057354,0,enterprise,0.075,0.054,0.052,26085350.0,17085553.0,97.369,1695.0,6251.0,8.0,7.0,2614.0
tp_2_2,1788598193160095663,1,enterprise,0.133,0.054,0.052,56325283.0,414551844.0,91.335,1695.0,6251.0,14.0,7.0,2614.0
tp_2_2,1788598193160105539,2,cloud,0.178,0.111,0.106,27184931.0,101991128.0,122.033,1695.0,6251.0,14.0,11.0,4812.0
tp_2_2,1788598193160111154,3,cloud,0.336,0.114,0.107,147872803.0,1183656293.0,101.671,1695.0,6251.0,38.0,14.0,4812.0
tp_2_2,1788598194161038736,0,enterprise,0.077,0.054,0.052,27140140.0,26485824.0,97.713,1695.0,6251.0,6.0,5.0,2614.0
tp_2_2,1788598194161075634,1,enterprise,0.13,0.054,0.052,55551032.0,399354302.0,90.709,1695.0,6251.0,15.0,7.0,2614.0
tp_2_2,1788598194161086547,2,cloud,0.169,0.111,0.106,20021203.0,37368262.0,122.949,1695.0,6251.0,17.0,13.0,4812.0
tp_2_2,1788598194161092319,3,cloud,0.348,0.114,0.106,156077653.0,1267077183.0,102.753,1695.0,6251.0,37.0,16.0,4812.0
tp_2_2,1788598195162003415,0,enterprise,0.079,0.054,0.052,29148507.0,44848832.0,97.706,1695.0,6251.0,10.0,8.0,2614.0
tp_2_2,1788598195162049158,1,enterprise,0.123,0.054,0.052,49524012.0,353836137.0,90.416,1695.0,6251.0,10.0,5.0,2614.0
tp_2_2,1788598195162059199,2,cloud,0.173,0.11,0.105,25104347.0,74283003.0,121.652,1695.0,6251.0,20.0,16.0,4812.0
tp_2_2,1788598195162067233,3,cloud,0.346,0.113,0.105,154850268.0,1257445795.0,101.933,1695.0,6251.0,31.0,11.0,4812.0
tp_2_2,1788598196163001859,0,enterprise,0.077,0.053,0.051,27692958.0,32149231.0,98.035,1695.0,6251.0,9.0,8.0,2614.0
tp_2_2,1788598196163040680,1,enterprise,0.129,0.054,0.052,53618340.0,390865097.0,91.271,1695.0,6251.0,15.0,7.0,2614.0
tp_2_2,1788598196163050912,2,cloud,0.18,0.112,0.107,27276267.0,101819321.0,121.243,1695.0,6251.0,15.0,12.0,4812.0
tp_2_2,1788598196163056583,3,cloud,0.356,0.114,0.107,163340826.0,1322507666.0,101.341,1695.0,6251.0,38.0,13.0,4812.0
tp_2_2,1788598197163965697,0,enterprise,0.074,0.053,0.051,26372111.0,16949066.0,98.288,1695.0,6251.0,6.0,5.0,2614.0
tp_2_2,1788598197164001074,1,enterprise,0.13,0.054,0.051,54757914.0,401191844.0,91.097,1695.0,6251.0,15.0,7.0,2614.0
tp_2_2,1788598197164010578,2,cloud,0.17,0.112,0.107,20230117.0,38547275.0,122.84,1695.0,6251.0,16.0,12.0,4812.0
tp_2_2,1788598197164016217,3,cloud,0.353,0.115,0.107,158928869.0,1292126675.0,102.778,1695.0,6251.0,39.0,16.0,4812.0
tp_2_2,1788598198164963814,0,enterprise,0.074,0.053,0.051,26091907.0,18103654.0,97.625,1695.0,6251.0,9.0,8.0,2614.0
tp_2_2,1788598198165002692,1,enterprise,0.126,0.053,0.05,52757689.0,385255694.0,91.124,1695.0,6251.0,10.0,5.0,2614.0
tp_2_2,1788598198165012886,2,cloud,0.169,0.112,0.107,20456719.0,30379541.0,121.897,1695.0,6251.0,20.0,16.0,4812.0
tp_2_2,1788598198165018813,3,cloud,0.372,0.115,0.107,172199017.0,1411136737.0,102.053,1695.0,6251.0,31.0,12.0,4812.0
tp_2_2,1788598199165926109,0,enterprise,0.075,0.054,0.052,26026091.0,16711490.0,98.298,1695.0,6251.0,9.0,8.0,2614.0
tp_2_2,1788598199165962655,1,enterprise,0.129,0.054,0.052,53368619.0,388383663.0,90.233,1695.0,6251.0,13.0,7.0,2614.0
tp_2_2,1788598199165972285,2,cloud,0.181,0.113,0.107,28097012.0,108846247.0,121.184,1695.0,6251.0,27.0,13.0,4812.0
tp_2_2,1788598199165977890,3,cloud,0.337,0.115,0.107,147967259.0,1182979565.0,101.245,1695.0,6251.0,30.0,12.0,4812.0
tp_2_2,1788598200166928953,0,enterprise,0.077,0.054,0.052,27398248.0,28635010.0,98.317,1695.0,6251.0,8.0,7.0,2614.0
tp_2_2,1788598200166971394,1,enterprise,0.13,0.054,0.052,55231072.0,396371780.0,90.881,1695.0,6251.0,15.0,7.0,2614.0
tp_2_2,1788598200166981585,2,cloud,0.168,0.112,0.107,19194501.0,30132420.0,121.971,1695.0,6251.0,14.0,11.0,4812.0
tp_2_2,1788598200166987372,3,cloud,0.349,0.115,0.107,156798593.0,1273046993.0,102.08,1695.0,6251.0,33.0,14.0,4812.0
tp_2_2,1788598201167916276,0,enterprise,0.076,0.054,0.052,26375933.0,19090720.0,98.478,1695.0,6251.0,6.0,5.0,2614.0
tp_2_2,1788598201167955638,1,enterprise,0.13,0.054,0.052,54712437.0,399392201.0,90.205,1695.0,6251.0,14.0,7.0,2614.0
tp_2_2,1788598201167965996,2,cloud,0.17,0.111,0.106,22717543.0,52580260.0,121.911,1695.0,6251.0,20.0,14.0,4812.0
tp_2_2,1788598201167971642,3,cloud,0.351,0.114,0.106,160114631.0,1294512058.0,102.483,1695.0,6251.0,38.0,14.0,4812.0
tp_2_2,1788598202168878683,0,enterprise,0.078,0.054,0.052,28382255.0,37714953.0,97.613,1695.0,6251.0,9.0,8.0,2614.0
tp_2_2,1788598202168914839,1,enterprise,0.124,0.054,0.051,50295494.0,360513524.0,90.306,1695.0,6251.0,12.0,5.0,2614.0
tp_2_2,1788598202168924383,2,cloud,0.169,0.112,0.107,19507644.0,30413400.0,121.781,1695.0,6251.0,20.0,16.0,4812.0
tp_2_2,1788598202168929929,3,cloud,0.354,0.115,0.107,161596465.0,1313933311.0,101.92,1695.0,6251.0,31.0,11.0,4812.0
tp_2_2,1788598203169886523,0,enterprise,0.076,0.054,0.051,27235241.0,19921248.0,96.597,1695.0,6251.0,8.0,7.0,2614.0
tp_2_2,1788598203169925760,1,enterprise,0.13,0.054,0.052,53887365.0,392955127.0,91.49,1695.0,6251.0,14.0,7.0,2614.0
tp_2_2,1788598203169936198,2,cloud,0.174,0.11,0.105,26052888.0,84005714.0,122.107,1695.0,6251.0,15.0,12.0,4812.0
tp_2_2,1788598203169942919,3,cloud,0.358,0.112,0.105,164049408.0,1341011820.0,101.417,1695.0,6251.0,41.0,14.0,4812.0
tp_2_2,1788598204170856411,0,enterprise,0.073,0.052,0.05,25151244.0,16639808.0,97.068,1695.0,6251.0,9.0,7.0,2614.0
tp_2_2,1788598204170893322,1,enterprise,0.127,0.052,0.05,54277278.0,399818674.0,90.272,1695.0,6251.0,10.0,5.0,2614.0
tp_2_2,1788598204170904559,2,cloud,0.176,0.113,0.108,24034295.0,72371565.0,121.68,1695.0,6251.0,20.0,16.0,4812.0
tp_2_2,1788598204170911409,3,cloud,0.365,0.115,0.108,169511011.0,1377112874.0,101.839,1695.0,6251.0,29.0,12.0,4812.0
tp_2_2,1788598205171812690,0,enterprise,0.075,0.054,0.052,26054302.0,16205810.0,97.464,1695.0,6251.0,8.0,7.0,2614.0
tp_2_2,1788598205171824353,1,enterprise,0.135,0.055,0.052,58610146.0,435439248.0,90.821,1695.0,6251.0,16.0,7.0,2614.0
tp_2_2,1788598205171832097,2,cloud,0.167,0.111,0.106,19703064.0,35949478.0,121.61,1695.0,6251.0,15.0,12.0,4812.0
tp_2_2,1788598205171837527,3,cloud,0.353,0.114,0.106,161505502.0,1316722325.0,101.43,1695.0,6251.0,28.0,12.0,4812.0
tp_2_2,1788598206172821697,0,enterprise,0.076,0.054,0.052,26079662.0,17247362.0,97.457,1695.0,6251.0,7.0,6.0,2614.0
tp_2_2,1788598206172856114,1,enterprise,0.132,0.055,0.052,55986113.0,411876289.0,90.674,1695.0,6251.0,13.0,6.0,2614.0
tp_2_2,1788598206172866902,2,cloud,0.166,0.11,0.105,20084620.0,29775164.0,121.785,1695.0,6251.0,18.0,14.0,4812.0
tp_2_2,1788598206172873116,3,cloud,0.355,0.113,0.105,162341387.0,1325287469.0,102.288,1695.0,6251.0,39.0,13.0,4812.0
tp_2_2,1788598207173791813,0,enterprise,0.075,0.052,0.05,26259824.0,25714475.0,99.029,1695.0,6251.0,9.0,8.0,2614.0
tp_2_2,1788598207173824295,1,enterprise,0.127,0.054,0.051,53398457.0,380658017.0,89.961,1695.0,6251.0,13.0,7.0,2614.0
tp_2_2,1788598207173833751,2,cloud,0.19,0.113,0.107,34083879.0,162616169.0,121.621,1695.0,6251.0,26.0,14.0,4812.0
tp_2_2,1788598207173845416,3,cloud,0.335,0.115,0.107,145214511.0,1158796774.0,101.633,1695.0,6251.0,30.0,12.0,4812.0
tp_2_2,1788598208174772008,0,enterprise,0.075,0.053,0.051,26262681.0,19152025.0,97.416,1695.0,6251.0,8.0,7.0,2614.0
tp_2_2,1788598208174807700,1,enterprise,0.143,0.053,0.05,66076112.0,505245137.0,91.69,1695.0,6251.0,10.0,5.0,2614.0
tp_2_2,1788598208174818185,2,cloud,0.165,0.11,0.105,18918732.0,29596221.0,121.606,1695.0,6251.0,20.0,16.0,4812.0
tp_2_2,1788598208174823793,3,cloud,0.38,0.113,0.105,181576287.0,1498231072.0,101.471,1695.0,6251.0,38.0,12.0,4812.0
tp_2_2,1788598209175758978,0,enterprise,0.074,0.053,0.051,26196034.0,16584986.0,97.414,1695.0,6251.0,8.0,7.0,2614.0
tp_2_2,1788598209175797239,1,enterprise,0.134,0.054,0.051,57854001.0,429390222.0,91.235,1695.0,6251.0,14.0,7.0,2614.0
tp_2_2,1788598209175813229,2,cloud,0.167,0.111,0.106,20186609.0,29984264.0,121.481,1695.0,6251.0,14.0,11.0,4812.0
tp_2_2,1788598209175818966,3,cloud,0.368,0.114,0.106,170286823.0,1395723521.0,101.848,1695.0,6251.0,32.0,12.0,4812.0
tp_2_2,1788598210176780682,0,enterprise,0.07,0.044,0.037,252756270.0,206450202.0,96.528,1695.0,6251.0,0.0,0.0,2614.0
tp_2_2,1788598210176816870,1,enterprise,0.099,0.044,0.037,228936487.0,402798773.0,94.797,1695.0,6251.0,0.0,0.0,2614.0
tp_2_2,1788598210176826705,2,cloud,0.184,0.108,0.085,622003252.0,617363186.0,126.326,1380.0,6251.0,0.0,0.0,4812.0
tp_2_2,1788598210176832521,3,cloud,0.265,0.108,0.085,638421988.0,1093278536.0,98.426,1335.0,6251.0,0.0,0.0,4812.0
tp_2_2,1788598211177782041,0,enterprise,0.097,0.053,0.034,717480786.0,595054220.0,102.605,1680.0,6251.0,0.0,0.0,2614.0
tp_2_2,1788598211177815331,1,enterprise,0.103,0.053,0.034,606427176.0,622349042.0,88.757,1680.0,6251.0,19.0,8.0,2614.0
tp_2_2,1788598211177824816,2,cloud,0.273,0.16,0.093,1812197435.0,1584074157.0,119.744,1215.0,6251.0,0.0,0.0,4812.0
tp_2_2,1788598211177830517,3,cloud,0.308,0.157,0.093,1703879096.0,1621188176.0,106.405,1365.0,6251.0,0.0,0.0,4812.0
tp_2_2,1788598212178777908,0,enterprise,0.081,0.05,0.051,113413637.0,218514742.0,101.481,1695.0,6251.0,6.0,5.0,2614.0
tp_2_2,1788598212178811147,1,enterprise,0.118,0.051,0.051,171184578.0,1220332454.0,89.341,1695.0,6251.0,14.0,7.0,2614.0
tp_2_2,1788598212178820312,2,cloud,0.17,0.103,0.108,62111693.0,68718800.0,121.474,1695.0,6251.0,14.0,11.0,4812.0
tp_2_2,1788598212178827570,3,cloud,0.33,0.108,0.108,540719050.0,4398556313.0,104.823,1695.0,6251.0,27.0,11.0,4812.0
tp_2_2,1788598213179768135,0,enterprise,0.081,0.05,0.051,113413637.0,218514742.0,98.341,1695.0,6251.0,5.0,4.0,2614.0
tp_2_2,1788598213179802508,1,enterprise,0.118,0.051,0.051,171184578.0,1220332454.0,91.827,1695.0,6251.0,10.0,5.0,2614.0
tp_2_2,1788598213179811569,2,cloud,0.17,0.103,0.108,62111693.0,68718800.0,124.104,1695.0,6251.0,17.0,13.0,4812.0
tp_2_2,1788598213179817237,3,cloud,0.33,0.108,0.108,540719050.0,4398556313.0,102.979,1695.0,6251.0,26.0,11.0,4812.0
tp_2_2,1788598214180763667,0,enterprise,0.08,0.049,0.05,111773976.0,230786029.0,96.15,1695.0,6251.0,10.0,8.0,2614.0
tp_2_2,1788598214180806078,1,enterprise,0.115,0.049,0.049,165793327.0,1182590678.0,92.894,1695.0,6251.0,11.0,5.0,2614.0
tp_2_2,1788598214180817840,2,cloud,0.169,0.101,0.106,71090516.0,152116476.0,123.736,1695.0,6251.0,21.0,16.0,4812.0
tp_2_2,1788598214180823526,3,cloud,0.327,0.105,0.106,532948812.0,4339450346.0,101.944,1695.0,6251.0,17.0,11.0,4812.0
tp_2_2,1788598215181768546,0,enterprise,0.077,0.048,0.049,104167439.0,164674561.0,100.523,1695.0,6251.0,10.0,8.0,2614.0
tp_2_2,1788598215181804067,1,enterprise,0.118,0.049,0.049,175985800.0,1275289956.0,88.985,1695.0,6251.0,12.0,7.0,2614.0
tp_2_2,1788598215181813462,2,cloud,0.179,0.103,0.107,93023492.0,352346868.0,122.362,1695.0,6251.0,18.0,14.0,4812.0
tp_2_2,1788598215181819124,3,cloud,0.344,0.107,0.107,589810754.0,4836855089.0,104.103,1695.0,6251.0,32.0,15.0,4812.0
tp_2_2,1788598216182761107,0,enterprise,0.085,0.051,0.052,122970592.0,301438900.0,97.257,1695.0,6251.0,9.0,5.0,2614.0
tp_2_2,1788598216182796634,1,enterprise,0.114,0.051,0.051,156747831.0,1080616423.0,91.07,1695.0,6251.0,12.0,7.0,2614.0
tp_2_2,1788598216182806236,2,cloud,0.176,0.104,0.109,79270353.0,222024269.0,122.611,1695.0,6251.0,14.0,11.0,4812.0
tp_2_2,1788598216182811906,3,cloud,0.317,0.108,0.109,497125931.0,4005434611.0,102.466,1695.0,6251.0,27.0,12.0,4812.0
tp_2_2,1788598217183753079,0,enterprise,0.089,0.051,0.052,134550441.0,405548956.0,97.912,1695.0,6251.0,10.0,8.0,2614.0
tp_2_2,1788598217183786269,1,enterprise,0.112,0.051,0.051,150392468.0,1032245451.0,90.273,1695.0,6251.0,9.0,6.0,2614.0
tp_2_2,1788598217183795682,2,cloud,0.235,0.104,0.107,263840389.0,1878894052.0,123.506,1695.0,6251.0,38.0,15.0,4812.0
tp_2_2,1788598217183801298,3,cloud,0.272,0.106,0.108,366982706.0,2839561739.0,101.951,1695.0,6251.0,17.0,11.0,4812.0
tp_2_2,1788598218184752470,0,enterprise,0.084,0.05,0.051,122496203.0,290536103.0,99.334,1695.0,6251.0,0.0,0.0,2614.0
tp_2_2,1788598218184786822,1,enterprise,0.121,0.051,0.051,175289387.0,1256346915.0,88.455,1695.0,6251.0,3.0,2.0,2614.0
tp_2_2,1788598218184796830,2,cloud,0.302,0.105,0.106,470125703.0,3751624646.0,119.577,1695.0,6251.0,14.0,11.0,4812.0
tp_2_2,1788598218184802846,3,cloud,0.213,0.102,0.106,199649934.0,1334289583.0,101.378,1695.0,6251.0,6.0,2.0,4812.0
tp_2_2,1788598219185754213,0,enterprise,0.071,0.044,0.045,99581805.0,188290051.0,95.547,1695.0,6251.0,6.0,5.0,2614.0
tp_2_2,1788598219185766900,1,enterprise,0.105,0.045,0.045,152145417.0,1087230808.0,91.53,1695.0,6251.0,15.0,7.0,2614.0
tp_2_2,1788598219185774636,2,cloud,0.15,0.092,0.096,54513132.0,58127612.0,122.068,1695.0,6251.0,14.0,11.0,4812.0
tp_2_2,1788598219185784760,3,cloud,0.294,0.096,0.096,483217806.0,3936026836.0,102.375,1695.0,6251.0,40.0,16.0,4812.0
tp_2_2,1788598220186779970,0,enterprise,0.082,0.051,0.052,114400651.0,225522963.0,98.406,1695.0,6251.0,6.0,5.0,2614.0
tp_2_2,1788598220186816922,1,enterprise,0.117,0.051,0.051,164984578.0,1165123619.0,90.85,1695.0,6251.0,13.0,7.0,2614.0
tp_2_2,1788598220186827931,2,cloud,0.17,0.104,0.109,62994063.0,66076987.0,122.9,1695.0,6251.0,16.0,12.0,4812.0
tp_2_2,1788598220186833645,3,cloud,0.337,0.109,0.109,554099060.0,4518004781.0,103.079,1695.0,6251.0,38.0,16.0,4812.0
tp_2_2,1788598221187793242,0,enterprise,0.08,0.05,0.051,107379431.0,187342880.0,98.833,1695.0,6251.0,8.0,6.0,2614.0
tp_2_2,1788598221187836147,1,enterprise,0.122,0.052,0.051,180659502.0,1304801818.0,91.126,1695.0,6251.0,14.0,8.0,2614.0
tp_2_2,1788598221187847752,2,cloud,0.17,0.104,0.109,61911862.0,66044242.0,122.289,1695.0,6251.0,18.0,15.0,4812.0
tp_2_2,1788598221187853729,3,cloud,0.331,0.109,0.109,539146538.0,4373989331.0,102.609,1695.0,6251.0,31.0,13.0,4812.0
tp_2_2,1788598222188821671,0,enterprise,0.083,0.05,0.051,120189750.0,279807842.0,98.355,1695.0,6251.0,10.0,8.0,2614.0
tp_2_2,1788598222188864522,1,enterprise,0.118,0.05,0.05,173710908.0,1250992946.0,91.358,1695.0,6251.0,10.0,6.0,2614.0
tp_2_2,1788598222188875799,2,cloud,0.174,0.105,0.109,72698939.0,162854021.0,123.579,1695.0,6251.0,18.0,14.0,4812.0
tp_2_2,1788598222188888614,3,cloud,0.332,0.109,0.109,540356948.0,4394137272.0,103.343,1695.0,6251.0,30.0,12.0,4812.0
tp_2_2,1788598223189818797,0,enterprise,0.085,0.051,0.052,123545611.0,306770899.0,97.691,1695.0,6251.0,9.0,6.0,2614.0
tp_2_2,1788598223189857512,1,enterprise,0.115,0.051,0.051,159899608.0,1109132745.0,91.013,1695.0,6251.0,9.0,5.0,2614.0
tp_2_2,1788598223189882071,2,cloud,0.172,0.105,0.109,63260637.0,68255890.0,121.416,1695.0,6251.0,16.0,12.0,4812.0
tp_2_2,1788598223189888040,3,cloud,0.334,0.109,0.109,538586445.0,4378344969.0,102.501,1695.0,6251.0,40.0,15.0,4812.0
tp_2_2,1788598224190824465,0,enterprise,0.09,0.051,0.052,136901465.0,426432551.0,96.695,1695.0,6251.0,7.0,5.0,2614.0
tp_2_2,1788598224190870262,1,enterprise,0.11,0.051,0.052,142336020.0,959759494.0,92.398,1695.0,6251.0,10.0,5.0,2614.0
tp_2_2,1788598224190880902,2,cloud,0.173,0.104,0.109,64677058.0,92652267.0,122.634,1695.0,6251.0,20.0,16.0,4812.0
tp_2_2,1788598224190886789,3,cloud,0.317,0.109,0.109,493636035.0,3964470334.0,102.318,1695.0,6251.0,42.0,16.0,4812.0
tp_2_2,1788598225191826669,0,enterprise,0.085,0.051,0.052,122962042.0,293052693.0,99.267,1695.0,6251.0,7.0,5.0,2614.0
tp_2_2,1788598225191867085,1,enterprise,0.118,0.052,0.051,166345882.0,1176076660.0,89.968,1695.0,6251.0,11.0,6.0,2614.0
tp_2_2,1788598225191878099,2,cloud,0.172,0.105,0.109,61980679.0,66416562.0,123.117,1695.0,6251.0,19.0,14.0,4812.0
tp_2_2,1788598225191883819,3,cloud,0.323,0.109,0.109,512013141.0,4139638292.0,103.117,1695.0,6251.0,32.0,15.0,4812.0
tp_2_2,1788598226192811302,0,enterprise,0.086,0.051,0.052,122998551.0,302105941.0,99.701,1695.0,6251.0,8.0,6.0,2614.0
tp_2_2,1788598226192849971,1,enterprise,0.115,0.052,0.052,159263102.0,1112041628.0,90.747,1695.0,6251.0,14.0,8.0,2614.0
tp_2_2,1788598226192860230,2,cloud,0.173,0.104,0.109,66753317.0,101140818.0,122.7,1695.0,6251.0,16.0,13.0,4812.0
tp_2_2,1788598226192866244,3,cloud,0.328,0.109,0.109,525515538.0,4262225792.0,103.011,1695.0,6251.0,35.0,14.0,4812.0
tp_2_2,1788598227193807392,0,enterprise,0.085,0.051,0.052,122964450.0,302155990.0,96.847,1695.0,6251.0,8.0,6.0,2614.0
tp_2_2,1788598227193850041,1,enterprise,0.114,0.051,0.052,152902881.0,1055086411.0,92.257,1695.0,6251.0,13.0,8.0,2614.0
tp_2_2,1788598227193857223,2,cloud,0.19,0.106,0.11,109002652.0,486970985.0,122.463,1695.0,6251.0,16.0,12.0,4812.0
tp_2_2,1788598227193862515,3,cloud,0.315,0.109,0.11,487669060.0,3909311135.0,102.761,1695.0,6251.0,32.0,13.0,4812.0
tp_2_2,1788598228194801252,0,enterprise,0.086,0.051,0.052,125883988.0,328061195.0,96.766,1695.0,6251.0,10.0,8.0,2614.0
tp_2_2,1788598228194838558,1,enterprise,0.115,0.052,0.052,158317840.0,1103661248.0,92.817,1695.0,6251.0,15.0,8.0,2614.0
tp_2_2,1788598228194855083,2,cloud,0.172,0.105,0.11,63189254.0,66216296.0,124.38,1695.0,6251.0,14.0,11.0,4812.0
tp_2_2,1788598228194860843,3,cloud,0.333,0.109,0.11,541805525.0,4406725477.0,104.037,1695.0,6251.0,28.0,11.0,4812.0
tp_2_2,1788598229195792130,0,enterprise,0.086,0.051,0.052,123869643.0,309632309.0,99.118,1695.0,6251.0,10.0,8.0,2614.0
tp_2_2,1788598229195825658,1,enterprise,0.116,0.052,0.052,160250457.0,1120901929.0,92.871,1695.0,6251.0,13.0,7.0,2614.0
tp_2_2,1788598229195835445,2,cloud,0.172,0.105,0.11,61952105.0,66115243.0,124.989,1695.0,6251.0,15.0,12.0,4812.0
tp_2_2,1788598229195841154,3,cloud,0.334,0.109,0.11,541681071.0,4405482403.0,105.601,1695.0,6251.0,29.0,11.0,4812.0
tp_2_2,1788598230196799759,0,enterprise,0.086,0.051,0.052,124581367.0,316220507.0,100.797,1695.0,6251.0,10.0,8.0,2614.0
tp_2_2,1788598230196832970,1,enterprise,0.115,0.052,0.052,158617859.0,1097749217.0,89.34,1695.0,6251.0,11.0,6.0,2614.0
tp_2_2,1788598230196843392,2,cloud,0.173,0.105,0.11,65110755.0,94331811.0,124.043,1695.0,6251.0,16.0,13.0,4812.0
tp_2_2,1788598230196849388,3,cloud,0.339,0.11,0.11,556998708.0,4533978684.0,104.89,1695.0,6251.0,30.0,12.0,4812.0
tp_2_2,1788598231197798217,0,enterprise,0.082,0.051,0.052,112205961.0,204528058.0,97.444,1695.0,6251.0,11.0,6.0,2614.0
tp_2_2,1788598231197831774,1,enterprise,0.118,0.052,0.052,167211368.0,1183292817.0,91.492,1695.0,6251.0,12.0,5.0,2614.0
tp_2_2,1788598231197841761,2,cloud,0.172,0.105,0.109,62900819.0,66006888.0,121.823,1695.0,6251.0,20.0,16.0,4812.0
tp_2_2,1788598231197847354,3,cloud,0.347,0.11,0.11,578700185.0,4739272293.0,102.24,1695.0,6251.0,37.0,15.0,4812.0
tp_2_2,1788598232198797781,0,enterprise,0.089,0.051,0.052,133184915.0,385075821.0,97.551,1695.0,6251.0,7.0,5.0,2614.0
tp_2_2,1788598232198835863,1,enterprise,0.113,0.052,0.052,150942329.0,1037218892.0,92.311,1695.0,6251.0,10.0,6.0,2614.0
tp_2_2,1788598232198845685,2,cloud,0.173,0.105,0.11,62129477.0,66238495.0,123.62,1695.0,6251.0,20.0,16.0,4812.0
tp_2_2,1788598232198851475,3,cloud,0.344,0.11,0.11,567396262.0,4637173968.0,102.622,1695.0,6251.0,42.0,17.0,4812.0
tp_2_2,1788598233199825723,0,enterprise,0.086,0.051,0.052,124657330.0,316618416.0,99.398,1695.0,6251.0,7.0,5.0,2614.0
tp_2_2,1788598233199840674,1,enterprise,0.113,0.052,0.052,152967096.0,1055368734.0,90.828,1695.0,6251.0,11.0,6.0,2614.0
tp_2_2,1788598233199848850,2,cloud,0.187,0.105,0.11,102323728.0,430204666.0,124.15,1695.0,6251.0,19.0,15.0,4812.0
tp_2_2,1788598233199854301,3,cloud,0.328,0.11,0.11,523070938.0,4229064081.0,103.914,1695.0,6251.0,37.0,16.0,4812.0
tp_2_2,1788598234200856183,0,enterprise,0.088,0.051,0.052,130535163.0,369650533.0,98.283,1695.0,6251.0,9.0,6.0,2614.0
tp_2_2,1788598234200892789,1,enterprise,0.116,0.052,0.052,160743089.0,1125218952.0,91.356,1695.0,6251.0,13.0,7.0,2614.0
tp_2_2,1788598234200902515,2,cloud,0.173,0.104,0.109,68335196.0,117503532.0,122.679,1695.0,6251.0,16.0,13.0,4812.0
tp_2_2,1788598234200914033,3,cloud,0.327,0.109,0.109,516375843.0,4180844373.0,102.645,1695.0,6251.0,31.0,14.0,4812.0
tp_2_2,1788598235201857899,0,enterprise,0.086,0.051,0.052,123820475.0,309768916.0,97.118,1695.0,6251.0,10.0,7.0,2614.0
tp_2_2,1788598235201893368,1,enterprise,0.117,0.052,0.052,164003491.0,1154846669.0,93.886,1695.0,6251.0,14.0,8.0,2614.0
tp_2_2,1788598235201903373,2,cloud,0.175,0.106,0.111,64887399.0,87534026.0,124.704,1695.0,6251.0,15.0,12.0,4812.0
tp_2_2,1788598235201909191,3,cloud,0.322,0.11,0.111,507235378.0,4093063211.0,103.441,1695.0,6251.0,34.0,12.0,4812.0
tp_2_2,1788598236202863758,0,enterprise,0.084,0.051,0.052,117970293.0,256518899.0,97.399,1695.0,6251.0,10.0,8.0,2614.0
tp_2_2,1788598236202906717,1,enterprise,0.116,0.052,0.052,160904987.0,1126833893.0,93.445,1695.0,6251.0,13.0,7.0,2614.0
tp_2_2,1788598236202918975,2,cloud,0.176,0.105,0.11,70650795.0,143956329.0,125.432,1695.0,6251.0,14.0,11.0,4812.0
tp_2_2,1788598236202925778,3,cloud,0.323,0.11,0.11,510365598.0,4114133648.0,103.627,1695.0,6251.0,28.0,11.0,4812.0
tp_2_2,1788598237203860618,0,enterprise,0.084,0.051,0.052,118783104.0,263693639.0,101.89,1695.0,6251.0,11.0,8.0,2614.0
tp_2_2,1788598237203898703,1,enterprise,0.117,0.052,0.052,164795206.0,1153198389.0,89.179,1695.0,6251.0,14.0,6.0,2614.0
tp_2_2,1788598237203910014,2,cloud,0.172,0.105,0.109,62590470.0,65739695.0,124.718,1695.0,6251.0,16.0,13.0,4812.0
tp_2_2,1788598237203925052,3,cloud,0.335,0.11,0.11,541513364.0,4405520858.0,105.024,1695.0,6251.0,31.0,12.0,4812.0
tp_2_2,1788598238204885261,0,enterprise,0.085,0.051,0.052,121631153.0,281243967.0,100.727,1695.0,6251.0,11.0,8.0,2614.0
tp_2_2,1788598238204923692,1,enterprise,0.116,0.052,0.052,160847757.0,1126737912.0,89.178,1695.0,6251.0,9.0,6.0,2614.0
tp_2_2,1788598238204934066,2,cloud,0.176,0.106,0.111,67521452.0,112509440.0,124.088,1695.0,6251.0,17.0,14.0,4812.0
tp_2_2,1788598238204939878,3,cloud,0.323,0.11,0.111,508301667.0,4094381057.0,104.723,1695.0,6251.0,31.0,13.0,4812.0
tp_2_2,1788598239205884834,0,enterprise,0.091,0.051,0.052,138775037.0,443201502.0,99.195,1695.0,6251.0,8.0,6.0,2614.0
tp_2_2,1788598239205923334,1,enterprise,0.114,0.052,0.052,154839725.0,1072204501.0,90.637,1695.0,6251.0,9.0,5.0,2614.0
tp_2_2,1788598239205933783,2,cloud,0.173,0.105,0.11,61978637.0,66188917.0,123.071,1695.0,6251.0,20.0,16.0,4812.0
tp_2_2,1788598239205939631,3,cloud,0.337,0.11,0.11,550567220.0,4486004567.0,102.957,1695.0,6251.0,41.0,15.0,4812.0
tp_2_2,1788598240206904885,0,enterprise,0.082,0.051,0.052,111197142.0,195285103.0,96.007,1695.0,6251.0,8.0,6.0,2614.0
tp_2_2,1788598240206944210,1,enterprise,0.118,0.052,0.052,166356419.0,1175333808.0,92.746,1695.0,6251.0,9.0,5.0,2614.0
tp_2_2,1788598240206954309,2,cloud,0.173,0.106,0.11,63055504.0,66215085.0,123.327,1695.0,6251.0,20.0,16.0,4812.0
tp_2_2,1788598240206960232,3,cloud,0.359,0.111,0.11,610908067.0,5028625697.0,102.203,1695.0,6251.0,37.0,15.0,4812.0
tp_2_2,1788598241207893807,0,enterprise,0.087,0.051,0.052,128297176.0,349048924.0,97.928,1695.0,6251.0,7.0,5.0,2614.0
tp_2_2,1788598241207923032,1,enterprise,0.115,0.052,0.052,157829936.0,1098777552.0,92.192,1695.0,6251.0,10.0,6.0,2614.0
tp_2_2,1788598241207932620,2,cloud,0.185,0.106,0.11,93161272.0,346776017.0,124.721,1695.0,6251.0,36.0,15.0,4812.0
tp_2_2,1788598241207938439,3,cloud,0.321,0.11,0.11,505313992.0,4069350487.0,103.252,1695.0,6251.0,21.0,16.0,4812.0
tp_2_2,1788598242208901927,0,enterprise,0.085,0.051,0.052,120343074.0,277666254.0,98.711,1695.0,6251.0,11.0,8.0,2614.0
tp_2_2,1788598242208937223,1,enterprise,0.119,0.052,0.052,169651742.0,1205641424.0,91.998,1695.0,6251.0,15.0,8.0,2614.0
tp_2_2,1788598242208953129,2,cloud,0.294,0.108,0.11,433026447.0,3408197069.0,124.952,1695.0,6251.0,29.0,11.0,4812.0
tp_2_2,1788598242208958794,3,cloud,0.229,0.107,0.11,227227415.0,1580763880.0,102.965,1695.0,6251.0,15.0,12.0,4812.0
tp_2_2,1788598243209924613,0,enterprise,0.087,0.051,0.052,126859309.0,337275204.0,98.837,1695.0,6251.0,7.0,5.0,2614.0
tp_2_2,1788598243209962886,1,enterprise,0.113,0.052,0.052,150910450.0,1037228200.0,91.706,1695.0,6251.0,8.0,5.0,2614.0
tp_2_2,1788598243209973715,2,cloud,0.329,0.108,0.108,546380937.0,4422701153.0,125.179,1695.0,6251.0,41.0,16.0,4812.0
tp_2_2,1788598243209979746,3,cloud,0.176,0.104,0.108,75435647.0,220502946.0,103.71,1695.0,6251.0,19.0,15.0,4812.0
tp_2_2,1788598244210935219,0,enterprise,0.085,0.049,0.05,125252901.0,353619964.0,98.179,1695.0,6251.0,10.0,8.0,2614.0
tp_2_2,1788598244210974192,1,enterprise,0.114,0.05,0.05,159559762.0,1117767797.0,91.816,1695.0,6251.0,15.0,8.0,2614.0
tp_2_2,1788598244210984177,2,cloud,0.357,0.109,0.109,618337222.0,5078269962.0,124.757,1695.0,6251.0,27.0,11.0,4812.0
tp_2_2,1788598244210989908,3,cloud,0.174,0.104,0.109,68742016.0,150535527.0,103.064,1695.0,6251.0,16.0,12.0,4812.0
tp_2_2,1788598245211922368,0,enterprise,0.085,0.051,0.052,121123474.0,277493136.0,98.67,1695.0,6251.0,7.0,5.0,2614.0
tp_2_2,1788598245211958811,1,enterprise,0.115,0.051,0.052,159717919.0,1117482866.0,91.867,1695.0,6251.0,9.0,5.0,2614.0
tp_2_2,1788598245211971521,2,cloud,0.339,0.11,0.11,567972973.0,4620433877.0,125.329,1695.0,6251.0,39.0,17.0,4812.0
tp_2_2,1788598245211980910,3,cloud,0.179,0.106,0.11,74007302.0,200207704.0,103.316,1695.0,6251.0,21.0,16.0,4812.0
tp_2_2,1788598246212944816,0,enterprise,0.085,0.051,0.052,120793260.0,282187063.0,98.822,1695.0,6251.0,8.0,6.0,2614.0
tp_2_2,1788598246212982954,1,enterprise,0.115,0.052,0.052,157724003.0,1098540299.0,91.118,1695.0,6251.0,15.0,8.0,2614.0
tp_2_2,1788598246212993162,2,cloud,0.33,0.107,0.107,550363886.0,4464046629.0,124.709,1695.0,6251.0,28.0,12.0,4812.0
tp_2_2,1788598246212999168,3,cloud,0.175,0.103,0.107,75425281.0,227021599.0,103.227,1695.0,6251.0,17.0,13.0,4812.0
tp_2_2,1788598247213903371,0,enterprise,0.08,0.049,0.05,109275710.0,210648980.0,98.547,1695.0,6251.0,8.0,6.0,2614.0
tp_2_2,1788598247213915639,1,enterprise,0.116,0.05,0.05,164870258.0,1173474633.0,91.411,1695.0,6251.0,10.0,5.0,2614.0
tp_2_2,1788598247213923479,2,cloud,0.354,0.11,0.11,607009390.0,4972750501.0,124.64,1695.0,6251.0,38.0,16.0,4812.0
tp_2_2,1788598247213929028,3,cloud,0.177,0.105,0.11,73075614.0,185501790.0,103.051,1695.0,6251.0,19.0,15.0,4812.0
tp_2_2,1788598248214920095,0,enterprise,0.087,0.051,0.052,126846410.0,337312060.0,97.97,1695.0,6251.0,11.0,8.0,2614.0
tp_2_2,1788598248214957240,1,enterprise,0.115,0.051,0.052,157777061.0,1100152983.0,92.616,1695.0,6251.0,14.0,8.0,2614.0
tp_2_2,1788598248214967062,2,cloud,0.34,0.11,0.111,570155663.0,4639055525.0,124.99,1695.0,6251.0,29.0,11.0,4812.0
tp_2_2,1788598248214973155,3,cloud,0.179,0.106,0.111,74305757.0,202624322.0,103.365,1695.0,6251.0,15.0,12.0,4812.0
tp_2_2,1788598249215934279,0,enterprise,0.088,0.051,0.052,127903275.0,346382226.0,98.64,1695.0,6251.0,8.0,5.0,2614.0
tp_2_2,1788598249215970936,1,enterprise,0.114,0.052,0.052,154424920.0,1068820045.0,92.118,1695.0,6251.0,10.0,6.0,2614.0
tp_2_2,1788598249215981212,2,cloud,0.325,0.106,0.107,537018012.0,4347668464.0,125.048,1695.0,6251.0,45.0,16.0,4812.0
tp_2_2,1788598249215994143,3,cloud,0.176,0.102,0.107,78937262.0,262297421.0,103.83,1695.0,6251.0,19.0,15.0,4812.0
tp_2_2,1788598250216944953,0,enterprise,0.088,0.049,0.05,134696314.0,438720915.0,98.982,1695.0,6251.0,11.0,8.0,2614.0
tp_2_2,1788598250216986964,1,enterprise,0.108,0.05,0.05,143122867.0,979288952.0,91.331,1695.0,6251.0,12.0,7.0,2614.0
tp_2_2,1788598250216998041,2,cloud,0.365,0.111,0.111,638033606.0,5248214751.0,124.799,1695.0,6251.0,30.0,11.0,4812.0
tp_2_2,1788598250217003932,3,cloud,0.178,0.106,0.111,69773028.0,151967536.0,103.314,1695.0,6251.0,14.0,11.0,4812.0
tp_2_2,1788598251217940076,0,enterprise,0.091,0.052,0.052,138927082.0,436225748.0,99.399,1695.0,6251.0,7.0,5.0,2614.0
tp_2_2,1788598251217979319,1,enterprise,0.115,0.052,0.052,155271730.0,1067532965.0,90.972,1695.0,6251.0,11.0,6.0,2614.0
tp_2_2,1788598251217989638,2,cloud,0.365,0.108,0.107,659764482.0,5451209289.0,125.437,1695.0,6251.0,33.0,15.0,4812.0
tp_2_2,1788598251218001411,3,cloud,0.17,0.103,0.107,61144232.0,99387392.0,103.87,1695.0,6251.0,21.0,16.0,4812.0
tp_2_2,1788598252218935013,0,enterprise,0.082,0.049,0.05,115143452.0,262379027.0,98.012,1695.0,6251.0,11.0,8.0,2614.0
tp_2_2,1788598252218976646,1,enterprise,0.114,0.051,0.051,156403611.0,1096417227.0,91.88,1695.0,6251.0,11.0,6.0,2614.0
tp_2_2,1788598252218987897,2,cloud,0.358,0.111,0.111,620871618.0,5096759450.0,125.328,1695.0,6251.0,32.0,11.0,4812.0
tp_2_2,1788598252218993804,3,cloud,0.177,0.105,0.11,69391864.0,161932666.0,103.17,1695.0,6251.0,14.0,11.0,4812.0
tp_2_2,1788598253219943554,0,enterprise,0.088,0.051,0.052,130598338.0,372322174.0,97.102,1695.0,6251.0,0.0,0.0,2614.0
tp_2_2,1788598253219985369,1,enterprise,0.111,0.051,0.051,148165867.0,1014788718.0,89.039,1695.0,6251.0,0.0,0.0,2614.0
tp_2_2,1788598253219996221,2,cloud,0.346,0.11,0.11,582841072.0,4756066011.0,118.266,1695.0,6251.0,0.0,0.0,4812.0
tp_2_2,1788598253220002132,3,cloud,0.18,0.106,0.11,77137380.0,220891556.0,97.533,1695.0,6251.0,0.0,0.0,4812.0
tp_2_2,1788598254220767276,0,enterprise,0.025,0.016,0.016,36417091.0,68263843.0,92.361,1695.0,6251.0,0.0,0.0,2614.0
tp_2_2,1788598254220797734,1,enterprise,0.035,0.016,0.016,46980795.0,317615678.0,84.631,1695.0,6251.0,0.0,0.0,2614.0
tp_2_2,1788598254220806782,2,cloud,0.102,0.032,0.032,174924412.0,1429187717.0,108.294,1695.0,6251.0,0.0,0.0,4812.0
tp_2_2,1788598254220812427,3,cloud,0.052,0.03,0.032,22080159.0,62954567.0,88.69,1695.0,6251.0,0.0,0.0,4812.0
tp_2_2,1788598255221662776,0,enterprise,0.0,0.0,0.0,429714.0,244677.0,91.406,1695.0,6251.0,0.0,0.0,2614.0
tp_2_2,1788598255221687101,1,enterprise,0.0,0.0,0.0,409347.0,233985.0,84.753,1695.0,6251.0,0.0,0.0,2614.0
tp_2_2,1788598255221695667,2,cloud,0.0,0.0,0.0,389427.0,224787.0,107.412,1695.0,6251.0,0.0,0.0,4812.0
tp_2_2,1788598255221701399,3,cloud,0.0,0.0,0.0,396057.0,227847.0,87.957,1695.0,6251.0,0.0,0.0,4812.0
tp_2_2,1788598256222609031,0,enterprise,0.0,0.0,0.0,404726.0,231417.0,91.387,1695.0,6251.0,0.0,0.0,2614.0
tp_2_2,1788598256222635868,1,enterprise,0.0,0.0,0.0,405745.0,231927.0,84.765,1695.0,6251.0,0.0,0.0,2614.0
tp_2_2,1788598256222644947,2,cloud,0.0,0.0,0.0,402720.0,229907.0,107.353,1695.0,6251.0,0.0,0.0,4812.0
tp_2_2,1788598256222657124,3,cloud,0.0,0.0,0.0,410346.0,233974.0,87.907,1695.0,6251.0,0.0,0.0,4812.0
tp_2_2,1788598257223611123,0,enterprise,0.0,0.0,0.0,403187.0,230392.0,91.338,1695.0,6251.0,0.0,0.0,2614.0
tp_2_2,1788598257223643250,1,enterprise,0.0,0.0,0.0,397580.0,227334.0,84.389,1695.0,6251.0,0.0,0.0,2614.0
tp_2_2,1788598257223653843,2,cloud,0.0,0.0,0.0,402183.0,229891.0,107.254,1695.0,6251.0,0.0,0.0,4812.0
tp_2_2,1788598257223659680,3,cloud,0.0,0.0,0.0,409323.0,232952.0,87.858,1695.0,6251.0,0.0,0.0,4812.0
tp_2_2,1788598258224540225,0,enterprise,0.0,0.0,0.0,405244.0,230402.0,91.261,1695.0,6251.0,0.0,0.0,2614.0
tp_2_2,1788598258224582537,1,enterprise,0.0,0.0,0.0,389444.0,222248.0,84.389,1695.0,6251.0,0.0,0.0,2614.0
tp_2_2,1788598258224592838,2,cloud,0.0,0.0,0.0,408800.0,231925.0,107.106,1695.0,6251.0,0.0,0.0,4812.0
tp_2_2,1788598258224598865,3,cloud,0.0,0.0,0.0,409823.0,232946.0,87.765,1695.0,6251.0,0.0,0.0,4812.0
tp_2_2,1788598259225528897,0,enterprise,0.0,0.0,0.0,403190.0,231414.0,91.261,1695.0,6251.0,0.0,0.0,2614.0
tp_2_2,1788598259225576787,1,enterprise,0.0,0.0,0.0,390964.0,225811.0,84.673,1695.0,6251.0,0.0,0.0,2614.0
tp_2_2,1788598259225588425,2,cloud,0.0,0.0,0.0,400137.0,230397.0,106.965,1695.0,6251.0,0.0,0.0,4812.0
tp_2_2,1788598259225594482,3,cloud,0.0,0.0,0.0,413389.0,236513.0,87.623,1695.0,6251.0,0.0,0.0,4812.0
tp_2_2,1788598260226579835,0,enterprise,0.0,0.0,0.0,403194.0,230396.0,91.261,1695.0,6251.0,0.0,0.0,2614.0
tp_2_2,1788598260226612636,1,enterprise,0.0,0.0,0.0,390956.0,224277.0,84.624,1695.0,6251.0,0.0,0.0,2614.0
tp_2_2,1788598260226623708,2,cloud,0.0,0.0,0.0,405244.0,230912.0,106.916,1695.0,6251.0,0.0,0.0,4812.0
tp_2_2,1788598260226629735,3,cloud,0.0,0.0,0.0,408812.0,232951.0,87.574,1695.0,6251.0,0.0,0.0,4812.0
tp_2_2,1788598261227530548,0,enterprise,0.0,0.0,0.0,404749.0,230921.0,91.211,1695.0,6251.0,0.0,0.0,2614.0
tp_2_2,1788598261227541833,1,enterprise,0.0,0.0,0.0,390957.0,223768.0,84.617,1695.0,6251.0,0.0,0.0,2614.0
tp_2_2,1788598261227549648,2,cloud,0.0,0.0,0.0,404655.0,231377.0,106.858,1695.0,6251.0,0.0,0.0,4812.0
tp_2_2,1788598261227580161,3,cloud,0.0,0.0,0.0,407715.0,232397.0,87.574,1695.0,6251.0,0.0,0.0,4812.0
tp_2_2,1788598262228497251,0,enterprise,0.0,0.0,0.0,407685.0,232380.0,91.261,1695.0,6251.0,0.0,0.0,2614.0
tp_2_2,1788598262228527387,1,enterprise,0.0,0.0,0.0,407727.0,232914.0,84.297,1695.0,6251.0,0.0,0.0,2614.0
tp_2_2,1788598262228538326,2,cloud,0.0,0.0,0.0,403704.0,230396.0,106.809,1695.0,6251.0,0.0,0.0,4812.0
tp_2_2,1788598262228544092,3,cloud,0.0,0.0,0.0,408292.0,232946.0,87.574,1695.0,6251.0,0.0,0.0,4812.0
tp_2_2,1788598263229480930,0,enterprise,0.0,0.0,0.0,402695.0,230402.0,91.311,1695.0,6251.0,0.0,0.0,2614.0
tp_2_2,1788598263229514373,1,enterprise,0.0,0.0,0.0,401650.0,229368.0,84.324,1695.0,6251.0,0.0,0.0,2614.0
tp_2_2,1788598263229525401,2,cloud,0.0,0.0,0.0,402709.0,229901.0,106.759,1695.0,6251.0,0.0,0.0,4812.0
tp_2_2,1788598263229531390,3,cloud,0.0,0.0,0.0,406281.0,231942.0,87.574,1695.0,6251.0,0.0,0.0,4812.0
tp_2_2,1788598264230524341,0,enterprise,0.0,0.0,0.0,405784.0,231949.0,91.211,1695.0,6251.0,0.0,0.0,2614.0
tp_2_2,1788598264230575693,1,enterprise,0.0,0.0,0.0,400206.0,228907.0,84.275,1695.0,6251.0,0.0,0.0,2614.0
tp_2_2,1788598264230588396,2,cloud,0.0,0.0,0.0,404751.0,231432.0,106.718,1695.0,6251.0,0.0,0.0,4812.0
tp_2_2,1788598264230600728,3,cloud,0.0,0.0,0.0,406788.0,232450.0,87.524,1695.0,6251.0,0.0,0.0,4812.0
tp_2_2,1788598265231496159,0,enterprise,0.0,0.0,0.0,403208.0,230404.0,91.162,1695.0,6251.0,0.0,0.0,2614.0
tp_2_2,1788598265231537079,1,enterprise,0.0,0.0,0.0,407257.0,232937.0,84.225,1695.0,6251.0,0.0,0.0,2614.0
tp_2_2,1788598265231548255,2,cloud,0.0,0.0,0.0,404708.0,230898.0,106.801,1695.0,6251.0,0.0,0.0,4812.0
tp_2_2,1788598265231570851,3,cloud,0.0,0.0,0.0,418474.0,233958.0,87.475,1695.0,6251.0,0.0,0.0,4812.0
tp_2_2,1788598266232486991,0,enterprise,0.0,0.0,0.0,405221.0,231409.0,91.162,1695.0,6251.0,0.0,0.0,2614.0
tp_2_2,1788598266232513647,1,enterprise,0.0,0.0,0.0,400668.0,228880.0,84.622,1695.0,6251.0,0.0,0.0,2614.0
tp_2_2,1788598266232523309,2,cloud,0.0,0.0,0.0,403750.0,230423.0,106.828,1695.0,6251.0,0.0,0.0,4812.0
tp_2_2,1788598266232529172,3,cloud,0.0,0.0,0.0,409862.0,233988.0,87.524,1695.0,6251.0,0.0,0.0,4812.0
tp_2_2,1788598267233500249,0,enterprise,0.0,0.0,0.0,403229.0,231436.0,91.211,1695.0,6251.0,0.0,0.0,2614.0
tp_2_2,1788598267233523878,1,enterprise,0.0,0.0,0.0,397620.0,228377.0,84.323,1695.0,6251.0,0.0,0.0,2614.0
tp_2_2,1788598267233533444,2,cloud,0.0,0.0,0.0,404247.0,231945.0,106.702,1695.0,6251.0,0.0,0.0,4812.0
tp_2_2,1788598267233539185,3,cloud,0.0,0.0,0.0,408801.0,233965.0,87.524,1695.0,6251.0,0.0,0.0,4812.0
tp_2_2,1788598268234471695,0,enterprise,0.0,0.0,0.0,420901.0,234400.0,91.261,1695.0,6251.0,0.0,0.0,2614.0
tp_2_2,1788598268234503224,1,enterprise,0.0,0.0,0.0,407105.0,227754.0,84.274,1695.0,6251.0,0.0,0.0,2614.0
tp_2_2,1788598268234514098,2,cloud,0.0,0.0,0.0,414213.0,234873.0,106.676,1695.0,6251.0,0.0,0.0,4812.0
tp_2_2,1788598268234520049,3,cloud,0.0,0.0,0.0,406100.0,230819.0,87.425,1695.0,6251.0,0.0,0.0,4812.0
tp_2_2,1788598269235429504,0,enterprise,0.0,0.0,0.0,405713.0,231909.0,91.211,1695.0,6251.0,0.0,0.0,2614.0
tp_2_2,1788598269235459757,1,enterprise,0.0,0.0,0.0,399607.0,228856.0,84.274,1695.0,6251.0,0.0,0.0,2614.0
tp_2_2,1788598269235469398,2,cloud,0.0,0.0,0.0,404215.0,230907.0,106.726,1695.0,6251.0,0.0,0.0,4812.0
tp_2_2,1788598269235475026,3,cloud,0.0,0.0,0.0,408290.0,232434.0,87.425,1695.0,6251.0,0.0,0.0,4812.0
tp_2_2,1788598270236392951,0,enterprise,0.0,0.0,0.0,404721.0,230905.0,91.212,1695.0,6251.0,0.0,0.0,2614.0
tp_2_2,1788598270236421612,1,enterprise,0.0,0.0,0.0,397112.0,227358.0,84.297,1695.0,6251.0,0.0,0.0,2614.0
tp_2_2,1788598270236431690,2,cloud,0.0,0.0,0.0,408812.0,233461.0,106.626,1695.0,6251.0,0.0,0.0,4812.0
tp_2_2,1788598270236446567,3,cloud,0.0,0.0,0.0,409833.0,233972.0,87.475,1695.0,6251.0,0.0,0.0,4812.0
tp_2_2,1788598271237453366,0,enterprise,0.0,0.0,0.0,402702.0,231426.0,91.161,1695.0,6251.0,0.0,0.0,2614.0
tp_2_2,1788598271237479544,1,enterprise,0.0,0.0,0.0,401657.0,230392.0,84.637,1695.0,6251.0,0.0,0.0,2614.0
tp_2_2,1788598271237488059,2,cloud,0.0,0.0,0.0,408286.0,233451.0,106.577,1695.0,6251.0,0.0,0.0,4812.0
tp_2_2,1788598271237493449,3,cloud,0.0,0.0,0.0,407777.0,233452.0,87.447,1695.0,6251.0,0.0,0.0,4812.0
tp_2_2,1788598272238456031,0,enterprise,0.0,0.0,0.0,405220.0,230389.0,91.162,1695.0,6251.0,0.0,0.0,2614.0
tp_2_2,1788598272238490033,1,enterprise,0.0,0.0,0.0,399642.0,227857.0,84.664,1695.0,6251.0,0.0,0.0,2614.0
tp_2_2,1788598272238500597,2,cloud,0.0,0.0,0.0,402187.0,228874.0,106.577,1695.0,6251.0,0.0,0.0,4812.0
tp_2_2,1788598272238506716,3,cloud,0.0,0.0,0.0,412896.0,234484.0,87.447,1695.0,6251.0,0.0,0.0,4812.0
tp_2_2,1788598273239457381,0,enterprise,0.0,0.0,0.0,403208.0,230404.0,91.212,1695.0,6251.0,0.0,0.0,2614.0
tp_2_2,1788598273239490945,1,enterprise,0.0,0.0,0.0,401653.0,229370.0,84.324,1695.0,6251.0,0.0,0.0,2614.0
tp_2_2,1788598273239502023,2,cloud,0.0,0.0,0.0,412868.0,231410.0,106.527,1695.0,6251.0,0.0,0.0,4812.0
tp_2_2,1788598273239507891,3,cloud,0.0,0.0,0.0,409756.0,233418.0,87.475,1695.0,6251.0,0.0,0.0,4812.0
tp_2_2,1788598274240484992,0,enterprise,0.0,0.0,0.0,402613.0,229846.0,91.211,1695.0,6251.0,0.0,0.0,2614.0
tp_2_2,1788598274240516177,1,enterprise,0.0,0.0,0.0,401119.0,229356.0,84.403,1695.0,6251.0,0.0,0.0,2614.0
tp_2_2,1788598274240526629,2,cloud,0.0,0.0,0.0,412331.0,234962.0,106.526,1695.0,6251.0,0.0,0.0,4812.0
tp_2_2,1788598274240533930,3,cloud,0.0,0.0,0.0,406778.0,231934.0,87.447,1695.0,6251.0,0.0,0.0,4812.0
tp_2_2,1788598275241454412,0,enterprise,0.0,0.0,0.0,403718.0,231934.0,91.238,1695.0,6251.0,0.0,0.0,2614.0
tp_2_2,1788598275241472911,1,enterprise,0.0,0.0,0.0,402660.0,231402.0,84.375,1695.0,6251.0,0.0,0.0,2614.0
tp_2_2,1788598275241481074,2,cloud,0.0,0.0,0.0,404720.0,231924.0,106.519,1695.0,6251.0,0.0,0.0,4812.0
tp_2_2,1788598275241486456,3,cloud,0.0,0.0,0.0,407778.0,233962.0,87.441,1695.0,6251.0,0.0,0.0,4812.0
tp_2_2,1788598276242472831,0,enterprise,0.0,0.0,0.0,407282.0,231422.0,91.266,1695.0,6251.0,0.0,0.0,2614.0
tp_2_2,1788598276242506234,1,enterprise,0.0,0.0,0.0,395605.0,225332.0,84.468,1695.0,6251.0,0.0,0.0,2614.0
tp_2_2,1788598276242517708,2,cloud,0.0,0.0,0.0,407816.0,231945.0,106.561,1695.0,6251.0,0.0,0.0,4812.0
tp_2_2,1788598276242530537,3,cloud,0.0,0.0,0.0,408836.0,231945.0,87.462,1695.0,6251.0,0.0,0.0,4812.0
tp_2_2,1788598277243477118,0,enterprise,0.0,0.0,0.0,401213.0,229410.0,91.266,1695.0,6251.0,0.0,0.0,2614.0
tp_2_2,1788598277243509652,1,enterprise,0.0,0.0,0.0,400696.0,229406.0,84.518,1695.0,6251.0,0.0,0.0,2614.0
tp_2_2,1788598277243520620,2,cloud,0.0,0.0,0.0,403756.0,230426.0,106.561,1695.0,6251.0,0.0,0.0,4812.0
tp_2_2,1788598277243526595,3,cloud,0.0,0.0,0.0,405796.0,231956.0,87.462,1695.0,6251.0,0.0,0.0,4812.0
tp_2_2,1788598278244576865,0,enterprise,0.0,0.0,0.0,401167.0,229384.0,91.315,1695.0,6251.0,0.0,0.0,2614.0
tp_2_2,1788598278244618736,1,enterprise,0.0,0.0,0.0,400117.0,228857.0,84.418,1695.0,6251.0,0.0,0.0,2614.0
tp_2_2,1788598278244633192,2,cloud,0.0,0.0,0.0,401139.0,229368.0,106.569,1695.0,6251.0,0.0,0.0,4812.0
tp_2_2,1788598278244639172,3,cloud,0.0,0.0,0.0,407766.0,232426.0,87.462,1695.0,6251.0,0.0,0.0,4812.0
tp_2_2,1788598279245573679,0,enterprise,0.0,0.0,0.0,405232.0,232944.0,91.365,1695.0,6251.0,0.0,0.0,2614.0
tp_2_2,1788598279245614393,1,enterprise,0.0,0.0,0.0,402719.0,230926.0,84.418,1695.0,6251.0,0.0,0.0,2614.0
tp_2_2,1788598279245626293,2,cloud,0.0,0.0,0.0,405263.0,232452.0,106.668,1695.0,6251.0,0.0,0.0,4812.0
tp_2_2,1788598279245639646,3,cloud,0.0,0.0,0.0,406792.0,232962.0,87.462,1695.0,6251.0,0.0,0.0,4812.0
tp_2_2,1788598280246575150,0,enterprise,0.0,0.0,0.0,402196.0,228879.0,91.315,1695.0,6251.0,0.0,0.0,2614.0
tp_2_2,1788598280246606041,1,enterprise,0.0,0.0,0.0,402169.0,228864.0,84.418,1695.0,6251.0,0.0,0.0,2614.0
tp_2_2,1788598280246616889,2,cloud,0.0,0.0,0.0,404722.0,230395.0,106.668,1695.0,6251.0,0.0,0.0,4812.0
tp_2_2,1788598280246622769,3,cloud,0.0,0.0,0.0,405257.0,230410.0,87.462,1695.0,6251.0,0.0,0.0,4812.0
tp_2_2,1788598281247567720,0,enterprise,0.0,0.0,0.0,403721.0,230916.0,91.315,1695.0,6251.0,0.0,0.0,2614.0
tp_2_2,1788598281247599193,1,enterprise,0.0,0.0,0.0,402735.0,230425.0,84.475,1695.0,6251.0,0.0,0.0,2614.0
tp_2_2,1788598281247609641,2,cloud,0.0,0.0,0.0,406303.0,231444.0,106.668,1695.0,6251.0,0.0,0.0,4812.0
tp_2_2,1788598281247615414,3,cloud,0.0,0.0,0.0,407807.0,232959.0,87.462,1695.0,6251.0,0.0,0.0,4812.0
tp_2_2,1788598282248531100,0,enterprise,0.0,0.0,0.0,403211.0,229897.0,91.365,1695.0,6251.0,0.0,0.0,2614.0
tp_2_2,1788598282248572531,1,enterprise,0.0,0.0,0.0,401688.0,229390.0,84.475,1695.0,6251.0,0.0,0.0,2614.0
tp_2_2,1788598282248582781,2,cloud,0.0,0.0,0.0,415447.0,236524.0,106.66,1695.0,6251.0,0.0,0.0,4812.0
tp_2_2,1788598282248588834,3,cloud,0.0,0.0,0.0,411368.0,233975.0,87.461,1695.0,6251.0,0.0,0.0,4812.0
tp_2_2,1788598283249521212,0,enterprise,0.0,0.0,0.0,400147.0,229893.0,91.387,1695.0,6251.0,0.0,0.0,2614.0
tp_2_2,1788598283249569229,1,enterprise,0.0,0.0,0.0,401676.0,230912.0,84.517,1695.0,6251.0,0.0,0.0,2614.0
tp_2_2,1788598283249582213,2,cloud,0.0,0.0,0.0,404738.0,232444.0,106.71,1695.0,6251.0,0.0,0.0,4812.0
tp_2_2,1788598283249588512,3,cloud,0.0,0.0,0.0,404741.0,231936.0,87.462,1695.0,6251.0,0.0,0.0,4812.0
tp_2_2,1788598284250478382,0,enterprise,0.0,0.0,0.0,401685.0,228879.0,91.46,1695.0,6251.0,0.0,0.0,2614.0
tp_2_2,1788598284250509455,1,enterprise,0.0,0.0,0.0,402695.0,229383.0,84.567,1695.0,6251.0,0.0,0.0,2614.0
tp_2_2,1788598284250520425,2,cloud,0.0,0.0,0.0,404726.0,229888.0,106.759,1695.0,6251.0,0.0,0.0,4812.0
tp_2_2,1788598284250526067,3,cloud,0.0,0.0,0.0,414408.0,235494.0,87.468,1695.0,6251.0,0.0,0.0,4812.0
tp_2_2,1788598285251473138,0,enterprise,0.0,0.0,0.0,401153.0,229376.0,91.46,1695.0,6251.0,0.0,0.0,2614.0
tp_2_2,1788598285251506733,1,enterprise,0.0,0.0,0.0,400122.0,228350.0,84.865,1695.0,6251.0,0.0,0.0,2614.0
tp_2_2,1788598285251513626,2,cloud,0.0,0.0,0.0,402672.0,229880.0,106.759,1695.0,6251.0,0.0,0.0,4812.0
tp_2_2,1788598285251519175,3,cloud,0.0,0.0,0.0,407773.0,232430.0,87.468,1695.0,6251.0,0.0,0.0,4812.0
tp_2_2,1788598286252482282,0,enterprise,0.0,0.0,0.0,404706.0,230896.0,91.46,1695.0,6251.0,0.0,0.0,2614.0
tp_2_2,1788598286252511595,1,enterprise,0.0,0.0,0.0,406261.0,231931.0,84.815,1695.0,6251.0,0.0,0.0,2614.0
tp_2_2,1788598286252521510,2,cloud,0.0,0.0,0.0,404734.0,231422.0,106.809,1695.0,6251.0,0.0,0.0,4812.0
tp_2_2,1788598286252527100,3,cloud,0.0,0.0,0.0,408301.0,232441.0,87.518,1695.0,6251.0,0.0,0.0,4812.0
tp_2_2,1788598287253436565,0,enterprise,0.0,0.0,0.0,403216.0,231938.0,91.51,1695.0,6251.0,0.0,0.0,2614.0
tp_2_2,1788598287253461249,1,enterprise,0.0,0.0,0.0,399619.0,229373.0,84.518,1695.0,6251.0,0.0,0.0,2614.0
tp_2_2,1788598287253470174,2,cloud,0.0,0.0,0.0,402165.0,230901.0,106.809,1695.0,6251.0,0.0,0.0,4812.0
tp_2_2,1788598287253475792,3,cloud,0.0,0.0,0.0,406245.0,233450.0,87.524,1695.0,6251.0,0.0,0.0,4812.0
tp_2_2,1788598288254416721,0,enterprise,0.0,0.0,0.0,406754.0,230901.0,91.559,1695.0,6251.0,0.0,0.0,2614.0
tp_2_2,1788598288254440407,1,enterprise,0.0,0.0,0.0,403224.0,229394.0,84.568,1695.0,6251.0,0.0,0.0,2614.0
tp_2_2,1788598288254449327,2,cloud,0.0,0.0,0.0,405266.0,230415.0,106.858,1695.0,6251.0,0.0,0.0,4812.0
tp_2_2,1788598288254454833,3,cloud,0.0,0.0,0.0,435690.0,241540.0,87.475,1695.0,6251.0,0.0,0.0,4812.0
tp_2_2,1788598289255401794,0,enterprise,0.0,0.0,0.0,399498.0,228794.0,91.609,1695.0,6251.0,0.0,0.0,2614.0
tp_2_2,1788598289255417302,1,enterprise,0.0,0.0,0.0,404088.0,231344.0,84.567,1695.0,6251.0,0.0,0.0,2614.0
tp_2_2,1788598289255425001,2,cloud,0.0,0.0,0.0,405618.0,231344.0,106.999,1695.0,6251.0,0.0,0.0,4812.0
tp_2_2,1788598289255430322,3,cloud,0.0,0.0,0.0,408314.0,232958.0,87.563,1695.0,6251.0,0.0,0.0,4812.0
tp_2_2,1788598290256285095,0,enterprise,0.0,0.0,0.0,399155.0,229399.0,91.635,1695.0,6251.0,0.0,0.0,2614.0
tp_2_2,1788598290256307219,1,enterprise,0.0,0.0,0.0,400168.0,229905.0,84.567,1695.0,6251.0,0.0,0.0,2614.0
tp_2_2,1788598290256315901,2,cloud,0.0,0.0,0.0,1280006.0,238567.0,107.007,1695.0,6251.0,0.0,0.0,4812.0
tp_2_2,1788598290256321493,3,cloud,0.0,0.0,0.0,703469.0,236528.0,87.563,1695.0,6251.0,0.0,0.0,4812.0
tp_2_2,1788598291257213462,0,enterprise,0.0,0.0,0.0,405241.0,231420.0,91.635,1695.0,6251.0,0.0,0.0,2614.0
tp_2_2,1788598291257241014,1,enterprise,0.0,0.0,0.0,409665.0,229799.0,84.964,1695.0,6251.0,0.0,0.0,2614.0
tp_2_2,1788598291257250001,2,cloud,0.0,0.0,0.0,405106.0,231343.0,107.088,1695.0,6251.0,0.0,0.0,4812.0
tp_2_2,1788598291257262260,3,cloud,0.0,0.0,0.0,407661.0,232367.0,87.574,1695.0,6251.0,0.0,0.0,4812.0
tp_2_2,1788598292258123230,0,enterprise,0.0,0.0,0.0,432671.0,240542.0,91.586,1695.0,6251.0,0.0,0.0,2614.0
tp_2_2,1788598292258150800,1,enterprise,0.0,0.0,0.0,397169.0,226371.0,84.666,1695.0,6251.0,0.0,0.0,2614.0
tp_2_2,1788598292258159388,2,cloud,0.0,0.0,0.0,404284.0,229417.0,107.056,1695.0,6251.0,0.0,0.0,4812.0
tp_2_2,1788598292258164762,3,cloud,0.0,0.0,0.0,403769.0,229414.0,87.574,1695.0,6251.0,0.0,0.0,4812.0
tp_2_2,1788598293259001290,0,enterprise,0.0,0.0,0.0,400706.0,227882.0,91.635,1695.0,6251.0,0.0,0.0,2614.0
tp_2_2,1788598293259033904,1,enterprise,0.0,0.0,0.0,401238.0,228404.0,84.716,1695.0,6251.0,0.0,0.0,2614.0
tp_2_2,1788598293259044179,2,cloud,0.0,0.0,0.0,408400.0,232497.0,107.106,1695.0,6251.0,0.0,0.0,4812.0
tp_2_2,1788598293259049994,3,cloud,0.0,0.0,0.0,404352.0,229965.0,87.617,1695.0,6251.0,0.0,0.0,4812.0
tp_2_2,1788598294259791486,0,enterprise,0.0,0.0,0.0,400784.0,229456.0,91.757,1695.0,6251.0,0.0,0.0,2614.0
tp_2_2,1788598294259823405,1,enterprise,0.0,0.0,0.0,397221.0,227420.0,85.113,1695.0,6251.0,0.0,0.0,2614.0
tp_2_2,1788598294259832271,2,cloud,0.0,0.0,0.0,402829.0,229969.0,107.262,1695.0,6251.0,0.0,0.0,4812.0
tp_2_2,1788598294259837715,3,cloud,0.0,0.0,0.0,406396.0,232007.0,87.666,1695.0,6251.0,0.0,0.0,4812.0
tp_2_2,1788598295260544075,0,enterprise,0.0,0.0,0.0,399769.0,228439.0,91.784,1695.0,6251.0,0.0,0.0,2614.0
tp_2_2,1788598295260587219,1,enterprise,0.0,0.0,0.0,398756.0,227933.0,85.113,1695.0,6251.0,0.0,0.0,2614.0
tp_2_2,1788598295260597157,2,cloud,0.0,0.0,0.0,402833.0,229971.0,107.312,1695.0,6251.0,0.0,0.0,4812.0
tp_2_2,1788598295260602699,3,cloud,0.0,0.0,0.0,403850.0,230480.0,87.715,1695.0,6251.0,0.0,0.0,4812.0
tp_2_2,1788598296261303653,0,enterprise,0.0,0.0,0.0,398242.0,227421.0,91.81,1695.0,6251.0,0.0,0.0,2614.0
tp_2_2,1788598296261332038,1,enterprise,0.0,0.0,0.0,398753.0,227421.0,84.766,1695.0,6251.0,0.0,0.0,2614.0
tp_2_2,1788598296261341296,2,cloud,0.0,0.0,0.0,408947.0,232518.0,107.354,1695.0,6251.0,0.0,0.0,4812.0
tp_2_2,1788598296261347049,3,cloud,0.0,0.0,0.0,404207.0,229883.0,87.709,1695.0,6251.0,0.0,0.0,4812.0
tp_2_2,1788598297262097701,0,enterprise,0.0,0.0,0.0,401144.0,228351.0,91.86,1695.0,6251.0,0.0,0.0,2614.0
tp_2_2,1788598297262124682,1,enterprise,0.0,0.0,0.0,398648.0,226852.0,84.766,1695.0,6251.0,0.0,0.0,2614.0
tp_2_2,1788598297262133948,2,cloud,0.0,0.0,0.0,430768.0,239089.0,107.403,1695.0,6251.0,0.0,0.0,4812.0
tp_2_2,1788598297262139425,3,cloud,0.0,0.0,0.0,406457.0,231022.0,87.709,1695.0,6251.0,0.0,0.0,4812.0
tp_2_2,1788598298262902476,0,enterprise,0.0,0.0,0.0,393703.0,225410.0,91.86,1695.0,6251.0,0.0,0.0,2614.0
tp_2_2,1788598298262931605,1,enterprise,0.0,0.0,0.0,396716.0,227423.0,85.162,1695.0,6251.0,0.0,0.0,2614.0
tp_2_2,1788598298262941661,2,cloud,0.0,0.0,0.0,402829.0,229969.0,107.403,1695.0,6251.0,0.0,0.0,4812.0
tp_2_2,1788598298262947293,3,cloud,0.0,0.0,0.0,405886.0,231498.0,87.709,1695.0,6251.0,0.0,0.0,4812.0
tp_2_2,1788598299263694646,0,enterprise,0.0,0.0,0.0,400225.0,228919.0,91.81,1695.0,6251.0,0.0,0.0,2614.0
tp_2_2,1788598299263720173,1,enterprise,0.0,0.0,0.0,397164.0,226878.0,85.212,1695.0,6251.0,0.0,0.0,2614.0
tp_2_2,1788598299263729081,2,cloud,0.0,0.0,0.0,400225.0,228918.0,107.411,1695.0,6251.0,0.0,0.0,4812.0
tp_2_2,1788598299263734469,3,cloud,0.0,0.0,0.0,412460.0,235036.0,87.709,1695.0,6251.0,0.0,0.0,4812.0
tp_2_2,1788598300264444475,0,enterprise,0.0,0.0,0.0,401805.0,228947.0,91.761,1695.0,6251.0,0.0,0.0,2614.0
tp_2_2,1788598300264468935,1,enterprise,0.0,0.0,0.0,395695.0,225893.0,85.212,1695.0,6251.0,0.0,0.0,2614.0
tp_2_2,1788598300264477503,2,cloud,0.0,0.0,0.0,401815.0,228443.0,107.411,1695.0,6251.0,0.0,0.0,4812.0
tp_2_2,1788598300264482972,3,cloud,0.0,0.0,0.0,406407.0,230994.0,87.709,1695.0,6251.0,0.0,0.0,4812.0
tp_2_2,1788598301265230927,0,enterprise,0.0,0.0,0.0,400798.0,227935.0,91.81,1695.0,6251.0,0.0,0.0,2614.0
tp_2_2,1788598301265261636,1,enterprise,0.0,0.0,0.0,397187.0,226381.0,84.814,1695.0,6251.0,0.0,0.0,2614.0
tp_2_2,1788598301265270917,2,cloud,0.0,0.0,0.0,402279.0,228926.0,107.402,1695.0,6251.0,0.0,0.0,4812.0
tp_2_2,1788598301265276434,3,cloud,0.0,0.0,0.0,399729.0,227396.0,87.66,1695.0,6251.0,0.0,0.0,4812.0
tp_2_2,1788598302265985628,0,enterprise,0.0,0.0,0.0,405848.0,231986.0,91.86,1695.0,6251.0,0.0,0.0,2614.0
tp_2_2,1788598302266018886,1,enterprise,0.0,0.0,0.0,398752.0,228441.0,84.814,1695.0,6251.0,0.0,0.0,2614.0
tp_2_2,1788598302266029509,2,cloud,0.0,0.0,0.0,401306.0,229463.0,107.452,1695.0,6251.0,0.0,0.0,4812.0
tp_2_2,1788598302266036128,3,cloud,0.0,0.0,0.0,401817.0,229974.0,87.709,1695.0,6251.0,0.0,0.0,4812.0
tp_2_2,1788598303266800675,0,enterprise,0.0,0.0,0.0,403334.0,230476.0,91.909,1695.0,6251.0,0.0,0.0,2614.0
tp_2_2,1788598303266813694,1,enterprise,0.0,0.0,0.0,398238.0,227419.0,85.261,1695.0,6251.0,0.0,0.0,2614.0
tp_2_2,1788598303266829643,2,cloud,0.0,0.0,0.0,395686.0,226397.0,107.551,1695.0,6251.0,0.0,0.0,4812.0
tp_2_2,1788598303266838541,3,cloud,0.0,0.0,0.0,406903.0,232006.0,87.808,1695.0,6251.0,0.0,0.0,4812.0
tp_2_2,1788598304267640570,0,enterprise,0.0,0.0,0.0,401297.0,228438.0,91.959,1695.0,6251.0,0.0,0.0,2614.0
tp_2_2,1788598304267669327,1,enterprise,0.0,0.0,0.0,397731.0,226911.0,85.261,1695.0,6251.0,0.0,0.0,2614.0
tp_2_2,1788598304267678456,2,cloud,0.0,0.0,0.0,388553.0,222321.0,107.551,1695.0,6251.0,0.0,0.0,4812.0
tp_2_2,1788598304267684022,3,cloud,0.0,0.0,0.0,406400.0,230990.0,87.808,1695.0,6251.0,0.0,0.0,4812.0
tp_2_2,1788598305268421687,0,enterprise,0.0,0.0,0.0,401289.0,228433.0,91.959,1695.0,6251.0,0.0,0.0,2614.0
tp_2_2,1788598305268448740,1,enterprise,0.0,0.0,0.0,397252.0,226418.0,84.935,1695.0,6251.0,0.0,0.0,2614.0
tp_2_2,1788598305268457697,2,cloud,0.0,0.0,0.0,391644.0,223359.0,107.551,1695.0,6251.0,0.0,0.0,4812.0
tp_2_2,1788598305268463777,3,cloud,0.0,0.0,0.0,407454.0,231519.0,87.758,1695.0,6251.0,0.0,0.0,4812.0
tp_2_2,1788598306269203879,0,enterprise,0.0,0.0,0.0,393193.0,225410.0,91.958,1695.0,6251.0,0.0,0.0,2614.0
tp_2_2,1788598306269231380,1,enterprise,0.0,0.0,0.0,400344.0,228986.0,84.984,1695.0,6251.0,0.0,0.0,2614.0
tp_2_2,1788598306269240545,2,cloud,0.0,0.0,0.0,397285.0,227457.0,107.651,1695.0,6251.0,0.0,0.0,4812.0
tp_2_2,1788598306269252180,3,cloud,0.0,0.0,0.0,405955.0,231537.0,87.759,1695.0,6251.0,0.0,0.0,4812.0
tp_2_2,1788598307270007242,0,enterprise,0.0,0.0,0.0,393709.0,225923.0,92.008,1695.0,6251.0,0.0,0.0,2614.0
tp_2_2,1788598307270040206,1,enterprise,0.0,0.0,0.0,397786.0,227452.0,85.02,1695.0,6251.0,0.0,0.0,2614.0
tp_2_2,1788598307270049623,2,cloud,0.0,0.0,0.0,400836.0,228976.0,107.7,1695.0,6251.0,0.0,0.0,4812.0
tp_2_2,1788598307270055234,3,cloud,0.0,0.0,0.0,405891.0,231501.0,87.759,1695.0,6251.0,0.0,0.0,4812.0
tp_2_2,1788598308270822013,0,enterprise,0.0,0.0,0.0,394665.0,224867.0,92.059,1695.0,6251.0,0.0,0.0,2614.0
tp_2_2,1788598308270864580,1,enterprise,0.0,0.0,0.0,403842.0,229455.0,85.069,1695.0,6251.0,0.0,0.0,2614.0
tp_2_2,1788598308270874358,2,cloud,0.0,0.0,0.0,405889.0,230989.0,107.799,1695.0,6251.0,0.0,0.0,4812.0
tp_2_2,1788598308270880063,3,cloud,0.0,0.0,0.0,404913.0,230504.0,87.808,1695.0,6251.0,0.0,0.0,4812.0
tp_2_2,1788598309271602803,0,enterprise,0.0,0.0,0.0,393694.0,224895.0,92.058,1695.0,6251.0,0.0,0.0,2614.0
tp_2_2,1788598309271632281,1,enterprise,0.0,0.0,0.0,395233.0,225410.0,85.062,1695.0,6251.0,0.0,0.0,2614.0
tp_2_2,1788598309271642096,2,cloud,0.0,0.0,0.0,411548.0,233567.0,107.899,1695.0,6251.0,0.0,0.0,4812.0
tp_2_2,1788598309271647689,3,cloud,0.0,0.0,0.0,407468.0,231527.0,87.815,1695.0,6251.0,0.0,0.0,4812.0
tp_2_2,1788598310272366939,0,enterprise,0.0,0.0,0.0,393192.0,224899.0,92.131,1695.0,6251.0,0.0,0.0,2614.0
tp_2_2,1788598310272400924,1,enterprise,0.0,0.0,0.0,397780.0,227958.0,85.062,1695.0,6251.0,0.0,0.0,2614.0
tp_2_2,1788598310272410653,2,cloud,0.0,0.0,0.0,399844.0,228482.0,107.849,1695.0,6251.0,0.0,0.0,4812.0
tp_2_2,1788598310272416267,3,cloud,0.0,0.0,0.0,405974.0,231548.0,87.765,1695.0,6251.0,0.0,0.0,4812.0
tp_2_2,1788598311273237106,0,enterprise,0.0,0.0,0.0,390162.0,224407.0,92.131,1695.0,6251.0,0.0,0.0,2614.0
tp_2_2,1788598311273273082,1,enterprise,0.0,0.0,0.0,395211.0,226417.0,85.112,1695.0,6251.0,0.0,0.0,2614.0
tp_2_2,1788598311273282461,2,cloud,0.0,0.0,0.0,394676.0,225893.0,107.849,1695.0,6251.0,0.0,0.0,4812.0
tp_2_2,1788598311273288159,3,cloud,0.0,0.0,0.0,405374.0,231496.0,87.864,1695.0,6251.0,0.0,0.0,4812.0
tp_2_2,1788598312274158042,0,enterprise,0.0,0.0,0.0,412000.0,233534.0,92.08,1695.0,6251.0,0.0,0.0,2614.0
tp_2_2,1788598312274197450,1,enterprise,0.0,0.0,0.0,405426.0,230506.0,85.162,1695.0,6251.0,0.0,0.0,2614.0
tp_2_2,1788598312274207315,2,cloud,0.0,0.0,0.0,387576.0,221836.0,107.899,1695.0,6251.0,0.0,0.0,4812.0
tp_2_2,1788598312274213114,3,cloud,0.0,0.0,0.0,390644.0,222861.0,87.914,1695.0,6251.0,0.0,0.0,4812.0
tp_2_2,1788598313275094686,0,enterprise,0.0,0.0,0.0,413580.0,234583.0,92.081,1695.0,6251.0,0.0,0.0,2614.0
tp_2_2,1788598313275137440,1,enterprise,0.0,0.0,0.0,406892.0,231490.0,85.162,1695.0,6251.0,0.0,0.0,2614.0
tp_2_2,1788598313275146895,2,cloud,0.0,0.0,0.0,386980.0,221277.0,107.948,1695.0,6251.0,0.0,0.0,4812.0
tp_2_2,1788598313275152672,3,cloud,0.0,0.0,0.0,399702.0,223813.0,87.864,1695.0,6251.0,0.0,0.0,4812.0
tp_2_2,1788598314276007176,0,enterprise,0.0,0.0,0.0,421093.0,239605.0,92.131,1695.0,6251.0,0.0,0.0,2614.0
tp_2_2,1788598314276041069,1,enterprise,0.0,0.0,0.0,398635.0,227864.0,85.162,1695.0,6251.0,0.0,0.0,2614.0
tp_2_2,1788598314276050103,2,cloud,0.0,0.0,0.0,387422.0,222257.0,107.998,1695.0,6251.0,0.0,0.0,4812.0
tp_2_2,1788598314276056030,3,cloud,0.0,0.0,0.0,389936.0,223767.0,87.914,1695.0,6251.0,0.0,0.0,4812.0
tp_2_2,1788598315276946233,0,enterprise,0.0,0.0,0.0,423571.0,240584.0,92.181,1695.0,6251.0,0.0,0.0,2614.0
tp_2_2,1788598315276978680,1,enterprise,0.0,0.0,0.0,398635.0,228374.0,85.162,1695.0,6251.0,0.0,0.0,2614.0
tp_2_2,1788598315276987774,2,cloud,0.0,0.0,0.0,391502.0,224808.0,107.997,1695.0,6251.0,0.0,0.0,4812.0
tp_2_2,1788598315276994010,3,cloud,0.0,0.0,0.0,389500.0,223809.0,87.913,1695.0,6251.0,0.0,0.0,4812.0
tp_2_2,1788598316277861764,0,enterprise,0.0,0.0,0.0,430796.0,239104.0,92.158,1695.0,6251.0,0.0,0.0,2614.0
tp_2_2,1788598316277896304,1,enterprise,0.0,0.0,0.0,411409.0,229410.0,85.212,1695.0,6251.0,0.0,0.0,2614.0
tp_2_2,1788598316277905873,2,cloud,0.0,0.0,0.0,387953.0,221251.0,107.998,1695.0,6251.0,0.0,0.0,4812.0
tp_2_2,1788598316277911654,3,cloud,0.0,0.0,0.0,396619.0,225838.0,87.914,1695.0,6251.0,0.0,0.0,4812.0
tp_2_2,1788598317278762580,0,enterprise,0.0,0.0,0.0,426184.0,241130.0,92.181,1695.0,6251.0,0.0,0.0,2614.0
tp_2_2,1788598317278774058,1,enterprise,0.0,0.0,0.0,404235.0,229899.0,85.212,1695.0,6251.0,0.0,0.0,2614.0
tp_2_2,1788598317278787991,2,cloud,0.0,0.0,0.0,385375.0,220724.0,108.047,1695.0,6251.0,0.0,0.0,4812.0
tp_2_2,1788598317278793390,3,cloud,0.0,0.0,0.0,389965.0,222764.0,87.963,1695.0,6251.0,0.0,0.0,4812.0
tp_2_2,1788598318279660940,0,enterprise,0.0,0.0,0.0,426677.0,242140.0,92.23,1695.0,6251.0,0.0,0.0,2614.0
tp_2_2,1788598318279703777,1,enterprise,0.0,0.0,0.0,397650.0,227374.0,85.212,1695.0,6251.0,0.0,0.0,2614.0
tp_2_2,1788598318279714914,2,cloud,0.0,0.0,0.0,387961.0,222784.0,108.146,1695.0,6251.0,0.0,0.0,4812.0
tp_2_2,1788598318279726075,3,cloud,0.0,0.0,0.0,389507.0,223304.0,87.963,1695.0,6251.0,0.0,0.0,4812.0
tp_2_2,1788598319280541354,0,enterprise,0.0,0.0,0.0,418574.0,238092.0,92.257,1695.0,6251.0,0.0,0.0,2614.0
tp_2_2,1788598319280589943,1,enterprise,0.0,0.0,0.0,412453.0,235542.0,85.261,1695.0,6251.0,0.0,0.0,2614.0
tp_2_2,1788598319280600256,2,cloud,0.0,0.0,0.0,379314.0,218207.0,108.146,1695.0,6251.0,0.0,0.0,4812.0
tp_2_2,1788598319280605874,3,cloud,0.0,0.0,0.0,385417.0,221258.0,87.957,1695.0,6251.0,0.0,0.0,4812.0
tp_2_2,1788598320281400436,0,enterprise,0.0,0.0,0.0,421084.0,238580.0,92.257,1695.0,6251.0,0.0,0.0,2614.0
tp_2_2,1788598320281431558,1,enterprise,0.0,0.0,0.0,409335.0,232449.0,85.261,1695.0,6251.0,0.0,0.0,2614.0
tp_2_2,1788598320281440643,2,cloud,0.0,0.0,0.0,380810.0,218188.0,108.146,1695.0,6251.0,0.0,0.0,4812.0
tp_2_2,1788598320281446338,3,cloud,0.0,0.0,0.0,389983.0,222265.0,87.956,1695.0,6251.0,0.0,0.0,4812.0
tp_2_2,1788598321282358202,0,enterprise,0.0,0.0,0.0,422118.0,238588.0,92.257,1695.0,6251.0,0.0,0.0,2614.0
tp_2_2,1788598321282389958,1,enterprise,0.0,0.0,0.0,407871.0,231466.0,85.609,1695.0,6251.0,0.0,0.0,2614.0
tp_2_2,1788598321282400877,2,cloud,0.0,0.0,0.0,389494.0,218708.0,108.196,1695.0,6251.0,0.0,0.0,4812.0
tp_2_2,1788598321282411912,3,cloud,0.0,0.0,0.0,387965.0,221767.0,87.957,1695.0,6251.0,0.0,0.0,4812.0
tp_2_2,1788598322283275382,0,enterprise,0.0,0.0,0.0,413453.0,235530.0,92.257,1695.0,6251.0,0.0,0.0,2614.0
tp_2_2,1788598322283313016,1,enterprise,0.0,0.0,0.0,410393.0,234000.0,85.262,1695.0,6251.0,0.0,0.0,2614.0
tp_2_2,1788598322283328793,2,cloud,0.0,0.0,0.0,386427.0,221762.0,108.245,1695.0,6251.0,0.0,0.0,4812.0
tp_2_2,1788598322283334936,3,cloud,0.0,0.0,0.0,388972.0,223289.0,87.956,1695.0,6251.0,0.0,0.0,4812.0
tp_2_2,1788598323284244265,0,enterprise,0.0,0.0,0.0,418042.0,238080.0,92.257,1695.0,6251.0,0.0,0.0,2614.0
tp_2_2,1788598323284292583,1,enterprise,0.0,0.0,0.0,405869.0,231488.0,85.311,1695.0,6251.0,0.0,0.0,2614.0
tp_2_2,1788598323284303444,2,cloud,0.0,0.0,0.0,387006.0,222821.0,108.295,1695.0,6251.0,0.0,0.0,4812.0
tp_2_2,1788598323284309594,3,cloud,0.0,0.0,0.0,390581.0,224355.0,88.006,1695.0,6251.0,0.0,0.0,4812.0
tp_2_2,1788598324285143973,0,enterprise,0.0,0.0,0.0,414032.0,235060.0,92.257,1695.0,6251.0,0.0,0.0,2614.0
tp_2_2,1788598324285179851,1,enterprise,0.0,0.0,0.0,400229.0,227901.0,85.708,1695.0,6251.0,0.0,0.0,2614.0
tp_2_2,1788598324285190132,2,cloud,0.0,0.0,0.0,386971.0,221272.0,108.295,1695.0,6251.0,0.0,0.0,4812.0
tp_2_2,1788598324285196093,3,cloud,0.0,0.0,0.0,389008.0,221780.0,88.006,1695.0,6251.0,0.0,0.0,4812.0
tp_2_2,1788598325286052520,0,enterprise,0.0,0.0,0.0,412972.0,234017.0,92.306,1695.0,6251.0,0.0,0.0,2614.0
tp_2_2,1788598325286089481,1,enterprise,0.0,0.0,0.0,410429.0,233511.0,85.708,1695.0,6251.0,0.0,0.0,2614.0
tp_2_2,1788598325286098716,2,cloud,0.0,0.0,0.0,384444.0,219755.0,108.295,1695.0,6251.0,0.0,0.0,4812.0
tp_2_2,1788598325286104340,3,cloud,0.0,0.0,0.0,384445.0,220265.0,88.006,1695.0,6251.0,0.0,0.0,4812.0
tp_2_2,1788598326286970328,0,enterprise,0.0,0.0,0.0,410431.0,234022.0,92.306,1695.0,6251.0,0.0,0.0,2614.0
tp_2_2,1788598326287006384,1,enterprise,0.0,0.0,0.0,408368.0,232479.0,85.708,1695.0,6251.0,0.0,0.0,2614.0
tp_2_2,1788598326287015350,2,cloud,0.0,0.0,0.0,387443.0,222270.0,108.295,1695.0,6251.0,0.0,0.0,4812.0
tp_2_2,1788598326287020955,3,cloud,0.0,0.0,0.0,392561.0,224830.0,87.957,1695.0,6251.0,0.0,0.0,4812.0
tp_2_2,1788598327287925834,0,enterprise,0.0,0.0,0.0,422137.0,239619.0,92.257,1695.0,6251.0,0.0,0.0,2614.0
tp_2_2,1788598327287968394,1,enterprise,0.0,0.0,0.0,407405.0,232511.0,85.707,1695.0,6251.0,0.0,0.0,2614.0
tp_2_2,1788598327287977023,2,cloud,0.0,0.0,0.0,385992.0,221805.0,108.344,1695.0,6251.0,0.0,0.0,4812.0
tp_2_2,1788598327287982954,3,cloud,0.0,0.0,0.0,384974.0,221296.0,87.907,1695.0,6251.0,0.0,0.0,4812.0
tp_2_2,1788598328288891409,0,enterprise,0.0,0.0,0.0,411965.0,234024.0,92.257,1695.0,6251.0,0.0,0.0,2614.0
tp_2_2,1788598328288945771,1,enterprise,0.0,0.0,0.0,414431.0,234997.0,85.658,1695.0,6251.0,0.0,0.0,2614.0
tp_2_2,1788598328288955975,2,cloud,0.0,0.0,0.0,388427.0,221739.0,108.394,1695.0,6251.0,0.0,0.0,4812.0
tp_2_2,1788598328288961458,3,cloud,0.0,0.0,0.0,389931.0,222745.0,87.957,1695.0,6251.0,0.0,0.0,4812.0
tp_2_2,1788598329289912234,0,enterprise,0.0,0.0,0.0,424106.0,240089.0,92.306,1695.0,6251.0,0.0,0.0,2614.0
tp_2_2,1788598329289963741,1,enterprise,0.0,0.0,0.0,410374.0,232970.0,85.609,1695.0,6251.0,0.0,0.0,2614.0
tp_2_2,1788598329289974658,2,cloud,0.0,0.0,0.0,386925.0,221246.0,108.344,1695.0,6251.0,0.0,0.0,4812.0
tp_2_2,1788598329289980832,3,cloud,0.0,0.0,0.0,386926.0,221246.0,87.957,1695.0,6251.0,0.0,0.0,4812.0
tp_2_2,1788598330290892666,0,enterprise,0.0,0.0,0.0,421063.0,239078.0,92.349,1695.0,6251.0,0.0,0.0,2614.0
tp_2_2,1788598330290931585,1,enterprise,0.0,0.0,0.0,407872.0,232487.0,85.609,1695.0,6251.0,0.0,0.0,2614.0
tp_2_2,1788598330290941142,2,cloud,0.0,0.0,0.0,389522.0,223822.0,108.295,1695.0,6251.0,0.0,0.0,4812.0
tp_2_2,1788598330290946962,3,cloud,0.0,0.0,0.0,391528.0,224313.0,87.957,1695.0,6251.0,0.0,0.0,4812.0
tp_2_2,1788598331291898870,0,enterprise,0.0,0.0,0.0,412953.0,235026.0,92.299,1695.0,6251.0,0.0,0.0,2614.0
tp_2_2,1788598331291911348,1,enterprise,0.0,0.0,0.0,410827.0,234467.0,85.609,1695.0,6251.0,0.0,0.0,2614.0
tp_2_2,1788598331291919217,2,cloud,0.0,0.0,0.0,391959.0,224777.0,108.245,1695.0,6251.0,0.0,0.0,4812.0
tp_2_2,1788598331291929199,3,cloud,0.0,0.0,0.0,386894.0,222247.0,87.957,1695.0,6251.0,0.0,0.0,4812.0
tp_2_2,1788598332292925142,0,enterprise,0.0,0.0,0.0,429713.0,243147.0,92.299,1695.0,6251.0,0.0,0.0,2614.0
tp_2_2,1788598332292971677,1,enterprise,0.0,0.0,0.0,411909.0,233483.0,85.609,1695.0,6251.0,0.0,0.0,2614.0
tp_2_2,1788598332292981499,2,cloud,0.0,0.0,0.0,385913.0,220740.0,108.294,1695.0,6251.0,0.0,0.0,4812.0
tp_2_2,1788598332292987058,3,cloud,0.0,0.0,0.0,403252.0,229410.0,87.957,1695.0,6251.0,0.0,0.0,4812.0
tp_2_2,1788598333293924108,0,enterprise,0.0,0.0,0.0,421584.0,238575.0,92.299,1695.0,6251.0,0.0,0.0,2614.0
tp_2_2,1788598333294537892,1,enterprise,0.0,0.0,0.0,408836.0,231945.0,85.311,1695.0,6251.0,0.0,0.0,2614.0
tp_2_2,1788598333294550532,2,cloud,0.0,0.0,0.0,388441.0,221747.0,108.344,1695.0,6251.0,0.0,0.0,4812.0
tp_2_2,1788598333294582535,3,cloud,0.0,0.0,0.0,390473.0,222763.0,87.957,1695.0,6251.0,0.0,0.0,4812.0
tp_2_2,1788598334294924832,0,enterprise,0.0,0.0,0.0,420025.0,238558.0,92.257,1695.0,6251.0,0.0,0.0,2614.0
tp_2_2,1788598334294969598,1,enterprise,0.0,0.0,0.0,409334.0,233978.0,85.311,1695.0,6251.0,0.0,0.0,2614.0
tp_2_2,1788598334294979581,2,cloud,0.0,0.0,0.0,388942.0,223272.0,108.295,1695.0,6251.0,0.0,0.0,4812.0
tp_2_2,1788598334294985872,3,cloud,0.0,0.0,0.0,388949.0,223276.0,87.957,1695.0,6251.0,0.0,0.0,4812.0
tp_2_2,1788598335295897969,0,enterprise,0.0,0.0,0.0,421600.0,240113.0,92.299,1695.0,6251.0,0.0,0.0,2614.0
tp_2_2,1788598335295947711,1,enterprise,0.0,0.0,0.0,410894.0,233995.0,85.262,1695.0,6251.0,0.0,0.0,2614.0
tp_2_2,1788598335295961696,2,cloud,0.0,0.0,0.0,393054.0,225330.0,108.245,1695.0,6251.0,0.0,0.0,4812.0
tp_2_2,1788598335295968274,3,cloud,0.0,0.0,0.0,388465.0,222781.0,87.957,1695.0,6251.0,0.0,0.0,4812.0
tp_2_2,1788598336296863734,0,enterprise,0.0,0.0,0.0,423117.0,239087.0,92.292,1695.0,6251.0,0.0,0.0,2614.0
tp_2_2,1788598336296910178,1,enterprise,0.0,0.0,0.0,412384.0,233973.0,85.311,1695.0,6251.0,0.0,0.0,2614.0
tp_2_2,1788598336296931850,2,cloud,0.0,0.0,0.0,387937.0,221241.0,108.196,1695.0,6251.0,0.0,0.0,4812.0
tp_2_2,1788598336296937487,3,cloud,0.0,0.0,0.0,391014.0,223290.0,87.907,1695.0,6251.0,0.0,0.0,4812.0
tp_2_2,1788598337297855380,0,enterprise,0.0,0.0,0.0,426175.0,241125.0,92.243,1695.0,6251.0,0.0,0.0,2614.0
tp_2_2,1788598337297901049,1,enterprise,0.0,0.0,0.0,408363.0,231966.0,85.658,1695.0,6251.0,0.0,0.0,2614.0
tp_2_2,1788598337297910819,2,cloud,0.0,0.0,0.0,387439.0,221758.0,108.196,1695.0,6251.0,0.0,0.0,4812.0
tp_2_2,1788598337297916475,3,cloud,0.0,0.0,0.0,399657.0,223788.0,87.858,1695.0,6251.0,0.0,0.0,4812.0
tp_2_2,1788598338298855647,0,enterprise,0.0,0.0,0.0,416991.0,237043.0,92.299,1695.0,6251.0,0.0,0.0,2614.0
tp_2_2,1788598338299435223,1,enterprise,0.0,0.0,0.0,410356.0,233469.0,85.609,1695.0,6251.0,0.0,0.0,2614.0
tp_2_2,1788598338299449058,2,cloud,0.0,0.0,0.0,388945.0,222764.0,108.196,1695.0,6251.0,0.0,0.0,4812.0
tp_2_2,1788598338299455083,3,cloud,0.0,0.0,0.0,390475.0,223784.0,87.858,1695.0,6251.0,0.0,0.0,4812.0
tp_2_2,1788598339299870405,0,enterprise,0.0,0.0,0.0,416977.0,237544.0,92.306,1695.0,6251.0,0.0,0.0,2614.0
tp_2_2,1788598339299922305,1,enterprise,0.0,0.0,0.0,407273.0,232436.0,85.609,1695.0,6251.0,0.0,0.0,2614.0
tp_2_2,1788598339299932709,2,cloud,0.0,0.0,0.0,388942.0,223782.0,108.196,1695.0,6251.0,0.0,0.0,4812.0
tp_2_2,1788598339299938961,3,cloud,0.0,0.0,0.0,390471.0,224291.0,87.858,1695.0,6251.0,0.0,0.0,4812.0
tp_2_2,1788598340300865221,0,enterprise,0.0,0.0,0.0,427702.0,238065.0,92.25,1695.0,6251.0,0.0,0.0,2614.0
tp_2_2,1788598340300909482,1,enterprise,0.0,0.0,0.0,418050.0,232986.0,85.608,1695.0,6251.0,0.0,0.0,2614.0
tp_2_2,1788598340300919087,2,cloud,0.0,0.0,0.0,384920.0,220245.0,108.196,1695.0,6251.0,0.0,0.0,4812.0
tp_2_2,1788598340300924750,3,cloud,0.0,0.0,0.0,388490.0,221775.0,87.858,1695.0,6251.0,0.0,0.0,4812.0
tp_2_2,1788598341301884106,0,enterprise,0.0,0.0,0.0,415496.0,235532.0,92.2,1695.0,6251.0,0.0,0.0,2614.0
tp_2_2,1788598341301929209,1,enterprise,0.0,0.0,0.0,409886.0,232982.0,85.559,1695.0,6251.0,0.0,0.0,2614.0
tp_2_2,1788598341301949669,2,cloud,0.0,0.0,0.0,388446.0,221750.0,108.096,1695.0,6251.0,0.0,0.0,4812.0
tp_2_2,1788598341301955267,3,cloud,0.0,0.0,0.0,389466.0,222770.0,87.808,1695.0,6251.0,0.0,0.0,4812.0
tp_2_2,1788598342302908460,0,enterprise,0.0,0.0,0.0,413405.0,235503.0,92.2,1695.0,6251.0,0.0,0.0,2614.0
tp_2_2,1788598342302956505,1,enterprise,0.0,0.0,0.0,414939.0,236525.0,85.509,1695.0,6251.0,0.0,0.0,2614.0
tp_2_2,1788598342302968388,2,cloud,0.0,0.0,0.0,388425.0,222758.0,107.948,1695.0,6251.0,0.0,0.0,4812.0
tp_2_2,1788598342302974366,3,cloud,0.0,0.0,0.0,395562.0,226327.0,87.758,1695.0,6251.0,0.0,0.0,4812.0
tp_2_2,1788598343303894455,0,enterprise,0.0,0.0,0.0,412911.0,235512.0,92.25,1695.0,6251.0,0.0,0.0,2614.0
tp_2_2,1788598343303936510,1,enterprise,0.0,0.0,0.0,410368.0,233476.0,85.163,1695.0,6251.0,0.0,0.0,2614.0
tp_2_2,1788598343303946213,2,cloud,0.0,0.0,0.0,393037.0,224811.0,107.948,1695.0,6251.0,0.0,0.0,4812.0
tp_2_2,1788598343303952015,3,cloud,0.0,0.0,0.0,388401.0,223254.0,87.759,1695.0,6251.0,0.0,0.0,4812.0
tp_2_2,1788598344304823695,0,enterprise,0.0,0.0,0.0,414393.0,234976.0,92.207,1695.0,6251.0,0.0,0.0,2614.0
tp_2_2,1788598344304858209,1,enterprise,0.0,0.0,0.0,408757.0,232410.0,85.212,1695.0,6251.0,0.0,0.0,2614.0
tp_2_2,1788598344304866888,2,cloud,0.0,0.0,0.0,393982.0,224768.0,107.948,1695.0,6251.0,0.0,0.0,4812.0
tp_2_2,1788598344304872497,3,cloud,0.0,0.0,0.0,388932.0,221737.0,87.759,1695.0,6251.0,0.0,0.0,4812.0
tp_2_2,1788598345305757926,0,enterprise,0.0,0.0,0.0,425644.0,240603.0,92.207,1695.0,6251.0,0.0,0.0,2614.0
tp_2_2,1788598345305770166,1,enterprise,0.0,0.0,0.0,408347.0,231957.0,85.559,1695.0,6251.0,0.0,0.0,2614.0
tp_2_2,1788598345305777817,2,cloud,0.0,0.0,0.0,396617.0,222778.0,107.898,1695.0,6251.0,0.0,0.0,4812.0
tp_2_2,1788598345305792378,3,cloud,0.0,0.0,0.0,389994.0,222781.0,87.759,1695.0,6251.0,0.0,0.0,4812.0
tp_2_2,1788598346306682492,0,enterprise,0.0,0.0,0.0,415470.0,236537.0,92.207,1695.0,6251.0,0.0,0.0,2614.0
tp_2_2,1788598346306724729,1,enterprise,0.0,0.0,0.0,414503.0,236057.0,85.559,1695.0,6251.0,0.0,0.0,2614.0
tp_2_2,1788598346306731314,2,cloud,0.0,0.0,0.0,386974.0,222293.0,107.899,1695.0,6251.0,0.0,0.0,4812.0
tp_2_2,1788598346306736723,3,cloud,0.0,0.0,0.0,390541.0,224332.0,87.808,1695.0,6251.0,0.0,0.0,4812.0
