Time (%),Total Time (ns),Instances,Avg (ns),Med (ns),Min (ns),Max (ns),StdDev (ns),Style,Range
44.7,121638082540,6640,18318988.3,18290101.0,17518930,26742789,366382.2,PushPop,:cloud_middle_decode
3.5,9533233492,360720,26428.3,25772.0,21719,444710,3890.0,PushPop,NCCL:ncclAllReduce
2.5,6723777151,40,168094428.8,99266673.5,25892841,446707364,164823034.7,PushPop,:cloud_middle_prefill
0.9,2504997133,6680,374999.6,295932.5,224618,78347771,2147800.4,PushPop,:cloud_receive
0.4,1012264309,2,506132154.5,506132154.5,488562915,523701394,24846656.8,PushPop,:batch=d7f9855db4ea48f1a4af9d6222fdb9ac phase=prefill requests=46ac3b484ea545d181b2d3e8af73623f
0.4,1012251897,2,506125948.5,506125948.5,489292431,522959466,23806188.8,PushPop,:batch=fe1b353e5e3248719bfbe07e8fd172af phase=prefill requests=aaa729f093b64e2aaeeda0c4bda76f3d
0.4,1011728046,2,505864023.0,505864023.0,489055017,522673029,23771524.3,PushPop,:batch=485de98ec90746888f9b0aed79d4275d phase=prefill requests=7aa4ba8d31af45f58706a52eb0ad3328
0.4,1010282511,2,505141255.5,505141255.5,487614752,522667759,24786219.0,PushPop,:batch=3e78d3200b5b4f40a3e195464792ad21 phase=prefill requests=baabce1b18024e189120c512bc680496
0.4,1009347637,2,504673818.5,504673818.5,487030533,522317104,24951373.6,PushPop,:batch=88f5346e4b8e44e78ff0473005e918a0 phase=prefill requests=046f00cf0a7d4816a65a9b0acad7230b
0.1,380491654,13360,28479.9,30600.5,17719,347157,8116.6,PushPop,NCCL:ncclBroadcast
0.1,218689222,2,109344611.0,109344611.0,104784890,113904332,6448419.3,PushPop,:batch=459d7b3600f54d63b4360ef57ca78263 phase=prefill requests=4a33c149f9b84d849224830b7920cf8d
0.1,213877147,2,106938573.5,106938573.5,103434421,110442726,4955620.0,PushPop,:batch=2da78fcd54684dec9886fc5db809bb1e phase=prefill requests=c47f16e66de94d7ebc64adfc42386324
0.1,211627106,2,105813553.0,105813553.0,102728834,108898272,4362451.4,PushPop,:batch=5a2176705e6d4f18a42746290737f93c phase=prefill requests=8de7c5b04b184d1cbc3645195ef60a7d
0.1,211221425,2,105610712.5,105610712.5,102387595,108833830,4558176.5,PushPop,:batch=2e267e1c923c45ddab9465ea0c6084ee phase=prefill requests=422bf3769b9f45beb57c62f13989c6e8
0.1,210769755,2,105384877.5,105384877.5,105023084,105746671,511653.3,PushPop,:batch=2057d9317a5e46a7bc2119574476e9eb phase=prefill requests=83bc7c63016b44a7bb730cbd52015427
0.1,209828000,2,104914000.0,104914000.0,104788642,105039358,177283.0,PushPop,:batch=ec00300638fc4e9296a0422619dd66f5 phase=prefill requests=4911471bf69b4a0c8fcb7df27f4e64dd
0.1,208401407,2,104200703.5,104200703.5,103805463,104595944,558954.5,PushPop,:batch=47e920373526488eb918f63ec3d3e34f phase=prefill requests=bffdbdea72654f78bfa6ca4ccea58aeb
0.1,204655134,2,102327567.0,102327567.0,101948331,102706803,536320.7,PushPop,:batch=bb7fc784ca1c4c1b837be0ff9ae0b8d5 phase=prefill requests=399c9677f6e44195897e25ec5ce1daa1
0.1,203619575,2,101809787.5,101809787.5,101292724,102326851,731238.2,PushPop,:batch=1931ae798dc94798b6917ed61f293696 phase=prefill requests=a8d52d0acece4573abce53495dc615f9
0.1,202785519,2,101392759.5,101392759.5,100806834,101978685,828623.8,PushPop,:batch=9e6063d83ba944e0bc7cc4d83284849b phase=prefill requests=3255e14c8cb54f1cbdd701ebd201f7b8
0.0,75144525,2,37572262.5,37572262.5,37328692,37815833,344460.7,PushPop,:batch=ef4a80850d784ebc872f024b92ab6844 phase=prefill requests=1cf8552479e145fd966a17841209a06f
0.0,54946293,2,27473146.5,27473146.5,27382205,27564088,128610.7,PushPop,:batch=cfc24d0e2f7b40f0ab94377c7f1606ac phase=prefill requests=e4484b0df96d49f3a31426c909f9076d
0.0,54647445,2,27323722.5,27323722.5,27177056,27470389,207417.8,PushPop,:batch=be914c10f4fc460c912e5a9aa679df16 phase=prefill requests=3e2830bc65ab4913904d6e72090a4fe3
0.0,54345677,2,27172838.5,27172838.5,26910573,27435104,370899.4,PushPop,:batch=090db30e043743a08fce56afbad124ba phase=prefill requests=deac75ab269243019c9fd4ac2ecfc203
0.0,54337736,2,27168868.0,27168868.0,26908959,27428777,367566.8,PushPop,:batch=f94501c6251d46cabfc3e740d36a2989 phase=prefill requests=bb52284fe1f1457c8a63320a61ffabbf
0.0,54294119,2,27147059.5,27147059.5,26971768,27322351,247899.6,PushPop,":batch=822bfb8588cb402587fa7c4a3627d215 phase=decode requests=7aa4ba8d31af45f58706a52eb0ad3328,baabce1b18024e189120c512bc680496,046f00cf0a7d4816a65a9b0acad7230b,46ac3b484ea545d181b2d3e8af73623f"
0.0,43887725,2,21943862.5,21943862.5,21868927,22018798,105974.8,PushPop,:batch=e95cde0a9c384b2c84798d5066745ae3 phase=decode requests=1cf8552479e145fd966a17841209a06f
0.0,42501700,2,21250850.0,21250850.0,21236697,21265003,20015.4,PushPop,":batch=895b0412f2bc4544b5c73be95ba924f6 phase=decode requests=399c9677f6e44195897e25ec5ce1daa1,422bf3769b9f45beb57c62f13989c6e8,3255e14c8cb54f1cbdd701ebd201f7b8,a8d52d0acece4573abce53495dc615f9"
0.0,42268273,2,21134136.5,21134136.5,21113364,21154909,29376.8,PushPop,:batch=b8aa506c678948f7abc98eb7f4e34830 phase=decode requests=1cf8552479e145fd966a17841209a06f
0.0,42226166,2,21113083.0,21113083.0,21056219,21169947,80417.8,PushPop,:batch=0a988436be9b441fb69cfc241732e261 phase=decode requests=8de7c5b04b184d1cbc3645195ef60a7d
0.0,42177167,2,21088583.5,21088583.5,21062164,21115003,37362.8,PushPop,:batch=cbd067a875874a73b6e9b71235b2923f phase=decode requests=c47f16e66de94d7ebc64adfc42386324
0.0,42059699,2,21029849.5,21029849.5,21002880,21056819,38140.6,PushPop,:batch=5246f70534924ce0aa8920b755ccfee0 phase=decode requests=8de7c5b04b184d1cbc3645195ef60a7d
0.0,41364020,2,20682010.0,20682010.0,20657669,20706351,34423.4,PushPop,":batch=03aa241d2e8e4485b4bc4037d62699bc phase=decode requests=e4484b0df96d49f3a31426c909f9076d,bb52284fe1f1457c8a63320a61ffabbf,deac75ab269243019c9fd4ac2ecfc203,3e2830bc65ab4913904d6e72090a4fe3"
0.0,41191770,2,20595885.0,20595885.0,20575412,20616358,28953.2,PushPop,":batch=8011e4ee0fbe47108a2de82272e1ed78 phase=decode requests=4911471bf69b4a0c8fcb7df27f4e64dd,4a33c149f9b84d849224830b7920cf8d,83bc7c63016b44a7bb730cbd52015427,bffdbdea72654f78bfa6ca4ccea58aeb"
0.0,41097855,2,20548927.5,20548927.5,20524848,20573007,34053.6,PushPop,":batch=abb8cf7823a04e329bf3c5f77920124c phase=decode requests=7aa4ba8d31af45f58706a52eb0ad3328,baabce1b18024e189120c512bc680496,046f00cf0a7d4816a65a9b0acad7230b,46ac3b484ea545d181b2d3e8af73623f"
0.0,40924751,2,20462375.5,20462375.5,19441851,21482900,1443239.6,PushPop,":batch=a028b9ddc2f94506ac0b21eaee323c00 phase=decode requests=7aa4ba8d31af45f58706a52eb0ad3328,baabce1b18024e189120c512bc680496,046f00cf0a7d4816a65a9b0acad7230b,46ac3b484ea545d181b2d3e8af73623f"
0.0,40652730,2,20326365.0,20326365.0,20216235,20436495,155747.3,PushPop,":batch=5434feebb9e7477b8a9283b1ae70dd83 phase=decode requests=4911471bf69b4a0c8fcb7df27f4e64dd,4a33c149f9b84d849224830b7920cf8d,83bc7c63016b44a7bb730cbd52015427,bffdbdea72654f78bfa6ca4ccea58aeb"
0.0,40521006,2,20260503.0,20260503.0,20222325,20298681,53991.8,PushPop,:batch=32ddcef12d384e6284d3e5dbcabe338d phase=decode requests=c47f16e66de94d7ebc64adfc42386324
0.0,40431111,2,20215555.5,20215555.5,20188596,20242515,38126.5,PushPop,:batch=629fdf0ebe114889805da3d784eb4318 phase=decode requests=c47f16e66de94d7ebc64adfc42386324
0.0,40388658,2,20194329.0,20194329.0,19760213,20628445,613932.7,PushPop,":batch=fa8f753987804ccdaf75f3e82bc16380 phase=decode requests=4911471bf69b4a0c8fcb7df27f4e64dd,4a33c149f9b84d849224830b7920cf8d,83bc7c63016b44a7bb730cbd52015427,bffdbdea72654f78bfa6ca4ccea58aeb"
0.0,40285867,2,20142933.5,20142933.5,20094703,20191164,68208.2,PushPop,:batch=5c6d730c290f472d92e0d54eef2f95db phase=decode requests=8de7c5b04b184d1cbc3645195ef60a7d
0.0,40283774,2,20141887.0,20141887.0,20123938,20159836,25383.7,PushPop,":batch=dfc6ce4011fe4b79a2666525b8212bab phase=decode requests=4911471bf69b4a0c8fcb7df27f4e64dd,4a33c149f9b84d849224830b7920cf8d,83bc7c63016b44a7bb730cbd52015427,bffdbdea72654f78bfa6ca4ccea58aeb"
0.0,40231161,2,20115580.5,20115580.5,19194810,21036351,1302166.1,PushPop,:batch=7388a792ffff4f809b70451c0454e76a phase=decode requests=aaa729f093b64e2aaeeda0c4bda76f3d
0.0,40050000,2,20025000.0,20025000.0,20001589,20048411,33108.2,PushPop,":batch=08db2b6867424937bda17dbf1814d6ec phase=decode requests=4911471bf69b4a0c8fcb7df27f4e64dd,4a33c149f9b84d849224830b7920cf8d,83bc7c63016b44a7bb730cbd52015427,bffdbdea72654f78bfa6ca4ccea58aeb"
0.0,40037622,2,20018811.0,20018811.0,19982395,20055227,51500.0,PushPop,:batch=32174fa0b58046bbb671cdc5352c028c phase=decode requests=8de7c5b04b184d1cbc3645195ef60a7d
0.0,39940914,2,19970457.0,19970457.0,19955834,19985080,20680.0,PushPop,":batch=e6d863bee9bb43fcb7d98b200b042f49 phase=decode requests=4911471bf69b4a0c8fcb7df27f4e64dd,4a33c149f9b84d849224830b7920cf8d,83bc7c63016b44a7bb730cbd52015427,bffdbdea72654f78bfa6ca4ccea58aeb"
0.0,39846328,2,19923164.0,19923164.0,19187177,20659151,1040842.8,PushPop,":batch=b8e3f2400c814fc4b392d0032e3ccecf phase=decode requests=4911471bf69b4a0c8fcb7df27f4e64dd,4a33c149f9b84d849224830b7920cf8d,83bc7c63016b44a7bb730cbd52015427,bffdbdea72654f78bfa6ca4ccea58aeb"
0.0,39820170,2,19910085.0,19910085.0,19387058,20433112,739671.9,PushPop,":batch=c07d2dfed6ec42718fcfa6d80037cee4 phase=decode requests=399c9677f6e44195897e25ec5ce1daa1,422bf3769b9f45beb57c62f13989c6e8,3255e14c8cb54f1cbdd701ebd201f7b8,a8d52d0acece4573abce53495dc615f9"
0.0,39815146,2,19907573.0,19907573.0,19840614,19974532,94694.3,PushPop,":batch=820c5ee6c38e4101842713ed1a5edef6 phase=decode requests=4911471bf69b4a0c8fcb7df27f4e64dd,4a33c149f9b84d849224830b7920cf8d,83bc7c63016b44a7bb730cbd52015427,bffdbdea72654f78bfa6ca4ccea58aeb"
0.0,39774019,2,19887009.5,19887009.5,19848139,19925880,54971.2,PushPop,":batch=2bb2edc8853448499d0dc98a5c45f6f0 phase=decode requests=4911471bf69b4a0c8fcb7df27f4e64dd,4a33c149f9b84d849224830b7920cf8d,83bc7c63016b44a7bb730cbd52015427,bffdbdea72654f78bfa6ca4ccea58aeb"
0.0,39771416,2,19885708.0,19885708.0,19849590,19921826,51078.6,PushPop,":batch=53706365eb834b41ac839a47fd21def7 phase=decode requests=4911471bf69b4a0c8fcb7df27f4e64dd,4a33c149f9b84d849224830b7920cf8d,83bc7c63016b44a7bb730cbd52015427,bffdbdea72654f78bfa6ca4ccea58aeb"
0.0,39766370,2,19883185.0,19883185.0,19395912,20370458,689108.1,PushPop,":batch=0d18b0a3ee944ef0981423b63c5b3597 phase=decode requests=4911471bf69b4a0c8fcb7df27f4e64dd,4a33c149f9b84d849224830b7920cf8d,83bc7c63016b44a7bb730cbd52015427,bffdbdea72654f78bfa6ca4ccea58aeb"
0.0,39747144,2,19873572.0,19873572.0,19363896,20383248,720790.7,PushPop,":batch=764482a170a446baaa425431ab23e36a phase=decode requests=4911471bf69b4a0c8fcb7df27f4e64dd,4a33c149f9b84d849224830b7920cf8d,83bc7c63016b44a7bb730cbd52015427,bffdbdea72654f78bfa6ca4ccea58aeb"
0.0,39735630,2,19867815.0,19867815.0,19813637,19921993,76619.3,PushPop,":batch=5d93c450c31747b8b8b66c3cdb2f1968 phase=decode requests=399c9677f6e44195897e25ec5ce1daa1,422bf3769b9f45beb57c62f13989c6e8,3255e14c8cb54f1cbdd701ebd201f7b8,a8d52d0acece4573abce53495dc615f9"
0.0,39735553,2,19867776.5,19867776.5,19853182,19882371,20639.7,PushPop,:batch=efc6c5201d9143b688f8cf8d5f6ee5f3 phase=decode requests=8de7c5b04b184d1cbc3645195ef60a7d
0.0,39717308,2,19858654.0,19858654.0,19837410,19879898,30043.6,PushPop,":batch=792501f36d6b450683812ed3f92c7bc7 phase=decode requests=4911471bf69b4a0c8fcb7df27f4e64dd,4a33c149f9b84d849224830b7920cf8d,83bc7c63016b44a7bb730cbd52015427,bffdbdea72654f78bfa6ca4ccea58aeb"
0.0,39690844,2,19845422.0,19845422.0,19832220,19858624,18670.4,PushPop,":batch=9b96528b71b84d9bbb5c0b0166ce35f8 phase=decode requests=e4484b0df96d49f3a31426c909f9076d,bb52284fe1f1457c8a63320a61ffabbf,deac75ab269243019c9fd4ac2ecfc203,3e2830bc65ab4913904d6e72090a4fe3"
0.0,39639529,2,19819764.5,19819764.5,19786360,19853169,47241.1,PushPop,":batch=c5e6c0cb238d4a218404bd2e63af2b35 phase=decode requests=7aa4ba8d31af45f58706a52eb0ad3328,baabce1b18024e189120c512bc680496,046f00cf0a7d4816a65a9b0acad7230b,46ac3b484ea545d181b2d3e8af73623f"
0.0,39638541,2,19819270.5,19819270.5,19804712,19833829,20588.8,PushPop,:batch=392aa56101164088b60650afa3a369ed phase=decode requests=8de7c5b04b184d1cbc3645195ef60a7d
0.0,39593474,2,19796737.0,19796737.0,19245378,20348096,779739.4,PushPop,":batch=b8be315a989a427aa26c63a177ccc0f7 phase=decode requests=4911471bf69b4a0c8fcb7df27f4e64dd,4a33c149f9b84d849224830b7920cf8d,83bc7c63016b44a7bb730cbd52015427,bffdbdea72654f78bfa6ca4ccea58aeb"
0.0,39589987,2,19794993.5,19794993.5,19755311,19834676,56119.5,PushPop,":batch=966b682a73b04605802d5f9e5c64d50a phase=decode requests=399c9677f6e44195897e25ec5ce1daa1,422bf3769b9f45beb57c62f13989c6e8,3255e14c8cb54f1cbdd701ebd201f7b8,a8d52d0acece4573abce53495dc615f9"
0.0,39580295,2,19790147.5,19790147.5,19303823,20276472,687766.7,PushPop,":batch=971485b8056e4a72bbe5e25557e9b8d0 phase=decode requests=4911471bf69b4a0c8fcb7df27f4e64dd,4a33c149f9b84d849224830b7920cf8d,83bc7c63016b44a7bb730cbd52015427,bffdbdea72654f78bfa6ca4ccea58aeb"
0.0,39565765,2,19782882.5,19782882.5,19756202,19809563,37731.9,PushPop,:batch=4991b352b4b749928163d62221fdaa37 phase=decode requests=8de7c5b04b184d1cbc3645195ef60a7d
0.0,39545190,2,19772595.0,19772595.0,19234546,20310644,760916.2,PushPop,":batch=543aa132b4a0427e93236fb733ae3c35 phase=decode requests=4911471bf69b4a0c8fcb7df27f4e64dd,4a33c149f9b84d849224830b7920cf8d,83bc7c63016b44a7bb730cbd52015427,bffdbdea72654f78bfa6ca4ccea58aeb"
0.0,39529832,2,19764916.0,19764916.0,19725837,19803995,55266.1,PushPop,":batch=df52b0fa30234a88bcca90142a37d24f phase=decode requests=399c9677f6e44195897e25ec5ce1daa1,422bf3769b9f45beb57c62f13989c6e8,3255e14c8cb54f1cbdd701ebd201f7b8,a8d52d0acece4573abce53495dc615f9"
0.0,39521799,2,19760899.5,19760899.5,19746892,19774907,19809.6,PushPop,":batch=bc7cb747751b4de29c0c9dbe83317cb5 phase=decode requests=4911471bf69b4a0c8fcb7df27f4e64dd,4a33c149f9b84d849224830b7920cf8d,83bc7c63016b44a7bb730cbd52015427,bffdbdea72654f78bfa6ca4ccea58aeb"
0.0,39506260,2,19753130.0,19753130.0,19220584,20285676,753133.8,PushPop,":batch=d04c221502ca4b6491adea95d3e891ed phase=decode requests=4911471bf69b4a0c8fcb7df27f4e64dd,4a33c149f9b84d849224830b7920cf8d,83bc7c63016b44a7bb730cbd52015427,bffdbdea72654f78bfa6ca4ccea58aeb"
0.0,39480935,2,19740467.5,19740467.5,19248896,20232039,695187.1,PushPop,":batch=b409a43dd3bd4c01b11a65614b8b1b73 phase=decode requests=4911471bf69b4a0c8fcb7df27f4e64dd,4a33c149f9b84d849224830b7920cf8d,83bc7c63016b44a7bb730cbd52015427,bffdbdea72654f78bfa6ca4ccea58aeb"
0.0,39457542,2,19728771.0,19728771.0,19282606,20174936,630972.6,PushPop,":batch=245b00c3242449bb9903c8076dfdaffd phase=decode requests=4911471bf69b4a0c8fcb7df27f4e64dd,4a33c149f9b84d849224830b7920cf8d,83bc7c63016b44a7bb730cbd52015427,bffdbdea72654f78bfa6ca4ccea58aeb"
0.0,39457229,2,19728614.5,19728614.5,19302360,20154869,602814.9,PushPop,:batch=684ce8d4f30a485f94c303f76fb50199 phase=decode requests=8de7c5b04b184d1cbc3645195ef60a7d
0.0,39427621,2,19713810.5,19713810.5,19707874,19719747,8395.5,PushPop,":batch=4c26a80f89f6495a8eb055851741454a phase=decode requests=399c9677f6e44195897e25ec5ce1daa1,422bf3769b9f45beb57c62f13989c6e8,3255e14c8cb54f1cbdd701ebd201f7b8,a8d52d0acece4573abce53495dc615f9"
0.0,39406675,2,19703337.5,19703337.5,19233426,20173249,664555.2,PushPop,":batch=289d1ac2740846abbc55b29692f2d284 phase=decode requests=7aa4ba8d31af45f58706a52eb0ad3328,baabce1b18024e189120c512bc680496,046f00cf0a7d4816a65a9b0acad7230b,46ac3b484ea545d181b2d3e8af73623f"
0.0,39402380,2,19701190.0,19701190.0,19677376,19725004,33678.1,PushPop,":batch=cfdad31747564756b52f9a36139ebb24 phase=decode requests=399c9677f6e44195897e25ec5ce1daa1,422bf3769b9f45beb57c62f13989c6e8,3255e14c8cb54f1cbdd701ebd201f7b8,a8d52d0acece4573abce53495dc615f9"
0.0,39392179,2,19696089.5,19696089.5,19670987,19721192,35500.3,PushPop,":batch=840bb19ec2b940f497b9deacd14215c8 phase=decode requests=4911471bf69b4a0c8fcb7df27f4e64dd,4a33c149f9b84d849224830b7920cf8d,83bc7c63016b44a7bb730cbd52015427,bffdbdea72654f78bfa6ca4ccea58aeb"
0.0,39374851,2,19687425.5,19687425.5,19647754,19727097,56104.0,PushPop,":batch=9113a4ad5be045a3a2adde24db4e85b4 phase=decode requests=4911471bf69b4a0c8fcb7df27f4e64dd,4a33c149f9b84d849224830b7920cf8d,83bc7c63016b44a7bb730cbd52015427,bffdbdea72654f78bfa6ca4ccea58aeb"
0.0,39364378,2,19682189.0,19682189.0,19654545,19709833,39094.5,PushPop,":batch=89e2754ce26941ff945fdc74e136ef1f phase=decode requests=4911471bf69b4a0c8fcb7df27f4e64dd,4a33c149f9b84d849224830b7920cf8d,83bc7c63016b44a7bb730cbd52015427,bffdbdea72654f78bfa6ca4ccea58aeb"
0.0,39345182,2,19672591.0,19672591.0,19152991,20192191,734825.4,PushPop,":batch=90cc5f836deb444fab73f41368060b11 phase=decode requests=4911471bf69b4a0c8fcb7df27f4e64dd,4a33c149f9b84d849224830b7920cf8d,83bc7c63016b44a7bb730cbd52015427,bffdbdea72654f78bfa6ca4ccea58aeb"
0.0,39320472,2,19660236.0,19660236.0,19632014,19688458,39911.9,PushPop,":batch=8389f6b1a9514bf5a3bfe4df07fea0b8 phase=decode requests=4911471bf69b4a0c8fcb7df27f4e64dd,4a33c149f9b84d849224830b7920cf8d,83bc7c63016b44a7bb730cbd52015427,bffdbdea72654f78bfa6ca4ccea58aeb"
0.0,39292511,2,19646255.5,19646255.5,19105723,20186788,764428.4,PushPop,":batch=38377bf4c2da49788d1acb0d5a929704 phase=decode requests=4911471bf69b4a0c8fcb7df27f4e64dd,4a33c149f9b84d849224830b7920cf8d,83bc7c63016b44a7bb730cbd52015427,bffdbdea72654f78bfa6ca4ccea58aeb"
0.0,39255210,2,19627605.0,19627605.0,19576317,19678893,72532.2,PushPop,":batch=98948a216fe5441c99c9b4f8c937ff79 phase=decode requests=4911471bf69b4a0c8fcb7df27f4e64dd,4a33c149f9b84d849224830b7920cf8d,83bc7c63016b44a7bb730cbd52015427,bffdbdea72654f78bfa6ca4ccea58aeb"
0.0,39234623,2,19617311.5,19617311.5,19583073,19651550,48420.6,PushPop,:batch=4c40d06629b54cf5b621168428569bf8 phase=decode requests=8de7c5b04b184d1cbc3645195ef60a7d
0.0,39224982,2,19612491.0,19612491.0,19582280,19642702,42724.8,PushPop,":batch=fe65e886ee1c4028b54bec1751659612 phase=decode requests=4911471bf69b4a0c8fcb7df27f4e64dd,4a33c149f9b84d849224830b7920cf8d,83bc7c63016b44a7bb730cbd52015427,bffdbdea72654f78bfa6ca4ccea58aeb"
0.0,39224908,2,19612454.0,19612454.0,19592831,19632077,27751.1,PushPop,":batch=64683b42e51944b2b8e3e9c95877a4ad phase=decode requests=4911471bf69b4a0c8fcb7df27f4e64dd,4a33c149f9b84d849224830b7920cf8d,83bc7c63016b44a7bb730cbd52015427,bffdbdea72654f78bfa6ca4ccea58aeb"
0.0,39224257,2,19612128.5,19612128.5,19144707,20079550,661033.8,PushPop,":batch=4ad96ddeeb3347d0a04012fe9dfe12e5 phase=decode requests=4911471bf69b4a0c8fcb7df27f4e64dd,4a33c149f9b84d849224830b7920cf8d,83bc7c63016b44a7bb730cbd52015427,bffdbdea72654f78bfa6ca4ccea58aeb"
0.0,39201431,2,19600715.5,19600715.5,19547230,19654201,75639.9,PushPop,":batch=8646af07e94c4ab78ffa0331f9cddfab phase=decode requests=4911471bf69b4a0c8fcb7df27f4e64dd,4a33c149f9b84d849224830b7920cf8d,83bc7c63016b44a7bb730cbd52015427,bffdbdea72654f78bfa6ca4ccea58aeb"
0.0,39200945,2,19600472.5,19600472.5,19076619,20124326,740840.7,PushPop,":batch=43a4cc8bed704cc3a2a66a25fb50a031 phase=decode requests=7aa4ba8d31af45f58706a52eb0ad3328,baabce1b18024e189120c512bc680496,046f00cf0a7d4816a65a9b0acad7230b,46ac3b484ea545d181b2d3e8af73623f"
0.0,39192170,2,19596085.0,19596085.0,19551470,19640700,63095.1,PushPop,":batch=6a761d91724e4eeb95947405ec6750d5 phase=decode requests=4911471bf69b4a0c8fcb7df27f4e64dd,4a33c149f9b84d849224830b7920cf8d,83bc7c63016b44a7bb730cbd52015427,bffdbdea72654f78bfa6ca4ccea58aeb"
0.0,39188444,2,19594222.0,19594222.0,19552403,19636041,59141.0,PushPop,":batch=9d1fb2ae9e9249a98200a96e093a99a9 phase=decode requests=4911471bf69b4a0c8fcb7df27f4e64dd,4a33c149f9b84d849224830b7920cf8d,83bc7c63016b44a7bb730cbd52015427,bffdbdea72654f78bfa6ca4ccea58aeb"
0.0,39187837,2,19593918.5,19593918.5,19556990,19630847,52224.8,PushPop,":batch=04cce841a6e1411e9b19c222d9410f13 phase=decode requests=4911471bf69b4a0c8fcb7df27f4e64dd,4a33c149f9b84d849224830b7920cf8d,83bc7c63016b44a7bb730cbd52015427,bffdbdea72654f78bfa6ca4ccea58aeb"
0.0,39185495,2,19592747.5,19592747.5,19572728,19612767,28311.8,PushPop,":batch=b69422d755e648e182ceba85af35b9c1 phase=decode requests=4911471bf69b4a0c8fcb7df27f4e64dd,4a33c149f9b84d849224830b7920cf8d,83bc7c63016b44a7bb730cbd52015427,bffdbdea72654f78bfa6ca4ccea58aeb"
0.0,39174548,2,19587274.0,19587274.0,19553173,19621375,48226.1,PushPop,":batch=bde53f72f60e483c947f747a599d40f0 phase=decode requests=4911471bf69b4a0c8fcb7df27f4e64dd,4a33c149f9b84d849224830b7920cf8d,83bc7c63016b44a7bb730cbd52015427,bffdbdea72654f78bfa6ca4ccea58aeb"
0.0,39157976,2,19578988.0,19578988.0,19128541,20029435,637028.3,PushPop,:batch=28356a19bb9d44c5b233d0ca922131a4 phase=decode requests=8de7c5b04b184d1cbc3645195ef60a7d
0.0,39152562,2,19576281.0,19576281.0,19538212,19614350,53837.7,PushPop,":batch=be697e37f82b4a498139087654650142 phase=decode requests=4911471bf69b4a0c8fcb7df27f4e64dd,4a33c149f9b84d849224830b7920cf8d,83bc7c63016b44a7bb730cbd52015427,bffdbdea72654f78bfa6ca4ccea58aeb"
0.0,39149762,2,19574881.0,19574881.0,19545154,19604608,42040.3,PushPop,":batch=a2406bc2b40c493ebbe2f46bcf7b692a phase=decode requests=7aa4ba8d31af45f58706a52eb0ad3328,baabce1b18024e189120c512bc680496,046f00cf0a7d4816a65a9b0acad7230b,46ac3b484ea545d181b2d3e8af73623f"
0.0,39081207,2,19540603.5,19540603.5,19500216,19580991,57116.6,PushPop,":batch=a3c7360494eb4115bed318cd34356305 phase=decode requests=4911471bf69b4a0c8fcb7df27f4e64dd,4a33c149f9b84d849224830b7920cf8d,83bc7c63016b44a7bb730cbd52015427,bffdbdea72654f78bfa6ca4ccea58aeb"
0.0,39080495,2,19540247.5,19540247.5,19495444,19585051,63361.7,PushPop,":batch=468da5ef606840a88811ba62e8d71c7f phase=decode requests=4911471bf69b4a0c8fcb7df27f4e64dd,4a33c149f9b84d849224830b7920cf8d,83bc7c63016b44a7bb730cbd52015427,bffdbdea72654f78bfa6ca4ccea58aeb"
0.0,39055190,2,19527595.0,19527595.0,19497167,19558023,43031.7,PushPop,":batch=c49fa83e6abc464793ff8ec14459f82d phase=decode requests=399c9677f6e44195897e25ec5ce1daa1,422bf3769b9f45beb57c62f13989c6e8,3255e14c8cb54f1cbdd701ebd201f7b8,a8d52d0acece4573abce53495dc615f9"
0.0,39046562,2,19523281.0,19523281.0,19077357,19969205,630631.8,PushPop,":batch=1066d1e3ab68425fa005e0694607be00 phase=decode requests=4911471bf69b4a0c8fcb7df27f4e64dd,4a33c149f9b84d849224830b7920cf8d,83bc7c63016b44a7bb730cbd52015427,bffdbdea72654f78bfa6ca4ccea58aeb"
0.0,39008326,2,19504163.0,19504163.0,19478491,19529835,36305.7,PushPop,":batch=71100834f50a445a951f9d802edb8ca4 phase=decode requests=4911471bf69b4a0c8fcb7df27f4e64dd,4a33c149f9b84d849224830b7920cf8d,83bc7c63016b44a7bb730cbd52015427,bffdbdea72654f78bfa6ca4ccea58aeb"
0.0,38987329,2,19493664.5,19493664.5,19463376,19523953,42834.4,PushPop,":batch=92457056702648a081dcba6ab1465834 phase=decode requests=4911471bf69b4a0c8fcb7df27f4e64dd,4a33c149f9b84d849224830b7920cf8d,83bc7c63016b44a7bb730cbd52015427,bffdbdea72654f78bfa6ca4ccea58aeb"
0.0,38980692,2,19490346.0,19490346.0,19470398,19510294,28210.7,PushPop,:batch=2f6a638875bf42fc9d3672aff66a5eda phase=decode requests=8de7c5b04b184d1cbc3645195ef60a7d
0.0,38973742,2,19486871.0,19486871.0,19006882,19966860,678807.0,PushPop,":batch=19a3db60531b49ffa4a0cf72c3c9e756 phase=decode requests=4911471bf69b4a0c8fcb7df27f4e64dd,4a33c149f9b84d849224830b7920cf8d,83bc7c63016b44a7bb730cbd52015427,bffdbdea72654f78bfa6ca4ccea58aeb"
0.0,38971601,2,19485800.5,19485800.5,19447387,19524214,54324.9,PushPop,":batch=ad59ca6dbb494a1bab6b1cb16d2992a7 phase=decode requests=4911471bf69b4a0c8fcb7df27f4e64dd,4a33c149f9b84d849224830b7920cf8d,83bc7c63016b44a7bb730cbd52015427,bffdbdea72654f78bfa6ca4ccea58aeb"
0.0,38951240,2,19475620.0,19475620.0,19050237,19901003,601582.4,PushPop,:batch=c7aa77f1d0fd4cef838ced54450341f4 phase=decode requests=8de7c5b04b184d1cbc3645195ef60a7d
0.0,38947949,2,19473974.5,19473974.5,19435054,19512895,55041.9,PushPop,":batch=283e021a64134b3f8bd86d8ba948a30c phase=decode requests=4911471bf69b4a0c8fcb7df27f4e64dd,4a33c149f9b84d849224830b7920cf8d,83bc7c63016b44a7bb730cbd52015427,bffdbdea72654f78bfa6ca4ccea58aeb"
0.0,38944796,2,19472398.0,19472398.0,19444830,19499966,38987.0,PushPop,":batch=88c0fab0b61041ee9182c51b543d332f phase=decode requests=e4484b0df96d49f3a31426c909f9076d,bb52284fe1f1457c8a63320a61ffabbf,deac75ab269243019c9fd4ac2ecfc203,3e2830bc65ab4913904d6e72090a4fe3"
0.0,38940580,2,19470290.0,19470290.0,19053401,19887179,589570.1,PushPop,:batch=cafaf89f3ffe4a9a9b7753ffc00a58ad phase=decode requests=8de7c5b04b184d1cbc3645195ef60a7d
0.0,38921710,2,19460855.0,19460855.0,19430959,19490751,42279.3,PushPop,":batch=4699ba8227f44a2b9b6de85b17d37858 phase=decode requests=4911471bf69b4a0c8fcb7df27f4e64dd,4a33c149f9b84d849224830b7920cf8d,83bc7c63016b44a7bb730cbd52015427,bffdbdea72654f78bfa6ca4ccea58aeb"
0.0,38907058,2,19453529.0,19453529.0,19413593,19493465,56478.0,PushPop,":batch=11de2e30c01c48cdb8ddbaf32d8741ab phase=decode requests=4911471bf69b4a0c8fcb7df27f4e64dd,4a33c149f9b84d849224830b7920cf8d,83bc7c63016b44a7bb730cbd52015427,bffdbdea72654f78bfa6ca4ccea58aeb"
0.0,38900950,2,19450475.0,19450475.0,18941051,19959899,720434.3,PushPop,":batch=5a960601673f45b9998839bd19e822f2 phase=decode requests=7aa4ba8d31af45f58706a52eb0ad3328,baabce1b18024e189120c512bc680496,046f00cf0a7d4816a65a9b0acad7230b,46ac3b484ea545d181b2d3e8af73623f"
0.0,38895469,2,19447734.5,19447734.5,19411397,19484072,51389.0,PushPop,":batch=75575138175e4549ac3cfe6ce99f5423 phase=decode requests=4911471bf69b4a0c8fcb7df27f4e64dd,4a33c149f9b84d849224830b7920cf8d,83bc7c63016b44a7bb730cbd52015427,bffdbdea72654f78bfa6ca4ccea58aeb"
0.0,38881006,2,19440503.0,19440503.0,19404492,19476514,50927.2,PushPop,":batch=7e1dd15ce36d4ecf8911171f89fffcd2 phase=decode requests=4911471bf69b4a0c8fcb7df27f4e64dd,4a33c149f9b84d849224830b7920cf8d,83bc7c63016b44a7bb730cbd52015427,bffdbdea72654f78bfa6ca4ccea58aeb"
0.0,38877373,2,19438686.5,19438686.5,19038022,19839351,566625.2,PushPop,:batch=416e1bbd774e4ad5a8dfc798ba311d4d phase=decode requests=8de7c5b04b184d1cbc3645195ef60a7d
0.0,38874698,2,19437349.0,19437349.0,19407687,19467011,41948.4,PushPop,":batch=b01346713522474384512cd8622d884f phase=decode requests=4911471bf69b4a0c8fcb7df27f4e64dd,4a33c149f9b84d849224830b7920cf8d,83bc7c63016b44a7bb730cbd52015427,bffdbdea72654f78bfa6ca4ccea58aeb"
0.0,38865141,2,19432570.5,19432570.5,19408923,19456218,33442.6,PushPop,":batch=4766a09455fc4a64bf58977cfa0d724e phase=decode requests=4911471bf69b4a0c8fcb7df27f4e64dd,4a33c149f9b84d849224830b7920cf8d,83bc7c63016b44a7bb730cbd52015427,bffdbdea72654f78bfa6ca4ccea58aeb"
0.0,38858594,2,19429297.0,19429297.0,19392260,19466334,52378.2,PushPop,":batch=6d089d5339304630aae2722cdc54e1f3 phase=decode requests=4911471bf69b4a0c8fcb7df27f4e64dd,4a33c149f9b84d849224830b7920cf8d,83bc7c63016b44a7bb730cbd52015427,bffdbdea72654f78bfa6ca4ccea58aeb"
0.0,38854552,2,19427276.0,19427276.0,18946387,19908165,680079.7,PushPop,:batch=82aba510aa6141deb547353647bea0fc phase=decode requests=8de7c5b04b184d1cbc3645195ef60a7d
0.0,38853721,2,19426860.5,19426860.5,18951129,19902592,672785.9,PushPop,":batch=bc2827fd862043268339345ddab2f857 phase=decode requests=e4484b0df96d49f3a31426c909f9076d,bb52284fe1f1457c8a63320a61ffabbf,deac75ab269243019c9fd4ac2ecfc203,3e2830bc65ab4913904d6e72090a4fe3"
0.0,38833817,2,19416908.5,19416908.5,19382850,19450967,48166.0,PushPop,":batch=140f8fa6f9914825af9c6804da877a18 phase=decode requests=399c9677f6e44195897e25ec5ce1daa1,422bf3769b9f45beb57c62f13989c6e8,3255e14c8cb54f1cbdd701ebd201f7b8,a8d52d0acece4573abce53495dc615f9"
0.0,38831512,2,19415756.0,19415756.0,18937722,19893790,676042.2,PushPop,":batch=c434a3045f2a44d096ef5af31c81b481 phase=decode requests=4911471bf69b4a0c8fcb7df27f4e64dd,4a33c149f9b84d849224830b7920cf8d,83bc7c63016b44a7bb730cbd52015427,bffdbdea72654f78bfa6ca4ccea58aeb"
0.0,38831492,2,19415746.0,19415746.0,19368624,19462868,66640.6,PushPop,":batch=c35b8ff6ac1342a0918a6bff277e7760 phase=decode requests=4911471bf69b4a0c8fcb7df27f4e64dd,4a33c149f9b84d849224830b7920cf8d,83bc7c63016b44a7bb730cbd52015427,bffdbdea72654f78bfa6ca4ccea58aeb"
0.0,38830496,2,19415248.0,19415248.0,18946745,19883751,662563.3,PushPop,":batch=1536c5612399406b9ae92df77020d31c phase=decode requests=399c9677f6e44195897e25ec5ce1daa1,422bf3769b9f45beb57c62f13989c6e8,3255e14c8cb54f1cbdd701ebd201f7b8,a8d52d0acece4573abce53495dc615f9"
0.0,38826041,2,19413020.5,19413020.5,19400911,19425130,17125.4,PushPop,":batch=fc4c507c7ea54f7ca6d9257512421f67 phase=decode requests=4911471bf69b4a0c8fcb7df27f4e64dd,4a33c149f9b84d849224830b7920cf8d,83bc7c63016b44a7bb730cbd52015427,bffdbdea72654f78bfa6ca4ccea58aeb"
0.0,38814172,2,19407086.0,19407086.0,18952097,19862075,643451.6,PushPop,:batch=d54b1f0be64a4863bf08a66f117518f2 phase=decode requests=8de7c5b04b184d1cbc3645195ef60a7d
0.0,38812100,2,19406050.0,19406050.0,19381312,19430788,34984.8,PushPop,":batch=da5b04f7ef3243e9b89e48c50aef7d96 phase=decode requests=4911471bf69b4a0c8fcb7df27f4e64dd,4a33c149f9b84d849224830b7920cf8d,83bc7c63016b44a7bb730cbd52015427,bffdbdea72654f78bfa6ca4ccea58aeb"
0.0,38807934,2,19403967.0,19403967.0,18923746,19884188,679135.1,PushPop,":batch=0e1a7fd696734556a15c372cfc933cf9 phase=decode requests=4911471bf69b4a0c8fcb7df27f4e64dd,4a33c149f9b84d849224830b7920cf8d,83bc7c63016b44a7bb730cbd52015427,bffdbdea72654f78bfa6ca4ccea58aeb"
0.0,38804589,2,19402294.5,19402294.5,19383241,19421348,26945.7,PushPop,:batch=4d2c350070a247d6b072fd51a1f4b94c phase=decode requests=c47f16e66de94d7ebc64adfc42386324
0.0,38799425,2,19399712.5,19399712.5,19365430,19433995,48482.8,PushPop,":batch=e687bdbcb2da4f73b3bfa851f3de9d1d phase=decode requests=4911471bf69b4a0c8fcb7df27f4e64dd,4a33c149f9b84d849224830b7920cf8d,83bc7c63016b44a7bb730cbd52015427,bffdbdea72654f78bfa6ca4ccea58aeb"
0.0,38796730,2,19398365.0,19398365.0,19389614,19407116,12375.8,PushPop,":batch=4eb83064ea9d482da88136b2da575723 phase=decode requests=4911471bf69b4a0c8fcb7df27f4e64dd,4a33c149f9b84d849224830b7920cf8d,83bc7c63016b44a7bb730cbd52015427,bffdbdea72654f78bfa6ca4ccea58aeb"
0.0,38796250,2,19398125.0,19398125.0,18910285,19885965,689909.9,PushPop,":batch=fbc9d88d0d0347b293ecd14304d89fcd phase=decode requests=4911471bf69b4a0c8fcb7df27f4e64dd,4a33c149f9b84d849224830b7920cf8d,83bc7c63016b44a7bb730cbd52015427,bffdbdea72654f78bfa6ca4ccea58aeb"
0.0,38794770,2,19397385.0,19397385.0,19359528,19435242,53537.9,PushPop,":batch=d9a95a1af1314f43bf1bb595b263667c phase=decode requests=4911471bf69b4a0c8fcb7df27f4e64dd,4a33c149f9b84d849224830b7920cf8d,83bc7c63016b44a7bb730cbd52015427,bffdbdea72654f78bfa6ca4ccea58aeb"
0.0,38792110,2,19396055.0,19396055.0,19353916,19438194,59593.5,PushPop,":batch=8a64d9c10c034dadb1112437a0f21edf phase=decode requests=4911471bf69b4a0c8fcb7df27f4e64dd,4a33c149f9b84d849224830b7920cf8d,83bc7c63016b44a7bb730cbd52015427,bffdbdea72654f78bfa6ca4ccea58aeb"
0.0,38788633,2,19394316.5,19394316.5,19378488,19410145,22384.9,PushPop,:batch=587bf359e2a04363849570a0cfc30b68 phase=decode requests=8de7c5b04b184d1cbc3645195ef60a7d
0.0,38781623,2,19390811.5,19390811.5,19369263,19412360,30474.2,PushPop,":batch=ed26bbbf62074ddcb8cc0e7626a21119 phase=decode requests=4911471bf69b4a0c8fcb7df27f4e64dd,4a33c149f9b84d849224830b7920cf8d,83bc7c63016b44a7bb730cbd52015427,bffdbdea72654f78bfa6ca4ccea58aeb"
0.0,38764457,2,19382228.5,19382228.5,19352429,19412028,42142.9,PushPop,":batch=e53d89543d834fd5b3482437fe090ec0 phase=decode requests=4911471bf69b4a0c8fcb7df27f4e64dd,4a33c149f9b84d849224830b7920cf8d,83bc7c63016b44a7bb730cbd52015427,bffdbdea72654f78bfa6ca4ccea58aeb"
0.0,38760036,2,19380018.0,19380018.0,19346710,19413326,47104.6,PushPop,":batch=8e84aa1b2364423996e7962f5bbb53b3 phase=decode requests=e4484b0df96d49f3a31426c909f9076d,bb52284fe1f1457c8a63320a61ffabbf,deac75ab269243019c9fd4ac2ecfc203,3e2830bc65ab4913904d6e72090a4fe3"
0.0,38755919,2,19377959.5,19377959.5,18696770,20059149,963347.4,PushPop,":batch=ff7aa414fcaf49288554bddcd432623f phase=decode requests=399c9677f6e44195897e25ec5ce1daa1,422bf3769b9f45beb57c62f13989c6e8,3255e14c8cb54f1cbdd701ebd201f7b8,a8d52d0acece4573abce53495dc615f9"
0.0,38752526,2,19376263.0,19376263.0,19361948,19390578,20244.5,PushPop,":batch=9371a6c51023433c809934af0c61dd64 phase=decode requests=4911471bf69b4a0c8fcb7df27f4e64dd,4a33c149f9b84d849224830b7920cf8d,83bc7c63016b44a7bb730cbd52015427,bffdbdea72654f78bfa6ca4ccea58aeb"
0.0,38750967,2,19375483.5,19375483.5,19342365,19408602,46836.6,PushPop,":batch=8d60c3b85bd643c686ec8ccc17cf2b96 phase=decode requests=4911471bf69b4a0c8fcb7df27f4e64dd,4a33c149f9b84d849224830b7920cf8d,83bc7c63016b44a7bb730cbd52015427,bffdbdea72654f78bfa6ca4ccea58aeb"
0.0,38750786,2,19375393.0,19375393.0,19341655,19409131,47712.7,PushPop,:batch=90f2933670674a14af8e6b59db5df2fb phase=decode requests=8de7c5b04b184d1cbc3645195ef60a7d
0.0,38750613,2,19375306.5,19375306.5,19073398,19677215,426963.1,PushPop,:batch=ab01382c1f8648db81b2bef05f564061 phase=decode requests=c47f16e66de94d7ebc64adfc42386324
0.0,38745329,2,19372664.5,19372664.5,19356777,19388552,22468.3,PushPop,":batch=375888f49aab42618c3c2db6a38aaf8e phase=decode requests=4911471bf69b4a0c8fcb7df27f4e64dd,4a33c149f9b84d849224830b7920cf8d,83bc7c63016b44a7bb730cbd52015427,bffdbdea72654f78bfa6ca4ccea58aeb"
0.0,38740531,2,19370265.5,19370265.5,19339616,19400915,43344.9,PushPop,":batch=24e984f82a2f40c6bf4e7b296d3c355e phase=decode requests=e4484b0df96d49f3a31426c909f9076d,bb52284fe1f1457c8a63320a61ffabbf,deac75ab269243019c9fd4ac2ecfc203,3e2830bc65ab4913904d6e72090a4fe3"
0.0,38735166,2,19367583.0,19367583.0,18950977,19784189,589169.9,PushPop,:batch=ccf73ddfdf254f4eafd1cd9ab84c3024 phase=decode requests=8de7c5b04b184d1cbc3645195ef60a7d
0.0,38733687,2,19366843.5,19366843.5,18853648,19880039,725768.0,PushPop,":batch=483e1cb14add4ef49385444cdfe0fe25 phase=decode requests=4911471bf69b4a0c8fcb7df27f4e64dd,4a33c149f9b84d849224830b7920cf8d,83bc7c63016b44a7bb730cbd52015427,bffdbdea72654f78bfa6ca4ccea58aeb"
0.0,38731465,2,19365732.5,19365732.5,18935048,19796417,609079.9,PushPop,:batch=bf8af12b77f04730a679fb64cb436b64 phase=decode requests=8de7c5b04b184d1cbc3645195ef60a7d
0.0,38726931,2,19363465.5,19363465.5,19350237,19376694,18707.9,PushPop,":batch=45f85a7a2f77478ba5b03eabd5a5d51d phase=decode requests=4911471bf69b4a0c8fcb7df27f4e64dd,4a33c149f9b84d849224830b7920cf8d,83bc7c63016b44a7bb730cbd52015427,bffdbdea72654f78bfa6ca4ccea58aeb"
0.0,38712917,2,19356458.5,19356458.5,19312763,19400154,61794.8,PushPop,":batch=f59583eef36a4076967407d0824180e4 phase=decode requests=7aa4ba8d31af45f58706a52eb0ad3328,baabce1b18024e189120c512bc680496,046f00cf0a7d4816a65a9b0acad7230b,46ac3b484ea545d181b2d3e8af73623f"
0.0,38705218,2,19352609.0,19352609.0,18896843,19808375,644550.5,PushPop,:batch=c49493828e3f4617a5eab0ed3d953bfe phase=decode requests=8de7c5b04b184d1cbc3645195ef60a7d
0.0,38703838,2,19351919.0,19351919.0,19303697,19400141,68196.2,PushPop,:batch=0c388dbeac7f49caaa49248f8ca0d480 phase=decode requests=8de7c5b04b184d1cbc3645195ef60a7d
0.0,38695686,2,19347843.0,19347843.0,19295059,19400627,74647.8,PushPop,":batch=d3988cff70cd4b8e8aaad18a0f2a7a34 phase=decode requests=4911471bf69b4a0c8fcb7df27f4e64dd,4a33c149f9b84d849224830b7920cf8d,83bc7c63016b44a7bb730cbd52015427,bffdbdea72654f78bfa6ca4ccea58aeb"
0.0,38691998,2,19345999.0,19345999.0,18873136,19818862,668729.3,PushPop,":batch=0c8ff0df0db14b1e80f90c8c68f862e8 phase=decode requests=4911471bf69b4a0c8fcb7df27f4e64dd,4a33c149f9b84d849224830b7920cf8d,83bc7c63016b44a7bb730cbd52015427,bffdbdea72654f78bfa6ca4ccea58aeb"
0.0,38687180,2,19343590.0,19343590.0,19315873,19371307,39197.8,PushPop,:batch=975be2496a014ae1b091b8a0ce573c81 phase=decode requests=8de7c5b04b184d1cbc3645195ef60a7d
0.0,38684216,2,19342108.0,19342108.0,19300568,19383648,58746.4,PushPop,":batch=e124d88519cf4413bdbf16d37b79135c phase=decode requests=4911471bf69b4a0c8fcb7df27f4e64dd,4a33c149f9b84d849224830b7920cf8d,83bc7c63016b44a7bb730cbd52015427,bffdbdea72654f78bfa6ca4ccea58aeb"
0.0,38682792,2,19341396.0,19341396.0,19324302,19358490,24174.6,PushPop,:batch=d33be3a28a5846ddb2173de9a4383f49 phase=decode requests=8de7c5b04b184d1cbc3645195ef60a7d
0.0,38666959,2,19333479.5,19333479.5,19316796,19350163,23594.0,PushPop,:batch=6ededc99cf9646979c83287717b9e919 phase=decode requests=8de7c5b04b184d1cbc3645195ef60a7d
0.0,38657587,2,19328793.5,19328793.5,19301326,19356261,38844.9,PushPop,":batch=928d73d6471345639fb28f3e78762e7d phase=decode requests=4911471bf69b4a0c8fcb7df27f4e64dd,4a33c149f9b84d849224830b7920cf8d,83bc7c63016b44a7bb730cbd52015427,bffdbdea72654f78bfa6ca4ccea58aeb"
0.0,38654311,2,19327155.5,19327155.5,19307259,19347052,28137.9,PushPop,:batch=66a573d54b424dfeba133674915e5305 phase=decode requests=8de7c5b04b184d1cbc3645195ef60a7d
0.0,38653597,2,19326798.5,19326798.5,18904062,19749535,597839.7,PushPop,":batch=9ec913f2455749b18d8f839e1490418d phase=decode requests=7aa4ba8d31af45f58706a52eb0ad3328,baabce1b18024e189120c512bc680496,046f00cf0a7d4816a65a9b0acad7230b,46ac3b484ea545d181b2d3e8af73623f"
0.0,38640932,2,19320466.0,19320466.0,18927738,19713194,555401.3,PushPop,:batch=57e1c6aaf6b34905a02b7ca97b06d644 phase=decode requests=8de7c5b04b184d1cbc3645195ef60a7d
0.0,38638267,2,19319133.5,19319133.5,19283970,19354297,49728.7,PushPop,":batch=daf6f0a2781d48ea84d347778e40fbe3 phase=decode requests=4911471bf69b4a0c8fcb7df27f4e64dd,4a33c149f9b84d849224830b7920cf8d,83bc7c63016b44a7bb730cbd52015427,bffdbdea72654f78bfa6ca4ccea58aeb"
0.0,38631085,2,19315542.5,19315542.5,19310064,19321021,7747.8,PushPop,":batch=08f60fd2520c4215990c18d23e5bed2e phase=decode requests=4911471bf69b4a0c8fcb7df27f4e64dd,4a33c149f9b84d849224830b7920cf8d,83bc7c63016b44a7bb730cbd52015427,bffdbdea72654f78bfa6ca4ccea58aeb"
0.0,38626545,2,19313272.5,19313272.5,19273032,19353513,56908.7,PushPop,":batch=bc47e1e3e6654891a48742082137d04b phase=decode requests=4911471bf69b4a0c8fcb7df27f4e64dd,4a33c149f9b84d849224830b7920cf8d,83bc7c63016b44a7bb730cbd52015427,bffdbdea72654f78bfa6ca4ccea58aeb"
0.0,38622856,2,19311428.0,19311428.0,19300511,19322345,15439.0,PushPop,:batch=e73fe1dfea3e4ec68d7cbf056e94c55b phase=decode requests=8de7c5b04b184d1cbc3645195ef60a7d
0.0,38611784,2,19305892.0,19305892.0,19277679,19334105,39899.2,PushPop,":batch=55642b7e3abc48f89550808f1f61ba60 phase=decode requests=4911471bf69b4a0c8fcb7df27f4e64dd,4a33c149f9b84d849224830b7920cf8d,83bc7c63016b44a7bb730cbd52015427,bffdbdea72654f78bfa6ca4ccea58aeb"
0.0,38610640,2,19305320.0,19305320.0,19288545,19322095,23723.4,PushPop,":batch=f9a6670acd034842a4e1e198a4421029 phase=decode requests=4911471bf69b4a0c8fcb7df27f4e64dd,4a33c149f9b84d849224830b7920cf8d,83bc7c63016b44a7bb730cbd52015427,bffdbdea72654f78bfa6ca4ccea58aeb"
0.0,38605996,2,19302998.0,19302998.0,19277533,19328463,36012.9,PushPop,:batch=84b1814059104ad5bdbdd05303f40b85 phase=decode requests=8de7c5b04b184d1cbc3645195ef60a7d
0.0,38598020,2,19299010.0,19299010.0,19258102,19339918,57852.6,PushPop,":batch=846a0278e2594a96bd4e19e56db87b1c phase=decode requests=4911471bf69b4a0c8fcb7df27f4e64dd,4a33c149f9b84d849224830b7920cf8d,83bc7c63016b44a7bb730cbd52015427,bffdbdea72654f78bfa6ca4ccea58aeb"
0.0,38591144,2,19295572.0,19295572.0,19276058,19315086,27597.0,PushPop,":batch=c96e8d7d684b463587e08accd56adfd4 phase=decode requests=4911471bf69b4a0c8fcb7df27f4e64dd,4a33c149f9b84d849224830b7920cf8d,83bc7c63016b44a7bb730cbd52015427,bffdbdea72654f78bfa6ca4ccea58aeb"
0.0,38587442,2,19293721.0,19293721.0,19269628,19317814,34072.6,PushPop,":batch=18c17b0f3403496d903c7286576ba730 phase=decode requests=4911471bf69b4a0c8fcb7df27f4e64dd,4a33c149f9b84d849224830b7920cf8d,83bc7c63016b44a7bb730cbd52015427,bffdbdea72654f78bfa6ca4ccea58aeb"
0.0,38586378,2,19293189.0,19293189.0,19246745,19339633,65681.7,PushPop,":batch=528ff94e774647768ea69d2ce8419df4 phase=decode requests=4911471bf69b4a0c8fcb7df27f4e64dd,4a33c149f9b84d849224830b7920cf8d,83bc7c63016b44a7bb730cbd52015427,bffdbdea72654f78bfa6ca4ccea58aeb"
0.0,38582292,2,19291146.0,19291146.0,19142623,19439669,210043.2,PushPop,:batch=83c980ea09ed438b9b14aff59a9f8daf phase=decode requests=1cf8552479e145fd966a17841209a06f
0.0,38577973,2,19288986.5,19288986.5,19256540,19321433,45886.3,PushPop,":batch=25df2abda45640cd95baaad869b41883 phase=decode requests=7aa4ba8d31af45f58706a52eb0ad3328,baabce1b18024e189120c512bc680496,046f00cf0a7d4816a65a9b0acad7230b,46ac3b484ea545d181b2d3e8af73623f"
0.0,38577505,2,19288752.5,19288752.5,19263531,19313974,35668.6,PushPop,":batch=77b4a2b0ddeb4a538ee50f9451373722 phase=decode requests=e4484b0df96d49f3a31426c909f9076d,bb52284fe1f1457c8a63320a61ffabbf,deac75ab269243019c9fd4ac2ecfc203,3e2830bc65ab4913904d6e72090a4fe3"
0.0,38575129,2,19287564.5,19287564.5,19272014,19303115,21991.7,PushPop,":batch=8ecc1659d79e4035ac746fbea684da59 phase=decode requests=4911471bf69b4a0c8fcb7df27f4e64dd,4a33c149f9b84d849224830b7920cf8d,83bc7c63016b44a7bb730cbd52015427,bffdbdea72654f78bfa6ca4ccea58aeb"
0.0,38572617,2,19286308.5,19286308.5,19259714,19312903,37610.3,PushPop,":batch=d1f0437b3f914b1e9c1eb30207ccdcdf phase=decode requests=4911471bf69b4a0c8fcb7df27f4e64dd,4a33c149f9b84d849224830b7920cf8d,83bc7c63016b44a7bb730cbd52015427,bffdbdea72654f78bfa6ca4ccea58aeb"
0.0,38558734,2,19279367.0,19279367.0,19260845,19297889,26194.1,PushPop,":batch=e948484f901e4dacb28e186c2fa3839a phase=decode requests=4911471bf69b4a0c8fcb7df27f4e64dd,4a33c149f9b84d849224830b7920cf8d,83bc7c63016b44a7bb730cbd52015427,bffdbdea72654f78bfa6ca4ccea58aeb"
0.0,38549750,2,19274875.0,19274875.0,18809081,19740669,658732.2,PushPop,":batch=70259a4d15a84b9e94191a435b04644f phase=decode requests=4911471bf69b4a0c8fcb7df27f4e64dd,4a33c149f9b84d849224830b7920cf8d,83bc7c63016b44a7bb730cbd52015427,bffdbdea72654f78bfa6ca4ccea58aeb"
0.0,38539068,2,19269534.0,19269534.0,19252669,19286399,23850.7,PushPop,":batch=ff49ef8cbb214369971c1946afecf8d1 phase=decode requests=4911471bf69b4a0c8fcb7df27f4e64dd,4a33c149f9b84d849224830b7920cf8d,83bc7c63016b44a7bb730cbd52015427,bffdbdea72654f78bfa6ca4ccea58aeb"
0.0,38531476,2,19265738.0,19265738.0,18830349,19701127,615733.0,PushPop,:batch=fe4a237b72ae4e1c877af6478da1818b phase=decode requests=8de7c5b04b184d1cbc3645195ef60a7d
0.0,38528392,2,19264196.0,19264196.0,19215992,19312400,68170.8,PushPop,":batch=eb019450e09e4acfbdbba1286fd03ed1 phase=decode requests=4911471bf69b4a0c8fcb7df27f4e64dd,4a33c149f9b84d849224830b7920cf8d,83bc7c63016b44a7bb730cbd52015427,bffdbdea72654f78bfa6ca4ccea58aeb"
0.0,38525288,2,19262644.0,19262644.0,18799264,19726024,655318.3,PushPop,":batch=dba66f2228c84218b89ee699f8b15830 phase=decode requests=399c9677f6e44195897e25ec5ce1daa1,422bf3769b9f45beb57c62f13989c6e8,3255e14c8cb54f1cbdd701ebd201f7b8,a8d52d0acece4573abce53495dc615f9"
0.0,38524950,2,19262475.0,19262475.0,19214525,19310425,67811.5,PushPop,":batch=62106f6449f44bedb4ee95ad00de1c2b phase=decode requests=7aa4ba8d31af45f58706a52eb0ad3328,baabce1b18024e189120c512bc680496,046f00cf0a7d4816a65a9b0acad7230b,46ac3b484ea545d181b2d3e8af73623f"
0.0,38523858,2,19261929.0,19261929.0,19237083,19286775,35137.6,PushPop,:batch=9e2a2dd984b84e9394278708b0ffbdd9 phase=decode requests=8de7c5b04b184d1cbc3645195ef60a7d
0.0,38521565,2,19260782.5,19260782.5,19227984,19293581,46384.1,PushPop,":batch=ddd7eec5fa0747ad87de7f368449aac5 phase=decode requests=4911471bf69b4a0c8fcb7df27f4e64dd,4a33c149f9b84d849224830b7920cf8d,83bc7c63016b44a7bb730cbd52015427,bffdbdea72654f78bfa6ca4ccea58aeb"
0.0,38517316,2,19258658.0,19258658.0,19235281,19282035,33060.1,PushPop,:batch=aa8bc3edb7454ed09fbcb984da310b18 phase=decode requests=8de7c5b04b184d1cbc3645195ef60a7d
0.0,38510562,2,19255281.0,19255281.0,19220033,19290529,49848.2,PushPop,":batch=3b5c78305e874dc3b02c7294a5a8e1bf phase=decode requests=4911471bf69b4a0c8fcb7df27f4e64dd,4a33c149f9b84d849224830b7920cf8d,83bc7c63016b44a7bb730cbd52015427,bffdbdea72654f78bfa6ca4ccea58aeb"
0.0,38510449,2,19255224.5,19255224.5,18980930,19529519,387911.0,PushPop,:batch=9faa8fedb2724922892d72232d29c86a phase=decode requests=aaa729f093b64e2aaeeda0c4bda76f3d
0.0,38507698,2,19253849.0,19253849.0,19218468,19289230,50036.3,PushPop,":batch=f041fc0e0d114ca89c6c3c6d96c8d325 phase=decode requests=4911471bf69b4a0c8fcb7df27f4e64dd,4a33c149f9b84d849224830b7920cf8d,83bc7c63016b44a7bb730cbd52015427,bffdbdea72654f78bfa6ca4ccea58aeb"
0.0,38504280,2,19252140.0,19252140.0,19211431,19292849,57571.2,PushPop,":batch=f41e3cde558248659cb331ab5f2a8c06 phase=decode requests=399c9677f6e44195897e25ec5ce1daa1,422bf3769b9f45beb57c62f13989c6e8,3255e14c8cb54f1cbdd701ebd201f7b8,a8d52d0acece4573abce53495dc615f9"
0.0,38497494,2,19248747.0,19248747.0,18789907,19707587,648897.8,PushPop,":batch=e431d151a9a8414794a9ad9ff27b0497 phase=decode requests=4911471bf69b4a0c8fcb7df27f4e64dd,4a33c149f9b84d849224830b7920cf8d,83bc7c63016b44a7bb730cbd52015427,bffdbdea72654f78bfa6ca4ccea58aeb"
0.0,38492124,2,19246062.0,19246062.0,19202734,19289390,61275.0,PushPop,":batch=e55b7e9d08af4123ae23941585260595 phase=decode requests=4911471bf69b4a0c8fcb7df27f4e64dd,4a33c149f9b84d849224830b7920cf8d,83bc7c63016b44a7bb730cbd52015427,bffdbdea72654f78bfa6ca4ccea58aeb"
0.0,38490890,2,19245445.0,19245445.0,18814171,19676719,609913.5,PushPop,":batch=391f33bba7e248e5b63815aeca0e80e4 phase=decode requests=7aa4ba8d31af45f58706a52eb0ad3328,baabce1b18024e189120c512bc680496,046f00cf0a7d4816a65a9b0acad7230b,46ac3b484ea545d181b2d3e8af73623f"
0.0,38477632,2,19238816.0,19238816.0,19217683,19259949,29886.6,PushPop,":batch=4a5a4d628aef4af8836edbb75721c5fd phase=decode requests=4911471bf69b4a0c8fcb7df27f4e64dd,4a33c149f9b84d849224830b7920cf8d,83bc7c63016b44a7bb730cbd52015427,bffdbdea72654f78bfa6ca4ccea58aeb"
0.0,38471071,2,19235535.5,19235535.5,19199726,19271345,50642.3,PushPop,":batch=0b348517e92b4a48b40622e70b9aacd1 phase=decode requests=4911471bf69b4a0c8fcb7df27f4e64dd,4a33c149f9b84d849224830b7920cf8d,83bc7c63016b44a7bb730cbd52015427,bffdbdea72654f78bfa6ca4ccea58aeb"
0.0,38466616,2,19233308.0,19233308.0,18784817,19681799,634262.1,PushPop,":batch=46c4f24a7cee42a19236dc2a5ba50a0e phase=decode requests=4911471bf69b4a0c8fcb7df27f4e64dd,4a33c149f9b84d849224830b7920cf8d,83bc7c63016b44a7bb730cbd52015427,bffdbdea72654f78bfa6ca4ccea58aeb"
0.0,38460148,2,19230074.0,19230074.0,19200287,19259861,42125.2,PushPop,":batch=32ee86f4e51f40079609ae242821c479 phase=decode requests=4911471bf69b4a0c8fcb7df27f4e64dd,4a33c149f9b84d849224830b7920cf8d,83bc7c63016b44a7bb730cbd52015427,bffdbdea72654f78bfa6ca4ccea58aeb"
0.0,38458779,2,19229389.5,19229389.5,19209314,19249465,28391.0,PushPop,":batch=f6051aca413e4039a7a1e2abb7d23133 phase=decode requests=399c9677f6e44195897e25ec5ce1daa1,422bf3769b9f45beb57c62f13989c6e8,3255e14c8cb54f1cbdd701ebd201f7b8,a8d52d0acece4573abce53495dc615f9"
0.0,38457139,2,19228569.5,19228569.5,19210418,19246721,25670.1,PushPop,":batch=7677004d6d13439e91b97105a3871476 phase=decode requests=4911471bf69b4a0c8fcb7df27f4e64dd,4a33c149f9b84d849224830b7920cf8d,83bc7c63016b44a7bb730cbd52015427,bffdbdea72654f78bfa6ca4ccea58aeb"
0.0,38451849,2,19225924.5,19225924.5,19199419,19252430,37484.4,PushPop,:batch=373ea8173dde4a38b5ebf560b711ab43 phase=decode requests=8de7c5b04b184d1cbc3645195ef60a7d
0.0,38450755,2,19225377.5,19225377.5,19190861,19259894,48813.7,PushPop,":batch=55b7e14211fc49b7b9f2b917eebc3166 phase=decode requests=399c9677f6e44195897e25ec5ce1daa1,422bf3769b9f45beb57c62f13989c6e8,3255e14c8cb54f1cbdd701ebd201f7b8,a8d52d0acece4573abce53495dc615f9"
0.0,38439093,2,19219546.5,19219546.5,19187163,19251930,45797.2,PushPop,":batch=70870ffe7ac14bfab36de07454fc49fe phase=decode requests=399c9677f6e44195897e25ec5ce1daa1,422bf3769b9f45beb57c62f13989c6e8,3255e14c8cb54f1cbdd701ebd201f7b8,a8d52d0acece4573abce53495dc615f9"
0.0,38428917,2,19214458.5,19214458.5,19178146,19250771,51353.6,PushPop,":batch=9735068c008c4341b17eb3ed799e7742 phase=decode requests=399c9677f6e44195897e25ec5ce1daa1,422bf3769b9f45beb57c62f13989c6e8,3255e14c8cb54f1cbdd701ebd201f7b8,a8d52d0acece4573abce53495dc615f9"
0.0,38427029,2,19213514.5,19213514.5,19180729,19246300,46365.7,PushPop,":batch=784e4b060ea6488bbe4b96ef2863e0b1 phase=decode requests=399c9677f6e44195897e25ec5ce1daa1,422bf3769b9f45beb57c62f13989c6e8,3255e14c8cb54f1cbdd701ebd201f7b8,a8d52d0acece4573abce53495dc615f9"
0.0,38423855,2,19211927.5,19211927.5,19164009,19259846,67767.0,PushPop,":batch=06daa880bef248109c7ef10d4e6c1ec1 phase=decode requests=399c9677f6e44195897e25ec5ce1daa1,422bf3769b9f45beb57c62f13989c6e8,3255e14c8cb54f1cbdd701ebd201f7b8,a8d52d0acece4573abce53495dc615f9"
0.0,38423180,2,19211590.0,19211590.0,19056483,19366697,219354.4,PushPop,":batch=07e504f03be64e93827e66d8c8d291ab phase=decode requests=7aa4ba8d31af45f58706a52eb0ad3328,baabce1b18024e189120c512bc680496,046f00cf0a7d4816a65a9b0acad7230b,46ac3b484ea545d181b2d3e8af73623f"
0.0,38422967,2,19211483.5,19211483.5,18759177,19663790,639658.0,PushPop,":batch=bd7627932c264c79bb7b8cba29e43875 phase=decode requests=4911471bf69b4a0c8fcb7df27f4e64dd,4a33c149f9b84d849224830b7920cf8d,83bc7c63016b44a7bb730cbd52015427,bffdbdea72654f78bfa6ca4ccea58aeb"
0.0,38417461,2,19208730.5,19208730.5,18721531,19695930,689004.1,PushPop,:batch=8e822e5d33bc43429ab63466d66fa169 phase=decode requests=aaa729f093b64e2aaeeda0c4bda76f3d
0.0,38402443,2,19201221.5,19201221.5,19151125,19251318,70847.1,PushPop,":batch=08e957999b434b8abd395e0e4753d16d phase=decode requests=4911471bf69b4a0c8fcb7df27f4e64dd,4a33c149f9b84d849224830b7920cf8d,83bc7c63016b44a7bb730cbd52015427,bffdbdea72654f78bfa6ca4ccea58aeb"
0.0,38400734,2,19200367.0,19200367.0,19159764,19240970,57421.3,PushPop,":batch=f2d2c99db0be48f69d6ff08a565dac65 phase=decode requests=399c9677f6e44195897e25ec5ce1daa1,422bf3769b9f45beb57c62f13989c6e8,3255e14c8cb54f1cbdd701ebd201f7b8,a8d52d0acece4573abce53495dc615f9"
0.0,38389633,2,19194816.5,19194816.5,18723031,19666602,667205.5,PushPop,":batch=6cf783d79bcb4da2bff601957e9daf40 phase=decode requests=e4484b0df96d49f3a31426c909f9076d,bb52284fe1f1457c8a63320a61ffabbf,deac75ab269243019c9fd4ac2ecfc203,3e2830bc65ab4913904d6e72090a4fe3"
0.0,38385433,2,19192716.5,19192716.5,19151077,19234356,58887.1,PushPop,":batch=c37553adfa2641d59cec599a53657f83 phase=decode requests=4911471bf69b4a0c8fcb7df27f4e64dd,4a33c149f9b84d849224830b7920cf8d,83bc7c63016b44a7bb730cbd52015427,bffdbdea72654f78bfa6ca4ccea58aeb"
0.0,38381627,2,19190813.5,19190813.5,19173023,19208604,25159.6,PushPop,":batch=37fa0bc27e5548ce9f45420bdb255a4b phase=decode requests=4911471bf69b4a0c8fcb7df27f4e64dd,4a33c149f9b84d849224830b7920cf8d,83bc7c63016b44a7bb730cbd52015427,bffdbdea72654f78bfa6ca4ccea58aeb"
0.0,38372386,2,19186193.0,19186193.0,19138973,19233413,66779.2,PushPop,":batch=478146bcfb614a53bf692af3bbdd80dd phase=decode requests=4911471bf69b4a0c8fcb7df27f4e64dd,4a33c149f9b84d849224830b7920cf8d,83bc7c63016b44a7bb730cbd52015427,bffdbdea72654f78bfa6ca4ccea58aeb"
0.0,38369541,2,19184770.5,19184770.5,19153798,19215743,43801.7,PushPop,":batch=0ccf8cb10f7f4a1db9a21fbb0576f4a9 phase=decode requests=4911471bf69b4a0c8fcb7df27f4e64dd,4a33c149f9b84d849224830b7920cf8d,83bc7c63016b44a7bb730cbd52015427,bffdbdea72654f78bfa6ca4ccea58aeb"
0.0,38366676,2,19183338.0,19183338.0,19149333,19217343,48090.3,PushPop,":batch=f63ba9ad9e794479bc38c9f6a68556af phase=decode requests=399c9677f6e44195897e25ec5ce1daa1,422bf3769b9f45beb57c62f13989c6e8,3255e14c8cb54f1cbdd701ebd201f7b8,a8d52d0acece4573abce53495dc615f9"
0.0,38365807,2,19182903.5,19182903.5,19163862,19201945,26928.7,PushPop,":batch=761678404ee4412c8ad18ad23f246223 phase=decode requests=399c9677f6e44195897e25ec5ce1daa1,422bf3769b9f45beb57c62f13989c6e8,3255e14c8cb54f1cbdd701ebd201f7b8,a8d52d0acece4573abce53495dc615f9"
0.0,38360321,2,19180160.5,19180160.5,19161595,19198726,26255.6,PushPop,":batch=1869e1c1243c491f99d8ee1873a84e87 phase=decode requests=4911471bf69b4a0c8fcb7df27f4e64dd,4a33c149f9b84d849224830b7920cf8d,83bc7c63016b44a7bb730cbd52015427,bffdbdea72654f78bfa6ca4ccea58aeb"
0.0,38358698,2,19179349.0,19179349.0,19146819,19211879,46004.4,PushPop,:batch=83df0cf0e49c443a8ee101ca521bac2b phase=decode requests=8de7c5b04b184d1cbc3645195ef60a7d
0.0,38358605,2,19179302.5,19179302.5,19151244,19207361,39680.7,PushPop,":batch=377a0daae3954999a7c720eda50d1fb6 phase=decode requests=399c9677f6e44195897e25ec5ce1daa1,422bf3769b9f45beb57c62f13989c6e8,3255e14c8cb54f1cbdd701ebd201f7b8,a8d52d0acece4573abce53495dc615f9"
0.0,38355718,2,19177859.0,19177859.0,19147342,19208376,43157.6,PushPop,":batch=a892579f3bb546fd96850dbe4a16f107 phase=decode requests=399c9677f6e44195897e25ec5ce1daa1,422bf3769b9f45beb57c62f13989c6e8,3255e14c8cb54f1cbdd701ebd201f7b8,a8d52d0acece4573abce53495dc615f9"
0.0,38349215,2,19174607.5,19174607.5,19151102,19198113,33241.8,PushPop,":batch=a2b5523f957042acb3ce8041d20c969f phase=decode requests=4911471bf69b4a0c8fcb7df27f4e64dd,4a33c149f9b84d849224830b7920cf8d,83bc7c63016b44a7bb730cbd52015427,bffdbdea72654f78bfa6ca4ccea58aeb"
0.0,38344071,2,19172035.5,19172035.5,19143898,19200173,39792.4,PushPop,":batch=1be9d272deaa43939701802f30ee5353 phase=decode requests=7aa4ba8d31af45f58706a52eb0ad3328,baabce1b18024e189120c512bc680496,046f00cf0a7d4816a65a9b0acad7230b,46ac3b484ea545d181b2d3e8af73623f"
0.0,38341582,2,19170791.0,19170791.0,19130987,19210595,56291.4,PushPop,":batch=1bf8c4f482504b61935d218f3c06ab81 phase=decode requests=4911471bf69b4a0c8fcb7df27f4e64dd,4a33c149f9b84d849224830b7920cf8d,83bc7c63016b44a7bb730cbd52015427,bffdbdea72654f78bfa6ca4ccea58aeb"
0.0,38340958,2,19170479.0,19170479.0,19144648,19196310,36530.6,PushPop,":batch=3bee8b135e204625b2bf7da71f62b98d phase=decode requests=4911471bf69b4a0c8fcb7df27f4e64dd,4a33c149f9b84d849224830b7920cf8d,83bc7c63016b44a7bb730cbd52015427,bffdbdea72654f78bfa6ca4ccea58aeb"
0.0,38338461,2,19169230.5,19169230.5,18672801,19665660,702057.3,PushPop,:batch=d2580f7d1aae4ae49d13519628758b87 phase=decode requests=c47f16e66de94d7ebc64adfc42386324
0.0,38335890,2,19167945.0,19167945.0,19143579,19192311,34458.7,PushPop,":batch=ce175148265d415d9b3caad0ede6117d phase=decode requests=4911471bf69b4a0c8fcb7df27f4e64dd,4a33c149f9b84d849224830b7920cf8d,83bc7c63016b44a7bb730cbd52015427,bffdbdea72654f78bfa6ca4ccea58aeb"
0.0,38333770,2,19166885.0,19166885.0,19147757,19186013,27051.1,PushPop,":batch=39721b4e082641cbb904252a90a8ce76 phase=decode requests=4911471bf69b4a0c8fcb7df27f4e64dd,4a33c149f9b84d849224830b7920cf8d,83bc7c63016b44a7bb730cbd52015427,bffdbdea72654f78bfa6ca4ccea58aeb"
0.0,38333227,2,19166613.5,19166613.5,19124202,19209025,59978.9,PushPop,":batch=e75af138b8e64becb7a6e24e8674467b phase=decode requests=399c9677f6e44195897e25ec5ce1daa1,422bf3769b9f45beb57c62f13989c6e8,3255e14c8cb54f1cbdd701ebd201f7b8,a8d52d0acece4573abce53495dc615f9"
0.0,38332831,2,19166415.5,19166415.5,19144456,19188375,31055.4,PushPop,":batch=7b59dbdb247445448e8b8a62aa0fbad7 phase=decode requests=4911471bf69b4a0c8fcb7df27f4e64dd,4a33c149f9b84d849224830b7920cf8d,83bc7c63016b44a7bb730cbd52015427,bffdbdea72654f78bfa6ca4ccea58aeb"
0.0,38331448,2,19165724.0,19165724.0,19142549,19188899,32774.4,PushPop,":batch=a9a370f077694cbd9defcc6dbe2e7d5d phase=decode requests=4911471bf69b4a0c8fcb7df27f4e64dd,4a33c149f9b84d849224830b7920cf8d,83bc7c63016b44a7bb730cbd52015427,bffdbdea72654f78bfa6ca4ccea58aeb"
0.0,38329117,2,19164558.5,19164558.5,19132875,19196242,44807.2,PushPop,":batch=69867d3e8c2c45ec8cb19fb70161ae70 phase=decode requests=399c9677f6e44195897e25ec5ce1daa1,422bf3769b9f45beb57c62f13989c6e8,3255e14c8cb54f1cbdd701ebd201f7b8,a8d52d0acece4573abce53495dc615f9"
0.0,38328504,2,19164252.0,19164252.0,19136478,19192026,39278.4,PushPop,:batch=69503468008645cfbec54bcee44acbb1 phase=decode requests=8de7c5b04b184d1cbc3645195ef60a7d
0.0,38327279,2,19163639.5,19163639.5,19131003,19196276,46155.0,PushPop,":batch=b7457596fa3e455b8165737bdfac959d phase=decode requests=399c9677f6e44195897e25ec5ce1daa1,422bf3769b9f45beb57c62f13989c6e8,3255e14c8cb54f1cbdd701ebd201f7b8,a8d52d0acece4573abce53495dc615f9"
0.0,38325864,2,19162932.0,19162932.0,19143941,19181923,26857.3,PushPop,":batch=9bcef6edb20a4d65af1d64a53fc2ae70 phase=decode requests=4911471bf69b4a0c8fcb7df27f4e64dd,4a33c149f9b84d849224830b7920cf8d,83bc7c63016b44a7bb730cbd52015427,bffdbdea72654f78bfa6ca4ccea58aeb"
0.0,38323898,2,19161949.0,19161949.0,19135174,19188724,37865.6,PushPop,:batch=a25637d120b94eb0b4d78316dfcd6010 phase=decode requests=c47f16e66de94d7ebc64adfc42386324
0.0,38316776,2,19158388.0,19158388.0,19124464,19192312,47975.8,PushPop,:batch=9e835045842b46c081e3469e38553bd3 phase=decode requests=8de7c5b04b184d1cbc3645195ef60a7d
0.0,38303669,2,19151834.5,19151834.5,19119188,19184481,46169.1,PushPop,":batch=4e5d56fdbeb44fcf99167ccbf1e2143b phase=decode requests=399c9677f6e44195897e25ec5ce1daa1,422bf3769b9f45beb57c62f13989c6e8,3255e14c8cb54f1cbdd701ebd201f7b8,a8d52d0acece4573abce53495dc615f9"
0.0,38302849,2,19151424.5,19151424.5,19114071,19188778,52825.8,PushPop,":batch=5c2a070f51a74da8b086ad4d09ba74a0 phase=decode requests=399c9677f6e44195897e25ec5ce1daa1,422bf3769b9f45beb57c62f13989c6e8,3255e14c8cb54f1cbdd701ebd201f7b8,a8d52d0acece4573abce53495dc615f9"
0.0,38297220,2,19148610.0,19148610.0,19117604,19179616,43849.1,PushPop,":batch=6889292ff50642f8af56b6cec059b631 phase=decode requests=4911471bf69b4a0c8fcb7df27f4e64dd,4a33c149f9b84d849224830b7920cf8d,83bc7c63016b44a7bb730cbd52015427,bffdbdea72654f78bfa6ca4ccea58aeb"
0.0,38293591,2,19146795.5,19146795.5,19113019,19180572,47767.2,PushPop,":batch=4af9159d0a5b4379b907715137e256e9 phase=decode requests=399c9677f6e44195897e25ec5ce1daa1,422bf3769b9f45beb57c62f13989c6e8,3255e14c8cb54f1cbdd701ebd201f7b8,a8d52d0acece4573abce53495dc615f9"
0.0,38290895,2,19145447.5,19145447.5,19096359,19194536,69421.6,PushPop,":batch=453844c383e24264bc41c978a92b5b16 phase=decode requests=7aa4ba8d31af45f58706a52eb0ad3328,baabce1b18024e189120c512bc680496,046f00cf0a7d4816a65a9b0acad7230b,46ac3b484ea545d181b2d3e8af73623f"
0.0,38276767,2,19138383.5,19138383.5,19097744,19179023,57472.9,PushPop,":batch=7d1d9fab0e34405080a01792c027fba2 phase=decode requests=4911471bf69b4a0c8fcb7df27f4e64dd,4a33c149f9b84d849224830b7920cf8d,83bc7c63016b44a7bb730cbd52015427,bffdbdea72654f78bfa6ca4ccea58aeb"
0.0,38276253,2,19138126.5,19138126.5,18683019,19593234,643619.2,PushPop,:batch=b50792bb7e96495e9cd604afb313d25b phase=decode requests=8de7c5b04b184d1cbc3645195ef60a7d
0.0,38274551,2,19137275.5,19137275.5,19100680,19173871,51753.9,PushPop,":batch=95a203844eb34d7e82fbd68f40d0f114 phase=decode requests=399c9677f6e44195897e25ec5ce1daa1,422bf3769b9f45beb57c62f13989c6e8,3255e14c8cb54f1cbdd701ebd201f7b8,a8d52d0acece4573abce53495dc615f9"
0.0,38273734,2,19136867.0,19136867.0,19111995,19161739,35174.3,PushPop,":batch=0f0237357737444ebe9c8515fafd4434 phase=decode requests=4911471bf69b4a0c8fcb7df27f4e64dd,4a33c149f9b84d849224830b7920cf8d,83bc7c63016b44a7bb730cbd52015427,bffdbdea72654f78bfa6ca4ccea58aeb"
0.0,38271598,2,19135799.0,19135799.0,19116876,19154722,26761.2,PushPop,":batch=efd7db91aa6c4daaa698a5d289f1fbdc phase=decode requests=4911471bf69b4a0c8fcb7df27f4e64dd,4a33c149f9b84d849224830b7920cf8d,83bc7c63016b44a7bb730cbd52015427,bffdbdea72654f78bfa6ca4ccea58aeb"
0.0,38265491,2,19132745.5,19132745.5,19107857,19157634,35197.7,PushPop,":batch=de332a501b924f34b1e712a8cafc9815 phase=decode requests=4911471bf69b4a0c8fcb7df27f4e64dd,4a33c149f9b84d849224830b7920cf8d,83bc7c63016b44a7bb730cbd52015427,bffdbdea72654f78bfa6ca4ccea58aeb"
0.0,38261891,2,19130945.5,19130945.5,19092279,19169612,54682.7,PushPop,":batch=8ac5afef36e245019d283f626831ec98 phase=decode requests=4911471bf69b4a0c8fcb7df27f4e64dd,4a33c149f9b84d849224830b7920cf8d,83bc7c63016b44a7bb730cbd52015427,bffdbdea72654f78bfa6ca4ccea58aeb"
0.0,38244427,2,19122213.5,19122213.5,19097831,19146596,34482.1,PushPop,":batch=24a4a16534704d5ea135630d722def1b phase=decode requests=399c9677f6e44195897e25ec5ce1daa1,422bf3769b9f45beb57c62f13989c6e8,3255e14c8cb54f1cbdd701ebd201f7b8,a8d52d0acece4573abce53495dc615f9"
0.0,38241845,2,19120922.5,19120922.5,19096049,19145796,35176.4,PushPop,":batch=955d3804a8104cb48728d75ddafd875a phase=decode requests=399c9677f6e44195897e25ec5ce1daa1,422bf3769b9f45beb57c62f13989c6e8,3255e14c8cb54f1cbdd701ebd201f7b8,a8d52d0acece4573abce53495dc615f9"
0.0,38241564,2,19120782.0,19120782.0,18722436,19519128,563346.3,PushPop,:batch=215b75b2b17d4ce99aba54c8b2f3f85c phase=decode requests=8de7c5b04b184d1cbc3645195ef60a7d
0.0,38239783,2,19119891.5,19119891.5,19095927,19143856,33890.9,PushPop,":batch=471edbfb4db5408bb87e3995bd92f833 phase=decode requests=4911471bf69b4a0c8fcb7df27f4e64dd,4a33c149f9b84d849224830b7920cf8d,83bc7c63016b44a7bb730cbd52015427,bffdbdea72654f78bfa6ca4ccea58aeb"
0.0,38235656,2,19117828.0,19117828.0,19087228,19148428,43274.9,PushPop,":batch=b40378139e584141b5d61952664bd49d phase=decode requests=4911471bf69b4a0c8fcb7df27f4e64dd,4a33c149f9b84d849224830b7920cf8d,83bc7c63016b44a7bb730cbd52015427,bffdbdea72654f78bfa6ca4ccea58aeb"
0.0,38235481,2,19117740.5,19117740.5,19084508,19150973,46997.9,PushPop,":batch=cdfa3d2e03e049cf8e777cdd84a5ad97 phase=decode requests=4911471bf69b4a0c8fcb7df27f4e64dd,4a33c149f9b84d849224830b7920cf8d,83bc7c63016b44a7bb730cbd52015427,bffdbdea72654f78bfa6ca4ccea58aeb"
0.0,38232153,2,19116076.5,19116076.5,19083934,19148219,45456.4,PushPop,":batch=141a6f90ec4744fd92418ec6aa313b68 phase=decode requests=4911471bf69b4a0c8fcb7df27f4e64dd,4a33c149f9b84d849224830b7920cf8d,83bc7c63016b44a7bb730cbd52015427,bffdbdea72654f78bfa6ca4ccea58aeb"
0.0,38229494,2,19114747.0,19114747.0,19097618,19131876,24224.1,PushPop,":batch=735d013c043542258c1a32f12adce53a phase=decode requests=4911471bf69b4a0c8fcb7df27f4e64dd,4a33c149f9b84d849224830b7920cf8d,83bc7c63016b44a7bb730cbd52015427,bffdbdea72654f78bfa6ca4ccea58aeb"
0.0,38229136,2,19114568.0,19114568.0,19089995,19139141,34751.5,PushPop,":batch=6e598bb1da77454ca7e0efc613ca2cd1 phase=decode requests=4911471bf69b4a0c8fcb7df27f4e64dd,4a33c149f9b84d849224830b7920cf8d,83bc7c63016b44a7bb730cbd52015427,bffdbdea72654f78bfa6ca4ccea58aeb"
0.0,38224755,2,19112377.5,19112377.5,19096790,19127965,22044.1,PushPop,":batch=9772b44052234388b046b9edf292ce89 phase=decode requests=4911471bf69b4a0c8fcb7df27f4e64dd,4a33c149f9b84d849224830b7920cf8d,83bc7c63016b44a7bb730cbd52015427,bffdbdea72654f78bfa6ca4ccea58aeb"
0.0,38220856,2,19110428.0,19110428.0,19073616,19147240,52060.0,PushPop,":batch=d4f9dcb7da064fe2ace2e67936be89ad phase=decode requests=399c9677f6e44195897e25ec5ce1daa1,422bf3769b9f45beb57c62f13989c6e8,3255e14c8cb54f1cbdd701ebd201f7b8,a8d52d0acece4573abce53495dc615f9"
0.0,38216395,2,19108197.5,19108197.5,19094119,19122276,19910.0,PushPop,:batch=725bfa43e7184e289af8f8b83f11f51c phase=decode requests=8de7c5b04b184d1cbc3645195ef60a7d
0.0,38213738,2,19106869.0,19106869.0,19091171,19122567,22200.3,PushPop,":batch=2b9ec5131e984c05a2046ef935009b4a phase=decode requests=4911471bf69b4a0c8fcb7df27f4e64dd,4a33c149f9b84d849224830b7920cf8d,83bc7c63016b44a7bb730cbd52015427,bffdbdea72654f78bfa6ca4ccea58aeb"
0.0,38213123,2,19106561.5,19106561.5,19069815,19143308,51967.4,PushPop,":batch=1d5001ecc87d4d2fb587e61c15195267 phase=decode requests=399c9677f6e44195897e25ec5ce1daa1,422bf3769b9f45beb57c62f13989c6e8,3255e14c8cb54f1cbdd701ebd201f7b8,a8d52d0acece4573abce53495dc615f9"
0.0,38212915,2,19106457.5,19106457.5,19087867,19125048,26290.9,PushPop,":batch=fa58b0e534414e158f5f1246251f1482 phase=decode requests=4911471bf69b4a0c8fcb7df27f4e64dd,4a33c149f9b84d849224830b7920cf8d,83bc7c63016b44a7bb730cbd52015427,bffdbdea72654f78bfa6ca4ccea58aeb"
0.0,38212794,2,19106397.0,19106397.0,19059272,19153522,66644.8,PushPop,":batch=8305716e842f4bdc88c67cb2155a23f0 phase=decode requests=4911471bf69b4a0c8fcb7df27f4e64dd,4a33c149f9b84d849224830b7920cf8d,83bc7c63016b44a7bb730cbd52015427,bffdbdea72654f78bfa6ca4ccea58aeb"
0.0,38211606,2,19105803.0,19105803.0,19074752,19136854,43912.7,PushPop,:batch=908777ff323a4b86a793270f474f7af8 phase=decode requests=8de7c5b04b184d1cbc3645195ef60a7d
0.0,38211082,2,19105541.0,19105541.0,19072658,19138424,46503.6,PushPop,":batch=872573fe0e4f4899b272587cb08c0a94 phase=decode requests=399c9677f6e44195897e25ec5ce1daa1,422bf3769b9f45beb57c62f13989c6e8,3255e14c8cb54f1cbdd701ebd201f7b8,a8d52d0acece4573abce53495dc615f9"
0.0,38210149,2,19105074.5,19105074.5,19072046,19138103,46709.4,PushPop,":batch=751c73cf858642c49bf3f157693b8892 phase=decode requests=4911471bf69b4a0c8fcb7df27f4e64dd,4a33c149f9b84d849224830b7920cf8d,83bc7c63016b44a7bb730cbd52015427,bffdbdea72654f78bfa6ca4ccea58aeb"
0.0,38207509,2,19103754.5,19103754.5,19084553,19122956,27155.0,PushPop,":batch=a0d9412695e54f31bd16ffde27e531bc phase=decode requests=4911471bf69b4a0c8fcb7df27f4e64dd,4a33c149f9b84d849224830b7920cf8d,83bc7c63016b44a7bb730cbd52015427,bffdbdea72654f78bfa6ca4ccea58aeb"
0.0,38207043,2,19103521.5,19103521.5,19063444,19143599,56678.1,PushPop,":batch=b0c81b72cbba405dafdc5dbe7d717b8d phase=decode requests=399c9677f6e44195897e25ec5ce1daa1,422bf3769b9f45beb57c62f13989c6e8,3255e14c8cb54f1cbdd701ebd201f7b8,a8d52d0acece4573abce53495dc615f9"
0.0,38206740,2,19103370.0,19103370.0,19054685,19152055,68851.0,PushPop,":batch=8d386dcda82c439f8c480cfea1afe834 phase=decode requests=399c9677f6e44195897e25ec5ce1daa1,422bf3769b9f45beb57c62f13989c6e8,3255e14c8cb54f1cbdd701ebd201f7b8,a8d52d0acece4573abce53495dc615f9"
0.0,38203083,2,19101541.5,19101541.5,19072836,19130247,40595.7,PushPop,":batch=7797939a32514fb19ed9f1e892743c71 phase=decode requests=4911471bf69b4a0c8fcb7df27f4e64dd,4a33c149f9b84d849224830b7920cf8d,83bc7c63016b44a7bb730cbd52015427,bffdbdea72654f78bfa6ca4ccea58aeb"
0.0,38196048,2,19098024.0,19098024.0,19074689,19121359,33000.7,PushPop,":batch=bbaece8a11834711bb543982a64c12e4 phase=decode requests=4911471bf69b4a0c8fcb7df27f4e64dd,4a33c149f9b84d849224830b7920cf8d,83bc7c63016b44a7bb730cbd52015427,bffdbdea72654f78bfa6ca4ccea58aeb"
0.0,38192271,2,19096135.5,19096135.5,19059727,19132544,51489.4,PushPop,":batch=1fa14f286ef74c9a8060ed5ab69bff06 phase=decode requests=399c9677f6e44195897e25ec5ce1daa1,422bf3769b9f45beb57c62f13989c6e8,3255e14c8cb54f1cbdd701ebd201f7b8,a8d52d0acece4573abce53495dc615f9"
0.0,38189627,2,19094813.5,19094813.5,18605891,19583736,691440.8,PushPop,:batch=c7d85c0b69824ade9627cfc4e323ffc6 phase=decode requests=aaa729f093b64e2aaeeda0c4bda76f3d
0.0,38187232,2,19093616.0,19093616.0,19063548,19123684,42522.6,PushPop,":batch=add30179ef9444a2a2b625d39180c9ad phase=decode requests=399c9677f6e44195897e25ec5ce1daa1,422bf3769b9f45beb57c62f13989c6e8,3255e14c8cb54f1cbdd701ebd201f7b8,a8d52d0acece4573abce53495dc615f9"
0.0,38183050,2,19091525.0,19091525.0,18841816,19341234,353141.9,PushPop,:batch=78cea64a5daa4357914322d7f0e49915 phase=decode requests=c47f16e66de94d7ebc64adfc42386324
0.0,38182766,2,19091383.0,19091383.0,19055446,19127320,50822.6,PushPop,":batch=f3f4a8e5ad5542928d3fe4d9f3535713 phase=decode requests=399c9677f6e44195897e25ec5ce1daa1,422bf3769b9f45beb57c62f13989c6e8,3255e14c8cb54f1cbdd701ebd201f7b8,a8d52d0acece4573abce53495dc615f9"
0.0,38181238,2,19090619.0,19090619.0,19056742,19124496,47909.3,PushPop,":batch=ca39f79b8df740d7b120b3219e242a38 phase=decode requests=399c9677f6e44195897e25ec5ce1daa1,422bf3769b9f45beb57c62f13989c6e8,3255e14c8cb54f1cbdd701ebd201f7b8,a8d52d0acece4573abce53495dc615f9"
0.0,38180995,2,19090497.5,19090497.5,19058935,19122060,44636.1,PushPop,:batch=de9ed77b851b4636a1056ec1b712431e phase=decode requests=8de7c5b04b184d1cbc3645195ef60a7d
0.0,38179921,2,19089960.5,19089960.5,19051614,19128307,54230.1,PushPop,":batch=cd08f735612b43f485ad997c45506687 phase=decode requests=4911471bf69b4a0c8fcb7df27f4e64dd,4a33c149f9b84d849224830b7920cf8d,83bc7c63016b44a7bb730cbd52015427,bffdbdea72654f78bfa6ca4ccea58aeb"
0.0,38179804,2,19089902.0,19089902.0,18993420,19186384,136446.2,PushPop,":batch=ffd9bccfb0994327a6efb376557d99f2 phase=decode requests=4911471bf69b4a0c8fcb7df27f4e64dd,4a33c149f9b84d849224830b7920cf8d,83bc7c63016b44a7bb730cbd52015427,bffdbdea72654f78bfa6ca4ccea58aeb"
0.0,38174684,2,19087342.0,19087342.0,19054755,19119929,46085.0,PushPop,":batch=60af483af490433495e1b179dfd9e907 phase=decode requests=4911471bf69b4a0c8fcb7df27f4e64dd,4a33c149f9b84d849224830b7920cf8d,83bc7c63016b44a7bb730cbd52015427,bffdbdea72654f78bfa6ca4ccea58aeb"
0.0,38171405,2,19085702.5,19085702.5,19063325,19108080,31646.6,PushPop,":batch=c53d08b1baff46c2a455d6819ba9eb97 phase=decode requests=4911471bf69b4a0c8fcb7df27f4e64dd,4a33c149f9b84d849224830b7920cf8d,83bc7c63016b44a7bb730cbd52015427,bffdbdea72654f78bfa6ca4ccea58aeb"
0.0,38170530,2,19085265.0,19085265.0,19045104,19125426,56796.2,PushPop,":batch=fa4b493863dc4c31a42972509664c6a1 phase=decode requests=399c9677f6e44195897e25ec5ce1daa1,422bf3769b9f45beb57c62f13989c6e8,3255e14c8cb54f1cbdd701ebd201f7b8,a8d52d0acece4573abce53495dc615f9"
0.0,38161968,2,19080984.0,19080984.0,19047986,19113982,46666.2,PushPop,":batch=bd385af40a45411ea376b970371183d6 phase=decode requests=399c9677f6e44195897e25ec5ce1daa1,422bf3769b9f45beb57c62f13989c6e8,3255e14c8cb54f1cbdd701ebd201f7b8,a8d52d0acece4573abce53495dc615f9"
0.0,38160613,2,19080306.5,19080306.5,19045463,19115150,49276.2,PushPop,":batch=9d467365bf794a35852a09c5d783e070 phase=decode requests=399c9677f6e44195897e25ec5ce1daa1,422bf3769b9f45beb57c62f13989c6e8,3255e14c8cb54f1cbdd701ebd201f7b8,a8d52d0acece4573abce53495dc615f9"
0.0,38157754,2,19078877.0,19078877.0,19057800,19099954,29807.4,PushPop,":batch=fab677204e1b47099ec2daa23d760722 phase=decode requests=4911471bf69b4a0c8fcb7df27f4e64dd,4a33c149f9b84d849224830b7920cf8d,83bc7c63016b44a7bb730cbd52015427,bffdbdea72654f78bfa6ca4ccea58aeb"
0.0,38157087,2,19078543.5,19078543.5,19049750,19107337,40720.2,PushPop,":batch=31bbb3f8b48c4a3c8bc90fe2be2de71d phase=decode requests=399c9677f6e44195897e25ec5ce1daa1,422bf3769b9f45beb57c62f13989c6e8,3255e14c8cb54f1cbdd701ebd201f7b8,a8d52d0acece4573abce53495dc615f9"
0.0,38155406,2,19077703.0,19077703.0,19042236,19113170,50157.9,PushPop,":batch=b6bd38107faf44abbdda717b541b4c33 phase=decode requests=399c9677f6e44195897e25ec5ce1daa1,422bf3769b9f45beb57c62f13989c6e8,3255e14c8cb54f1cbdd701ebd201f7b8,a8d52d0acece4573abce53495dc615f9"
0.0,38154482,2,19077241.0,19077241.0,19036123,19118359,58149.6,PushPop,":batch=dc8545bbd3a543508857170106cf8357 phase=decode requests=399c9677f6e44195897e25ec5ce1daa1,422bf3769b9f45beb57c62f13989c6e8,3255e14c8cb54f1cbdd701ebd201f7b8,a8d52d0acece4573abce53495dc615f9"
0.0,38151691,2,19075845.5,19075845.5,19051927,19099764,33825.9,PushPop,":batch=45b4f3706c254686b938f7ee4174d371 phase=decode requests=4911471bf69b4a0c8fcb7df27f4e64dd,4a33c149f9b84d849224830b7920cf8d,83bc7c63016b44a7bb730cbd52015427,bffdbdea72654f78bfa6ca4ccea58aeb"
0.0,38148663,2,19074331.5,19074331.5,19054234,19094429,28422.2,PushPop,":batch=79784203f0a548d0937f373f8620f9db phase=decode requests=4911471bf69b4a0c8fcb7df27f4e64dd,4a33c149f9b84d849224830b7920cf8d,83bc7c63016b44a7bb730cbd52015427,bffdbdea72654f78bfa6ca4ccea58aeb"
0.0,38148418,2,19074209.0,19074209.0,19051742,19096676,31773.1,PushPop,":batch=a886448439cf478da7bca64b6cce9807 phase=decode requests=7aa4ba8d31af45f58706a52eb0ad3328,baabce1b18024e189120c512bc680496,046f00cf0a7d4816a65a9b0acad7230b,46ac3b484ea545d181b2d3e8af73623f"
0.0,38147622,2,19073811.0,19073811.0,19061559,19086063,17326.9,PushPop,":batch=ab0c4e97a9e04e7ea52996a56071325c phase=decode requests=4911471bf69b4a0c8fcb7df27f4e64dd,4a33c149f9b84d849224830b7920cf8d,83bc7c63016b44a7bb730cbd52015427,bffdbdea72654f78bfa6ca4ccea58aeb"
0.0,38146915,2,19073457.5,19073457.5,19058941,19087974,20529.4,PushPop,":batch=6d768b75265e454e9e9573eb7074ae73 phase=decode requests=4911471bf69b4a0c8fcb7df27f4e64dd,4a33c149f9b84d849224830b7920cf8d,83bc7c63016b44a7bb730cbd52015427,bffdbdea72654f78bfa6ca4ccea58aeb"
0.0,38144871,2,19072435.5,19072435.5,19040570,19104301,45064.6,PushPop,:batch=83ef728a759647bf95ea342a87ed79e3 phase=decode requests=8de7c5b04b184d1cbc3645195ef60a7d
0.0,38136909,2,19068454.5,19068454.5,19042448,19094461,36778.7,PushPop,":batch=fe6d6384953f458fb08fa89b92832057 phase=decode requests=399c9677f6e44195897e25ec5ce1daa1,422bf3769b9f45beb57c62f13989c6e8,3255e14c8cb54f1cbdd701ebd201f7b8,a8d52d0acece4573abce53495dc615f9"
0.0,38135784,2,19067892.0,19067892.0,19045164,19090620,32142.2,PushPop,:batch=08b1addc110c4faba42ff239dfc4a2d1 phase=decode requests=8de7c5b04b184d1cbc3645195ef60a7d
0.0,38135682,2,19067841.0,19067841.0,19036094,19099588,44897.0,PushPop,":batch=53abf943be374f1e8302a18e9bce8e20 phase=decode requests=4911471bf69b4a0c8fcb7df27f4e64dd,4a33c149f9b84d849224830b7920cf8d,83bc7c63016b44a7bb730cbd52015427,bffdbdea72654f78bfa6ca4ccea58aeb"
0.0,38131704,2,19065852.0,19065852.0,19025571,19106133,56965.9,PushPop,":batch=090b4cee860b49f6a45152b462c376b8 phase=decode requests=4911471bf69b4a0c8fcb7df27f4e64dd,4a33c149f9b84d849224830b7920cf8d,83bc7c63016b44a7bb730cbd52015427,bffdbdea72654f78bfa6ca4ccea58aeb"
0.0,38129753,2,19064876.5,19064876.5,18644191,19485562,594939.1,PushPop,:batch=e21c6fdc5b3a492a99b501f47b7894cc phase=decode requests=8de7c5b04b184d1cbc3645195ef60a7d
0.0,38128370,2,19064185.0,19064185.0,19043146,19085224,29753.6,PushPop,":batch=9fef48100cfc4922bfa28e102ac87785 phase=decode requests=4911471bf69b4a0c8fcb7df27f4e64dd,4a33c149f9b84d849224830b7920cf8d,83bc7c63016b44a7bb730cbd52015427,bffdbdea72654f78bfa6ca4ccea58aeb"
0.0,38127612,2,19063806.0,19063806.0,19041988,19085624,30855.3,PushPop,":batch=dab731c95c7c4fbcaff0d15833f13ca5 phase=decode requests=4911471bf69b4a0c8fcb7df27f4e64dd,4a33c149f9b84d849224830b7920cf8d,83bc7c63016b44a7bb730cbd52015427,bffdbdea72654f78bfa6ca4ccea58aeb"
0.0,38122002,2,19061001.0,19061001.0,19030649,19091353,42924.2,PushPop,":batch=cc9bad67aefd4aeeb44d9366dd47fb5c phase=decode requests=4911471bf69b4a0c8fcb7df27f4e64dd,4a33c149f9b84d849224830b7920cf8d,83bc7c63016b44a7bb730cbd52015427,bffdbdea72654f78bfa6ca4ccea58aeb"
0.0,38121240,2,19060620.0,19060620.0,19018447,19102793,59641.6,PushPop,":batch=ee332e58a37a4853b9888a7aa27a00df phase=decode requests=4911471bf69b4a0c8fcb7df27f4e64dd,4a33c149f9b84d849224830b7920cf8d,83bc7c63016b44a7bb730cbd52015427,bffdbdea72654f78bfa6ca4ccea58aeb"
0.0,38120332,2,19060166.0,19060166.0,19023215,19097117,52256.6,PushPop,:batch=b12e0dbcde4441ef8eb6d777da05c059 phase=decode requests=8de7c5b04b184d1cbc3645195ef60a7d
0.0,38120229,2,19060114.5,19060114.5,19044228,19076001,22466.9,PushPop,:batch=140177e9b899474ba99f22355b5fb409 phase=decode requests=8de7c5b04b184d1cbc3645195ef60a7d
0.0,38118191,2,19059095.5,19059095.5,19039587,19078604,27589.2,PushPop,":batch=9547f83a1855471fadda3cbbd9c5b6fd phase=decode requests=4911471bf69b4a0c8fcb7df27f4e64dd,4a33c149f9b84d849224830b7920cf8d,83bc7c63016b44a7bb730cbd52015427,bffdbdea72654f78bfa6ca4ccea58aeb"
0.0,38115885,2,19057942.5,19057942.5,19043846,19072039,19935.5,PushPop,:batch=24e62dc59cf142e8a960cfc96b625d59 phase=decode requests=8de7c5b04b184d1cbc3645195ef60a7d
0.0,38115576,2,19057788.0,19057788.0,19022434,19093142,49998.1,PushPop,":batch=898572eb5dd1460fa876d367bfd7373a phase=decode requests=4911471bf69b4a0c8fcb7df27f4e64dd,4a33c149f9b84d849224830b7920cf8d,83bc7c63016b44a7bb730cbd52015427,bffdbdea72654f78bfa6ca4ccea58aeb"
0.0,38114549,2,19057274.5,19057274.5,19029123,19085426,39812.2,PushPop,":batch=a1fa3dd6d108438b986f17f411931635 phase=decode requests=399c9677f6e44195897e25ec5ce1daa1,422bf3769b9f45beb57c62f13989c6e8,3255e14c8cb54f1cbdd701ebd201f7b8,a8d52d0acece4573abce53495dc615f9"
0.0,38113560,2,19056780.0,19056780.0,19035345,19078215,30313.7,PushPop,":batch=d44a34477cd84088a72167700958e43c phase=decode requests=4911471bf69b4a0c8fcb7df27f4e64dd,4a33c149f9b84d849224830b7920cf8d,83bc7c63016b44a7bb730cbd52015427,bffdbdea72654f78bfa6ca4ccea58aeb"
0.0,38110675,2,19055337.5,19055337.5,19014296,19096379,58041.4,PushPop,":batch=91604e4fa2d14abb97665dd21348a87b phase=decode requests=399c9677f6e44195897e25ec5ce1daa1,422bf3769b9f45beb57c62f13989c6e8,3255e14c8cb54f1cbdd701ebd201f7b8,a8d52d0acece4573abce53495dc615f9"
0.0,38110172,2,19055086.0,19055086.0,19022517,19087655,46059.5,PushPop,":batch=37e4d2b28aa54c52a966234ba4ad0edd phase=decode requests=4911471bf69b4a0c8fcb7df27f4e64dd,4a33c149f9b84d849224830b7920cf8d,83bc7c63016b44a7bb730cbd52015427,bffdbdea72654f78bfa6ca4ccea58aeb"
0.0,38109846,2,19054923.0,19054923.0,19019150,19090696,50590.7,PushPop,":batch=514b78d3f0eb4e49bec8edb8c6a5dd15 phase=decode requests=399c9677f6e44195897e25ec5ce1daa1,422bf3769b9f45beb57c62f13989c6e8,3255e14c8cb54f1cbdd701ebd201f7b8,a8d52d0acece4573abce53495dc615f9"
0.0,38109373,2,19054686.5,19054686.5,19030205,19079168,34622.1,PushPop,":batch=e58fc1fceffc4565aed816f8b3601e56 phase=decode requests=4911471bf69b4a0c8fcb7df27f4e64dd,4a33c149f9b84d849224830b7920cf8d,83bc7c63016b44a7bb730cbd52015427,bffdbdea72654f78bfa6ca4ccea58aeb"
0.0,38108284,2,19054142.0,19054142.0,19034300,19073984,28060.8,PushPop,":batch=f31554e6c9ea4774a57c1b3239913b07 phase=decode requests=4911471bf69b4a0c8fcb7df27f4e64dd,4a33c149f9b84d849224830b7920cf8d,83bc7c63016b44a7bb730cbd52015427,bffdbdea72654f78bfa6ca4ccea58aeb"
0.0,38106029,2,19053014.5,19053014.5,19022661,19083368,42926.3,PushPop,":batch=2aabd59a8a014b1eb387332f002955d7 phase=decode requests=4911471bf69b4a0c8fcb7df27f4e64dd,4a33c149f9b84d849224830b7920cf8d,83bc7c63016b44a7bb730cbd52015427,bffdbdea72654f78bfa6ca4ccea58aeb"
0.0,38103786,2,19051893.0,19051893.0,19029866,19073920,31150.9,PushPop,":batch=fa572857050a4130acce001700bbc28c phase=decode requests=4911471bf69b4a0c8fcb7df27f4e64dd,4a33c149f9b84d849224830b7920cf8d,83bc7c63016b44a7bb730cbd52015427,bffdbdea72654f78bfa6ca4ccea58aeb"
0.0,38103089,2,19051544.5,19051544.5,19013231,19089858,54183.5,PushPop,":batch=e77e529f9e0942b48ea6ebc600826275 phase=decode requests=399c9677f6e44195897e25ec5ce1daa1,422bf3769b9f45beb57c62f13989c6e8,3255e14c8cb54f1cbdd701ebd201f7b8,a8d52d0acece4573abce53495dc615f9"
0.0,38102415,2,19051207.5,19051207.5,19025851,19076564,35859.5,PushPop,":batch=112fc5b2b39245bc93a682b5a6ea570e phase=decode requests=4911471bf69b4a0c8fcb7df27f4e64dd,4a33c149f9b84d849224830b7920cf8d,83bc7c63016b44a7bb730cbd52015427,bffdbdea72654f78bfa6ca4ccea58aeb"
0.0,38102114,2,19051057.0,19051057.0,19023380,19078734,39141.2,PushPop,":batch=047b9e272e6545bf99ab646e7dd673b4 phase=decode requests=399c9677f6e44195897e25ec5ce1daa1,422bf3769b9f45beb57c62f13989c6e8,3255e14c8cb54f1cbdd701ebd201f7b8,a8d52d0acece4573abce53495dc615f9"
0.0,38101238,2,19050619.0,19050619.0,19013026,19088212,53164.5,PushPop,:batch=9ccb1d92cf42402f8a97400c4d307527 phase=decode requests=1cf8552479e145fd966a17841209a06f
0.0,38100584,2,19050292.0,19050292.0,19030944,19069640,27362.2,PushPop,:batch=0ff592b2168c49b7b1909c59ed2da86b phase=decode requests=8de7c5b04b184d1cbc3645195ef60a7d
0.0,38100380,2,19050190.0,19050190.0,19031881,19068499,25892.8,PushPop,":batch=626252c39d7a4e45ab6be9f53509cb37 phase=decode requests=4911471bf69b4a0c8fcb7df27f4e64dd,4a33c149f9b84d849224830b7920cf8d,83bc7c63016b44a7bb730cbd52015427,bffdbdea72654f78bfa6ca4ccea58aeb"
0.0,38100306,2,19050153.0,19050153.0,19035131,19065175,21244.3,PushPop,":batch=55f4f279bde64ad892718033cc794b3c phase=decode requests=4911471bf69b4a0c8fcb7df27f4e64dd,4a33c149f9b84d849224830b7920cf8d,83bc7c63016b44a7bb730cbd52015427,bffdbdea72654f78bfa6ca4ccea58aeb"
0.0,38099542,2,19049771.0,19049771.0,19024450,19075092,35809.3,PushPop,":batch=9dbc04f12bc94bf9a0071e989b7d6708 phase=decode requests=4911471bf69b4a0c8fcb7df27f4e64dd,4a33c149f9b84d849224830b7920cf8d,83bc7c63016b44a7bb730cbd52015427,bffdbdea72654f78bfa6ca4ccea58aeb"
0.0,38099540,2,19049770.0,19049770.0,19026363,19073177,33102.5,PushPop,":batch=77b3adad650f4a24985807fbdf6fda35 phase=decode requests=e4484b0df96d49f3a31426c909f9076d,bb52284fe1f1457c8a63320a61ffabbf,deac75ab269243019c9fd4ac2ecfc203,3e2830bc65ab4913904d6e72090a4fe3"
0.0,38099269,2,19049634.5,19049634.5,19014716,19084553,49382.2,PushPop,":batch=be001c7710814f20bf557576323caba0 phase=decode requests=399c9677f6e44195897e25ec5ce1daa1,422bf3769b9f45beb57c62f13989c6e8,3255e14c8cb54f1cbdd701ebd201f7b8,a8d52d0acece4573abce53495dc615f9"
0.0,38095575,2,19047787.5,19047787.5,18998855,19096720,69201.0,PushPop,":batch=628ceeb12a8640aab7eb49e52cf07656 phase=decode requests=4911471bf69b4a0c8fcb7df27f4e64dd,4a33c149f9b84d849224830b7920cf8d,83bc7c63016b44a7bb730cbd52015427,bffdbdea72654f78bfa6ca4ccea58aeb"
0.0,38094676,2,19047338.0,19047338.0,19002306,19092370,63684.9,PushPop,":batch=738b1c699ed84419bb5be93c9251e321 phase=decode requests=4911471bf69b4a0c8fcb7df27f4e64dd,4a33c149f9b84d849224830b7920cf8d,83bc7c63016b44a7bb730cbd52015427,bffdbdea72654f78bfa6ca4ccea58aeb"
0.0,38092125,2,19046062.5,19046062.5,19005488,19086637,57381.0,PushPop,":batch=26a15cfa2b484288af503aa31dbfaa45 phase=decode requests=399c9677f6e44195897e25ec5ce1daa1,422bf3769b9f45beb57c62f13989c6e8,3255e14c8cb54f1cbdd701ebd201f7b8,a8d52d0acece4573abce53495dc615f9"
0.0,38091703,2,19045851.5,19045851.5,19003166,19088537,60366.4,PushPop,":batch=28a597a447ce401d84a3424e60648faa phase=decode requests=399c9677f6e44195897e25ec5ce1daa1,422bf3769b9f45beb57c62f13989c6e8,3255e14c8cb54f1cbdd701ebd201f7b8,a8d52d0acece4573abce53495dc615f9"
0.0,38090784,2,19045392.0,19045392.0,19032738,19058046,17895.5,PushPop,":batch=d3933a979df44f94a4065641a3bf3bb6 phase=decode requests=4911471bf69b4a0c8fcb7df27f4e64dd,4a33c149f9b84d849224830b7920cf8d,83bc7c63016b44a7bb730cbd52015427,bffdbdea72654f78bfa6ca4ccea58aeb"
0.0,38090663,2,19045331.5,19045331.5,19021207,19069456,34117.2,PushPop,":batch=ddd5d36d95a34511b98b6c7c16bcf811 phase=decode requests=4911471bf69b4a0c8fcb7df27f4e64dd,4a33c149f9b84d849224830b7920cf8d,83bc7c63016b44a7bb730cbd52015427,bffdbdea72654f78bfa6ca4ccea58aeb"
0.0,38088943,2,19044471.5,19044471.5,19032214,19056729,17334.7,PushPop,":batch=460a112f06c841ad86fc825b1ef51d10 phase=decode requests=4911471bf69b4a0c8fcb7df27f4e64dd,4a33c149f9b84d849224830b7920cf8d,83bc7c63016b44a7bb730cbd52015427,bffdbdea72654f78bfa6ca4ccea58aeb"
0.0,38088423,2,19044211.5,19044211.5,18998771,19089652,64262.6,PushPop,":batch=3e8ef9122d8e416596f74fa6acb075dd phase=decode requests=7aa4ba8d31af45f58706a52eb0ad3328,baabce1b18024e189120c512bc680496,046f00cf0a7d4816a65a9b0acad7230b,46ac3b484ea545d181b2d3e8af73623f"
0.0,38085776,2,19042888.0,19042888.0,19014608,19071168,39994.0,PushPop,":batch=d975871beec84f429fd396bac8c3204f phase=decode requests=399c9677f6e44195897e25ec5ce1daa1,422bf3769b9f45beb57c62f13989c6e8,3255e14c8cb54f1cbdd701ebd201f7b8,a8d52d0acece4573abce53495dc615f9"
0.0,38085741,2,19042870.5,19042870.5,19013294,19072447,41827.5,PushPop,:batch=86e0e113d3484f3bbf1dc944f116b0c8 phase=decode requests=1cf8552479e145fd966a17841209a06f
0.0,38083292,2,19041646.0,19041646.0,19013745,19069547,39458.0,PushPop,":batch=f8905e439f2d4b59a05303ba50d05dfa phase=decode requests=4911471bf69b4a0c8fcb7df27f4e64dd,4a33c149f9b84d849224830b7920cf8d,83bc7c63016b44a7bb730cbd52015427,bffdbdea72654f78bfa6ca4ccea58aeb"
0.0,38083131,2,19041565.5,19041565.5,19027170,19055961,20358.3,PushPop,":batch=71c97a1cee404136ac4506c186c7c739 phase=decode requests=4911471bf69b4a0c8fcb7df27f4e64dd,4a33c149f9b84d849224830b7920cf8d,83bc7c63016b44a7bb730cbd52015427,bffdbdea72654f78bfa6ca4ccea58aeb"
0.0,38082382,2,19041191.0,19041191.0,19002182,19080200,55167.1,PushPop,":batch=5dbe2a2827b84a74bcd54a89544e0a50 phase=decode requests=399c9677f6e44195897e25ec5ce1daa1,422bf3769b9f45beb57c62f13989c6e8,3255e14c8cb54f1cbdd701ebd201f7b8,a8d52d0acece4573abce53495dc615f9"
0.0,38081156,2,19040578.0,19040578.0,19014584,19066572,36761.1,PushPop,":batch=869dfc9ec7ed41669c8193d93eb79e1f phase=decode requests=399c9677f6e44195897e25ec5ce1daa1,422bf3769b9f45beb57c62f13989c6e8,3255e14c8cb54f1cbdd701ebd201f7b8,a8d52d0acece4573abce53495dc615f9"
0.0,38079719,2,19039859.5,19039859.5,19014219,19065500,36261.1,PushPop,":batch=aaad54bd27844f0fadd290d346ea6b6c phase=decode requests=4911471bf69b4a0c8fcb7df27f4e64dd,4a33c149f9b84d849224830b7920cf8d,83bc7c63016b44a7bb730cbd52015427,bffdbdea72654f78bfa6ca4ccea58aeb"
0.0,38079020,2,19039510.0,19039510.0,19021774,19057246,25082.5,PushPop,":batch=7c99ffa4c9a546dd8e63ea9a926f803c phase=decode requests=4911471bf69b4a0c8fcb7df27f4e64dd,4a33c149f9b84d849224830b7920cf8d,83bc7c63016b44a7bb730cbd52015427,bffdbdea72654f78bfa6ca4ccea58aeb"
0.0,38076252,2,19038126.0,19038126.0,19011104,19065148,38214.9,PushPop,":batch=b195c852830d433187cc556cc4c5ecd3 phase=decode requests=4911471bf69b4a0c8fcb7df27f4e64dd,4a33c149f9b84d849224830b7920cf8d,83bc7c63016b44a7bb730cbd52015427,bffdbdea72654f78bfa6ca4ccea58aeb"
0.0,38075568,2,19037784.0,19037784.0,18986923,19088645,71928.3,PushPop,":batch=3f93c617488e4ba3a1751e4cde46272b phase=decode requests=4911471bf69b4a0c8fcb7df27f4e64dd,4a33c149f9b84d849224830b7920cf8d,83bc7c63016b44a7bb730cbd52015427,bffdbdea72654f78bfa6ca4ccea58aeb"
0.0,38074864,2,19037432.0,19037432.0,19007724,19067140,42013.5,PushPop,":batch=75c8fd7be74a4df89e224d7693d0bac2 phase=decode requests=7aa4ba8d31af45f58706a52eb0ad3328,baabce1b18024e189120c512bc680496,046f00cf0a7d4816a65a9b0acad7230b,46ac3b484ea545d181b2d3e8af73623f"
0.0,38072961,2,19036480.5,19036480.5,19015361,19057600,29867.5,PushPop,":batch=a63951134733410bb91596adf8f4192e phase=decode requests=4911471bf69b4a0c8fcb7df27f4e64dd,4a33c149f9b84d849224830b7920cf8d,83bc7c63016b44a7bb730cbd52015427,bffdbdea72654f78bfa6ca4ccea58aeb"
0.0,38072626,2,19036313.0,19036313.0,19016385,19056241,28182.4,PushPop,":batch=1de937a696c0418d919c39cad550a0c7 phase=decode requests=4911471bf69b4a0c8fcb7df27f4e64dd,4a33c149f9b84d849224830b7920cf8d,83bc7c63016b44a7bb730cbd52015427,bffdbdea72654f78bfa6ca4ccea58aeb"
0.0,38069905,2,19034952.5,19034952.5,19030030,19039875,6961.5,PushPop,":batch=5f7bf8322d68475ebdc11aa1d10fc8bb phase=decode requests=4911471bf69b4a0c8fcb7df27f4e64dd,4a33c149f9b84d849224830b7920cf8d,83bc7c63016b44a7bb730cbd52015427,bffdbdea72654f78bfa6ca4ccea58aeb"
0.0,38069703,2,19034851.5,19034851.5,19013679,19056024,29942.4,PushPop,":batch=4dd3fce379ab4b869f936c693b7a4f36 phase=decode requests=4911471bf69b4a0c8fcb7df27f4e64dd,4a33c149f9b84d849224830b7920cf8d,83bc7c63016b44a7bb730cbd52015427,bffdbdea72654f78bfa6ca4ccea58aeb"
0.0,38069446,2,19034723.0,19034723.0,18986225,19083221,68586.5,PushPop,:batch=e53b85c718d3493b86b53ead44de989f phase=decode requests=8de7c5b04b184d1cbc3645195ef60a7d
0.0,38069293,2,19034646.5,19034646.5,18783057,19286236,355801.3,PushPop,":batch=d9bce5dbd3f74c12acd5f38cde9f266b phase=decode requests=e4484b0df96d49f3a31426c909f9076d,bb52284fe1f1457c8a63320a61ffabbf,deac75ab269243019c9fd4ac2ecfc203,3e2830bc65ab4913904d6e72090a4fe3"
0.0,38069125,2,19034562.5,19034562.5,19000203,19068922,48591.7,PushPop,":batch=e7d08efe9ba348c6929c475acb4d28cd phase=decode requests=399c9677f6e44195897e25ec5ce1daa1,422bf3769b9f45beb57c62f13989c6e8,3255e14c8cb54f1cbdd701ebd201f7b8,a8d52d0acece4573abce53495dc615f9"
0.0,38068390,2,19034195.0,19034195.0,18990167,19078223,62265.0,PushPop,":batch=9c5f5aeb8c26444f801c034fa05c8bfe phase=decode requests=4911471bf69b4a0c8fcb7df27f4e64dd,4a33c149f9b84d849224830b7920cf8d,83bc7c63016b44a7bb730cbd52015427,bffdbdea72654f78bfa6ca4ccea58aeb"
0.0,38067646,2,19033823.0,19033823.0,19021574,19046072,17322.7,PushPop,":batch=c623e41a65b44b06bc7eea05abc600a8 phase=decode requests=4911471bf69b4a0c8fcb7df27f4e64dd,4a33c149f9b84d849224830b7920cf8d,83bc7c63016b44a7bb730cbd52015427,bffdbdea72654f78bfa6ca4ccea58aeb"
0.0,38066605,2,19033302.5,19033302.5,18998328,19068277,49461.4,PushPop,":batch=b8daa79bea2b420e9706f29dbe150ae0 phase=decode requests=4911471bf69b4a0c8fcb7df27f4e64dd,4a33c149f9b84d849224830b7920cf8d,83bc7c63016b44a7bb730cbd52015427,bffdbdea72654f78bfa6ca4ccea58aeb"
0.0,38065912,2,19032956.0,19032956.0,19005219,19060693,39226.0,PushPop,":batch=2e2eaa2b0d424325a003c8c58cbc7811 phase=decode requests=4911471bf69b4a0c8fcb7df27f4e64dd,4a33c149f9b84d849224830b7920cf8d,83bc7c63016b44a7bb730cbd52015427,bffdbdea72654f78bfa6ca4ccea58aeb"
0.0,38064213,2,19032106.5,19032106.5,18999550,19064663,46041.8,PushPop,":batch=a6c6f684cd354541b4191508ac1840fd phase=decode requests=399c9677f6e44195897e25ec5ce1daa1,422bf3769b9f45beb57c62f13989c6e8,3255e14c8cb54f1cbdd701ebd201f7b8,a8d52d0acece4573abce53495dc615f9"
0.0,38063744,2,19031872.0,19031872.0,19014329,19049415,24809.5,PushPop,":batch=05c022c5defd4933a1e8374d6815c06a phase=decode requests=4911471bf69b4a0c8fcb7df27f4e64dd,4a33c149f9b84d849224830b7920cf8d,83bc7c63016b44a7bb730cbd52015427,bffdbdea72654f78bfa6ca4ccea58aeb"
0.0,38062955,2,19031477.5,19031477.5,18992511,19070444,55107.0,PushPop,":batch=708f068121f64d6eb6395934200e0104 phase=decode requests=399c9677f6e44195897e25ec5ce1daa1,422bf3769b9f45beb57c62f13989c6e8,3255e14c8cb54f1cbdd701ebd201f7b8,a8d52d0acece4573abce53495dc615f9"
0.0,38062848,2,19031424.0,19031424.0,18998415,19064433,46681.8,PushPop,":batch=7ce34dd5d2a44f48b08e711cdc8935e4 phase=decode requests=4911471bf69b4a0c8fcb7df27f4e64dd,4a33c149f9b84d849224830b7920cf8d,83bc7c63016b44a7bb730cbd52015427,bffdbdea72654f78bfa6ca4ccea58aeb"
0.0,38061418,2,19030709.0,19030709.0,19003569,19057849,38381.8,PushPop,":batch=176f7448a13d44bb96f633885eb33c88 phase=decode requests=399c9677f6e44195897e25ec5ce1daa1,422bf3769b9f45beb57c62f13989c6e8,3255e14c8cb54f1cbdd701ebd201f7b8,a8d52d0acece4573abce53495dc615f9"
0.0,38058709,2,19029354.5,19029354.5,18991319,19067390,53790.3,PushPop,":batch=78ac9f20c3654105b61ee698261b2ed5 phase=decode requests=399c9677f6e44195897e25ec5ce1daa1,422bf3769b9f45beb57c62f13989c6e8,3255e14c8cb54f1cbdd701ebd201f7b8,a8d52d0acece4573abce53495dc615f9"
0.0,38058033,2,19029016.5,19029016.5,18991038,19066995,53709.7,PushPop,":batch=9ee72a16fb1d4aa38c5ba049371b213f phase=decode requests=4911471bf69b4a0c8fcb7df27f4e64dd,4a33c149f9b84d849224830b7920cf8d,83bc7c63016b44a7bb730cbd52015427,bffdbdea72654f78bfa6ca4ccea58aeb"
0.0,38057110,2,19028555.0,19028555.0,19000593,19056517,39544.2,PushPop,":batch=8eba5cfad0d94c1caf25fcb617894501 phase=decode requests=399c9677f6e44195897e25ec5ce1daa1,422bf3769b9f45beb57c62f13989c6e8,3255e14c8cb54f1cbdd701ebd201f7b8,a8d52d0acece4573abce53495dc615f9"
0.0,38056636,2,19028318.0,19028318.0,19011945,19044691,23154.9,PushPop,":batch=73911843bf8e4ee48df100ef7498fd54 phase=decode requests=4911471bf69b4a0c8fcb7df27f4e64dd,4a33c149f9b84d849224830b7920cf8d,83bc7c63016b44a7bb730cbd52015427,bffdbdea72654f78bfa6ca4ccea58aeb"
0.0,38056072,2,19028036.0,19028036.0,19018680,19037392,13231.4,PushPop,:batch=4ab9285f0e504f78804be947a122906d phase=decode requests=8de7c5b04b184d1cbc3645195ef60a7d
0.0,38055882,2,19027941.0,19027941.0,19000159,19055723,39289.7,PushPop,":batch=00402c06dc6c49afb78f2edca09e098c phase=decode requests=4911471bf69b4a0c8fcb7df27f4e64dd,4a33c149f9b84d849224830b7920cf8d,83bc7c63016b44a7bb730cbd52015427,bffdbdea72654f78bfa6ca4ccea58aeb"
0.0,38055155,2,19027577.5,19027577.5,19010408,19044747,24281.3,PushPop,":batch=c24c0f84506b415fba327bbc0917196d phase=decode requests=4911471bf69b4a0c8fcb7df27f4e64dd,4a33c149f9b84d849224830b7920cf8d,83bc7c63016b44a7bb730cbd52015427,bffdbdea72654f78bfa6ca4ccea58aeb"
0.0,38050465,2,19025232.5,19025232.5,18995738,19054727,41711.5,PushPop,":batch=b4b48b161e9f4abbba221b177d3fd168 phase=decode requests=4911471bf69b4a0c8fcb7df27f4e64dd,4a33c149f9b84d849224830b7920cf8d,83bc7c63016b44a7bb730cbd52015427,bffdbdea72654f78bfa6ca4ccea58aeb"
0.0,38048836,2,19024418.0,19024418.0,19007426,19041410,24030.3,PushPop,":batch=7fc058bf72f44bd4ac9527aa8cbd52fe phase=decode requests=4911471bf69b4a0c8fcb7df27f4e64dd,4a33c149f9b84d849224830b7920cf8d,83bc7c63016b44a7bb730cbd52015427,bffdbdea72654f78bfa6ca4ccea58aeb"
0.0,38048744,2,19024372.0,19024372.0,19008320,19040424,22701.0,PushPop,":batch=4ba13cbc298a400493e439300d381e44 phase=decode requests=4911471bf69b4a0c8fcb7df27f4e64dd,4a33c149f9b84d849224830b7920cf8d,83bc7c63016b44a7bb730cbd52015427,bffdbdea72654f78bfa6ca4ccea58aeb"
0.0,38048702,2,19024351.0,19024351.0,18977327,19071375,66502.0,PushPop,":batch=88b0224d41a040c1b19fa4f50bdafed7 phase=decode requests=399c9677f6e44195897e25ec5ce1daa1,422bf3769b9f45beb57c62f13989c6e8,3255e14c8cb54f1cbdd701ebd201f7b8,a8d52d0acece4573abce53495dc615f9"
0.0,38048225,2,19024112.5,19024112.5,18992071,19056154,45313.5,PushPop,":batch=c918356b57ed4b1589b758adba4c8dd8 phase=decode requests=399c9677f6e44195897e25ec5ce1daa1,422bf3769b9f45beb57c62f13989c6e8,3255e14c8cb54f1cbdd701ebd201f7b8,a8d52d0acece4573abce53495dc615f9"
0.0,38047279,2,19023639.5,19023639.5,18992738,19054541,43701.3,PushPop,":batch=a946e81fd91a4f90a327d02320862da3 phase=decode requests=4911471bf69b4a0c8fcb7df27f4e64dd,4a33c149f9b84d849224830b7920cf8d,83bc7c63016b44a7bb730cbd52015427,bffdbdea72654f78bfa6ca4ccea58aeb"
0.0,38046874,2,19023437.0,19023437.0,19001800,19045074,30599.3,PushPop,":batch=10a5f5fa6f8746bbb856fa991dd32277 phase=decode requests=4911471bf69b4a0c8fcb7df27f4e64dd,4a33c149f9b84d849224830b7920cf8d,83bc7c63016b44a7bb730cbd52015427,bffdbdea72654f78bfa6ca4ccea58aeb"
0.0,38042934,2,19021467.0,19021467.0,18979657,19063277,59128.3,PushPop,":batch=5a339f5ff22d4b3786c2e95c04d8a8bc phase=decode requests=399c9677f6e44195897e25ec5ce1daa1,422bf3769b9f45beb57c62f13989c6e8,3255e14c8cb54f1cbdd701ebd201f7b8,a8d52d0acece4573abce53495dc615f9"
0.0,38041860,2,19020930.0,19020930.0,18994085,19047775,37964.6,PushPop,":batch=42c80fb524004336ab4da27ff85b3595 phase=decode requests=4911471bf69b4a0c8fcb7df27f4e64dd,4a33c149f9b84d849224830b7920cf8d,83bc7c63016b44a7bb730cbd52015427,bffdbdea72654f78bfa6ca4ccea58aeb"
0.0,38040834,2,19020417.0,19020417.0,18993099,19047735,38633.5,PushPop,":batch=aee0d7697f5042c9a2569f55b598dfa3 phase=decode requests=4911471bf69b4a0c8fcb7df27f4e64dd,4a33c149f9b84d849224830b7920cf8d,83bc7c63016b44a7bb730cbd52015427,bffdbdea72654f78bfa6ca4ccea58aeb"
0.0,38039418,2,19019709.0,19019709.0,19001639,19037779,25554.8,PushPop,":batch=6d370a4d55a64f03956a92843bc10741 phase=decode requests=4911471bf69b4a0c8fcb7df27f4e64dd,4a33c149f9b84d849224830b7920cf8d,83bc7c63016b44a7bb730cbd52015427,bffdbdea72654f78bfa6ca4ccea58aeb"
0.0,38039013,2,19019506.5,19019506.5,19000230,19038783,27261.1,PushPop,":batch=400824fc6c584f7990c3ef3e6cc76f8b phase=decode requests=4911471bf69b4a0c8fcb7df27f4e64dd,4a33c149f9b84d849224830b7920cf8d,83bc7c63016b44a7bb730cbd52015427,bffdbdea72654f78bfa6ca4ccea58aeb"
0.0,38038203,2,19019101.5,19019101.5,19003946,19034257,21433.1,PushPop,:batch=4b8f16dc83f14de0a1f4d4f292c223e2 phase=decode requests=8de7c5b04b184d1cbc3645195ef60a7d
0.0,38038149,2,19019074.5,19019074.5,18997258,19040891,30853.2,PushPop,":batch=cf37253171b14ccc9dcc4135711e2abb phase=decode requests=4911471bf69b4a0c8fcb7df27f4e64dd,4a33c149f9b84d849224830b7920cf8d,83bc7c63016b44a7bb730cbd52015427,bffdbdea72654f78bfa6ca4ccea58aeb"
0.0,38037514,2,19018757.0,19018757.0,18994808,19042706,33869.0,PushPop,":batch=04c4dfa1aa5740d9b395c170c83b7451 phase=decode requests=399c9677f6e44195897e25ec5ce1daa1,422bf3769b9f45beb57c62f13989c6e8,3255e14c8cb54f1cbdd701ebd201f7b8,a8d52d0acece4573abce53495dc615f9"
0.0,38037061,2,19018530.5,19018530.5,18998199,19038862,28753.1,PushPop,":batch=90674192c17f451bb180c65e0caef41b phase=decode requests=4911471bf69b4a0c8fcb7df27f4e64dd,4a33c149f9b84d849224830b7920cf8d,83bc7c63016b44a7bb730cbd52015427,bffdbdea72654f78bfa6ca4ccea58aeb"
0.0,38036673,2,19018336.5,19018336.5,18986634,19050039,44834.1,PushPop,":batch=008b1a52b25840ad9f57862ea1ea06e8 phase=decode requests=399c9677f6e44195897e25ec5ce1daa1,422bf3769b9f45beb57c62f13989c6e8,3255e14c8cb54f1cbdd701ebd201f7b8,a8d52d0acece4573abce53495dc615f9"
0.0,38036164,2,19018082.0,19018082.0,19001112,19035052,23999.2,PushPop,":batch=cbe5ef134eed4320b7cab30269eb3d9f phase=decode requests=4911471bf69b4a0c8fcb7df27f4e64dd,4a33c149f9b84d849224830b7920cf8d,83bc7c63016b44a7bb730cbd52015427,bffdbdea72654f78bfa6ca4ccea58aeb"
0.0,38036111,2,19018055.5,19018055.5,18988059,19048052,42421.5,PushPop,":batch=e4e5d73e903240d9a511bfaa29decf93 phase=decode requests=7aa4ba8d31af45f58706a52eb0ad3328,baabce1b18024e189120c512bc680496,046f00cf0a7d4816a65a9b0acad7230b,46ac3b484ea545d181b2d3e8af73623f"
0.0,38034587,2,19017293.5,19017293.5,18984512,19050075,46360.0,PushPop,":batch=23d89c88f81e4408b32c1812a3de35ef phase=decode requests=4911471bf69b4a0c8fcb7df27f4e64dd,4a33c149f9b84d849224830b7920cf8d,83bc7c63016b44a7bb730cbd52015427,bffdbdea72654f78bfa6ca4ccea58aeb"
0.0,38033996,2,19016998.0,19016998.0,18986985,19047011,42444.8,PushPop,":batch=7b1507892c0b4b768e4e7a7e5a31a925 phase=decode requests=4911471bf69b4a0c8fcb7df27f4e64dd,4a33c149f9b84d849224830b7920cf8d,83bc7c63016b44a7bb730cbd52015427,bffdbdea72654f78bfa6ca4ccea58aeb"
0.0,38030427,2,19015213.5,19015213.5,18982334,19048093,46498.6,PushPop,":batch=8024bcd167154cbbbb12797146180cfc phase=decode requests=399c9677f6e44195897e25ec5ce1daa1,422bf3769b9f45beb57c62f13989c6e8,3255e14c8cb54f1cbdd701ebd201f7b8,a8d52d0acece4573abce53495dc615f9"
0.0,38030424,2,19015212.0,19015212.0,18999850,19030574,21725.1,PushPop,":batch=9163b3a4fc434f9894165031a117c060 phase=decode requests=4911471bf69b4a0c8fcb7df27f4e64dd,4a33c149f9b84d849224830b7920cf8d,83bc7c63016b44a7bb730cbd52015427,bffdbdea72654f78bfa6ca4ccea58aeb"
0.0,38030417,2,19015208.5,19015208.5,18985452,19044965,42082.0,PushPop,":batch=57d3d07bef0b46c7a6f6030e81018918 phase=decode requests=399c9677f6e44195897e25ec5ce1daa1,422bf3769b9f45beb57c62f13989c6e8,3255e14c8cb54f1cbdd701ebd201f7b8,a8d52d0acece4573abce53495dc615f9"
0.0,38030258,2,19015129.0,19015129.0,18998130,19032128,24040.2,PushPop,":batch=7b21350d3d4d4e3bb7459e52e7d559b0 phase=decode requests=4911471bf69b4a0c8fcb7df27f4e64dd,4a33c149f9b84d849224830b7920cf8d,83bc7c63016b44a7bb730cbd52015427,bffdbdea72654f78bfa6ca4ccea58aeb"
0.0,38029564,2,19014782.0,19014782.0,18990501,19039063,34338.5,PushPop,":batch=614554caac7e43f19361078c7946f1fe phase=decode requests=4911471bf69b4a0c8fcb7df27f4e64dd,4a33c149f9b84d849224830b7920cf8d,83bc7c63016b44a7bb730cbd52015427,bffdbdea72654f78bfa6ca4ccea58aeb"
0.0,38029358,2,19014679.0,19014679.0,18641066,19388292,528368.6,PushPop,:batch=6ec823d702c94e6792939e74ffc0a4cc phase=decode requests=c47f16e66de94d7ebc64adfc42386324
0.0,38028480,2,19014240.0,19014240.0,18998399,19030081,22402.6,PushPop,":batch=8b992edaef75414798e20a2109f8a164 phase=decode requests=4911471bf69b4a0c8fcb7df27f4e64dd,4a33c149f9b84d849224830b7920cf8d,83bc7c63016b44a7bb730cbd52015427,bffdbdea72654f78bfa6ca4ccea58aeb"
0.0,38028289,2,19014144.5,19014144.5,18991807,19036482,31590.0,PushPop,":batch=3bc8231a8a194e6fb429685b206f46fc phase=decode requests=4911471bf69b4a0c8fcb7df27f4e64dd,4a33c149f9b84d849224830b7920cf8d,83bc7c63016b44a7bb730cbd52015427,bffdbdea72654f78bfa6ca4ccea58aeb"
0.0,38028159,2,19014079.5,19014079.5,18995072,19033087,26880.7,PushPop,:batch=476db548e03a4531b68e484ac040cb7c phase=decode requests=8de7c5b04b184d1cbc3645195ef60a7d
0.0,38027783,2,19013891.5,19013891.5,18994042,19033741,28071.4,PushPop,":batch=d332f1d46c8b4501b6c55373bd04c6d2 phase=decode requests=4911471bf69b4a0c8fcb7df27f4e64dd,4a33c149f9b84d849224830b7920cf8d,83bc7c63016b44a7bb730cbd52015427,bffdbdea72654f78bfa6ca4ccea58aeb"
0.0,38025885,2,19012942.5,19012942.5,18968302,19057583,63131.2,PushPop,":batch=4344e38fb3aa4c2288f6dc5b43b8fe17 phase=decode requests=399c9677f6e44195897e25ec5ce1daa1,422bf3769b9f45beb57c62f13989c6e8,3255e14c8cb54f1cbdd701ebd201f7b8,a8d52d0acece4573abce53495dc615f9"
0.0,38025265,2,19012632.5,19012632.5,18989423,19035842,32823.2,PushPop,":batch=af354e5871174652ad2f4180dfdd9725 phase=decode requests=4911471bf69b4a0c8fcb7df27f4e64dd,4a33c149f9b84d849224830b7920cf8d,83bc7c63016b44a7bb730cbd52015427,bffdbdea72654f78bfa6ca4ccea58aeb"
0.0,38023209,2,19011604.5,19011604.5,18990289,19032920,30144.7,PushPop,":batch=0bdc1b68fad343858f194589aadcf8f6 phase=decode requests=4911471bf69b4a0c8fcb7df27f4e64dd,4a33c149f9b84d849224830b7920cf8d,83bc7c63016b44a7bb730cbd52015427,bffdbdea72654f78bfa6ca4ccea58aeb"
0.0,38022503,2,19011251.5,19011251.5,18980864,19041639,42974.4,PushPop,":batch=79548eedf7df49e1b29b7dbf2995ae32 phase=decode requests=e4484b0df96d49f3a31426c909f9076d,bb52284fe1f1457c8a63320a61ffabbf,deac75ab269243019c9fd4ac2ecfc203,3e2830bc65ab4913904d6e72090a4fe3"
0.0,38021701,2,19010850.5,19010850.5,18969711,19051990,58180.0,PushPop,":batch=b692799d0b6c431da557c2a715702456 phase=decode requests=399c9677f6e44195897e25ec5ce1daa1,422bf3769b9f45beb57c62f13989c6e8,3255e14c8cb54f1cbdd701ebd201f7b8,a8d52d0acece4573abce53495dc615f9"
0.0,38021668,2,19010834.0,19010834.0,18975689,19045979,49702.5,PushPop,":batch=dfd246fa3f4149419636d43313434a38 phase=decode requests=4911471bf69b4a0c8fcb7df27f4e64dd,4a33c149f9b84d849224830b7920cf8d,83bc7c63016b44a7bb730cbd52015427,bffdbdea72654f78bfa6ca4ccea58aeb"
0.0,38021016,2,19010508.0,19010508.0,18956529,19064487,76337.8,PushPop,":batch=c04d43921abd41a5b755cbe98b461260 phase=decode requests=4911471bf69b4a0c8fcb7df27f4e64dd,4a33c149f9b84d849224830b7920cf8d,83bc7c63016b44a7bb730cbd52015427,bffdbdea72654f78bfa6ca4ccea58aeb"
0.0,38020414,2,19010207.0,19010207.0,18994489,19025925,22228.6,PushPop,":batch=0ede240a22b14e8192454672610e600b phase=decode requests=4911471bf69b4a0c8fcb7df27f4e64dd,4a33c149f9b84d849224830b7920cf8d,83bc7c63016b44a7bb730cbd52015427,bffdbdea72654f78bfa6ca4ccea58aeb"
0.0,38018191,2,19009095.5,19009095.5,18983718,19034473,35889.2,PushPop,":batch=86f1652b53c9408d8af6e6ede93701d7 phase=decode requests=4911471bf69b4a0c8fcb7df27f4e64dd,4a33c149f9b84d849224830b7920cf8d,83bc7c63016b44a7bb730cbd52015427,bffdbdea72654f78bfa6ca4ccea58aeb"
0.0,38017782,2,19008891.0,19008891.0,18982029,19035753,37988.6,PushPop,":batch=93c12fb55d1d4d0b93f3622e1a6f13da phase=decode requests=4911471bf69b4a0c8fcb7df27f4e64dd,4a33c149f9b84d849224830b7920cf8d,83bc7c63016b44a7bb730cbd52015427,bffdbdea72654f78bfa6ca4ccea58aeb"
0.0,38014979,2,19007489.5,19007489.5,18981484,19033495,36777.3,PushPop,":batch=6e614a98fc3e497ba5dfde2d7dd3ee94 phase=decode requests=4911471bf69b4a0c8fcb7df27f4e64dd,4a33c149f9b84d849224830b7920cf8d,83bc7c63016b44a7bb730cbd52015427,bffdbdea72654f78bfa6ca4ccea58aeb"
0.0,38014393,2,19007196.5,19007196.5,18975474,19038919,44862.4,PushPop,":batch=677355ed70d54341b8a5fbd2baa868e7 phase=decode requests=4911471bf69b4a0c8fcb7df27f4e64dd,4a33c149f9b84d849224830b7920cf8d,83bc7c63016b44a7bb730cbd52015427,bffdbdea72654f78bfa6ca4ccea58aeb"
0.0,38014127,2,19007063.5,19007063.5,18989564,19024563,24748.0,PushPop,":batch=fcc68fe63e3642b79f237485fb0ab3b3 phase=decode requests=4911471bf69b4a0c8fcb7df27f4e64dd,4a33c149f9b84d849224830b7920cf8d,83bc7c63016b44a7bb730cbd52015427,bffdbdea72654f78bfa6ca4ccea58aeb"
0.0,38013595,2,19006797.5,19006797.5,18960095,19053500,66047.3,PushPop,:batch=fb3fc13b12aa4ffda000374fa88e9f88 phase=decode requests=aaa729f093b64e2aaeeda0c4bda76f3d
0.0,38013200,2,19006600.0,19006600.0,18987307,19025893,27284.4,PushPop,":batch=73b964f5cbaa4486bb883dcb4e9d5f23 phase=decode requests=4911471bf69b4a0c8fcb7df27f4e64dd,4a33c149f9b84d849224830b7920cf8d,83bc7c63016b44a7bb730cbd52015427,bffdbdea72654f78bfa6ca4ccea58aeb"
0.0,38012313,2,19006156.5,19006156.5,18987647,19024666,26176.4,PushPop,":batch=549b7dc58f37469f91acc42ef223d96d phase=decode requests=4911471bf69b4a0c8fcb7df27f4e64dd,4a33c149f9b84d849224830b7920cf8d,83bc7c63016b44a7bb730cbd52015427,bffdbdea72654f78bfa6ca4ccea58aeb"
0.0,38012213,2,19006106.5,19006106.5,18977346,19034867,40673.5,PushPop,":batch=229a036678374bde9c7a0e8c0853036a phase=decode requests=4911471bf69b4a0c8fcb7df27f4e64dd,4a33c149f9b84d849224830b7920cf8d,83bc7c63016b44a7bb730cbd52015427,bffdbdea72654f78bfa6ca4ccea58aeb"
0.0,38010244,2,19005122.0,19005122.0,18975312,19034932,42157.7,PushPop,":batch=d8d8a0636fcc422a88902f4d76787c9f phase=decode requests=4911471bf69b4a0c8fcb7df27f4e64dd,4a33c149f9b84d849224830b7920cf8d,83bc7c63016b44a7bb730cbd52015427,bffdbdea72654f78bfa6ca4ccea58aeb"
0.0,38008232,2,19004116.0,19004116.0,18974081,19034151,42475.9,PushPop,":batch=b28774425a8a4d809f0937f1d8b245f0 phase=decode requests=399c9677f6e44195897e25ec5ce1daa1,422bf3769b9f45beb57c62f13989c6e8,3255e14c8cb54f1cbdd701ebd201f7b8,a8d52d0acece4573abce53495dc615f9"
0.0,38008056,2,19004028.0,19004028.0,18971942,19036114,45376.5,PushPop,":batch=57c029dcf0db4e86b0259a8f1597fe75 phase=decode requests=4911471bf69b4a0c8fcb7df27f4e64dd,4a33c149f9b84d849224830b7920cf8d,83bc7c63016b44a7bb730cbd52015427,bffdbdea72654f78bfa6ca4ccea58aeb"
0.0,38007430,2,19003715.0,19003715.0,18980420,19027010,32944.1,PushPop,":batch=5aad1e20bf344e4290fe9d3f98f03e1d phase=decode requests=4911471bf69b4a0c8fcb7df27f4e64dd,4a33c149f9b84d849224830b7920cf8d,83bc7c63016b44a7bb730cbd52015427,bffdbdea72654f78bfa6ca4ccea58aeb"
0.0,38007230,2,19003615.0,19003615.0,18978144,19029086,36021.4,PushPop,":batch=880df5be79784446b2896a417b133920 phase=decode requests=4911471bf69b4a0c8fcb7df27f4e64dd,4a33c149f9b84d849224830b7920cf8d,83bc7c63016b44a7bb730cbd52015427,bffdbdea72654f78bfa6ca4ccea58aeb"
0.0,38006858,2,19003429.0,19003429.0,18982774,19024084,29210.6,PushPop,":batch=7c7f511791da4d32b7cbf8a13bae3185 phase=decode requests=4911471bf69b4a0c8fcb7df27f4e64dd,4a33c149f9b84d849224830b7920cf8d,83bc7c63016b44a7bb730cbd52015427,bffdbdea72654f78bfa6ca4ccea58aeb"
0.0,38006767,2,19003383.5,19003383.5,18979187,19027580,34219.0,PushPop,":batch=db60147462014a37b7cf6f979aeb58eb phase=decode requests=4911471bf69b4a0c8fcb7df27f4e64dd,4a33c149f9b84d849224830b7920cf8d,83bc7c63016b44a7bb730cbd52015427,bffdbdea72654f78bfa6ca4ccea58aeb"
0.0,38006709,2,19003354.5,19003354.5,18968009,19038700,49986.1,PushPop,:batch=0a50735135b842b5a7e7b26a08efa4ab phase=decode requests=c47f16e66de94d7ebc64adfc42386324
0.0,38005685,2,19002842.5,19002842.5,18973058,19032627,42121.6,PushPop,":batch=07b1c67c2f444ede960a2e19c88d89f3 phase=decode requests=399c9677f6e44195897e25ec5ce1daa1,422bf3769b9f45beb57c62f13989c6e8,3255e14c8cb54f1cbdd701ebd201f7b8,a8d52d0acece4573abce53495dc615f9"
0.0,38004112,2,19002056.0,19002056.0,18975147,19028965,38055.1,PushPop,":batch=931de92aedda439497a6b0b35a7e3abd phase=decode requests=4911471bf69b4a0c8fcb7df27f4e64dd,4a33c149f9b84d849224830b7920cf8d,83bc7c63016b44a7bb730cbd52015427,bffdbdea72654f78bfa6ca4ccea58aeb"
0.0,38003939,2,19001969.5,19001969.5,18986143,19017796,22382.1,PushPop,":batch=f418b526e2b04973a3f166e7f44cd07c phase=decode requests=4911471bf69b4a0c8fcb7df27f4e64dd,4a33c149f9b84d849224830b7920cf8d,83bc7c63016b44a7bb730cbd52015427,bffdbdea72654f78bfa6ca4ccea58aeb"
0.0,38003160,2,19001580.0,19001580.0,18979988,19023172,30535.7,PushPop,":batch=04fb86655f504b67be51c3ba8fa033cd phase=decode requests=4911471bf69b4a0c8fcb7df27f4e64dd,4a33c149f9b84d849224830b7920cf8d,83bc7c63016b44a7bb730cbd52015427,bffdbdea72654f78bfa6ca4ccea58aeb"
0.0,38002644,2,19001322.0,19001322.0,18977322,19025322,33941.1,PushPop,":batch=7068879a4f5e4115b98831ea6ffd7b99 phase=decode requests=4911471bf69b4a0c8fcb7df27f4e64dd,4a33c149f9b84d849224830b7920cf8d,83bc7c63016b44a7bb730cbd52015427,bffdbdea72654f78bfa6ca4ccea58aeb"
0.0,38002522,2,19001261.0,19001261.0,18959212,19043310,59466.3,PushPop,":batch=0270c1c7f916457cb80f1c8899691685 phase=decode requests=4911471bf69b4a0c8fcb7df27f4e64dd,4a33c149f9b84d849224830b7920cf8d,83bc7c63016b44a7bb730cbd52015427,bffdbdea72654f78bfa6ca4ccea58aeb"
0.0,38002281,2,19001140.5,19001140.5,18986818,19015463,20255.1,PushPop,":batch=25dac05614cf4a9784bcb74dfe333145 phase=decode requests=4911471bf69b4a0c8fcb7df27f4e64dd,4a33c149f9b84d849224830b7920cf8d,83bc7c63016b44a7bb730cbd52015427,bffdbdea72654f78bfa6ca4ccea58aeb"
0.0,38000510,2,19000255.0,19000255.0,18978677,19021833,30515.9,PushPop,":batch=b706211d3dac4f8face9675d2a7a32b9 phase=decode requests=4911471bf69b4a0c8fcb7df27f4e64dd,4a33c149f9b84d849224830b7920cf8d,83bc7c63016b44a7bb730cbd52015427,bffdbdea72654f78bfa6ca4ccea58aeb"
0.0,38000300,2,19000150.0,19000150.0,18966721,19033579,47275.7,PushPop,":batch=f14325f76ad94f1bad228604c06555ae phase=decode requests=4911471bf69b4a0c8fcb7df27f4e64dd,4a33c149f9b84d849224830b7920cf8d,83bc7c63016b44a7bb730cbd52015427,bffdbdea72654f78bfa6ca4ccea58aeb"
0.0,38000176,2,19000088.0,19000088.0,18984369,19015807,22230.0,PushPop,":batch=c525213f4c2540f9a76faa117f416c7f phase=decode requests=4911471bf69b4a0c8fcb7df27f4e64dd,4a33c149f9b84d849224830b7920cf8d,83bc7c63016b44a7bb730cbd52015427,bffdbdea72654f78bfa6ca4ccea58aeb"
0.0,37999594,2,18999797.0,18999797.0,18962303,19037291,53024.5,PushPop,:batch=17e309e4c6104a92bbbf77c63142c75d phase=decode requests=8de7c5b04b184d1cbc3645195ef60a7d
0.0,37999551,2,18999775.5,18999775.5,18957894,19041657,59229.4,PushPop,":batch=5e8d35f631a34e789a37f2f864143e42 phase=decode requests=4911471bf69b4a0c8fcb7df27f4e64dd,4a33c149f9b84d849224830b7920cf8d,83bc7c63016b44a7bb730cbd52015427,bffdbdea72654f78bfa6ca4ccea58aeb"
0.0,37997927,2,18998963.5,18998963.5,18974894,19023033,34039.4,PushPop,":batch=abfa742f1e4b4195b3486acf96748e8d phase=decode requests=4911471bf69b4a0c8fcb7df27f4e64dd,4a33c149f9b84d849224830b7920cf8d,83bc7c63016b44a7bb730cbd52015427,bffdbdea72654f78bfa6ca4ccea58aeb"
0.0,37997686,2,18998843.0,18998843.0,18977162,19020524,30661.6,PushPop,":batch=07b5b39a7c8045bbab03ff03bfe3aa21 phase=decode requests=4911471bf69b4a0c8fcb7df27f4e64dd,4a33c149f9b84d849224830b7920cf8d,83bc7c63016b44a7bb730cbd52015427,bffdbdea72654f78bfa6ca4ccea58aeb"
0.0,37997120,2,18998560.0,18998560.0,18984632,19012488,19697.2,PushPop,":batch=c572aed88b13426ebb7515567756df29 phase=decode requests=4911471bf69b4a0c8fcb7df27f4e64dd,4a33c149f9b84d849224830b7920cf8d,83bc7c63016b44a7bb730cbd52015427,bffdbdea72654f78bfa6ca4ccea58aeb"
0.0,37995986,2,18997993.0,18997993.0,18976191,19019795,30832.7,PushPop,":batch=150df13f9e5a447b87a19f018da99daf phase=decode requests=4911471bf69b4a0c8fcb7df27f4e64dd,4a33c149f9b84d849224830b7920cf8d,83bc7c63016b44a7bb730cbd52015427,bffdbdea72654f78bfa6ca4ccea58aeb"
0.0,37993912,2,18996956.0,18996956.0,18962005,19031907,49428.2,PushPop,":batch=acc224484e584bce83cbb539ecafd196 phase=decode requests=399c9677f6e44195897e25ec5ce1daa1,422bf3769b9f45beb57c62f13989c6e8,3255e14c8cb54f1cbdd701ebd201f7b8,a8d52d0acece4573abce53495dc615f9"
0.0,37993798,2,18996899.0,18996899.0,18970771,19023027,36950.6,PushPop,":batch=4132e5329e04477aaf611e5a3880ee05 phase=decode requests=4911471bf69b4a0c8fcb7df27f4e64dd,4a33c149f9b84d849224830b7920cf8d,83bc7c63016b44a7bb730cbd52015427,bffdbdea72654f78bfa6ca4ccea58aeb"
0.0,37993546,2,18996773.0,18996773.0,18949852,19043694,66356.3,PushPop,":batch=85fd3aa80ad446a09dcca36acacc77b0 phase=decode requests=4911471bf69b4a0c8fcb7df27f4e64dd,4a33c149f9b84d849224830b7920cf8d,83bc7c63016b44a7bb730cbd52015427,bffdbdea72654f78bfa6ca4ccea58aeb"
0.0,37993485,2,18996742.5,18996742.5,18964896,19028589,45037.8,PushPop,":batch=9072826d4de24feeb4f8b9033039b63e phase=decode requests=4911471bf69b4a0c8fcb7df27f4e64dd,4a33c149f9b84d849224830b7920cf8d,83bc7c63016b44a7bb730cbd52015427,bffdbdea72654f78bfa6ca4ccea58aeb"
0.0,37992440,2,18996220.0,18996220.0,18966816,19025624,41583.5,PushPop,":batch=a623e9d6964240a399ed5ad3348f2e2e phase=decode requests=4911471bf69b4a0c8fcb7df27f4e64dd,4a33c149f9b84d849224830b7920cf8d,83bc7c63016b44a7bb730cbd52015427,bffdbdea72654f78bfa6ca4ccea58aeb"
0.0,37991994,2,18995997.0,18995997.0,18975218,19016776,29385.9,PushPop,:batch=91331de25c3e4d5e8100c2e2bf0b031a phase=decode requests=8de7c5b04b184d1cbc3645195ef60a7d
0.0,37991897,2,18995948.5,18995948.5,18973094,19018803,32321.1,PushPop,":batch=e338ebe6db514886b2a5a9105b209e2e phase=decode requests=4911471bf69b4a0c8fcb7df27f4e64dd,4a33c149f9b84d849224830b7920cf8d,83bc7c63016b44a7bb730cbd52015427,bffdbdea72654f78bfa6ca4ccea58aeb"
0.0,37991811,2,18995905.5,18995905.5,18974430,19017381,30370.9,PushPop,":batch=d1ae1d79a4d740cf82f53441c4e089b6 phase=decode requests=4911471bf69b4a0c8fcb7df27f4e64dd,4a33c149f9b84d849224830b7920cf8d,83bc7c63016b44a7bb730cbd52015427,bffdbdea72654f78bfa6ca4ccea58aeb"
0.0,37991584,2,18995792.0,18995792.0,18959900,19031684,50759.0,PushPop,":batch=f5379680701848b5a9903beb9984cee9 phase=decode requests=4911471bf69b4a0c8fcb7df27f4e64dd,4a33c149f9b84d849224830b7920cf8d,83bc7c63016b44a7bb730cbd52015427,bffdbdea72654f78bfa6ca4ccea58aeb"
0.0,37991073,2,18995536.5,18995536.5,18955203,19035870,57040.2,PushPop,":batch=3ebf04b0ad2f4dc8b30c99399b38e43d phase=decode requests=399c9677f6e44195897e25ec5ce1daa1,422bf3769b9f45beb57c62f13989c6e8,3255e14c8cb54f1cbdd701ebd201f7b8,a8d52d0acece4573abce53495dc615f9"
0.0,37991072,2,18995536.0,18995536.0,18967519,19023553,39622.0,PushPop,":batch=e65f36cc3b1b48e9b69878789f12e8d1 phase=decode requests=4911471bf69b4a0c8fcb7df27f4e64dd,4a33c149f9b84d849224830b7920cf8d,83bc7c63016b44a7bb730cbd52015427,bffdbdea72654f78bfa6ca4ccea58aeb"
0.0,37990851,2,18995425.5,18995425.5,18971422,19019429,33946.1,PushPop,":batch=36f5839818da4a23aebb3b5fb5f7b494 phase=decode requests=4911471bf69b4a0c8fcb7df27f4e64dd,4a33c149f9b84d849224830b7920cf8d,83bc7c63016b44a7bb730cbd52015427,bffdbdea72654f78bfa6ca4ccea58aeb"
0.0,37990580,2,18995290.0,18995290.0,18967894,19022686,38743.8,PushPop,":batch=afe8490693394597a2ba204f955a8830 phase=decode requests=4911471bf69b4a0c8fcb7df27f4e64dd,4a33c149f9b84d849224830b7920cf8d,83bc7c63016b44a7bb730cbd52015427,bffdbdea72654f78bfa6ca4ccea58aeb"
0.0,37990117,2,18995058.5,18995058.5,18979227,19010890,22389.1,PushPop,":batch=10b39af6d6f84bb38a4df429f8343e7d phase=decode requests=4911471bf69b4a0c8fcb7df27f4e64dd,4a33c149f9b84d849224830b7920cf8d,83bc7c63016b44a7bb730cbd52015427,bffdbdea72654f78bfa6ca4ccea58aeb"
0.0,37989940,2,18994970.0,18994970.0,18977605,19012335,24557.8,PushPop,":batch=e4d9a397c6a341ceace21d64260b178a phase=decode requests=4911471bf69b4a0c8fcb7df27f4e64dd,4a33c149f9b84d849224830b7920cf8d,83bc7c63016b44a7bb730cbd52015427,bffdbdea72654f78bfa6ca4ccea58aeb"
0.0,37989834,2,18994917.0,18994917.0,18963649,19026185,44219.6,PushPop,":batch=0ae340c2a24f43a0af21ff1ad524b95a phase=decode requests=4911471bf69b4a0c8fcb7df27f4e64dd,4a33c149f9b84d849224830b7920cf8d,83bc7c63016b44a7bb730cbd52015427,bffdbdea72654f78bfa6ca4ccea58aeb"
0.0,37989690,2,18994845.0,18994845.0,18963677,19026013,44078.2,PushPop,":batch=f21c80c8099a4cf68313897555720886 phase=decode requests=4911471bf69b4a0c8fcb7df27f4e64dd,4a33c149f9b84d849224830b7920cf8d,83bc7c63016b44a7bb730cbd52015427,bffdbdea72654f78bfa6ca4ccea58aeb"
0.0,37989533,2,18994766.5,18994766.5,18970205,19019328,34735.2,PushPop,":batch=c30a2d3ba9bc428f82004747b2f9692d phase=decode requests=4911471bf69b4a0c8fcb7df27f4e64dd,4a33c149f9b84d849224830b7920cf8d,83bc7c63016b44a7bb730cbd52015427,bffdbdea72654f78bfa6ca4ccea58aeb"
0.0,37989155,2,18994577.5,18994577.5,18976860,19012295,25056.3,PushPop,":batch=8d309d4990984e8588a5b65762201a78 phase=decode requests=4911471bf69b4a0c8fcb7df27f4e64dd,4a33c149f9b84d849224830b7920cf8d,83bc7c63016b44a7bb730cbd52015427,bffdbdea72654f78bfa6ca4ccea58aeb"
0.0,37988773,2,18994386.5,18994386.5,18965844,19022929,40365.2,PushPop,":batch=7a4f95d160cc466c96e921034169e0a4 phase=decode requests=4911471bf69b4a0c8fcb7df27f4e64dd,4a33c149f9b84d849224830b7920cf8d,83bc7c63016b44a7bb730cbd52015427,bffdbdea72654f78bfa6ca4ccea58aeb"
0.0,37988403,2,18994201.5,18994201.5,18973447,19014956,29351.3,PushPop,":batch=bb44d184a0f14dd59bfed164ed8371c3 phase=decode requests=4911471bf69b4a0c8fcb7df27f4e64dd,4a33c149f9b84d849224830b7920cf8d,83bc7c63016b44a7bb730cbd52015427,bffdbdea72654f78bfa6ca4ccea58aeb"
0.0,37988359,2,18994179.5,18994179.5,18976729,19011630,24678.7,PushPop,":batch=8d7205a5f71c4756a5a095f3def5413b phase=decode requests=4911471bf69b4a0c8fcb7df27f4e64dd,4a33c149f9b84d849224830b7920cf8d,83bc7c63016b44a7bb730cbd52015427,bffdbdea72654f78bfa6ca4ccea58aeb"
0.0,37988164,2,18994082.0,18994082.0,18993197,18994967,1251.6,PushPop,":batch=dd740e09e2b84622b8c75114a626ce1f phase=decode requests=4911471bf69b4a0c8fcb7df27f4e64dd,4a33c149f9b84d849224830b7920cf8d,83bc7c63016b44a7bb730cbd52015427,bffdbdea72654f78bfa6ca4ccea58aeb"
0.0,37988036,2,18994018.0,18994018.0,18971683,19016353,31586.5,PushPop,":batch=21e64c9fcac64b299c9922f8404be283 phase=decode requests=4911471bf69b4a0c8fcb7df27f4e64dd,4a33c149f9b84d849224830b7920cf8d,83bc7c63016b44a7bb730cbd52015427,bffdbdea72654f78bfa6ca4ccea58aeb"
0.0,37987986,2,18993993.0,18993993.0,18961835,19026151,45478.3,PushPop,":batch=1e9505a720cd4175bcfe972ee922b08a phase=decode requests=4911471bf69b4a0c8fcb7df27f4e64dd,4a33c149f9b84d849224830b7920cf8d,83bc7c63016b44a7bb730cbd52015427,bffdbdea72654f78bfa6ca4ccea58aeb"
0.0,37987706,2,18993853.0,18993853.0,18975815,19011891,25509.6,PushPop,":batch=fb926706f94c4640bd29f8e4e9c0406e phase=decode requests=4911471bf69b4a0c8fcb7df27f4e64dd,4a33c149f9b84d849224830b7920cf8d,83bc7c63016b44a7bb730cbd52015427,bffdbdea72654f78bfa6ca4ccea58aeb"
0.0,37987376,2,18993688.0,18993688.0,18945183,19042193,68596.4,PushPop,":batch=66da557de04a4355a4d099e1f2736676 phase=decode requests=399c9677f6e44195897e25ec5ce1daa1,422bf3769b9f45beb57c62f13989c6e8,3255e14c8cb54f1cbdd701ebd201f7b8,a8d52d0acece4573abce53495dc615f9"
0.0,37986409,2,18993204.5,18993204.5,18961460,19024949,44893.5,PushPop,":batch=914a1a702b524cadaf634af19e6311f1 phase=decode requests=4911471bf69b4a0c8fcb7df27f4e64dd,4a33c149f9b84d849224830b7920cf8d,83bc7c63016b44a7bb730cbd52015427,bffdbdea72654f78bfa6ca4ccea58aeb"
0.0,37985849,2,18992924.5,18992924.5,18965267,19020582,39113.6,PushPop,":batch=bc6f3b8baf8040519ec0a109447ed379 phase=decode requests=4911471bf69b4a0c8fcb7df27f4e64dd,4a33c149f9b84d849224830b7920cf8d,83bc7c63016b44a7bb730cbd52015427,bffdbdea72654f78bfa6ca4ccea58aeb"
0.0,37985428,2,18992714.0,18992714.0,18952950,19032478,56234.8,PushPop,":batch=dd5236e6fb134185af71554557be0f89 phase=decode requests=4911471bf69b4a0c8fcb7df27f4e64dd,4a33c149f9b84d849224830b7920cf8d,83bc7c63016b44a7bb730cbd52015427,bffdbdea72654f78bfa6ca4ccea58aeb"
0.0,37983956,2,18991978.0,18991978.0,18961442,19022514,43184.4,PushPop,":batch=6f507d7cac1c41a4b7cfb8c7d790fa53 phase=decode requests=4911471bf69b4a0c8fcb7df27f4e64dd,4a33c149f9b84d849224830b7920cf8d,83bc7c63016b44a7bb730cbd52015427,bffdbdea72654f78bfa6ca4ccea58aeb"
0.0,37983593,2,18991796.5,18991796.5,18963648,19019945,39808.0,PushPop,":batch=91fa2e0ad39546c3bdf3681f7deb8d91 phase=decode requests=4911471bf69b4a0c8fcb7df27f4e64dd,4a33c149f9b84d849224830b7920cf8d,83bc7c63016b44a7bb730cbd52015427,bffdbdea72654f78bfa6ca4ccea58aeb"
0.0,37983449,2,18991724.5,18991724.5,18960551,19022898,44086.0,PushPop,":batch=508e3a271b91498ca2fa80a36166de77 phase=decode requests=4911471bf69b4a0c8fcb7df27f4e64dd,4a33c149f9b84d849224830b7920cf8d,83bc7c63016b44a7bb730cbd52015427,bffdbdea72654f78bfa6ca4ccea58aeb"
0.0,37982393,2,18991196.5,18991196.5,18957408,19024985,47784.2,PushPop,":batch=21d007a1e6a84f24bb09bb53ebeb394f phase=decode requests=399c9677f6e44195897e25ec5ce1daa1,422bf3769b9f45beb57c62f13989c6e8,3255e14c8cb54f1cbdd701ebd201f7b8,a8d52d0acece4573abce53495dc615f9"
0.0,37982182,2,18991091.0,18991091.0,18965750,19016432,35837.6,PushPop,":batch=e7dba9ec84e6489ebc6fc0701f8f2e82 phase=decode requests=4911471bf69b4a0c8fcb7df27f4e64dd,4a33c149f9b84d849224830b7920cf8d,83bc7c63016b44a7bb730cbd52015427,bffdbdea72654f78bfa6ca4ccea58aeb"
0.0,37981776,2,18990888.0,18990888.0,18540313,19441463,637209.3,PushPop,:batch=808344cb87ca42a4be5287bd190335fb phase=decode requests=c47f16e66de94d7ebc64adfc42386324
0.0,37981417,2,18990708.5,18990708.5,18964863,19016554,36551.1,PushPop,":batch=c2fc525553264cd98898c6c2053c45c3 phase=decode requests=4911471bf69b4a0c8fcb7df27f4e64dd,4a33c149f9b84d849224830b7920cf8d,83bc7c63016b44a7bb730cbd52015427,bffdbdea72654f78bfa6ca4ccea58aeb"
0.0,37980770,2,18990385.0,18990385.0,18952362,19028408,53772.6,PushPop,":batch=a1227d77374b41b1900a2949e5b36700 phase=decode requests=399c9677f6e44195897e25ec5ce1daa1,422bf3769b9f45beb57c62f13989c6e8,3255e14c8cb54f1cbdd701ebd201f7b8,a8d52d0acece4573abce53495dc615f9"
0.0,37980516,2,18990258.0,18990258.0,18977509,19003007,18029.8,PushPop,":batch=ac61b965e8ab42a4bfa67fa465d0d04a phase=decode requests=4911471bf69b4a0c8fcb7df27f4e64dd,4a33c149f9b84d849224830b7920cf8d,83bc7c63016b44a7bb730cbd52015427,bffdbdea72654f78bfa6ca4ccea58aeb"
0.0,37979328,2,18989664.0,18989664.0,18973292,19006036,23153.5,PushPop,":batch=c7942cc76cd548d4985d28eefe629395 phase=decode requests=4911471bf69b4a0c8fcb7df27f4e64dd,4a33c149f9b84d849224830b7920cf8d,83bc7c63016b44a7bb730cbd52015427,bffdbdea72654f78bfa6ca4ccea58aeb"
0.0,37978179,2,18989089.5,18989089.5,18963998,19014181,35484.7,PushPop,:batch=c5650501851a41ad8798df868950b6a5 phase=decode requests=8de7c5b04b184d1cbc3645195ef60a7d
0.0,37977678,2,18988839.0,18988839.0,18969391,19008287,27503.6,PushPop,":batch=3c2abd5b117b4a0697275211d441be50 phase=decode requests=4911471bf69b4a0c8fcb7df27f4e64dd,4a33c149f9b84d849224830b7920cf8d,83bc7c63016b44a7bb730cbd52015427,bffdbdea72654f78bfa6ca4ccea58aeb"
0.0,37976078,2,18988039.0,18988039.0,18972641,19003437,21776.1,PushPop,":batch=f698971bb6af4b5d8c4cb936b306ce53 phase=decode requests=4911471bf69b4a0c8fcb7df27f4e64dd,4a33c149f9b84d849224830b7920cf8d,83bc7c63016b44a7bb730cbd52015427,bffdbdea72654f78bfa6ca4ccea58aeb"
0.0,37975903,2,18987951.5,18987951.5,18963448,19012455,34653.2,PushPop,":batch=9e4c9e1d278d4669a1c814f179319586 phase=decode requests=4911471bf69b4a0c8fcb7df27f4e64dd,4a33c149f9b84d849224830b7920cf8d,83bc7c63016b44a7bb730cbd52015427,bffdbdea72654f78bfa6ca4ccea58aeb"
0.0,37975323,2,18987661.5,18987661.5,18943893,19031430,61898.0,PushPop,":batch=655900114e4b427e881904986de76149 phase=decode requests=399c9677f6e44195897e25ec5ce1daa1,422bf3769b9f45beb57c62f13989c6e8,3255e14c8cb54f1cbdd701ebd201f7b8,a8d52d0acece4573abce53495dc615f9"
0.0,37975173,2,18987586.5,18987586.5,18961538,19013635,36838.1,PushPop,:batch=d1aca71becc348d587cdef6e87271b19 phase=decode requests=8de7c5b04b184d1cbc3645195ef60a7d
0.0,37974896,2,18987448.0,18987448.0,18955288,19019608,45481.1,PushPop,:batch=1e80141047124e62a7e258004b8ef170 phase=decode requests=8de7c5b04b184d1cbc3645195ef60a7d
0.0,37974416,2,18987208.0,18987208.0,18954348,19020068,46471.1,PushPop,":batch=f872811806454d2a8c413942fd4ba30a phase=decode requests=4911471bf69b4a0c8fcb7df27f4e64dd,4a33c149f9b84d849224830b7920cf8d,83bc7c63016b44a7bb730cbd52015427,bffdbdea72654f78bfa6ca4ccea58aeb"
0.0,37973955,2,18986977.5,18986977.5,18964512,19009443,31771.0,PushPop,":batch=30e1b112098d4652b255c11ad400537c phase=decode requests=4911471bf69b4a0c8fcb7df27f4e64dd,4a33c149f9b84d849224830b7920cf8d,83bc7c63016b44a7bb730cbd52015427,bffdbdea72654f78bfa6ca4ccea58aeb"
0.0,37973512,2,18986756.0,18986756.0,18971388,19002124,21733.6,PushPop,":batch=65dc81f8106b48b6af715b03319d8142 phase=decode requests=4911471bf69b4a0c8fcb7df27f4e64dd,4a33c149f9b84d849224830b7920cf8d,83bc7c63016b44a7bb730cbd52015427,bffdbdea72654f78bfa6ca4ccea58aeb"
0.0,37973027,2,18986513.5,18986513.5,18962898,19010129,33397.4,PushPop,":batch=91862b5ca0a34b81b2577a600d5606b0 phase=decode requests=4911471bf69b4a0c8fcb7df27f4e64dd,4a33c149f9b84d849224830b7920cf8d,83bc7c63016b44a7bb730cbd52015427,bffdbdea72654f78bfa6ca4ccea58aeb"
0.0,37972426,2,18986213.0,18986213.0,18955244,19017182,43796.8,PushPop,":batch=5d7b07f540214bf5b79e2cff44b2ec46 phase=decode requests=4911471bf69b4a0c8fcb7df27f4e64dd,4a33c149f9b84d849224830b7920cf8d,83bc7c63016b44a7bb730cbd52015427,bffdbdea72654f78bfa6ca4ccea58aeb"
0.0,37971556,2,18985778.0,18985778.0,18964015,19007541,30777.5,PushPop,":batch=fbec150c8b0d4f4da54625756a430b14 phase=decode requests=4911471bf69b4a0c8fcb7df27f4e64dd,4a33c149f9b84d849224830b7920cf8d,83bc7c63016b44a7bb730cbd52015427,bffdbdea72654f78bfa6ca4ccea58aeb"
0.0,37970996,2,18985498.0,18985498.0,18964501,19006495,29694.2,PushPop,":batch=95e848462e144d29aea3c19a8c0e2b25 phase=decode requests=4911471bf69b4a0c8fcb7df27f4e64dd,4a33c149f9b84d849224830b7920cf8d,83bc7c63016b44a7bb730cbd52015427,bffdbdea72654f78bfa6ca4ccea58aeb"
0.0,37970430,2,18985215.0,18985215.0,18964168,19006262,29765.0,PushPop,":batch=882c7672c6e2404b943ca37f72baa840 phase=decode requests=4911471bf69b4a0c8fcb7df27f4e64dd,4a33c149f9b84d849224830b7920cf8d,83bc7c63016b44a7bb730cbd52015427,bffdbdea72654f78bfa6ca4ccea58aeb"
0.0,37968505,2,18984252.5,18984252.5,18952093,19016412,45480.4,PushPop,:batch=e9aa9284839e4cc18cafa5170f4c103b phase=decode requests=8de7c5b04b184d1cbc3645195ef60a7d
0.0,37966962,2,18983481.0,18983481.0,18962553,19004409,29596.7,PushPop,:batch=b21cf5eb8e4a491995d11f8933eae416 phase=decode requests=8de7c5b04b184d1cbc3645195ef60a7d
0.0,37966447,2,18983223.5,18983223.5,18958762,19007685,34593.8,PushPop,":batch=661cd84cc58e4f7e87de6163c3fbb3bd phase=decode requests=4911471bf69b4a0c8fcb7df27f4e64dd,4a33c149f9b84d849224830b7920cf8d,83bc7c63016b44a7bb730cbd52015427,bffdbdea72654f78bfa6ca4ccea58aeb"
0.0,37966398,2,18983199.0,18983199.0,18551091,19415307,611093.0,PushPop,:batch=96adf07b5c28475080427e41ee946e87 phase=decode requests=aaa729f093b64e2aaeeda0c4bda76f3d
0.0,37966340,2,18983170.0,18983170.0,18965895,19000445,24430.5,PushPop,":batch=5fce454f1ebb422cb89a777cdb91cc2c phase=decode requests=4911471bf69b4a0c8fcb7df27f4e64dd,4a33c149f9b84d849224830b7920cf8d,83bc7c63016b44a7bb730cbd52015427,bffdbdea72654f78bfa6ca4ccea58aeb"
0.0,37965649,2,18982824.5,18982824.5,18952486,19013163,42905.1,PushPop,":batch=b4d9f711a673481bafde7313ecef36c5 phase=decode requests=4911471bf69b4a0c8fcb7df27f4e64dd,4a33c149f9b84d849224830b7920cf8d,83bc7c63016b44a7bb730cbd52015427,bffdbdea72654f78bfa6ca4ccea58aeb"
0.0,37965622,2,18982811.0,18982811.0,18954231,19011391,40418.2,PushPop,":batch=84b19ce927004f24be35c56825cc2c9a phase=decode requests=4911471bf69b4a0c8fcb7df27f4e64dd,4a33c149f9b84d849224830b7920cf8d,83bc7c63016b44a7bb730cbd52015427,bffdbdea72654f78bfa6ca4ccea58aeb"
0.0,37965243,2,18982621.5,18982621.5,18964067,19001176,26240.0,PushPop,":batch=db675da45e4e41c6a0fba2269b4d04ac phase=decode requests=4911471bf69b4a0c8fcb7df27f4e64dd,4a33c149f9b84d849224830b7920cf8d,83bc7c63016b44a7bb730cbd52015427,bffdbdea72654f78bfa6ca4ccea58aeb"
0.0,37964696,2,18982348.0,18982348.0,18934015,19030681,68353.2,PushPop,":batch=13c102ff8f504926abc71c1b51b9ec6f phase=decode requests=4911471bf69b4a0c8fcb7df27f4e64dd,4a33c149f9b84d849224830b7920cf8d,83bc7c63016b44a7bb730cbd52015427,bffdbdea72654f78bfa6ca4ccea58aeb"
0.0,37964056,2,18982028.0,18982028.0,18952725,19011331,41440.7,PushPop,":batch=026179ccc7c445a5a490f0ce2845d7c6 phase=decode requests=4911471bf69b4a0c8fcb7df27f4e64dd,4a33c149f9b84d849224830b7920cf8d,83bc7c63016b44a7bb730cbd52015427,bffdbdea72654f78bfa6ca4ccea58aeb"
0.0,37963297,2,18981648.5,18981648.5,18959140,19004157,31831.8,PushPop,":batch=e03094356b744e6a8a64c6b8d62949a6 phase=decode requests=7aa4ba8d31af45f58706a52eb0ad3328,baabce1b18024e189120c512bc680496,046f00cf0a7d4816a65a9b0acad7230b,46ac3b484ea545d181b2d3e8af73623f"
0.0,37962714,2,18981357.0,18981357.0,18947417,19015297,47998.4,PushPop,":batch=8d02287ec0a1421da2ea209b5364d3e9 phase=decode requests=399c9677f6e44195897e25ec5ce1daa1,422bf3769b9f45beb57c62f13989c6e8,3255e14c8cb54f1cbdd701ebd201f7b8,a8d52d0acece4573abce53495dc615f9"
0.0,37962444,2,18981222.0,18981222.0,18951464,19010980,42084.2,PushPop,":batch=81f1af0ce0ec4ca9bf7a5420b98479df phase=decode requests=399c9677f6e44195897e25ec5ce1daa1,422bf3769b9f45beb57c62f13989c6e8,3255e14c8cb54f1cbdd701ebd201f7b8,a8d52d0acece4573abce53495dc615f9"
0.0,37961682,2,18980841.0,18980841.0,18964266,18997416,23440.6,PushPop,":batch=755f279b11b44f0bb980fe0e9d685b99 phase=decode requests=4911471bf69b4a0c8fcb7df27f4e64dd,4a33c149f9b84d849224830b7920cf8d,83bc7c63016b44a7bb730cbd52015427,bffdbdea72654f78bfa6ca4ccea58aeb"
0.0,37961581,2,18980790.5,18980790.5,18964976,18996605,22365.1,PushPop,":batch=d4ea6bd5e3a24138a2002383bec64a16 phase=decode requests=4911471bf69b4a0c8fcb7df27f4e64dd,4a33c149f9b84d849224830b7920cf8d,83bc7c63016b44a7bb730cbd52015427,bffdbdea72654f78bfa6ca4ccea58aeb"
0.0,37960538,2,18980269.0,18980269.0,18966897,18993641,18910.9,PushPop,":batch=3cf7108641ae4dd3b79c22cb1bffc6bc phase=decode requests=4911471bf69b4a0c8fcb7df27f4e64dd,4a33c149f9b84d849224830b7920cf8d,83bc7c63016b44a7bb730cbd52015427,bffdbdea72654f78bfa6ca4ccea58aeb"
0.0,37959933,2,18979966.5,18979966.5,18956355,19003578,33391.7,PushPop,":batch=23d3732fa99348c0acaf3f80c60b0cd4 phase=decode requests=4911471bf69b4a0c8fcb7df27f4e64dd,4a33c149f9b84d849224830b7920cf8d,83bc7c63016b44a7bb730cbd52015427,bffdbdea72654f78bfa6ca4ccea58aeb"
0.0,37959379,2,18979689.5,18979689.5,18956380,19002999,32964.6,PushPop,":batch=cb636bd4bd074701a1d5adac0113f959 phase=decode requests=4911471bf69b4a0c8fcb7df27f4e64dd,4a33c149f9b84d849224830b7920cf8d,83bc7c63016b44a7bb730cbd52015427,bffdbdea72654f78bfa6ca4ccea58aeb"
0.0,37959268,2,18979634.0,18979634.0,18953332,19005936,37196.6,PushPop,":batch=68a5b4545c26450da33324e7603c07e1 phase=decode requests=4911471bf69b4a0c8fcb7df27f4e64dd,4a33c149f9b84d849224830b7920cf8d,83bc7c63016b44a7bb730cbd52015427,bffdbdea72654f78bfa6ca4ccea58aeb"
0.0,37959225,2,18979612.5,18979612.5,18957922,19001303,30675.0,PushPop,":batch=7aa6e9c9189e48e391a9b6c8a8257e4a phase=decode requests=4911471bf69b4a0c8fcb7df27f4e64dd,4a33c149f9b84d849224830b7920cf8d,83bc7c63016b44a7bb730cbd52015427,bffdbdea72654f78bfa6ca4ccea58aeb"
0.0,37958465,2,18979232.5,18979232.5,18955259,19003206,33903.6,PushPop,":batch=c1eb894d9f7e478ba2763992fdc08059 phase=decode requests=4911471bf69b4a0c8fcb7df27f4e64dd,4a33c149f9b84d849224830b7920cf8d,83bc7c63016b44a7bb730cbd52015427,bffdbdea72654f78bfa6ca4ccea58aeb"
0.0,37958425,2,18979212.5,18979212.5,18957177,19001248,31162.9,PushPop,":batch=2f03614d63d8478dbd0721a652921a53 phase=decode requests=4911471bf69b4a0c8fcb7df27f4e64dd,4a33c149f9b84d849224830b7920cf8d,83bc7c63016b44a7bb730cbd52015427,bffdbdea72654f78bfa6ca4ccea58aeb"
0.0,37957406,2,18978703.0,18978703.0,18954665,19002741,33994.9,PushPop,":batch=66e6cb1f845e49e6bf52b9c51858a55e phase=decode requests=4911471bf69b4a0c8fcb7df27f4e64dd,4a33c149f9b84d849224830b7920cf8d,83bc7c63016b44a7bb730cbd52015427,bffdbdea72654f78bfa6ca4ccea58aeb"
0.0,37956987,2,18978493.5,18978493.5,18939874,19017113,54616.2,PushPop,":batch=90e6086dd8e64b26a1bae4f6482e298d phase=decode requests=4911471bf69b4a0c8fcb7df27f4e64dd,4a33c149f9b84d849224830b7920cf8d,83bc7c63016b44a7bb730cbd52015427,bffdbdea72654f78bfa6ca4ccea58aeb"
0.0,37955934,2,18977967.0,18977967.0,18957283,18998651,29251.6,PushPop,":batch=9cc4249f717d4fbd8cb39e40315d8609 phase=decode requests=4911471bf69b4a0c8fcb7df27f4e64dd,4a33c149f9b84d849224830b7920cf8d,83bc7c63016b44a7bb730cbd52015427,bffdbdea72654f78bfa6ca4ccea58aeb"
0.0,37955585,2,18977792.5,18977792.5,18952033,19003552,36429.4,PushPop,:batch=fa7ff16c1bee4131916fa5fbbc0ea9ec phase=decode requests=8de7c5b04b184d1cbc3645195ef60a7d
0.0,37954811,2,18977405.5,18977405.5,18958967,18995844,26076.0,PushPop,":batch=6f67bc9b441b43deb71298859c9a874f phase=decode requests=4911471bf69b4a0c8fcb7df27f4e64dd,4a33c149f9b84d849224830b7920cf8d,83bc7c63016b44a7bb730cbd52015427,bffdbdea72654f78bfa6ca4ccea58aeb"
0.0,37954691,2,18977345.5,18977345.5,18956141,18998550,29987.7,PushPop,":batch=6deed691559248bfa9e50a2207d4ab7c phase=decode requests=4911471bf69b4a0c8fcb7df27f4e64dd,4a33c149f9b84d849224830b7920cf8d,83bc7c63016b44a7bb730cbd52015427,bffdbdea72654f78bfa6ca4ccea58aeb"
0.0,37954426,2,18977213.0,18977213.0,18957293,18997133,28171.1,PushPop,":batch=405f5d6ec2e44be2a7a797f437e2429a phase=decode requests=4911471bf69b4a0c8fcb7df27f4e64dd,4a33c149f9b84d849224830b7920cf8d,83bc7c63016b44a7bb730cbd52015427,bffdbdea72654f78bfa6ca4ccea58aeb"
0.0,37953757,2,18976878.5,18976878.5,18951054,19002703,36521.4,PushPop,":batch=a916daf90e114eed80e0a8140b87012f phase=decode requests=4911471bf69b4a0c8fcb7df27f4e64dd,4a33c149f9b84d849224830b7920cf8d,83bc7c63016b44a7bb730cbd52015427,bffdbdea72654f78bfa6ca4ccea58aeb"
0.0,37953637,2,18976818.5,18976818.5,18950838,19002799,36742.0,PushPop,":batch=dd2702e0cb2a4d2a91df3418ff3222d1 phase=decode requests=4911471bf69b4a0c8fcb7df27f4e64dd,4a33c149f9b84d849224830b7920cf8d,83bc7c63016b44a7bb730cbd52015427,bffdbdea72654f78bfa6ca4ccea58aeb"
0.0,37953381,2,18976690.5,18976690.5,18962093,18991288,20644.0,PushPop,":batch=da919e5df47541308597f5b1f636e2a3 phase=decode requests=4911471bf69b4a0c8fcb7df27f4e64dd,4a33c149f9b84d849224830b7920cf8d,83bc7c63016b44a7bb730cbd52015427,bffdbdea72654f78bfa6ca4ccea58aeb"
0.0,37952672,2,18976336.0,18976336.0,18949188,19003484,38393.1,PushPop,":batch=49bdeae66fc1429da24aba39fefba847 phase=decode requests=4911471bf69b4a0c8fcb7df27f4e64dd,4a33c149f9b84d849224830b7920cf8d,83bc7c63016b44a7bb730cbd52015427,bffdbdea72654f78bfa6ca4ccea58aeb"
0.0,37952312,2,18976156.0,18976156.0,18951070,19001242,35477.0,PushPop,":batch=f46153d8b7654b8196d1836db61fe76c phase=decode requests=4911471bf69b4a0c8fcb7df27f4e64dd,4a33c149f9b84d849224830b7920cf8d,83bc7c63016b44a7bb730cbd52015427,bffdbdea72654f78bfa6ca4ccea58aeb"
0.0,37951723,2,18975861.5,18975861.5,18948185,19003538,39140.5,PushPop,":batch=2a6bdf9870384e05af9292c6b81c7b2c phase=decode requests=4911471bf69b4a0c8fcb7df27f4e64dd,4a33c149f9b84d849224830b7920cf8d,83bc7c63016b44a7bb730cbd52015427,bffdbdea72654f78bfa6ca4ccea58aeb"
0.0,37951197,2,18975598.5,18975598.5,18945621,19005576,42394.6,PushPop,":batch=4123efe3f72341e991c2a88d545a08f6 phase=decode requests=4911471bf69b4a0c8fcb7df27f4e64dd,4a33c149f9b84d849224830b7920cf8d,83bc7c63016b44a7bb730cbd52015427,bffdbdea72654f78bfa6ca4ccea58aeb"
0.0,37951088,2,18975544.0,18975544.0,18947569,19003519,39562.6,PushPop,":batch=b22d5c417e1244da81524bef031a301b phase=decode requests=4911471bf69b4a0c8fcb7df27f4e64dd,4a33c149f9b84d849224830b7920cf8d,83bc7c63016b44a7bb730cbd52015427,bffdbdea72654f78bfa6ca4ccea58aeb"
0.0,37950046,2,18975023.0,18975023.0,18958197,18991849,23795.6,PushPop,":batch=110df4ae694845fd893105629bdbd505 phase=decode requests=4911471bf69b4a0c8fcb7df27f4e64dd,4a33c149f9b84d849224830b7920cf8d,83bc7c63016b44a7bb730cbd52015427,bffdbdea72654f78bfa6ca4ccea58aeb"
0.0,37949957,2,18974978.5,18974978.5,18964929,18985028,14212.1,PushPop,":batch=06bf9874be5c4e48b0982455ed45b864 phase=decode requests=4911471bf69b4a0c8fcb7df27f4e64dd,4a33c149f9b84d849224830b7920cf8d,83bc7c63016b44a7bb730cbd52015427,bffdbdea72654f78bfa6ca4ccea58aeb"
0.0,37948295,2,18974147.5,18974147.5,18950302,18997993,33722.6,PushPop,":batch=d36bd428b15b422ebc389abd76adfd2b phase=decode requests=4911471bf69b4a0c8fcb7df27f4e64dd,4a33c149f9b84d849224830b7920cf8d,83bc7c63016b44a7bb730cbd52015427,bffdbdea72654f78bfa6ca4ccea58aeb"
0.0,37947331,2,18973665.5,18973665.5,18946787,19000544,38011.9,PushPop,":batch=e538bdc7c47041fd825bdecc2694258a phase=decode requests=4911471bf69b4a0c8fcb7df27f4e64dd,4a33c149f9b84d849224830b7920cf8d,83bc7c63016b44a7bb730cbd52015427,bffdbdea72654f78bfa6ca4ccea58aeb"
0.0,37944658,2,18972329.0,18972329.0,18944841,18999817,38873.9,PushPop,":batch=823448b606ca4a8cac2272d6710d0400 phase=decode requests=4911471bf69b4a0c8fcb7df27f4e64dd,4a33c149f9b84d849224830b7920cf8d,83bc7c63016b44a7bb730cbd52015427,bffdbdea72654f78bfa6ca4ccea58aeb"
0.0,37943675,2,18971837.5,18971837.5,18942470,19001205,41531.9,PushPop,":batch=afd4cf8190cf4e6db6efe3827ab1175b phase=decode requests=4911471bf69b4a0c8fcb7df27f4e64dd,4a33c149f9b84d849224830b7920cf8d,83bc7c63016b44a7bb730cbd52015427,bffdbdea72654f78bfa6ca4ccea58aeb"
0.0,37943608,2,18971804.0,18971804.0,18945351,18998257,37410.2,PushPop,":batch=196719de29c3466594ac259220308dec phase=decode requests=399c9677f6e44195897e25ec5ce1daa1,422bf3769b9f45beb57c62f13989c6e8,3255e14c8cb54f1cbdd701ebd201f7b8,a8d52d0acece4573abce53495dc615f9"
0.0,37943545,2,18971772.5,18971772.5,18944975,18998570,37897.4,PushPop,":batch=821629d8a54d4126b9facf537f3cdf91 phase=decode requests=4911471bf69b4a0c8fcb7df27f4e64dd,4a33c149f9b84d849224830b7920cf8d,83bc7c63016b44a7bb730cbd52015427,bffdbdea72654f78bfa6ca4ccea58aeb"
0.0,37943269,2,18971634.5,18971634.5,18959673,18983596,16916.1,PushPop,":batch=c471858dc46a46a9a7443e4e3e88f1f6 phase=decode requests=4911471bf69b4a0c8fcb7df27f4e64dd,4a33c149f9b84d849224830b7920cf8d,83bc7c63016b44a7bb730cbd52015427,bffdbdea72654f78bfa6ca4ccea58aeb"
0.0,37943124,2,18971562.0,18971562.0,18956229,18986895,21684.1,PushPop,:batch=5fc18204988c4a5b9047a081ecfdcd22 phase=decode requests=8de7c5b04b184d1cbc3645195ef60a7d
0.0,37942983,2,18971491.5,18971491.5,18955081,18987902,23208.0,PushPop,":batch=5bd535163a2841278674b57b1e78d3d1 phase=decode requests=4911471bf69b4a0c8fcb7df27f4e64dd,4a33c149f9b84d849224830b7920cf8d,83bc7c63016b44a7bb730cbd52015427,bffdbdea72654f78bfa6ca4ccea58aeb"
0.0,37942145,2,18971072.5,18971072.5,18945411,18996734,36290.8,PushPop,":batch=02cd0b9c76514cdfb5f0a0098dc7ee26 phase=decode requests=4911471bf69b4a0c8fcb7df27f4e64dd,4a33c149f9b84d849224830b7920cf8d,83bc7c63016b44a7bb730cbd52015427,bffdbdea72654f78bfa6ca4ccea58aeb"
0.0,37942051,2,18971025.5,18971025.5,18949434,18992617,30535.0,PushPop,":batch=ab2b16f0b15745dc9f03d761f4fac293 phase=decode requests=4911471bf69b4a0c8fcb7df27f4e64dd,4a33c149f9b84d849224830b7920cf8d,83bc7c63016b44a7bb730cbd52015427,bffdbdea72654f78bfa6ca4ccea58aeb"
0.0,37941372,2,18970686.0,18970686.0,18940462,19000910,42743.2,PushPop,":batch=85dac29c1a754c69a6a23f14ddec80b9 phase=decode requests=399c9677f6e44195897e25ec5ce1daa1,422bf3769b9f45beb57c62f13989c6e8,3255e14c8cb54f1cbdd701ebd201f7b8,a8d52d0acece4573abce53495dc615f9"
0.0,37941346,2,18970673.0,18970673.0,18946406,18994940,34318.7,PushPop,":batch=42405e3e41274b788f4a96e86a800dac phase=decode requests=4911471bf69b4a0c8fcb7df27f4e64dd,4a33c149f9b84d849224830b7920cf8d,83bc7c63016b44a7bb730cbd52015427,bffdbdea72654f78bfa6ca4ccea58aeb"
0.0,37940643,2,18970321.5,18970321.5,18946821,18993822,33234.7,PushPop,":batch=eb078a5b616a43a58b880a46283d1d7e phase=decode requests=4911471bf69b4a0c8fcb7df27f4e64dd,4a33c149f9b84d849224830b7920cf8d,83bc7c63016b44a7bb730cbd52015427,bffdbdea72654f78bfa6ca4ccea58aeb"
0.0,37939517,2,18969758.5,18969758.5,18948974,18990543,29393.7,PushPop,":batch=4d02ba3a7cdc4b769015a24976d39b88 phase=decode requests=4911471bf69b4a0c8fcb7df27f4e64dd,4a33c149f9b84d849224830b7920cf8d,83bc7c63016b44a7bb730cbd52015427,bffdbdea72654f78bfa6ca4ccea58aeb"
0.0,37939404,2,18969702.0,18969702.0,18939247,19000157,43069.9,PushPop,":batch=c9090174fc0d43148aa05774a21e1a2d phase=decode requests=4911471bf69b4a0c8fcb7df27f4e64dd,4a33c149f9b84d849224830b7920cf8d,83bc7c63016b44a7bb730cbd52015427,bffdbdea72654f78bfa6ca4ccea58aeb"
0.0,37939206,2,18969603.0,18969603.0,18942792,18996414,37916.5,PushPop,":batch=4db0809abc294e4db6f4a7434727eed8 phase=decode requests=4911471bf69b4a0c8fcb7df27f4e64dd,4a33c149f9b84d849224830b7920cf8d,83bc7c63016b44a7bb730cbd52015427,bffdbdea72654f78bfa6ca4ccea58aeb"
0.0,37938223,2,18969111.5,18969111.5,18944698,18993525,34525.9,PushPop,":batch=435f7cc915bf43a38e2691836bc5bbc6 phase=decode requests=4911471bf69b4a0c8fcb7df27f4e64dd,4a33c149f9b84d849224830b7920cf8d,83bc7c63016b44a7bb730cbd52015427,bffdbdea72654f78bfa6ca4ccea58aeb"
0.0,37938057,2,18969028.5,18969028.5,18944945,18993112,34059.2,PushPop,":batch=be7cbd8e35a441288bcf192abf0219a2 phase=decode requests=4911471bf69b4a0c8fcb7df27f4e64dd,4a33c149f9b84d849224830b7920cf8d,83bc7c63016b44a7bb730cbd52015427,bffdbdea72654f78bfa6ca4ccea58aeb"
0.0,37937374,2,18968687.0,18968687.0,18931545,19005829,52526.7,PushPop,":batch=b7630a1718da4f4c947f3780f4069d7a phase=decode requests=399c9677f6e44195897e25ec5ce1daa1,422bf3769b9f45beb57c62f13989c6e8,3255e14c8cb54f1cbdd701ebd201f7b8,a8d52d0acece4573abce53495dc615f9"
0.0,37937127,2,18968563.5,18968563.5,18943323,18993804,35695.5,PushPop,":batch=055fbfe3b5be460789d949e526cd5b9e phase=decode requests=4911471bf69b4a0c8fcb7df27f4e64dd,4a33c149f9b84d849224830b7920cf8d,83bc7c63016b44a7bb730cbd52015427,bffdbdea72654f78bfa6ca4ccea58aeb"
0.0,37936905,2,18968452.5,18968452.5,18948794,18988111,27801.3,PushPop,":batch=f5364a7dfa924122b7c5848bde8205e7 phase=decode requests=4911471bf69b4a0c8fcb7df27f4e64dd,4a33c149f9b84d849224830b7920cf8d,83bc7c63016b44a7bb730cbd52015427,bffdbdea72654f78bfa6ca4ccea58aeb"
0.0,37936904,2,18968452.0,18968452.0,18947264,18989640,29964.4,PushPop,":batch=8c9bee2676f245129faf30ed98bb3fc5 phase=decode requests=4911471bf69b4a0c8fcb7df27f4e64dd,4a33c149f9b84d849224830b7920cf8d,83bc7c63016b44a7bb730cbd52015427,bffdbdea72654f78bfa6ca4ccea58aeb"
0.0,37936898,2,18968449.0,18968449.0,18952472,18984426,22594.9,PushPop,":batch=be42d8c36532402aa266b5cb9a7b7d3d phase=decode requests=4911471bf69b4a0c8fcb7df27f4e64dd,4a33c149f9b84d849224830b7920cf8d,83bc7c63016b44a7bb730cbd52015427,bffdbdea72654f78bfa6ca4ccea58aeb"
0.0,37936417,2,18968208.5,18968208.5,18943541,18992876,34885.1,PushPop,":batch=44d64e299f8e480582667c5521eb1dfb phase=decode requests=4911471bf69b4a0c8fcb7df27f4e64dd,4a33c149f9b84d849224830b7920cf8d,83bc7c63016b44a7bb730cbd52015427,bffdbdea72654f78bfa6ca4ccea58aeb"
0.0,37936316,2,18968158.0,18968158.0,18949632,18986684,26199.7,PushPop,":batch=5e7e56daa8494aa19942be4676393955 phase=decode requests=4911471bf69b4a0c8fcb7df27f4e64dd,4a33c149f9b84d849224830b7920cf8d,83bc7c63016b44a7bb730cbd52015427,bffdbdea72654f78bfa6ca4ccea58aeb"
0.0,37936119,2,18968059.5,18968059.5,18934245,19001874,47820.9,PushPop,":batch=afb7817f7bfe4bf1b734f46d0ade929b phase=decode requests=4911471bf69b4a0c8fcb7df27f4e64dd,4a33c149f9b84d849224830b7920cf8d,83bc7c63016b44a7bb730cbd52015427,bffdbdea72654f78bfa6ca4ccea58aeb"
0.0,37935856,2,18967928.0,18967928.0,18935979,18999877,45182.7,PushPop,":batch=b6b3770dbf334a0087993cef31411cd4 phase=decode requests=4911471bf69b4a0c8fcb7df27f4e64dd,4a33c149f9b84d849224830b7920cf8d,83bc7c63016b44a7bb730cbd52015427,bffdbdea72654f78bfa6ca4ccea58aeb"
0.0,37935842,2,18967921.0,18967921.0,18925846,19009996,59503.0,PushPop,":batch=bbf7d59b8b65406ab918b52449add723 phase=decode requests=4911471bf69b4a0c8fcb7df27f4e64dd,4a33c149f9b84d849224830b7920cf8d,83bc7c63016b44a7bb730cbd52015427,bffdbdea72654f78bfa6ca4ccea58aeb"
0.0,37935024,2,18967512.0,18967512.0,18912828,19022196,77334.9,PushPop,":batch=5cd464f3870e42a59632d55acf3c8fbb phase=decode requests=7aa4ba8d31af45f58706a52eb0ad3328,baabce1b18024e189120c512bc680496,046f00cf0a7d4816a65a9b0acad7230b,46ac3b484ea545d181b2d3e8af73623f"
0.0,37934751,2,18967375.5,18967375.5,18948376,18986375,26869.4,PushPop,":batch=42008ee832a54b41b726ccafe2e692b6 phase=decode requests=4911471bf69b4a0c8fcb7df27f4e64dd,4a33c149f9b84d849224830b7920cf8d,83bc7c63016b44a7bb730cbd52015427,bffdbdea72654f78bfa6ca4ccea58aeb"
0.0,37934225,2,18967112.5,18967112.5,18939941,18994284,38426.3,PushPop,":batch=d3a24c7607fa48029cf38e8fa56863a3 phase=decode requests=4911471bf69b4a0c8fcb7df27f4e64dd,4a33c149f9b84d849224830b7920cf8d,83bc7c63016b44a7bb730cbd52015427,bffdbdea72654f78bfa6ca4ccea58aeb"
0.0,37933608,2,18966804.0,18966804.0,18935037,18998571,44925.3,PushPop,":batch=3de9ad7a07ca4dd9b1a7b90849dcaba8 phase=decode requests=4911471bf69b4a0c8fcb7df27f4e64dd,4a33c149f9b84d849224830b7920cf8d,83bc7c63016b44a7bb730cbd52015427,bffdbdea72654f78bfa6ca4ccea58aeb"
0.0,37933000,2,18966500.0,18966500.0,18931819,19001181,49046.3,PushPop,":batch=08ff9451dafb4f7db5d1744258389337 phase=decode requests=4911471bf69b4a0c8fcb7df27f4e64dd,4a33c149f9b84d849224830b7920cf8d,83bc7c63016b44a7bb730cbd52015427,bffdbdea72654f78bfa6ca4ccea58aeb"
0.0,37931937,2,18965968.5,18965968.5,18939690,18992247,37163.4,PushPop,":batch=cec62cc6224a4b29b96732f695f6d2de phase=decode requests=4911471bf69b4a0c8fcb7df27f4e64dd,4a33c149f9b84d849224830b7920cf8d,83bc7c63016b44a7bb730cbd52015427,bffdbdea72654f78bfa6ca4ccea58aeb"
0.0,37931871,2,18965935.5,18965935.5,18930205,19001666,50530.6,PushPop,":batch=a8abf8869917470daab21ead03bda2e3 phase=decode requests=7aa4ba8d31af45f58706a52eb0ad3328,baabce1b18024e189120c512bc680496,046f00cf0a7d4816a65a9b0acad7230b,46ac3b484ea545d181b2d3e8af73623f"
0.0,37931780,2,18965890.0,18965890.0,18945570,18986210,28736.8,PushPop,":batch=e24ea64232fc46feb8f07cbdf45024fd phase=decode requests=4911471bf69b4a0c8fcb7df27f4e64dd,4a33c149f9b84d849224830b7920cf8d,83bc7c63016b44a7bb730cbd52015427,bffdbdea72654f78bfa6ca4ccea58aeb"
0.0,37931635,2,18965817.5,18965817.5,18940099,18991536,36371.5,PushPop,":batch=117d3991abf449b089c5018356947f02 phase=decode requests=4911471bf69b4a0c8fcb7df27f4e64dd,4a33c149f9b84d849224830b7920cf8d,83bc7c63016b44a7bb730cbd52015427,bffdbdea72654f78bfa6ca4ccea58aeb"
0.0,37931560,2,18965780.0,18965780.0,18939772,18991788,36780.9,PushPop,":batch=4fbaff47793841c38f7b6eb7d55da6e7 phase=decode requests=4911471bf69b4a0c8fcb7df27f4e64dd,4a33c149f9b84d849224830b7920cf8d,83bc7c63016b44a7bb730cbd52015427,bffdbdea72654f78bfa6ca4ccea58aeb"
0.0,37931525,2,18965762.5,18965762.5,18907522,19024003,82364.5,PushPop,":batch=b2ca91a5a0c549659abf19d26c0dbb0a phase=decode requests=4911471bf69b4a0c8fcb7df27f4e64dd,4a33c149f9b84d849224830b7920cf8d,83bc7c63016b44a7bb730cbd52015427,bffdbdea72654f78bfa6ca4ccea58aeb"
0.0,37931352,2,18965676.0,18965676.0,18948616,18982736,24126.5,PushPop,":batch=3ce9c86d1cf348ba9b4044c411ce4123 phase=decode requests=4911471bf69b4a0c8fcb7df27f4e64dd,4a33c149f9b84d849224830b7920cf8d,83bc7c63016b44a7bb730cbd52015427,bffdbdea72654f78bfa6ca4ccea58aeb"
0.0,37931246,2,18965623.0,18965623.0,18926809,19004437,54891.3,PushPop,":batch=86b2a420ef734bfb84f08a84ec243d0b phase=decode requests=4911471bf69b4a0c8fcb7df27f4e64dd,4a33c149f9b84d849224830b7920cf8d,83bc7c63016b44a7bb730cbd52015427,bffdbdea72654f78bfa6ca4ccea58aeb"
0.0,37931225,2,18965612.5,18965612.5,18940363,18990862,35708.2,PushPop,:batch=55d72352b03a4d649a9cf45c168890e5 phase=decode requests=8de7c5b04b184d1cbc3645195ef60a7d
0.0,37930705,2,18965352.5,18965352.5,18948897,18981808,23271.6,PushPop,":batch=754b85f1af1246029d173e3c95ab8f7e phase=decode requests=4911471bf69b4a0c8fcb7df27f4e64dd,4a33c149f9b84d849224830b7920cf8d,83bc7c63016b44a7bb730cbd52015427,bffdbdea72654f78bfa6ca4ccea58aeb"
0.0,37930391,2,18965195.5,18965195.5,18943869,18986522,30160.2,PushPop,":batch=067819bfe321477da53c7799936d3f17 phase=decode requests=4911471bf69b4a0c8fcb7df27f4e64dd,4a33c149f9b84d849224830b7920cf8d,83bc7c63016b44a7bb730cbd52015427,bffdbdea72654f78bfa6ca4ccea58aeb"
0.0,37929632,2,18964816.0,18964816.0,18941806,18987826,32541.1,PushPop,":batch=38dc42b3781b4ff1bbac4291a4bb096a phase=decode requests=4911471bf69b4a0c8fcb7df27f4e64dd,4a33c149f9b84d849224830b7920cf8d,83bc7c63016b44a7bb730cbd52015427,bffdbdea72654f78bfa6ca4ccea58aeb"
0.0,37928571,2,18964285.5,18964285.5,18939973,18988598,34383.1,PushPop,":batch=2c2fe684202b4479aeca562753593297 phase=decode requests=4911471bf69b4a0c8fcb7df27f4e64dd,4a33c149f9b84d849224830b7920cf8d,83bc7c63016b44a7bb730cbd52015427,bffdbdea72654f78bfa6ca4ccea58aeb"
0.0,37927854,2,18963927.0,18963927.0,18956529,18971325,10462.4,PushPop,":batch=706e975bf28244a286f557e714419285 phase=decode requests=4911471bf69b4a0c8fcb7df27f4e64dd,4a33c149f9b84d849224830b7920cf8d,83bc7c63016b44a7bb730cbd52015427,bffdbdea72654f78bfa6ca4ccea58aeb"
0.0,37927827,2,18963913.5,18963913.5,18960526,18967301,4790.6,PushPop,":batch=ab3560954bd84c5a89f90f733cd2e9c0 phase=decode requests=4911471bf69b4a0c8fcb7df27f4e64dd,4a33c149f9b84d849224830b7920cf8d,83bc7c63016b44a7bb730cbd52015427,bffdbdea72654f78bfa6ca4ccea58aeb"
0.0,37927577,2,18963788.5,18963788.5,18928838,18998739,49427.5,PushPop,:batch=7e56f68fa3e84a91b0c948e11a963e4e phase=decode requests=8de7c5b04b184d1cbc3645195ef60a7d
0.0,37927306,2,18963653.0,18963653.0,18926101,19001205,53106.5,PushPop,":batch=dadd3b557fbc46c2b2c59663358f994f phase=decode requests=4911471bf69b4a0c8fcb7df27f4e64dd,4a33c149f9b84d849224830b7920cf8d,83bc7c63016b44a7bb730cbd52015427,bffdbdea72654f78bfa6ca4ccea58aeb"
0.0,37926664,2,18963332.0,18963332.0,18948661,18978003,20747.9,PushPop,":batch=51da35ec90194859bd39befa732e13ab phase=decode requests=4911471bf69b4a0c8fcb7df27f4e64dd,4a33c149f9b84d849224830b7920cf8d,83bc7c63016b44a7bb730cbd52015427,bffdbdea72654f78bfa6ca4ccea58aeb"
0.0,37926645,2,18963322.5,18963322.5,18935934,18990711,38733.2,PushPop,":batch=40ae35442fb34a539285db30ab28f369 phase=decode requests=4911471bf69b4a0c8fcb7df27f4e64dd,4a33c149f9b84d849224830b7920cf8d,83bc7c63016b44a7bb730cbd52015427,bffdbdea72654f78bfa6ca4ccea58aeb"
0.0,37926225,2,18963112.5,18963112.5,18944807,18981418,25887.9,PushPop,":batch=24da9b425c224d039082b3deaac09167 phase=decode requests=4911471bf69b4a0c8fcb7df27f4e64dd,4a33c149f9b84d849224830b7920cf8d,83bc7c63016b44a7bb730cbd52015427,bffdbdea72654f78bfa6ca4ccea58aeb"
0.0,37925578,2,18962789.0,18962789.0,18941320,18984258,30361.8,PushPop,":batch=b9123600ab5041a5b982b1cf8038db32 phase=decode requests=4911471bf69b4a0c8fcb7df27f4e64dd,4a33c149f9b84d849224830b7920cf8d,83bc7c63016b44a7bb730cbd52015427,bffdbdea72654f78bfa6ca4ccea58aeb"
0.0,37925388,2,18962694.0,18962694.0,18936909,18988479,36465.5,PushPop,":batch=1fb5c488cf7a4c6a90ee1f0760ed7ab0 phase=decode requests=4911471bf69b4a0c8fcb7df27f4e64dd,4a33c149f9b84d849224830b7920cf8d,83bc7c63016b44a7bb730cbd52015427,bffdbdea72654f78bfa6ca4ccea58aeb"
0.0,37923990,2,18961995.0,18961995.0,18935850,18988140,36974.6,PushPop,":batch=447f9e96c87643a482810440efc8af31 phase=decode requests=4911471bf69b4a0c8fcb7df27f4e64dd,4a33c149f9b84d849224830b7920cf8d,83bc7c63016b44a7bb730cbd52015427,bffdbdea72654f78bfa6ca4ccea58aeb"
0.0,37923570,2,18961785.0,18961785.0,18951448,18972122,14618.7,PushPop,":batch=ea1a5a0bd1724124b5fdff91703a9deb phase=decode requests=4911471bf69b4a0c8fcb7df27f4e64dd,4a33c149f9b84d849224830b7920cf8d,83bc7c63016b44a7bb730cbd52015427,bffdbdea72654f78bfa6ca4ccea58aeb"
0.0,37923360,2,18961680.0,18961680.0,18932157,18991203,41751.8,PushPop,":batch=9342d5ffd84d455da982678237e95f81 phase=decode requests=4911471bf69b4a0c8fcb7df27f4e64dd,4a33c149f9b84d849224830b7920cf8d,83bc7c63016b44a7bb730cbd52015427,bffdbdea72654f78bfa6ca4ccea58aeb"
0.0,37923326,2,18961663.0,18961663.0,18940973,18982353,29260.1,PushPop,":batch=53cd0bdcc4584587b2a820304f2d02e8 phase=decode requests=4911471bf69b4a0c8fcb7df27f4e64dd,4a33c149f9b84d849224830b7920cf8d,83bc7c63016b44a7bb730cbd52015427,bffdbdea72654f78bfa6ca4ccea58aeb"
0.0,37923158,2,18961579.0,18961579.0,18937735,18985423,33720.5,PushPop,":batch=7d9e5cfb8064419eafc51af892de0b22 phase=decode requests=4911471bf69b4a0c8fcb7df27f4e64dd,4a33c149f9b84d849224830b7920cf8d,83bc7c63016b44a7bb730cbd52015427,bffdbdea72654f78bfa6ca4ccea58aeb"
0.0,37923026,2,18961513.0,18961513.0,18932497,18990529,41034.8,PushPop,":batch=8b0a7b4e1a2b4485851336778f697649 phase=decode requests=4911471bf69b4a0c8fcb7df27f4e64dd,4a33c149f9b84d849224830b7920cf8d,83bc7c63016b44a7bb730cbd52015427,bffdbdea72654f78bfa6ca4ccea58aeb"
0.0,37921898,2,18960949.0,18960949.0,18930315,18991583,43323.0,PushPop,":batch=c136539834b546aea4c3f03cd6f011b5 phase=decode requests=4911471bf69b4a0c8fcb7df27f4e64dd,4a33c149f9b84d849224830b7920cf8d,83bc7c63016b44a7bb730cbd52015427,bffdbdea72654f78bfa6ca4ccea58aeb"
0.0,37921889,2,18960944.5,18960944.5,18945101,18976788,22406.1,PushPop,":batch=8efa73784bc446caa55a9e3123da7b1c phase=decode requests=4911471bf69b4a0c8fcb7df27f4e64dd,4a33c149f9b84d849224830b7920cf8d,83bc7c63016b44a7bb730cbd52015427,bffdbdea72654f78bfa6ca4ccea58aeb"
0.0,37920938,2,18960469.0,18960469.0,18937792,18983146,32070.1,PushPop,":batch=927a42962bc048feb04cdcd9c683c4e6 phase=decode requests=4911471bf69b4a0c8fcb7df27f4e64dd,4a33c149f9b84d849224830b7920cf8d,83bc7c63016b44a7bb730cbd52015427,bffdbdea72654f78bfa6ca4ccea58aeb"
0.0,37920921,2,18960460.5,18960460.5,18938731,18982190,30730.2,PushPop,":batch=b1978599047846f6ae0f053d1f060303 phase=decode requests=4911471bf69b4a0c8fcb7df27f4e64dd,4a33c149f9b84d849224830b7920cf8d,83bc7c63016b44a7bb730cbd52015427,bffdbdea72654f78bfa6ca4ccea58aeb"
0.0,37920161,2,18960080.5,18960080.5,18924763,18995398,49946.5,PushPop,":batch=acd7531642f64d3f97bd1e48254537a7 phase=decode requests=4911471bf69b4a0c8fcb7df27f4e64dd,4a33c149f9b84d849224830b7920cf8d,83bc7c63016b44a7bb730cbd52015427,bffdbdea72654f78bfa6ca4ccea58aeb"
0.0,37919991,2,18959995.5,18959995.5,18936633,18983358,33039.6,PushPop,":batch=d291224289574c589e0a0eeb2d1a6cb6 phase=decode requests=4911471bf69b4a0c8fcb7df27f4e64dd,4a33c149f9b84d849224830b7920cf8d,83bc7c63016b44a7bb730cbd52015427,bffdbdea72654f78bfa6ca4ccea58aeb"
0.0,37919707,2,18959853.5,18959853.5,18923123,18996584,51944.8,PushPop,":batch=2711d155c3b24cdbb41d7ef06eb1414a phase=decode requests=399c9677f6e44195897e25ec5ce1daa1,422bf3769b9f45beb57c62f13989c6e8,3255e14c8cb54f1cbdd701ebd201f7b8,a8d52d0acece4573abce53495dc615f9"
0.0,37919613,2,18959806.5,18959806.5,18918205,19001408,58833.4,PushPop,":batch=854917c132014b399ea35a5185cf136e phase=decode requests=4911471bf69b4a0c8fcb7df27f4e64dd,4a33c149f9b84d849224830b7920cf8d,83bc7c63016b44a7bb730cbd52015427,bffdbdea72654f78bfa6ca4ccea58aeb"
0.0,37919328,2,18959664.0,18959664.0,18926702,18992626,46615.3,PushPop,":batch=15f0380d03e445498a5a0bd5add91ed8 phase=decode requests=4911471bf69b4a0c8fcb7df27f4e64dd,4a33c149f9b84d849224830b7920cf8d,83bc7c63016b44a7bb730cbd52015427,bffdbdea72654f78bfa6ca4ccea58aeb"
0.0,37919268,2,18959634.0,18959634.0,18929713,18989555,42314.7,PushPop,":batch=034a1671f2204b66a50aa0a1534ec9d8 phase=decode requests=4911471bf69b4a0c8fcb7df27f4e64dd,4a33c149f9b84d849224830b7920cf8d,83bc7c63016b44a7bb730cbd52015427,bffdbdea72654f78bfa6ca4ccea58aeb"
0.0,37919042,2,18959521.0,18959521.0,18933526,18985516,36762.5,PushPop,":batch=ce42352b5ef541b2a7169eb2b181fe0a phase=decode requests=4911471bf69b4a0c8fcb7df27f4e64dd,4a33c149f9b84d849224830b7920cf8d,83bc7c63016b44a7bb730cbd52015427,bffdbdea72654f78bfa6ca4ccea58aeb"
0.0,37917256,2,18958628.0,18958628.0,18938552,18978704,28391.8,PushPop,":batch=354cbfd644a647a79aa6ecc213e535f1 phase=decode requests=4911471bf69b4a0c8fcb7df27f4e64dd,4a33c149f9b84d849224830b7920cf8d,83bc7c63016b44a7bb730cbd52015427,bffdbdea72654f78bfa6ca4ccea58aeb"
0.0,37917096,2,18958548.0,18958548.0,18932310,18984786,37106.1,PushPop,":batch=b03b1e5f2492407381ccc7eb9c39b350 phase=decode requests=4911471bf69b4a0c8fcb7df27f4e64dd,4a33c149f9b84d849224830b7920cf8d,83bc7c63016b44a7bb730cbd52015427,bffdbdea72654f78bfa6ca4ccea58aeb"
0.0,37917095,2,18958547.5,18958547.5,18930720,18986375,39354.0,PushPop,":batch=ec16bc6733514c62ae29c8c662cf4782 phase=decode requests=4911471bf69b4a0c8fcb7df27f4e64dd,4a33c149f9b84d849224830b7920cf8d,83bc7c63016b44a7bb730cbd52015427,bffdbdea72654f78bfa6ca4ccea58aeb"
0.0,37917042,2,18958521.0,18958521.0,18898737,19018305,84547.3,PushPop,":batch=9cc2c188721c4ad3a0f831d4ba703466 phase=decode requests=4911471bf69b4a0c8fcb7df27f4e64dd,4a33c149f9b84d849224830b7920cf8d,83bc7c63016b44a7bb730cbd52015427,bffdbdea72654f78bfa6ca4ccea58aeb"
0.0,37916948,2,18958474.0,18958474.0,18930215,18986733,39964.3,PushPop,":batch=46239a5a6e9c40cba4c03209d43af209 phase=decode requests=4911471bf69b4a0c8fcb7df27f4e64dd,4a33c149f9b84d849224830b7920cf8d,83bc7c63016b44a7bb730cbd52015427,bffdbdea72654f78bfa6ca4ccea58aeb"
0.0,37916938,2,18958469.0,18958469.0,18933473,18983465,35349.7,PushPop,":batch=cd2eb645256e4452b308a6b9e22c6df1 phase=decode requests=4911471bf69b4a0c8fcb7df27f4e64dd,4a33c149f9b84d849224830b7920cf8d,83bc7c63016b44a7bb730cbd52015427,bffdbdea72654f78bfa6ca4ccea58aeb"
0.0,37916653,2,18958326.5,18958326.5,18940709,18975944,24914.9,PushPop,":batch=3c5eef658bcc466794be4bdc9899909e phase=decode requests=4911471bf69b4a0c8fcb7df27f4e64dd,4a33c149f9b84d849224830b7920cf8d,83bc7c63016b44a7bb730cbd52015427,bffdbdea72654f78bfa6ca4ccea58aeb"
0.0,37916298,2,18958149.0,18958149.0,18939863,18976435,25860.3,PushPop,":batch=73e18f49f751497c948502d5db32cddb phase=decode requests=4911471bf69b4a0c8fcb7df27f4e64dd,4a33c149f9b84d849224830b7920cf8d,83bc7c63016b44a7bb730cbd52015427,bffdbdea72654f78bfa6ca4ccea58aeb"
0.0,37916198,2,18958099.0,18958099.0,18937686,18978512,28868.3,PushPop,":batch=46810879822c44a2beb2164b894e515b phase=decode requests=4911471bf69b4a0c8fcb7df27f4e64dd,4a33c149f9b84d849224830b7920cf8d,83bc7c63016b44a7bb730cbd52015427,bffdbdea72654f78bfa6ca4ccea58aeb"
0.0,37915998,2,18957999.0,18957999.0,18936692,18979306,30132.6,PushPop,":batch=6bc53f21d26d4e7ebbe95a2d69bf7168 phase=decode requests=4911471bf69b4a0c8fcb7df27f4e64dd,4a33c149f9b84d849224830b7920cf8d,83bc7c63016b44a7bb730cbd52015427,bffdbdea72654f78bfa6ca4ccea58aeb"
0.0,37915783,2,18957891.5,18957891.5,18939338,18976445,26238.6,PushPop,:batch=11409a88a0e64525abce4ee626aaead0 phase=decode requests=8de7c5b04b184d1cbc3645195ef60a7d
0.0,37915747,2,18957873.5,18957873.5,18932348,18983399,36098.5,PushPop,":batch=2d01a79fa25e4bf896ac1a14f0c5f126 phase=decode requests=4911471bf69b4a0c8fcb7df27f4e64dd,4a33c149f9b84d849224830b7920cf8d,83bc7c63016b44a7bb730cbd52015427,bffdbdea72654f78bfa6ca4ccea58aeb"
0.0,37915623,2,18957811.5,18957811.5,18925301,18990322,45976.8,PushPop,":batch=78349b3a3a9944fcac28a5dec6608ca2 phase=decode requests=4911471bf69b4a0c8fcb7df27f4e64dd,4a33c149f9b84d849224830b7920cf8d,83bc7c63016b44a7bb730cbd52015427,bffdbdea72654f78bfa6ca4ccea58aeb"
0.0,37915379,2,18957689.5,18957689.5,18917593,18997786,56705.0,PushPop,":batch=51746db2a5044293a6f9377abf7e4f6d phase=decode requests=4911471bf69b4a0c8fcb7df27f4e64dd,4a33c149f9b84d849224830b7920cf8d,83bc7c63016b44a7bb730cbd52015427,bffdbdea72654f78bfa6ca4ccea58aeb"
0.0,37915377,2,18957688.5,18957688.5,18947785,18967592,14005.7,PushPop,":batch=380ba1f386b84349838917e9ba064b27 phase=decode requests=4911471bf69b4a0c8fcb7df27f4e64dd,4a33c149f9b84d849224830b7920cf8d,83bc7c63016b44a7bb730cbd52015427,bffdbdea72654f78bfa6ca4ccea58aeb"
0.0,37914622,2,18957311.0,18957311.0,18940666,18973956,23539.6,PushPop,":batch=3a26baa7195843c1a63184c868453efd phase=decode requests=4911471bf69b4a0c8fcb7df27f4e64dd,4a33c149f9b84d849224830b7920cf8d,83bc7c63016b44a7bb730cbd52015427,bffdbdea72654f78bfa6ca4ccea58aeb"
0.0,37914544,2,18957272.0,18957272.0,18934941,18979603,31580.8,PushPop,":batch=6d7ffe837afe4c838c08c0bea9c92fcf phase=decode requests=4911471bf69b4a0c8fcb7df27f4e64dd,4a33c149f9b84d849224830b7920cf8d,83bc7c63016b44a7bb730cbd52015427,bffdbdea72654f78bfa6ca4ccea58aeb"
0.0,37914051,2,18957025.5,18957025.5,18937347,18976704,27829.6,PushPop,":batch=cabcc2e27ed44cf5adc5c16f257a2592 phase=decode requests=4911471bf69b4a0c8fcb7df27f4e64dd,4a33c149f9b84d849224830b7920cf8d,83bc7c63016b44a7bb730cbd52015427,bffdbdea72654f78bfa6ca4ccea58aeb"
0.0,37913862,2,18956931.0,18956931.0,18942942,18970920,19783.4,PushPop,":batch=cffc185a961f484690036b53b9a9dabd phase=decode requests=4911471bf69b4a0c8fcb7df27f4e64dd,4a33c149f9b84d849224830b7920cf8d,83bc7c63016b44a7bb730cbd52015427,bffdbdea72654f78bfa6ca4ccea58aeb"
0.0,37913797,2,18956898.5,18956898.5,18932936,18980861,33888.1,PushPop,":batch=c671b6a4cf654a66970250d70c727f0b phase=decode requests=4911471bf69b4a0c8fcb7df27f4e64dd,4a33c149f9b84d849224830b7920cf8d,83bc7c63016b44a7bb730cbd52015427,bffdbdea72654f78bfa6ca4ccea58aeb"
0.0,37913165,2,18956582.5,18956582.5,18924810,18988355,44933.1,PushPop,":batch=f07f2c11268c42668ee6abfda13825cb phase=decode requests=4911471bf69b4a0c8fcb7df27f4e64dd,4a33c149f9b84d849224830b7920cf8d,83bc7c63016b44a7bb730cbd52015427,bffdbdea72654f78bfa6ca4ccea58aeb"
0.0,37912662,2,18956331.0,18956331.0,18935266,18977396,29790.4,PushPop,":batch=b05c910687594c888b68c38c5979b496 phase=decode requests=4911471bf69b4a0c8fcb7df27f4e64dd,4a33c149f9b84d849224830b7920cf8d,83bc7c63016b44a7bb730cbd52015427,bffdbdea72654f78bfa6ca4ccea58aeb"
0.0,37912518,2,18956259.0,18956259.0,18947093,18965425,12962.7,PushPop,:batch=068a9b163eea4df5af05007641a3e9f6 phase=decode requests=c47f16e66de94d7ebc64adfc42386324
0.0,37912451,2,18956225.5,18956225.5,18938444,18974007,25146.8,PushPop,":batch=0b31e7395c244e3eb6fbf8086429f794 phase=decode requests=4911471bf69b4a0c8fcb7df27f4e64dd,4a33c149f9b84d849224830b7920cf8d,83bc7c63016b44a7bb730cbd52015427,bffdbdea72654f78bfa6ca4ccea58aeb"
0.0,37912317,2,18956158.5,18956158.5,18941095,18971222,21303.0,PushPop,":batch=16a6fc76385d45729adc15eafa3e6206 phase=decode requests=4911471bf69b4a0c8fcb7df27f4e64dd,4a33c149f9b84d849224830b7920cf8d,83bc7c63016b44a7bb730cbd52015427,bffdbdea72654f78bfa6ca4ccea58aeb"
0.0,37912252,2,18956126.0,18956126.0,18926699,18985553,41616.1,PushPop,":batch=0a6e37c69d674f26836842b0a59233cf phase=decode requests=4911471bf69b4a0c8fcb7df27f4e64dd,4a33c149f9b84d849224830b7920cf8d,83bc7c63016b44a7bb730cbd52015427,bffdbdea72654f78bfa6ca4ccea58aeb"
0.0,37911315,2,18955657.5,18955657.5,18936596,18974719,26957.0,PushPop,":batch=6dd94a8a40264cf9aa2c7fbeab9aaa86 phase=decode requests=4911471bf69b4a0c8fcb7df27f4e64dd,4a33c149f9b84d849224830b7920cf8d,83bc7c63016b44a7bb730cbd52015427,bffdbdea72654f78bfa6ca4ccea58aeb"
0.0,37911266,2,18955633.0,18955633.0,18939495,18971771,22822.6,PushPop,":batch=6d830433a4c04302937408ae9269fe59 phase=decode requests=4911471bf69b4a0c8fcb7df27f4e64dd,4a33c149f9b84d849224830b7920cf8d,83bc7c63016b44a7bb730cbd52015427,bffdbdea72654f78bfa6ca4ccea58aeb"
0.0,37910457,2,18955228.5,18955228.5,18916045,18994412,55413.8,PushPop,":batch=930277e4d7ad48888b84bccaf0ba7b55 phase=decode requests=4911471bf69b4a0c8fcb7df27f4e64dd,4a33c149f9b84d849224830b7920cf8d,83bc7c63016b44a7bb730cbd52015427,bffdbdea72654f78bfa6ca4ccea58aeb"
0.0,37910198,2,18955099.0,18955099.0,18931189,18979009,33813.8,PushPop,":batch=c3bc27aed5e24f0e9d71d9288c68767f phase=decode requests=4911471bf69b4a0c8fcb7df27f4e64dd,4a33c149f9b84d849224830b7920cf8d,83bc7c63016b44a7bb730cbd52015427,bffdbdea72654f78bfa6ca4ccea58aeb"
0.0,37908353,2,18954176.5,18954176.5,18937694,18970659,23309.8,PushPop,":batch=b083ea1555dd46fabb96b49d4e69ed34 phase=decode requests=4911471bf69b4a0c8fcb7df27f4e64dd,4a33c149f9b84d849224830b7920cf8d,83bc7c63016b44a7bb730cbd52015427,bffdbdea72654f78bfa6ca4ccea58aeb"
0.0,37907603,2,18953801.5,18953801.5,18939051,18968552,20860.4,PushPop,":batch=78047dffeb6d4b35be44f28771a1abcc phase=decode requests=4911471bf69b4a0c8fcb7df27f4e64dd,4a33c149f9b84d849224830b7920cf8d,83bc7c63016b44a7bb730cbd52015427,bffdbdea72654f78bfa6ca4ccea58aeb"
0.0,37907260,2,18953630.0,18953630.0,18935609,18971651,25485.5,PushPop,":batch=4c4d2ec27c4940f0a507d799530c5eb3 phase=decode requests=4911471bf69b4a0c8fcb7df27f4e64dd,4a33c149f9b84d849224830b7920cf8d,83bc7c63016b44a7bb730cbd52015427,bffdbdea72654f78bfa6ca4ccea58aeb"
0.0,37906376,2,18953188.0,18953188.0,18928772,18977604,34529.4,PushPop,":batch=c75ef6a0a91d43819f79564f6f5b13bc phase=decode requests=4911471bf69b4a0c8fcb7df27f4e64dd,4a33c149f9b84d849224830b7920cf8d,83bc7c63016b44a7bb730cbd52015427,bffdbdea72654f78bfa6ca4ccea58aeb"
0.0,37905331,2,18952665.5,18952665.5,18916478,18988853,51176.9,PushPop,":batch=7feff2bf573d4bb5b59fdabfa0ef2b2e phase=decode requests=4911471bf69b4a0c8fcb7df27f4e64dd,4a33c149f9b84d849224830b7920cf8d,83bc7c63016b44a7bb730cbd52015427,bffdbdea72654f78bfa6ca4ccea58aeb"
0.0,37905227,2,18952613.5,18952613.5,18933050,18972177,27667.0,PushPop,":batch=45591f671a084990922501da84392a98 phase=decode requests=399c9677f6e44195897e25ec5ce1daa1,422bf3769b9f45beb57c62f13989c6e8,3255e14c8cb54f1cbdd701ebd201f7b8,a8d52d0acece4573abce53495dc615f9"
0.0,37904627,2,18952313.5,18952313.5,18920034,18984593,45650.1,PushPop,":batch=e0268c040e23406da53bd7d615bea37e phase=decode requests=4911471bf69b4a0c8fcb7df27f4e64dd,4a33c149f9b84d849224830b7920cf8d,83bc7c63016b44a7bb730cbd52015427,bffdbdea72654f78bfa6ca4ccea58aeb"
0.0,37904318,2,18952159.0,18952159.0,18926634,18977684,36097.8,PushPop,":batch=bc1769dedbea4625b084926c15be0373 phase=decode requests=4911471bf69b4a0c8fcb7df27f4e64dd,4a33c149f9b84d849224830b7920cf8d,83bc7c63016b44a7bb730cbd52015427,bffdbdea72654f78bfa6ca4ccea58aeb"
0.0,37903736,2,18951868.0,18951868.0,18912213,18991523,56080.6,PushPop,":batch=f3bd8f800c3c467ea41397e974a2c48c phase=decode requests=4911471bf69b4a0c8fcb7df27f4e64dd,4a33c149f9b84d849224830b7920cf8d,83bc7c63016b44a7bb730cbd52015427,bffdbdea72654f78bfa6ca4ccea58aeb"
0.0,37902244,2,18951122.0,18951122.0,18911878,18990366,55499.4,PushPop,":batch=0afc404361fe4c74a5511fbcc3b9da76 phase=decode requests=399c9677f6e44195897e25ec5ce1daa1,422bf3769b9f45beb57c62f13989c6e8,3255e14c8cb54f1cbdd701ebd201f7b8,a8d52d0acece4573abce53495dc615f9"
0.0,37902188,2,18951094.0,18951094.0,18930022,18972166,29800.3,PushPop,":batch=26141f44eba143b6b8c9f36ec58e6656 phase=decode requests=4911471bf69b4a0c8fcb7df27f4e64dd,4a33c149f9b84d849224830b7920cf8d,83bc7c63016b44a7bb730cbd52015427,bffdbdea72654f78bfa6ca4ccea58aeb"
0.0,37901378,2,18950689.0,18950689.0,18917144,18984234,47439.8,PushPop,":batch=da9a7133dd25495587c471b53728b3ba phase=decode requests=4911471bf69b4a0c8fcb7df27f4e64dd,4a33c149f9b84d849224830b7920cf8d,83bc7c63016b44a7bb730cbd52015427,bffdbdea72654f78bfa6ca4ccea58aeb"
0.0,37900545,2,18950272.5,18950272.5,18919096,18981449,44090.2,PushPop,":batch=76391a4580074248b3cea51238c2fa5f phase=decode requests=4911471bf69b4a0c8fcb7df27f4e64dd,4a33c149f9b84d849224830b7920cf8d,83bc7c63016b44a7bb730cbd52015427,bffdbdea72654f78bfa6ca4ccea58aeb"
0.0,37900123,2,18950061.5,18950061.5,18929964,18970159,28422.2,PushPop,":batch=3cf645c2ae374abf9e0c0c4504887fe6 phase=decode requests=4911471bf69b4a0c8fcb7df27f4e64dd,4a33c149f9b84d849224830b7920cf8d,83bc7c63016b44a7bb730cbd52015427,bffdbdea72654f78bfa6ca4ccea58aeb"
0.0,37899951,2,18949975.5,18949975.5,18931336,18968615,26360.2,PushPop,":batch=7ea5ff3fcf6f4067af768d1c27827e0c phase=decode requests=4911471bf69b4a0c8fcb7df27f4e64dd,4a33c149f9b84d849224830b7920cf8d,83bc7c63016b44a7bb730cbd52015427,bffdbdea72654f78bfa6ca4ccea58aeb"
0.0,37899842,2,18949921.0,18949921.0,18928111,18971731,30844.0,PushPop,:batch=9c1c66e530664618867da6400d02c651 phase=decode requests=8de7c5b04b184d1cbc3645195ef60a7d
0.0,37899833,2,18949916.5,18949916.5,18929849,18969984,28379.7,PushPop,":batch=22f1353a986c42bc8278ed921faf7c76 phase=decode requests=4911471bf69b4a0c8fcb7df27f4e64dd,4a33c149f9b84d849224830b7920cf8d,83bc7c63016b44a7bb730cbd52015427,bffdbdea72654f78bfa6ca4ccea58aeb"
0.0,37899146,2,18949573.0,18949573.0,18904852,18994294,63245.0,PushPop,":batch=eed978b44062497299f1bc68872b8661 phase=decode requests=4911471bf69b4a0c8fcb7df27f4e64dd,4a33c149f9b84d849224830b7920cf8d,83bc7c63016b44a7bb730cbd52015427,bffdbdea72654f78bfa6ca4ccea58aeb"
0.0,37899023,2,18949511.5,18949511.5,18924296,18974727,35660.1,PushPop,":batch=c973929cf38141dda090250ba035cae4 phase=decode requests=4911471bf69b4a0c8fcb7df27f4e64dd,4a33c149f9b84d849224830b7920cf8d,83bc7c63016b44a7bb730cbd52015427,bffdbdea72654f78bfa6ca4ccea58aeb"
0.0,37897593,2,18948796.5,18948796.5,18930756,18966837,25513.1,PushPop,:batch=5f83fc53648942c69a45b47f2be67d49 phase=decode requests=8de7c5b04b184d1cbc3645195ef60a7d
0.0,37897576,2,18948788.0,18948788.0,18902431,18995145,65558.7,PushPop,":batch=407ce0f791ca4ace99155699fe64c041 phase=decode requests=4911471bf69b4a0c8fcb7df27f4e64dd,4a33c149f9b84d849224830b7920cf8d,83bc7c63016b44a7bb730cbd52015427,bffdbdea72654f78bfa6ca4ccea58aeb"
0.0,37897065,2,18948532.5,18948532.5,18890098,19006967,82638.9,PushPop,":batch=51af2b0c65dd4a7aa5abdf631ddd1411 phase=decode requests=4911471bf69b4a0c8fcb7df27f4e64dd,4a33c149f9b84d849224830b7920cf8d,83bc7c63016b44a7bb730cbd52015427,bffdbdea72654f78bfa6ca4ccea58aeb"
0.0,37896607,2,18948303.5,18948303.5,18922107,18974500,37047.4,PushPop,":batch=bf62def081c04618929360c769faaf19 phase=decode requests=4911471bf69b4a0c8fcb7df27f4e64dd,4a33c149f9b84d849224830b7920cf8d,83bc7c63016b44a7bb730cbd52015427,bffdbdea72654f78bfa6ca4ccea58aeb"
0.0,37896450,2,18948225.0,18948225.0,18518593,19377857,607591.4,PushPop,:batch=29cb46af5c974a38acfd151275a2f5c5 phase=decode requests=8de7c5b04b184d1cbc3645195ef60a7d
0.0,37896327,2,18948163.5,18948163.5,18907616,18988711,57342.8,PushPop,":batch=142127e801fa48a0aaa56b69dc0286c1 phase=decode requests=4911471bf69b4a0c8fcb7df27f4e64dd,4a33c149f9b84d849224830b7920cf8d,83bc7c63016b44a7bb730cbd52015427,bffdbdea72654f78bfa6ca4ccea58aeb"
0.0,37896161,2,18948080.5,18948080.5,18922482,18973679,36201.7,PushPop,":batch=af22cb1b6f644343a961c0d15c69f00f phase=decode requests=4911471bf69b4a0c8fcb7df27f4e64dd,4a33c149f9b84d849224830b7920cf8d,83bc7c63016b44a7bb730cbd52015427,bffdbdea72654f78bfa6ca4ccea58aeb"
0.0,37895732,2,18947866.0,18947866.0,18923543,18972189,34397.9,PushPop,":batch=6aee3fae35c74e3ab8ddfee044cc40be phase=decode requests=4911471bf69b4a0c8fcb7df27f4e64dd,4a33c149f9b84d849224830b7920cf8d,83bc7c63016b44a7bb730cbd52015427,bffdbdea72654f78bfa6ca4ccea58aeb"
0.0,37895104,2,18947552.0,18947552.0,18912962,18982142,48917.6,PushPop,":batch=43ed40486a14444c80fd9ce414436884 phase=decode requests=4911471bf69b4a0c8fcb7df27f4e64dd,4a33c149f9b84d849224830b7920cf8d,83bc7c63016b44a7bb730cbd52015427,bffdbdea72654f78bfa6ca4ccea58aeb"
0.0,37894158,2,18947079.0,18947079.0,18490495,19403663,645707.3,PushPop,:batch=b280bbfcee3c40a68ff93040c9b4a832 phase=decode requests=8de7c5b04b184d1cbc3645195ef60a7d
0.0,37893356,2,18946678.0,18946678.0,18918956,18974400,39204.8,PushPop,:batch=266c49452dad4115bd2038a3273e1557 phase=decode requests=8de7c5b04b184d1cbc3645195ef60a7d
0.0,37893243,2,18946621.5,18946621.5,18918741,18974502,39429.0,PushPop,":batch=a22467b065564d2c976f4be379a2459b phase=decode requests=4911471bf69b4a0c8fcb7df27f4e64dd,4a33c149f9b84d849224830b7920cf8d,83bc7c63016b44a7bb730cbd52015427,bffdbdea72654f78bfa6ca4ccea58aeb"
0.0,37892511,2,18946255.5,18946255.5,18918236,18974275,39625.6,PushPop,":batch=88d641f3eeff4961beaf38178be17e22 phase=decode requests=4911471bf69b4a0c8fcb7df27f4e64dd,4a33c149f9b84d849224830b7920cf8d,83bc7c63016b44a7bb730cbd52015427,bffdbdea72654f78bfa6ca4ccea58aeb"
0.0,37892426,2,18946213.0,18946213.0,18923112,18969314,32669.7,PushPop,":batch=43738ef6d18547adbce821dbd618402f phase=decode requests=4911471bf69b4a0c8fcb7df27f4e64dd,4a33c149f9b84d849224830b7920cf8d,83bc7c63016b44a7bb730cbd52015427,bffdbdea72654f78bfa6ca4ccea58aeb"
0.0,37892425,2,18946212.5,18946212.5,18926031,18966394,28541.0,PushPop,:batch=3ad7a63dcd9142fd95a6003b4ae84181 phase=decode requests=8de7c5b04b184d1cbc3645195ef60a7d
0.0,37892284,2,18946142.0,18946142.0,18921605,18970679,34700.6,PushPop,":batch=8ce185c49e79409b99593edcd7d1e6bc phase=decode requests=4911471bf69b4a0c8fcb7df27f4e64dd,4a33c149f9b84d849224830b7920cf8d,83bc7c63016b44a7bb730cbd52015427,bffdbdea72654f78bfa6ca4ccea58aeb"
0.0,37891791,2,18945895.5,18945895.5,18906591,18985200,55585.0,PushPop,:batch=9ccf525b6fbe44debbca396e47a077d6 phase=decode requests=8de7c5b04b184d1cbc3645195ef60a7d
0.0,37891136,2,18945568.0,18945568.0,18910391,18980745,49747.8,PushPop,":batch=f2472d96e09a4cbbbb611b6829276021 phase=decode requests=4911471bf69b4a0c8fcb7df27f4e64dd,4a33c149f9b84d849224830b7920cf8d,83bc7c63016b44a7bb730cbd52015427,bffdbdea72654f78bfa6ca4ccea58aeb"
0.0,37891022,2,18945511.0,18945511.0,18899357,18991665,65271.6,PushPop,:batch=f86d5c1906914fff913b346979cf4e20 phase=decode requests=c47f16e66de94d7ebc64adfc42386324
0.0,37890736,2,18945368.0,18945368.0,18919504,18971232,36577.2,PushPop,":batch=21f57761a66f44fcb471f44179c03856 phase=decode requests=4911471bf69b4a0c8fcb7df27f4e64dd,4a33c149f9b84d849224830b7920cf8d,83bc7c63016b44a7bb730cbd52015427,bffdbdea72654f78bfa6ca4ccea58aeb"
0.0,37890660,2,18945330.0,18945330.0,18922968,18967692,31624.6,PushPop,":batch=521a3fde3dc542b4ad324b48573398d7 phase=decode requests=4911471bf69b4a0c8fcb7df27f4e64dd,4a33c149f9b84d849224830b7920cf8d,83bc7c63016b44a7bb730cbd52015427,bffdbdea72654f78bfa6ca4ccea58aeb"
0.0,37889790,2,18944895.0,18944895.0,18913196,18976594,44829.2,PushPop,":batch=1c9cc03554a046d792175cd11c81aa91 phase=decode requests=4911471bf69b4a0c8fcb7df27f4e64dd,4a33c149f9b84d849224830b7920cf8d,83bc7c63016b44a7bb730cbd52015427,bffdbdea72654f78bfa6ca4ccea58aeb"
0.0,37889287,2,18944643.5,18944643.5,18927248,18962039,24601.0,PushPop,":batch=3a621d26f68d40bfbc9e1ac607407a5d phase=decode requests=4911471bf69b4a0c8fcb7df27f4e64dd,4a33c149f9b84d849224830b7920cf8d,83bc7c63016b44a7bb730cbd52015427,bffdbdea72654f78bfa6ca4ccea58aeb"
0.0,37888758,2,18944379.0,18944379.0,18902958,18985800,58578.1,PushPop,":batch=38c1bf3e3e52403588b80d796cd2385c phase=decode requests=4911471bf69b4a0c8fcb7df27f4e64dd,4a33c149f9b84d849224830b7920cf8d,83bc7c63016b44a7bb730cbd52015427,bffdbdea72654f78bfa6ca4ccea58aeb"
0.0,37888369,2,18944184.5,18944184.5,18912057,18976312,45435.1,PushPop,":batch=52b24b18c39440768b997e3953a02407 phase=decode requests=4911471bf69b4a0c8fcb7df27f4e64dd,4a33c149f9b84d849224830b7920cf8d,83bc7c63016b44a7bb730cbd52015427,bffdbdea72654f78bfa6ca4ccea58aeb"
0.0,37888005,2,18944002.5,18944002.5,18902362,18985643,58888.6,PushPop,":batch=8761fbb4ec1e4b7fb172935e8a13408f phase=decode requests=4911471bf69b4a0c8fcb7df27f4e64dd,4a33c149f9b84d849224830b7920cf8d,83bc7c63016b44a7bb730cbd52015427,bffdbdea72654f78bfa6ca4ccea58aeb"
0.0,37887192,2,18943596.0,18943596.0,18915286,18971906,40036.4,PushPop,":batch=53204998b7484ed1ab93156771950847 phase=decode requests=4911471bf69b4a0c8fcb7df27f4e64dd,4a33c149f9b84d849224830b7920cf8d,83bc7c63016b44a7bb730cbd52015427,bffdbdea72654f78bfa6ca4ccea58aeb"
0.0,37885841,2,18942920.5,18942920.5,18920032,18965809,32369.2,PushPop,":batch=b440b0863edf4890a42c40378474cbb2 phase=decode requests=4911471bf69b4a0c8fcb7df27f4e64dd,4a33c149f9b84d849224830b7920cf8d,83bc7c63016b44a7bb730cbd52015427,bffdbdea72654f78bfa6ca4ccea58aeb"
0.0,37885195,2,18942597.5,18942597.5,18892547,18992648,70782.1,PushPop,":batch=5be91b16f0ee49b2aac6a96ebf118dd5 phase=decode requests=4911471bf69b4a0c8fcb7df27f4e64dd,4a33c149f9b84d849224830b7920cf8d,83bc7c63016b44a7bb730cbd52015427,bffdbdea72654f78bfa6ca4ccea58aeb"
0.0,37884494,2,18942247.0,18942247.0,18922965,18961529,27268.9,PushPop,":batch=77c5cee5eb36493481629edde980bb47 phase=decode requests=4911471bf69b4a0c8fcb7df27f4e64dd,4a33c149f9b84d849224830b7920cf8d,83bc7c63016b44a7bb730cbd52015427,bffdbdea72654f78bfa6ca4ccea58aeb"
0.0,37884238,2,18942119.0,18942119.0,18919260,18964978,32327.5,PushPop,":batch=54e9a98b79dd490ca209a84879078c87 phase=decode requests=4911471bf69b4a0c8fcb7df27f4e64dd,4a33c149f9b84d849224830b7920cf8d,83bc7c63016b44a7bb730cbd52015427,bffdbdea72654f78bfa6ca4ccea58aeb"
0.0,37884210,2,18942105.0,18942105.0,18919001,18965209,32674.0,PushPop,":batch=a6c008748776458b9f08ee06d9e54646 phase=decode requests=4911471bf69b4a0c8fcb7df27f4e64dd,4a33c149f9b84d849224830b7920cf8d,83bc7c63016b44a7bb730cbd52015427,bffdbdea72654f78bfa6ca4ccea58aeb"
0.0,37884196,2,18942098.0,18942098.0,18928660,18955536,19004.2,PushPop,":batch=4605c8ef366944858bd4a537e8f2fe0e phase=decode requests=4911471bf69b4a0c8fcb7df27f4e64dd,4a33c149f9b84d849224830b7920cf8d,83bc7c63016b44a7bb730cbd52015427,bffdbdea72654f78bfa6ca4ccea58aeb"
0.0,37884086,2,18942043.0,18942043.0,18919113,18964973,32427.9,PushPop,":batch=45c83b409e8c431fb5242d39bff930bd phase=decode requests=4911471bf69b4a0c8fcb7df27f4e64dd,4a33c149f9b84d849224830b7920cf8d,83bc7c63016b44a7bb730cbd52015427,bffdbdea72654f78bfa6ca4ccea58aeb"
0.0,37883934,2,18941967.0,18941967.0,18916331,18967603,36254.8,PushPop,":batch=e2bfa5bdbab14432bb512d106cec5c86 phase=decode requests=4911471bf69b4a0c8fcb7df27f4e64dd,4a33c149f9b84d849224830b7920cf8d,83bc7c63016b44a7bb730cbd52015427,bffdbdea72654f78bfa6ca4ccea58aeb"
0.0,37883742,2,18941871.0,18941871.0,18918614,18965128,32890.4,PushPop,:batch=94e881c8a16846cd83441e53649a34f2 phase=decode requests=8de7c5b04b184d1cbc3645195ef60a7d
0.0,37883335,2,18941667.5,18941667.5,18916851,18966484,35095.8,PushPop,":batch=c83656b1705445d0aab67684c75efa79 phase=decode requests=4911471bf69b4a0c8fcb7df27f4e64dd,4a33c149f9b84d849224830b7920cf8d,83bc7c63016b44a7bb730cbd52015427,bffdbdea72654f78bfa6ca4ccea58aeb"
0.0,37883286,2,18941643.0,18941643.0,18927263,18956023,20336.4,PushPop,":batch=47eb292438a748d3a089bcda270a7895 phase=decode requests=4911471bf69b4a0c8fcb7df27f4e64dd,4a33c149f9b84d849224830b7920cf8d,83bc7c63016b44a7bb730cbd52015427,bffdbdea72654f78bfa6ca4ccea58aeb"
0.0,37881993,2,18940996.5,18940996.5,18906878,18975115,48250.8,PushPop,":batch=0de5228caf034b58a8e4ee0f06de12b9 phase=decode requests=4911471bf69b4a0c8fcb7df27f4e64dd,4a33c149f9b84d849224830b7920cf8d,83bc7c63016b44a7bb730cbd52015427,bffdbdea72654f78bfa6ca4ccea58aeb"
0.0,37881089,2,18940544.5,18940544.5,18905944,18975145,48932.5,PushPop,":batch=35870d64828e47d5a552649f7cceb873 phase=decode requests=4911471bf69b4a0c8fcb7df27f4e64dd,4a33c149f9b84d849224830b7920cf8d,83bc7c63016b44a7bb730cbd52015427,bffdbdea72654f78bfa6ca4ccea58aeb"
0.0,37880564,2,18940282.0,18940282.0,18920985,18959579,27290.1,PushPop,":batch=c9d667de3789483fa5102d2d34de68bc phase=decode requests=4911471bf69b4a0c8fcb7df27f4e64dd,4a33c149f9b84d849224830b7920cf8d,83bc7c63016b44a7bb730cbd52015427,bffdbdea72654f78bfa6ca4ccea58aeb"
0.0,37879625,2,18939812.5,18939812.5,18898694,18980931,58150.3,PushPop,":batch=2938006b0eec48508a41f1ac2c701caa phase=decode requests=399c9677f6e44195897e25ec5ce1daa1,422bf3769b9f45beb57c62f13989c6e8,3255e14c8cb54f1cbdd701ebd201f7b8,a8d52d0acece4573abce53495dc615f9"
0.0,37879043,2,18939521.5,18939521.5,18904613,18974430,49368.1,PushPop,":batch=61f1aa240a214bbeb4cf8ecc1c427810 phase=decode requests=4911471bf69b4a0c8fcb7df27f4e64dd,4a33c149f9b84d849224830b7920cf8d,83bc7c63016b44a7bb730cbd52015427,bffdbdea72654f78bfa6ca4ccea58aeb"
0.0,37878852,2,18939426.0,18939426.0,18917481,18961371,31034.9,PushPop,":batch=58be8d0584954ee198f88d6ddad08a0e phase=decode requests=4911471bf69b4a0c8fcb7df27f4e64dd,4a33c149f9b84d849224830b7920cf8d,83bc7c63016b44a7bb730cbd52015427,bffdbdea72654f78bfa6ca4ccea58aeb"
0.0,37878762,2,18939381.0,18939381.0,18920728,18958034,26379.3,PushPop,":batch=e668dbd3cd354ac6ac5f34daa59aaf10 phase=decode requests=4911471bf69b4a0c8fcb7df27f4e64dd,4a33c149f9b84d849224830b7920cf8d,83bc7c63016b44a7bb730cbd52015427,bffdbdea72654f78bfa6ca4ccea58aeb"
0.0,37878418,2,18939209.0,18939209.0,18909405,18969013,42149.2,PushPop,":batch=76ca14e858434f7d8d61a798b5ce2c85 phase=decode requests=4911471bf69b4a0c8fcb7df27f4e64dd,4a33c149f9b84d849224830b7920cf8d,83bc7c63016b44a7bb730cbd52015427,bffdbdea72654f78bfa6ca4ccea58aeb"
0.0,37878346,2,18939173.0,18939173.0,18912072,18966274,38326.6,PushPop,":batch=e78a962374e448f290cb8b55ee3cc0c9 phase=decode requests=4911471bf69b4a0c8fcb7df27f4e64dd,4a33c149f9b84d849224830b7920cf8d,83bc7c63016b44a7bb730cbd52015427,bffdbdea72654f78bfa6ca4ccea58aeb"
0.0,37877865,2,18938932.5,18938932.5,18918953,18958912,28255.3,PushPop,":batch=310b874266b6441b98d0cf18d3ad8323 phase=decode requests=4911471bf69b4a0c8fcb7df27f4e64dd,4a33c149f9b84d849224830b7920cf8d,83bc7c63016b44a7bb730cbd52015427,bffdbdea72654f78bfa6ca4ccea58aeb"
0.0,37877526,2,18938763.0,18938763.0,18901862,18975664,52185.9,PushPop,":batch=bc30ed4f8df34a94829b515b1e8fe3d1 phase=decode requests=4911471bf69b4a0c8fcb7df27f4e64dd,4a33c149f9b84d849224830b7920cf8d,83bc7c63016b44a7bb730cbd52015427,bffdbdea72654f78bfa6ca4ccea58aeb"
0.0,37877367,2,18938683.5,18938683.5,18911135,18966232,38959.5,PushPop,":batch=b19c7ea128a5416f99c9046c0b42c9a9 phase=decode requests=4911471bf69b4a0c8fcb7df27f4e64dd,4a33c149f9b84d849224830b7920cf8d,83bc7c63016b44a7bb730cbd52015427,bffdbdea72654f78bfa6ca4ccea58aeb"
0.0,37876881,2,18938440.5,18938440.5,18907187,18969694,44199.1,PushPop,":batch=bb9a0fd5e68e49c0ab7d2075bf632e43 phase=decode requests=4911471bf69b4a0c8fcb7df27f4e64dd,4a33c149f9b84d849224830b7920cf8d,83bc7c63016b44a7bb730cbd52015427,bffdbdea72654f78bfa6ca4ccea58aeb"
0.0,37876789,2,18938394.5,18938394.5,18925414,18951375,18357.2,PushPop,":batch=ab66d6e88abb470abbd8494859eac5f9 phase=decode requests=4911471bf69b4a0c8fcb7df27f4e64dd,4a33c149f9b84d849224830b7920cf8d,83bc7c63016b44a7bb730cbd52015427,bffdbdea72654f78bfa6ca4ccea58aeb"
0.0,37876709,2,18938354.5,18938354.5,18914600,18962109,33593.9,PushPop,":batch=0a2274bd7dd741ca943de18db2d8985d phase=decode requests=4911471bf69b4a0c8fcb7df27f4e64dd,4a33c149f9b84d849224830b7920cf8d,83bc7c63016b44a7bb730cbd52015427,bffdbdea72654f78bfa6ca4ccea58aeb"
0.0,37876376,2,18938188.0,18938188.0,18917951,18958425,28619.4,PushPop,":batch=f2dba30e6fab47cf81b3b1690d2bd45e phase=decode requests=4911471bf69b4a0c8fcb7df27f4e64dd,4a33c149f9b84d849224830b7920cf8d,83bc7c63016b44a7bb730cbd52015427,bffdbdea72654f78bfa6ca4ccea58aeb"
0.0,37875810,2,18937905.0,18937905.0,18896408,18979402,58685.6,PushPop,":batch=b44802112f4141bd9172d16a197b912f phase=decode requests=4911471bf69b4a0c8fcb7df27f4e64dd,4a33c149f9b84d849224830b7920cf8d,83bc7c63016b44a7bb730cbd52015427,bffdbdea72654f78bfa6ca4ccea58aeb"
0.0,37875676,2,18937838.0,18937838.0,18896920,18978756,57866.8,PushPop,:batch=efdb12eac150459a9a46a9005bf47a61 phase=decode requests=8de7c5b04b184d1cbc3645195ef60a7d
0.0,37875243,2,18937621.5,18937621.5,18897152,18978091,57232.5,PushPop,":batch=9d2b110e1e8c4e7fa307f971db449463 phase=decode requests=4911471bf69b4a0c8fcb7df27f4e64dd,4a33c149f9b84d849224830b7920cf8d,83bc7c63016b44a7bb730cbd52015427,bffdbdea72654f78bfa6ca4ccea58aeb"
0.0,37875240,2,18937620.0,18937620.0,18916516,18958724,29845.6,PushPop,":batch=9841b35a7cdd4e9e9b63878e5788c0c9 phase=decode requests=4911471bf69b4a0c8fcb7df27f4e64dd,4a33c149f9b84d849224830b7920cf8d,83bc7c63016b44a7bb730cbd52015427,bffdbdea72654f78bfa6ca4ccea58aeb"
0.0,37874395,2,18937197.5,18937197.5,18907416,18966979,42117.4,PushPop,:batch=24297eb865634851a335ee6e5c5deeb7 phase=decode requests=aaa729f093b64e2aaeeda0c4bda76f3d
0.0,37873573,2,18936786.5,18936786.5,18893377,18980196,61390.3,PushPop,":batch=092ed7ca980045ed8a5ced37ce652ec2 phase=decode requests=4911471bf69b4a0c8fcb7df27f4e64dd,4a33c149f9b84d849224830b7920cf8d,83bc7c63016b44a7bb730cbd52015427,bffdbdea72654f78bfa6ca4ccea58aeb"
0.0,37873313,2,18936656.5,18936656.5,18920150,18953163,23343.7,PushPop,":batch=123297cc6da34f5b8e72d8435b1d7133 phase=decode requests=4911471bf69b4a0c8fcb7df27f4e64dd,4a33c149f9b84d849224830b7920cf8d,83bc7c63016b44a7bb730cbd52015427,bffdbdea72654f78bfa6ca4ccea58aeb"
0.0,37873259,2,18936629.5,18936629.5,18915011,18958248,30573.2,PushPop,":batch=e34689fab7294324ad42fe4cb3920e4c phase=decode requests=4911471bf69b4a0c8fcb7df27f4e64dd,4a33c149f9b84d849224830b7920cf8d,83bc7c63016b44a7bb730cbd52015427,bffdbdea72654f78bfa6ca4ccea58aeb"
0.0,37871197,2,18935598.5,18935598.5,18919874,18951323,22237.8,PushPop,":batch=e754062ce7f04c10bb41fc109bf375df phase=decode requests=4911471bf69b4a0c8fcb7df27f4e64dd,4a33c149f9b84d849224830b7920cf8d,83bc7c63016b44a7bb730cbd52015427,bffdbdea72654f78bfa6ca4ccea58aeb"
0.0,37870574,2,18935287.0,18935287.0,18922999,18947575,17377.9,PushPop,":batch=52507bc2303d41b4a3510d2b532e3642 phase=decode requests=4911471bf69b4a0c8fcb7df27f4e64dd,4a33c149f9b84d849224830b7920cf8d,83bc7c63016b44a7bb730cbd52015427,bffdbdea72654f78bfa6ca4ccea58aeb"
0.0,37870430,2,18935215.0,18935215.0,18904757,18965673,43074.1,PushPop,":batch=e9e459c1dfe548969795a94ed420f876 phase=decode requests=4911471bf69b4a0c8fcb7df27f4e64dd,4a33c149f9b84d849224830b7920cf8d,83bc7c63016b44a7bb730cbd52015427,bffdbdea72654f78bfa6ca4ccea58aeb"
0.0,37870017,2,18935008.5,18935008.5,18905713,18964304,41430.1,PushPop,":batch=3d922cc3f69b4d8883012359520511c7 phase=decode requests=4911471bf69b4a0c8fcb7df27f4e64dd,4a33c149f9b84d849224830b7920cf8d,83bc7c63016b44a7bb730cbd52015427,bffdbdea72654f78bfa6ca4ccea58aeb"
0.0,37869948,2,18934974.0,18934974.0,18909120,18960828,36563.1,PushPop,":batch=fd62c8b6b41a40b58de2d8586c47bf82 phase=decode requests=4911471bf69b4a0c8fcb7df27f4e64dd,4a33c149f9b84d849224830b7920cf8d,83bc7c63016b44a7bb730cbd52015427,bffdbdea72654f78bfa6ca4ccea58aeb"
0.0,37869874,2,18934937.0,18934937.0,18910636,18959238,34366.8,PushPop,":batch=2f224a574f1e459ba85f70fc919570d5 phase=decode requests=4911471bf69b4a0c8fcb7df27f4e64dd,4a33c149f9b84d849224830b7920cf8d,83bc7c63016b44a7bb730cbd52015427,bffdbdea72654f78bfa6ca4ccea58aeb"
0.0,37869487,2,18934743.5,18934743.5,18913315,18956172,30304.5,PushPop,":batch=bc838105f10246938640598361b834be phase=decode requests=4911471bf69b4a0c8fcb7df27f4e64dd,4a33c149f9b84d849224830b7920cf8d,83bc7c63016b44a7bb730cbd52015427,bffdbdea72654f78bfa6ca4ccea58aeb"
0.0,37869271,2,18934635.5,18934635.5,18901340,18967931,47086.9,PushPop,":batch=22c45ef959b34b5d82b0158424af7913 phase=decode requests=4911471bf69b4a0c8fcb7df27f4e64dd,4a33c149f9b84d849224830b7920cf8d,83bc7c63016b44a7bb730cbd52015427,bffdbdea72654f78bfa6ca4ccea58aeb"
0.0,37869167,2,18934583.5,18934583.5,18908965,18960202,36230.0,PushPop,":batch=aa21c8b9bb1c41929d278143a1b4ae77 phase=decode requests=4911471bf69b4a0c8fcb7df27f4e64dd,4a33c149f9b84d849224830b7920cf8d,83bc7c63016b44a7bb730cbd52015427,bffdbdea72654f78bfa6ca4ccea58aeb"
0.0,37868859,2,18934429.5,18934429.5,18916639,18952220,25159.6,PushPop,":batch=b4206679421a47bbac63296ed8aaec70 phase=decode requests=4911471bf69b4a0c8fcb7df27f4e64dd,4a33c149f9b84d849224830b7920cf8d,83bc7c63016b44a7bb730cbd52015427,bffdbdea72654f78bfa6ca4ccea58aeb"
0.0,37868120,2,18934060.0,18934060.0,18911076,18957044,32504.3,PushPop,":batch=917e9222aa834e71b9499f28af67ebb6 phase=decode requests=4911471bf69b4a0c8fcb7df27f4e64dd,4a33c149f9b84d849224830b7920cf8d,83bc7c63016b44a7bb730cbd52015427,bffdbdea72654f78bfa6ca4ccea58aeb"
0.0,37868107,2,18934053.5,18934053.5,18897422,18970685,51804.8,PushPop,":batch=75528ad9cc364487808e77e436ddabdf phase=decode requests=4911471bf69b4a0c8fcb7df27f4e64dd,4a33c149f9b84d849224830b7920cf8d,83bc7c63016b44a7bb730cbd52015427,bffdbdea72654f78bfa6ca4ccea58aeb"
0.0,37868075,2,18934037.5,18934037.5,18906978,18961097,38267.9,PushPop,":batch=cddbf73816a941b4ba5a7100959aaacc phase=decode requests=4911471bf69b4a0c8fcb7df27f4e64dd,4a33c149f9b84d849224830b7920cf8d,83bc7c63016b44a7bb730cbd52015427,bffdbdea72654f78bfa6ca4ccea58aeb"
0.0,37868072,2,18934036.0,18934036.0,18894657,18973415,55690.3,PushPop,":batch=acb981c40d434fa7a6d3e26b5c3ed2ac phase=decode requests=4911471bf69b4a0c8fcb7df27f4e64dd,4a33c149f9b84d849224830b7920cf8d,83bc7c63016b44a7bb730cbd52015427,bffdbdea72654f78bfa6ca4ccea58aeb"
0.0,37867477,2,18933738.5,18933738.5,18913941,18953536,27997.9,PushPop,":batch=b06416092117454d9f2e74dc087f7c66 phase=decode requests=4911471bf69b4a0c8fcb7df27f4e64dd,4a33c149f9b84d849224830b7920cf8d,83bc7c63016b44a7bb730cbd52015427,bffdbdea72654f78bfa6ca4ccea58aeb"
0.0,37867149,2,18933574.5,18933574.5,18913373,18953776,28569.2,PushPop,":batch=ab6cdbe506814b578b207653a0f90517 phase=decode requests=4911471bf69b4a0c8fcb7df27f4e64dd,4a33c149f9b84d849224830b7920cf8d,83bc7c63016b44a7bb730cbd52015427,bffdbdea72654f78bfa6ca4ccea58aeb"
0.0,37866681,2,18933340.5,18933340.5,18900097,18966584,47013.4,PushPop,":batch=f7d390e5649d4397b1ba1e3f12ee204b phase=decode requests=4911471bf69b4a0c8fcb7df27f4e64dd,4a33c149f9b84d849224830b7920cf8d,83bc7c63016b44a7bb730cbd52015427,bffdbdea72654f78bfa6ca4ccea58aeb"
0.0,37866619,2,18933309.5,18933309.5,18907323,18959296,36750.5,PushPop,":batch=dbadf103df154280b8844bbecda8e759 phase=decode requests=4911471bf69b4a0c8fcb7df27f4e64dd,4a33c149f9b84d849224830b7920cf8d,83bc7c63016b44a7bb730cbd52015427,bffdbdea72654f78bfa6ca4ccea58aeb"
0.0,37866538,2,18933269.0,18933269.0,18893375,18973163,56418.6,PushPop,":batch=04c22a1dc9944fa49e4cd927cd4a8482 phase=decode requests=4911471bf69b4a0c8fcb7df27f4e64dd,4a33c149f9b84d849224830b7920cf8d,83bc7c63016b44a7bb730cbd52015427,bffdbdea72654f78bfa6ca4ccea58aeb"
0.0,37866405,2,18933202.5,18933202.5,18905567,18960838,39082.5,PushPop,":batch=44f43f00a5294f5dafe88dc307dcd8c8 phase=decode requests=4911471bf69b4a0c8fcb7df27f4e64dd,4a33c149f9b84d849224830b7920cf8d,83bc7c63016b44a7bb730cbd52015427,bffdbdea72654f78bfa6ca4ccea58aeb"
0.0,37865987,2,18932993.5,18932993.5,18885865,18980122,66649.8,PushPop,":batch=39bdd157ff7142dc93aba4012af062e8 phase=decode requests=4911471bf69b4a0c8fcb7df27f4e64dd,4a33c149f9b84d849224830b7920cf8d,83bc7c63016b44a7bb730cbd52015427,bffdbdea72654f78bfa6ca4ccea58aeb"
0.0,37865625,2,18932812.5,18932812.5,18904055,18961570,40669.2,PushPop,":batch=c53d68d8afaf4b84ab6f271a10a4ed0a phase=decode requests=4911471bf69b4a0c8fcb7df27f4e64dd,4a33c149f9b84d849224830b7920cf8d,83bc7c63016b44a7bb730cbd52015427,bffdbdea72654f78bfa6ca4ccea58aeb"
0.0,37865394,2,18932697.0,18932697.0,18906848,18958546,36556.0,PushPop,":batch=9feb2bfa98a1451180654e39c6d2508b phase=decode requests=4911471bf69b4a0c8fcb7df27f4e64dd,4a33c149f9b84d849224830b7920cf8d,83bc7c63016b44a7bb730cbd52015427,bffdbdea72654f78bfa6ca4ccea58aeb"
0.0,37865230,2,18932615.0,18932615.0,18905786,18959444,37941.9,PushPop,":batch=a678501f6589479bb898f96e4dce3fb6 phase=decode requests=4911471bf69b4a0c8fcb7df27f4e64dd,4a33c149f9b84d849224830b7920cf8d,83bc7c63016b44a7bb730cbd52015427,bffdbdea72654f78bfa6ca4ccea58aeb"
0.0,37865162,2,18932581.0,18932581.0,18909820,18955342,32188.9,PushPop,":batch=a6bd15fb320446bd8c9f4bbb26517a7e phase=decode requests=4911471bf69b4a0c8fcb7df27f4e64dd,4a33c149f9b84d849224830b7920cf8d,83bc7c63016b44a7bb730cbd52015427,bffdbdea72654f78bfa6ca4ccea58aeb"
0.0,37865041,2,18932520.5,18932520.5,18920915,18944126,16412.7,PushPop,":batch=4d1f1cb68ed74245b4c0748a9d7c906f phase=decode requests=4911471bf69b4a0c8fcb7df27f4e64dd,4a33c149f9b84d849224830b7920cf8d,83bc7c63016b44a7bb730cbd52015427,bffdbdea72654f78bfa6ca4ccea58aeb"
0.0,37864959,2,18932479.5,18932479.5,18886360,18978599,65222.8,PushPop,:batch=3b1239e166bf439da4748726e87fa9d6 phase=decode requests=aaa729f093b64e2aaeeda0c4bda76f3d
0.0,37864876,2,18932438.0,18932438.0,18894421,18970455,53764.2,PushPop,":batch=e52c7b28d8194deb9e29267b15ec39fc phase=decode requests=4911471bf69b4a0c8fcb7df27f4e64dd,4a33c149f9b84d849224830b7920cf8d,83bc7c63016b44a7bb730cbd52015427,bffdbdea72654f78bfa6ca4ccea58aeb"
0.0,37864544,2,18932272.0,18932272.0,18910509,18954035,30777.5,PushPop,":batch=9cdbf475333443a0af9f0daada630552 phase=decode requests=4911471bf69b4a0c8fcb7df27f4e64dd,4a33c149f9b84d849224830b7920cf8d,83bc7c63016b44a7bb730cbd52015427,bffdbdea72654f78bfa6ca4ccea58aeb"
0.0,37863536,2,18931768.0,18931768.0,18901388,18962148,42963.8,PushPop,":batch=912ddde00d904b499ff0b95ab06b1c02 phase=decode requests=4911471bf69b4a0c8fcb7df27f4e64dd,4a33c149f9b84d849224830b7920cf8d,83bc7c63016b44a7bb730cbd52015427,bffdbdea72654f78bfa6ca4ccea58aeb"
0.0,37863510,2,18931755.0,18931755.0,18904762,18958748,38173.9,PushPop,":batch=ba135969d443491888f1cfc670413ebd phase=decode requests=4911471bf69b4a0c8fcb7df27f4e64dd,4a33c149f9b84d849224830b7920cf8d,83bc7c63016b44a7bb730cbd52015427,bffdbdea72654f78bfa6ca4ccea58aeb"
0.0,37863082,2,18931541.0,18931541.0,18904349,18958733,38455.3,PushPop,":batch=9aa9413c7da74f69b3c69af536937692 phase=decode requests=4911471bf69b4a0c8fcb7df27f4e64dd,4a33c149f9b84d849224830b7920cf8d,83bc7c63016b44a7bb730cbd52015427,bffdbdea72654f78bfa6ca4ccea58aeb"
0.0,37862913,2,18931456.5,18931456.5,18910268,18952645,29965.1,PushPop,":batch=d467f684c52542f797c28bdcb827a6c0 phase=decode requests=4911471bf69b4a0c8fcb7df27f4e64dd,4a33c149f9b84d849224830b7920cf8d,83bc7c63016b44a7bb730cbd52015427,bffdbdea72654f78bfa6ca4ccea58aeb"
0.0,37862720,2,18931360.0,18931360.0,18900080,18962640,44236.6,PushPop,":batch=5e0a82ed9a564a1fb16d879bb77f194b phase=decode requests=4911471bf69b4a0c8fcb7df27f4e64dd,4a33c149f9b84d849224830b7920cf8d,83bc7c63016b44a7bb730cbd52015427,bffdbdea72654f78bfa6ca4ccea58aeb"
0.0,37862088,2,18931044.0,18931044.0,18904835,18957253,37065.1,PushPop,":batch=a09e719ee26c43ae93c2a56f70ca1685 phase=decode requests=4911471bf69b4a0c8fcb7df27f4e64dd,4a33c149f9b84d849224830b7920cf8d,83bc7c63016b44a7bb730cbd52015427,bffdbdea72654f78bfa6ca4ccea58aeb"
0.0,37861875,2,18930937.5,18930937.5,18914699,18947176,22964.7,PushPop,":batch=dec03acb96004afbab12a079ad3453b7 phase=decode requests=4911471bf69b4a0c8fcb7df27f4e64dd,4a33c149f9b84d849224830b7920cf8d,83bc7c63016b44a7bb730cbd52015427,bffdbdea72654f78bfa6ca4ccea58aeb"
0.0,37861704,2,18930852.0,18930852.0,18905414,18956290,35974.8,PushPop,":batch=cf4b5972c18049fb82d02b07dbc1cf3e phase=decode requests=4911471bf69b4a0c8fcb7df27f4e64dd,4a33c149f9b84d849224830b7920cf8d,83bc7c63016b44a7bb730cbd52015427,bffdbdea72654f78bfa6ca4ccea58aeb"
0.0,37860931,2,18930465.5,18930465.5,18903847,18957084,37644.2,PushPop,":batch=62cd555c31184e3b84f7423a983940c3 phase=decode requests=4911471bf69b4a0c8fcb7df27f4e64dd,4a33c149f9b84d849224830b7920cf8d,83bc7c63016b44a7bb730cbd52015427,bffdbdea72654f78bfa6ca4ccea58aeb"
0.0,37860924,2,18930462.0,18930462.0,18910066,18950858,28844.3,PushPop,":batch=a99222c336334476a1fa06cc4fbe106b phase=decode requests=4911471bf69b4a0c8fcb7df27f4e64dd,4a33c149f9b84d849224830b7920cf8d,83bc7c63016b44a7bb730cbd52015427,bffdbdea72654f78bfa6ca4ccea58aeb"
0.0,37860718,2,18930359.0,18930359.0,18899910,18960808,43061.4,PushPop,":batch=361123fa391d41909d41d61958063c27 phase=decode requests=4911471bf69b4a0c8fcb7df27f4e64dd,4a33c149f9b84d849224830b7920cf8d,83bc7c63016b44a7bb730cbd52015427,bffdbdea72654f78bfa6ca4ccea58aeb"
0.0,37860670,2,18930335.0,18930335.0,18876930,18983740,75526.1,PushPop,:batch=c79b746f8baa4d82adeed29f9557527a phase=decode requests=aaa729f093b64e2aaeeda0c4bda76f3d
0.0,37860043,2,18930021.5,18930021.5,18910785,18949258,27204.5,PushPop,":batch=0e236a0cd96246f38bb540ca23b3f45e phase=decode requests=4911471bf69b4a0c8fcb7df27f4e64dd,4a33c149f9b84d849224830b7920cf8d,83bc7c63016b44a7bb730cbd52015427,bffdbdea72654f78bfa6ca4ccea58aeb"
0.0,37858516,2,18929258.0,18929258.0,18889903,18968613,55656.4,PushPop,":batch=4d912255cbac4bf7a8c2883e3d3a7c3a phase=decode requests=4911471bf69b4a0c8fcb7df27f4e64dd,4a33c149f9b84d849224830b7920cf8d,83bc7c63016b44a7bb730cbd52015427,bffdbdea72654f78bfa6ca4ccea58aeb"
0.0,37858328,2,18929164.0,18929164.0,18903743,18954585,35950.7,PushPop,":batch=ac2697e250fd4908b44f9cf60a15dcb6 phase=decode requests=4911471bf69b4a0c8fcb7df27f4e64dd,4a33c149f9b84d849224830b7920cf8d,83bc7c63016b44a7bb730cbd52015427,bffdbdea72654f78bfa6ca4ccea58aeb"
0.0,37857942,2,18928971.0,18928971.0,18910964,18946978,25465.7,PushPop,":batch=b8a6f95805d84f07bfea077f026fdf34 phase=decode requests=4911471bf69b4a0c8fcb7df27f4e64dd,4a33c149f9b84d849224830b7920cf8d,83bc7c63016b44a7bb730cbd52015427,bffdbdea72654f78bfa6ca4ccea58aeb"
0.0,37857791,2,18928895.5,18928895.5,18897639,18960152,44203.4,PushPop,":batch=b3189bfab81d48b7bdef622df92be790 phase=decode requests=4911471bf69b4a0c8fcb7df27f4e64dd,4a33c149f9b84d849224830b7920cf8d,83bc7c63016b44a7bb730cbd52015427,bffdbdea72654f78bfa6ca4ccea58aeb"
0.0,37857580,2,18928790.0,18928790.0,18885996,18971584,60519.9,PushPop,":batch=3461f834d0194469a142709f347b474e phase=decode requests=4911471bf69b4a0c8fcb7df27f4e64dd,4a33c149f9b84d849224830b7920cf8d,83bc7c63016b44a7bb730cbd52015427,bffdbdea72654f78bfa6ca4ccea58aeb"
0.0,37856842,2,18928421.0,18928421.0,18897001,18959841,44434.6,PushPop,":batch=464c048b9ad844db9808ced534713138 phase=decode requests=4911471bf69b4a0c8fcb7df27f4e64dd,4a33c149f9b84d849224830b7920cf8d,83bc7c63016b44a7bb730cbd52015427,bffdbdea72654f78bfa6ca4ccea58aeb"
0.0,37856077,2,18928038.5,18928038.5,18900307,18955770,39218.3,PushPop,":batch=0d8163ec4a0c4e0e9aedf8cf38e48fc1 phase=decode requests=4911471bf69b4a0c8fcb7df27f4e64dd,4a33c149f9b84d849224830b7920cf8d,83bc7c63016b44a7bb730cbd52015427,bffdbdea72654f78bfa6ca4ccea58aeb"
0.0,37855593,2,18927796.5,18927796.5,18891185,18964408,51776.5,PushPop,":batch=9276aadf56674665807a0b1c6f334d11 phase=decode requests=4911471bf69b4a0c8fcb7df27f4e64dd,4a33c149f9b84d849224830b7920cf8d,83bc7c63016b44a7bb730cbd52015427,bffdbdea72654f78bfa6ca4ccea58aeb"
0.0,37854373,2,18927186.5,18927186.5,18906171,18948202,29720.4,PushPop,":batch=73b3d2f7551945efa490e5bf4cdb302a phase=decode requests=4911471bf69b4a0c8fcb7df27f4e64dd,4a33c149f9b84d849224830b7920cf8d,83bc7c63016b44a7bb730cbd52015427,bffdbdea72654f78bfa6ca4ccea58aeb"
0.0,37854214,2,18927107.0,18927107.0,18901564,18952650,36123.3,PushPop,":batch=198894b538b14135875f86a3da34fcf9 phase=decode requests=4911471bf69b4a0c8fcb7df27f4e64dd,4a33c149f9b84d849224830b7920cf8d,83bc7c63016b44a7bb730cbd52015427,bffdbdea72654f78bfa6ca4ccea58aeb"
0.0,37853956,2,18926978.0,18926978.0,18895782,18958174,44117.8,PushPop,":batch=c717558a39d94cfda8b385501c872d09 phase=decode requests=4911471bf69b4a0c8fcb7df27f4e64dd,4a33c149f9b84d849224830b7920cf8d,83bc7c63016b44a7bb730cbd52015427,bffdbdea72654f78bfa6ca4ccea58aeb"
0.0,37853875,2,18926937.5,18926937.5,18905082,18948793,30908.3,PushPop,":batch=87fb300eed784ae9a48bad7fc1ed6bda phase=decode requests=4911471bf69b4a0c8fcb7df27f4e64dd,4a33c149f9b84d849224830b7920cf8d,83bc7c63016b44a7bb730cbd52015427,bffdbdea72654f78bfa6ca4ccea58aeb"
0.0,37853182,2,18926591.0,18926591.0,18898406,18954776,39859.6,PushPop,:batch=0077ce9e994045b8bdacc79fe24f6fb6 phase=decode requests=8de7c5b04b184d1cbc3645195ef60a7d
0.0,37851984,2,18925992.0,18925992.0,18897903,18954081,39723.8,PushPop,":batch=74c7e4b9be79447c9bac79af67c4d2d5 phase=decode requests=4911471bf69b4a0c8fcb7df27f4e64dd,4a33c149f9b84d849224830b7920cf8d,83bc7c63016b44a7bb730cbd52015427,bffdbdea72654f78bfa6ca4ccea58aeb"
0.0,37851825,2,18925912.5,18925912.5,18899668,18952157,37115.3,PushPop,":batch=b0fb865a0a2240c1a29dd64517da785d phase=decode requests=4911471bf69b4a0c8fcb7df27f4e64dd,4a33c149f9b84d849224830b7920cf8d,83bc7c63016b44a7bb730cbd52015427,bffdbdea72654f78bfa6ca4ccea58aeb"
0.0,37851219,2,18925609.5,18925609.5,18914240,18936979,16078.9,PushPop,":batch=f38afd536bfa43e99b6bf7fe282409d2 phase=decode requests=4911471bf69b4a0c8fcb7df27f4e64dd,4a33c149f9b84d849224830b7920cf8d,83bc7c63016b44a7bb730cbd52015427,bffdbdea72654f78bfa6ca4ccea58aeb"
0.0,37851210,2,18925605.0,18925605.0,18895671,18955539,42333.1,PushPop,":batch=a8471f89da6445ed92d9e639a2f9db22 phase=decode requests=4911471bf69b4a0c8fcb7df27f4e64dd,4a33c149f9b84d849224830b7920cf8d,83bc7c63016b44a7bb730cbd52015427,bffdbdea72654f78bfa6ca4ccea58aeb"
0.0,37851202,2,18925601.0,18925601.0,18902548,18948654,32601.9,PushPop,":batch=3a606aec1ae2412aad80748514445864 phase=decode requests=4911471bf69b4a0c8fcb7df27f4e64dd,4a33c149f9b84d849224830b7920cf8d,83bc7c63016b44a7bb730cbd52015427,bffdbdea72654f78bfa6ca4ccea58aeb"
0.0,37851061,2,18925530.5,18925530.5,18886575,18964486,55091.4,PushPop,":batch=1e2736ca3c2045f4bc9f3ce92c64f50d phase=decode requests=4911471bf69b4a0c8fcb7df27f4e64dd,4a33c149f9b84d849224830b7920cf8d,83bc7c63016b44a7bb730cbd52015427,bffdbdea72654f78bfa6ca4ccea58aeb"
0.0,37850108,2,18925054.0,18925054.0,18913297,18936811,16626.9,PushPop,":batch=dd72d18c735b47dba51a517b5659c6d0 phase=decode requests=4911471bf69b4a0c8fcb7df27f4e64dd,4a33c149f9b84d849224830b7920cf8d,83bc7c63016b44a7bb730cbd52015427,bffdbdea72654f78bfa6ca4ccea58aeb"
0.0,37850067,2,18925033.5,18925033.5,18900012,18950055,35385.7,PushPop,":batch=a542402b6c494cb09cf236e270431fce phase=decode requests=4911471bf69b4a0c8fcb7df27f4e64dd,4a33c149f9b84d849224830b7920cf8d,83bc7c63016b44a7bb730cbd52015427,bffdbdea72654f78bfa6ca4ccea58aeb"
0.0,37849849,2,18924924.5,18924924.5,18898184,18951665,37816.8,PushPop,":batch=9c2a96e9302c463d8570f4e0042cb092 phase=decode requests=4911471bf69b4a0c8fcb7df27f4e64dd,4a33c149f9b84d849224830b7920cf8d,83bc7c63016b44a7bb730cbd52015427,bffdbdea72654f78bfa6ca4ccea58aeb"
0.0,37849755,2,18924877.5,18924877.5,18892205,18957550,46205.9,PushPop,":batch=d17ae5a4788849b7bc9a8836dd977ccb phase=decode requests=4911471bf69b4a0c8fcb7df27f4e64dd,4a33c149f9b84d849224830b7920cf8d,83bc7c63016b44a7bb730cbd52015427,bffdbdea72654f78bfa6ca4ccea58aeb"
0.0,37849607,2,18924803.5,18924803.5,18907696,18941911,24193.7,PushPop,":batch=355fd3733af04436b238ef599bd0145a phase=decode requests=4911471bf69b4a0c8fcb7df27f4e64dd,4a33c149f9b84d849224830b7920cf8d,83bc7c63016b44a7bb730cbd52015427,bffdbdea72654f78bfa6ca4ccea58aeb"
0.0,37849000,2,18924500.0,18924500.0,18905522,18943478,26838.9,PushPop,":batch=26065f117e904b77a8506542cac5e9ee phase=decode requests=4911471bf69b4a0c8fcb7df27f4e64dd,4a33c149f9b84d849224830b7920cf8d,83bc7c63016b44a7bb730cbd52015427,bffdbdea72654f78bfa6ca4ccea58aeb"
0.0,37848810,2,18924405.0,18924405.0,18891944,18956866,45906.8,PushPop,":batch=66e3d2c9de564682b0dbdacfacacd8e9 phase=decode requests=4911471bf69b4a0c8fcb7df27f4e64dd,4a33c149f9b84d849224830b7920cf8d,83bc7c63016b44a7bb730cbd52015427,bffdbdea72654f78bfa6ca4ccea58aeb"
0.0,37848711,2,18924355.5,18924355.5,18899202,18949509,35572.4,PushPop,":batch=b26e233c5a9c48ca8b4554db61eb6a25 phase=decode requests=4911471bf69b4a0c8fcb7df27f4e64dd,4a33c149f9b84d849224830b7920cf8d,83bc7c63016b44a7bb730cbd52015427,bffdbdea72654f78bfa6ca4ccea58aeb"
0.0,37848604,2,18924302.0,18924302.0,18896237,18952367,39689.9,PushPop,":batch=d4345c31b45146de951f3416eccd1c7a phase=decode requests=4911471bf69b4a0c8fcb7df27f4e64dd,4a33c149f9b84d849224830b7920cf8d,83bc7c63016b44a7bb730cbd52015427,bffdbdea72654f78bfa6ca4ccea58aeb"
0.0,37848194,2,18924097.0,18924097.0,18891287,18956907,46400.3,PushPop,":batch=ad57c3ef6bf94f39ad94516349730803 phase=decode requests=4911471bf69b4a0c8fcb7df27f4e64dd,4a33c149f9b84d849224830b7920cf8d,83bc7c63016b44a7bb730cbd52015427,bffdbdea72654f78bfa6ca4ccea58aeb"
0.0,37847653,2,18923826.5,18923826.5,18886349,18961304,53001.2,PushPop,":batch=676253c302be42159f6cf6ea79551963 phase=decode requests=4911471bf69b4a0c8fcb7df27f4e64dd,4a33c149f9b84d849224830b7920cf8d,83bc7c63016b44a7bb730cbd52015427,bffdbdea72654f78bfa6ca4ccea58aeb"
0.0,37847016,2,18923508.0,18923508.0,18901007,18946009,31821.2,PushPop,":batch=96a3360a652b4feeba763ce2f9d5a37a phase=decode requests=4911471bf69b4a0c8fcb7df27f4e64dd,4a33c149f9b84d849224830b7920cf8d,83bc7c63016b44a7bb730cbd52015427,bffdbdea72654f78bfa6ca4ccea58aeb"
0.0,37846283,2,18923141.5,18923141.5,18886282,18960001,52127.2,PushPop,":batch=2344be73edee4f5d96d44f87c2a70810 phase=decode requests=4911471bf69b4a0c8fcb7df27f4e64dd,4a33c149f9b84d849224830b7920cf8d,83bc7c63016b44a7bb730cbd52015427,bffdbdea72654f78bfa6ca4ccea58aeb"
0.0,37846028,2,18923014.0,18923014.0,18888950,18957078,48173.8,PushPop,":batch=f532d37458784513a2d7dbd6026a7102 phase=decode requests=4911471bf69b4a0c8fcb7df27f4e64dd,4a33c149f9b84d849224830b7920cf8d,83bc7c63016b44a7bb730cbd52015427,bffdbdea72654f78bfa6ca4ccea58aeb"
0.0,37845607,2,18922803.5,18922803.5,18903486,18942121,27319.1,PushPop,":batch=8eeb66f14c97473fab7a5dcbe14a9944 phase=decode requests=4911471bf69b4a0c8fcb7df27f4e64dd,4a33c149f9b84d849224830b7920cf8d,83bc7c63016b44a7bb730cbd52015427,bffdbdea72654f78bfa6ca4ccea58aeb"
0.0,37845431,2,18922715.5,18922715.5,18891769,18953662,43765.0,PushPop,":batch=01c3bc82089346e8bd48652e1203602a phase=decode requests=4911471bf69b4a0c8fcb7df27f4e64dd,4a33c149f9b84d849224830b7920cf8d,83bc7c63016b44a7bb730cbd52015427,bffdbdea72654f78bfa6ca4ccea58aeb"
0.0,37845126,2,18922563.0,18922563.0,18897908,18947218,34867.4,PushPop,":batch=e7af31560e394848a6d1d7df519e4b48 phase=decode requests=4911471bf69b4a0c8fcb7df27f4e64dd,4a33c149f9b84d849224830b7920cf8d,83bc7c63016b44a7bb730cbd52015427,bffdbdea72654f78bfa6ca4ccea58aeb"
0.0,37844771,2,18922385.5,18922385.5,18887834,18956937,48863.2,PushPop,":batch=c7f37a48ad4446339c0db4b140271925 phase=decode requests=4911471bf69b4a0c8fcb7df27f4e64dd,4a33c149f9b84d849224830b7920cf8d,83bc7c63016b44a7bb730cbd52015427,bffdbdea72654f78bfa6ca4ccea58aeb"
0.0,37844580,2,18922290.0,18922290.0,18906425,18938155,22436.5,PushPop,":batch=24d11e4ca7e74a398b460a54e358855b phase=decode requests=4911471bf69b4a0c8fcb7df27f4e64dd,4a33c149f9b84d849224830b7920cf8d,83bc7c63016b44a7bb730cbd52015427,bffdbdea72654f78bfa6ca4ccea58aeb"
0.0,37844164,2,18922082.0,18922082.0,18902724,18941440,27376.3,PushPop,":batch=f1cce4e59a854b3c9632e8b36654294f phase=decode requests=4911471bf69b4a0c8fcb7df27f4e64dd,4a33c149f9b84d849224830b7920cf8d,83bc7c63016b44a7bb730cbd52015427,bffdbdea72654f78bfa6ca4ccea58aeb"
0.0,37844106,2,18922053.0,18922053.0,18892530,18951576,41751.8,PushPop,":batch=6a76df9ce95348f3bae17b3ab6ab6920 phase=decode requests=4911471bf69b4a0c8fcb7df27f4e64dd,4a33c149f9b84d849224830b7920cf8d,83bc7c63016b44a7bb730cbd52015427,bffdbdea72654f78bfa6ca4ccea58aeb"
0.0,37843836,2,18921918.0,18921918.0,18906195,18937641,22235.7,PushPop,":batch=1a82c03cd5da47c080302b52623e8a2d phase=decode requests=4911471bf69b4a0c8fcb7df27f4e64dd,4a33c149f9b84d849224830b7920cf8d,83bc7c63016b44a7bb730cbd52015427,bffdbdea72654f78bfa6ca4ccea58aeb"
0.0,37843619,2,18921809.5,18921809.5,18898129,18945490,33489.3,PushPop,":batch=9318374a8cb845eb89f32e49aa76fef0 phase=decode requests=4911471bf69b4a0c8fcb7df27f4e64dd,4a33c149f9b84d849224830b7920cf8d,83bc7c63016b44a7bb730cbd52015427,bffdbdea72654f78bfa6ca4ccea58aeb"
0.0,37843488,2,18921744.0,18921744.0,18892748,18950740,41006.5,PushPop,":batch=86fdd32aaebd43938c5440dc2af9f8b6 phase=decode requests=4911471bf69b4a0c8fcb7df27f4e64dd,4a33c149f9b84d849224830b7920cf8d,83bc7c63016b44a7bb730cbd52015427,bffdbdea72654f78bfa6ca4ccea58aeb"
0.0,37842805,2,18921402.5,18921402.5,18889115,18953690,45661.4,PushPop,":batch=e7cd0a25bee4421797c932029e81f4e6 phase=decode requests=4911471bf69b4a0c8fcb7df27f4e64dd,4a33c149f9b84d849224830b7920cf8d,83bc7c63016b44a7bb730cbd52015427,bffdbdea72654f78bfa6ca4ccea58aeb"
0.0,37842598,2,18921299.0,18921299.0,18888432,18954166,46481.0,PushPop,":batch=73b422b54f3140278a94e1e237e15512 phase=decode requests=4911471bf69b4a0c8fcb7df27f4e64dd,4a33c149f9b84d849224830b7920cf8d,83bc7c63016b44a7bb730cbd52015427,bffdbdea72654f78bfa6ca4ccea58aeb"
0.0,37841839,2,18920919.5,18920919.5,18898996,18942843,31004.5,PushPop,":batch=21717518a52b42448d9553ddea11b3a8 phase=decode requests=4911471bf69b4a0c8fcb7df27f4e64dd,4a33c149f9b84d849224830b7920cf8d,83bc7c63016b44a7bb730cbd52015427,bffdbdea72654f78bfa6ca4ccea58aeb"
0.0,37841126,2,18920563.0,18920563.0,18885970,18955156,48921.9,PushPop,":batch=28d16e558d0849d49df04f9c3f35afaa phase=decode requests=4911471bf69b4a0c8fcb7df27f4e64dd,4a33c149f9b84d849224830b7920cf8d,83bc7c63016b44a7bb730cbd52015427,bffdbdea72654f78bfa6ca4ccea58aeb"
0.0,37840552,2,18920276.0,18920276.0,18893517,18947035,37842.9,PushPop,":batch=5fa3659c850b4be191eb1675606aa097 phase=decode requests=4911471bf69b4a0c8fcb7df27f4e64dd,4a33c149f9b84d849224830b7920cf8d,83bc7c63016b44a7bb730cbd52015427,bffdbdea72654f78bfa6ca4ccea58aeb"
0.0,37840065,2,18920032.5,18920032.5,18886943,18953122,46795.6,PushPop,":batch=8b6183ea725b48289f3e231fea349025 phase=decode requests=7aa4ba8d31af45f58706a52eb0ad3328,baabce1b18024e189120c512bc680496,046f00cf0a7d4816a65a9b0acad7230b,46ac3b484ea545d181b2d3e8af73623f"
0.0,37839725,2,18919862.5,18919862.5,18896560,18943165,32954.7,PushPop,":batch=e9821bef2f644a4593ce7def84ca66d6 phase=decode requests=4911471bf69b4a0c8fcb7df27f4e64dd,4a33c149f9b84d849224830b7920cf8d,83bc7c63016b44a7bb730cbd52015427,bffdbdea72654f78bfa6ca4ccea58aeb"
0.0,37839050,2,18919525.0,18919525.0,18893970,18945080,36140.2,PushPop,":batch=1e5fd96972334eb0b21b6976447e89b0 phase=decode requests=4911471bf69b4a0c8fcb7df27f4e64dd,4a33c149f9b84d849224830b7920cf8d,83bc7c63016b44a7bb730cbd52015427,bffdbdea72654f78bfa6ca4ccea58aeb"
0.0,37838562,2,18919281.0,18919281.0,18877385,18961177,59249.9,PushPop,":batch=dec0700b208545b2bd8544bbd886cbfd phase=decode requests=4911471bf69b4a0c8fcb7df27f4e64dd,4a33c149f9b84d849224830b7920cf8d,83bc7c63016b44a7bb730cbd52015427,bffdbdea72654f78bfa6ca4ccea58aeb"
0.0,37837699,2,18918849.5,18918849.5,18870186,18967513,68820.6,PushPop,":batch=5cd3515b7b314156acc143561d73be8c phase=decode requests=4911471bf69b4a0c8fcb7df27f4e64dd,4a33c149f9b84d849224830b7920cf8d,83bc7c63016b44a7bb730cbd52015427,bffdbdea72654f78bfa6ca4ccea58aeb"
0.0,37837682,2,18918841.0,18918841.0,18899138,18938544,27864.2,PushPop,":batch=e1d33ab76345418ba7635941d4e381d8 phase=decode requests=4911471bf69b4a0c8fcb7df27f4e64dd,4a33c149f9b84d849224830b7920cf8d,83bc7c63016b44a7bb730cbd52015427,bffdbdea72654f78bfa6ca4ccea58aeb"
0.0,37837642,2,18918821.0,18918821.0,18888674,18948968,42634.3,PushPop,":batch=6a7ab90b88384710b2c1fe4af17fe0e0 phase=decode requests=4911471bf69b4a0c8fcb7df27f4e64dd,4a33c149f9b84d849224830b7920cf8d,83bc7c63016b44a7bb730cbd52015427,bffdbdea72654f78bfa6ca4ccea58aeb"
0.0,37837415,2,18918707.5,18918707.5,18873434,18963981,64026.4,PushPop,:batch=a0ee51575d4a42838d21af9128a2e1ba phase=decode requests=8de7c5b04b184d1cbc3645195ef60a7d
0.0,37837275,2,18918637.5,18918637.5,18887067,18950208,44647.4,PushPop,":batch=68044793f1c64430a8ee759470498518 phase=decode requests=4911471bf69b4a0c8fcb7df27f4e64dd,4a33c149f9b84d849224830b7920cf8d,83bc7c63016b44a7bb730cbd52015427,bffdbdea72654f78bfa6ca4ccea58aeb"
0.0,37837188,2,18918594.0,18918594.0,18889997,18947191,40442.3,PushPop,":batch=7b3f077004054d688b73cbb182068313 phase=decode requests=4911471bf69b4a0c8fcb7df27f4e64dd,4a33c149f9b84d849224830b7920cf8d,83bc7c63016b44a7bb730cbd52015427,bffdbdea72654f78bfa6ca4ccea58aeb"
0.0,37836404,2,18918202.0,18918202.0,18891062,18945342,38381.8,PushPop,":batch=637d22de7de6468b85dd22749f4ca254 phase=decode requests=4911471bf69b4a0c8fcb7df27f4e64dd,4a33c149f9b84d849224830b7920cf8d,83bc7c63016b44a7bb730cbd52015427,bffdbdea72654f78bfa6ca4ccea58aeb"
0.0,37835854,2,18917927.0,18917927.0,18865549,18970305,74073.7,PushPop,:batch=592ffefcbe4048ab942c22ac2e87faa1 phase=decode requests=8de7c5b04b184d1cbc3645195ef60a7d
0.0,37835824,2,18917912.0,18917912.0,18884097,18951727,47821.6,PushPop,":batch=11306049acde492a8632a0a2371816a4 phase=decode requests=4911471bf69b4a0c8fcb7df27f4e64dd,4a33c149f9b84d849224830b7920cf8d,83bc7c63016b44a7bb730cbd52015427,bffdbdea72654f78bfa6ca4ccea58aeb"
0.0,37835817,2,18917908.5,18917908.5,18890414,18945403,38883.1,PushPop,":batch=c8fce292da8549a9b1ab2ae452ff3570 phase=decode requests=4911471bf69b4a0c8fcb7df27f4e64dd,4a33c149f9b84d849224830b7920cf8d,83bc7c63016b44a7bb730cbd52015427,bffdbdea72654f78bfa6ca4ccea58aeb"
0.0,37835454,2,18917727.0,18917727.0,18888804,18946650,40903.3,PushPop,":batch=8348481685af4bd9bd27e4607485172b phase=decode requests=4911471bf69b4a0c8fcb7df27f4e64dd,4a33c149f9b84d849224830b7920cf8d,83bc7c63016b44a7bb730cbd52015427,bffdbdea72654f78bfa6ca4ccea58aeb"
0.0,37835377,2,18917688.5,18917688.5,18896226,18939151,30352.6,PushPop,":batch=cfbeb6995ce64356a3008d7a04de54b8 phase=decode requests=4911471bf69b4a0c8fcb7df27f4e64dd,4a33c149f9b84d849224830b7920cf8d,83bc7c63016b44a7bb730cbd52015427,bffdbdea72654f78bfa6ca4ccea58aeb"
0.0,37835248,2,18917624.0,18917624.0,18901121,18934127,23338.8,PushPop,:batch=fd413862afc34f939d18dd3638ccc688 phase=decode requests=8de7c5b04b184d1cbc3645195ef60a7d
0.0,37835142,2,18917571.0,18917571.0,18891083,18944059,37459.7,PushPop,":batch=2160323ccf0f49bd80741d2cc873ec58 phase=decode requests=4911471bf69b4a0c8fcb7df27f4e64dd,4a33c149f9b84d849224830b7920cf8d,83bc7c63016b44a7bb730cbd52015427,bffdbdea72654f78bfa6ca4ccea58aeb"
0.0,37834632,2,18917316.0,18917316.0,18894022,18940610,32942.7,PushPop,":batch=87e37a275eb04a3aa3835bd25722db0f phase=decode requests=4911471bf69b4a0c8fcb7df27f4e64dd,4a33c149f9b84d849224830b7920cf8d,83bc7c63016b44a7bb730cbd52015427,bffdbdea72654f78bfa6ca4ccea58aeb"
0.0,37834511,2,18917255.5,18917255.5,18893618,18940893,33428.5,PushPop,":batch=a9f56bcc154848049170e7bb0e8980fa phase=decode requests=4911471bf69b4a0c8fcb7df27f4e64dd,4a33c149f9b84d849224830b7920cf8d,83bc7c63016b44a7bb730cbd52015427,bffdbdea72654f78bfa6ca4ccea58aeb"
0.0,37834478,2,18917239.0,18917239.0,18873477,18961001,61888.8,PushPop,":batch=eb97b7a955314789b442ed57fbc6245f phase=decode requests=4911471bf69b4a0c8fcb7df27f4e64dd,4a33c149f9b84d849224830b7920cf8d,83bc7c63016b44a7bb730cbd52015427,bffdbdea72654f78bfa6ca4ccea58aeb"
0.0,37834304,2,18917152.0,18917152.0,18883363,18950941,47784.9,PushPop,":batch=c7560d6c3a26487cbeedc421827e3aed phase=decode requests=4911471bf69b4a0c8fcb7df27f4e64dd,4a33c149f9b84d849224830b7920cf8d,83bc7c63016b44a7bb730cbd52015427,bffdbdea72654f78bfa6ca4ccea58aeb"
0.0,37834073,2,18917036.5,18917036.5,18902827,18931246,20095.3,PushPop,":batch=ad03b7766c1e46f09fea599e39e9987a phase=decode requests=4911471bf69b4a0c8fcb7df27f4e64dd,4a33c149f9b84d849224830b7920cf8d,83bc7c63016b44a7bb730cbd52015427,bffdbdea72654f78bfa6ca4ccea58aeb"
0.0,37834062,2,18917031.0,18917031.0,18888255,18945807,40695.4,PushPop,":batch=83d8a13f0cce4a208c04d2daa68b231d phase=decode requests=4911471bf69b4a0c8fcb7df27f4e64dd,4a33c149f9b84d849224830b7920cf8d,83bc7c63016b44a7bb730cbd52015427,bffdbdea72654f78bfa6ca4ccea58aeb"
0.0,37834012,2,18917006.0,18917006.0,18889840,18944172,38418.5,PushPop,":batch=5bcffaca0f524489b1536f6e840528f5 phase=decode requests=4911471bf69b4a0c8fcb7df27f4e64dd,4a33c149f9b84d849224830b7920cf8d,83bc7c63016b44a7bb730cbd52015427,bffdbdea72654f78bfa6ca4ccea58aeb"
0.0,37833769,2,18916884.5,18916884.5,18894647,18939122,31448.6,PushPop,":batch=04dbd9f74c894a2495c0650f29bc58df phase=decode requests=4911471bf69b4a0c8fcb7df27f4e64dd,4a33c149f9b84d849224830b7920cf8d,83bc7c63016b44a7bb730cbd52015427,bffdbdea72654f78bfa6ca4ccea58aeb"
0.0,37833381,2,18916690.5,18916690.5,18881708,18951673,49472.7,PushPop,":batch=bb21f713776747b098662e50e993fd72 phase=decode requests=4911471bf69b4a0c8fcb7df27f4e64dd,4a33c149f9b84d849224830b7920cf8d,83bc7c63016b44a7bb730cbd52015427,bffdbdea72654f78bfa6ca4ccea58aeb"
0.0,37833312,2,18916656.0,18916656.0,18875273,18958039,58524.4,PushPop,":batch=df46b3b8c1a64c7b932f3e763985a21f phase=decode requests=4911471bf69b4a0c8fcb7df27f4e64dd,4a33c149f9b84d849224830b7920cf8d,83bc7c63016b44a7bb730cbd52015427,bffdbdea72654f78bfa6ca4ccea58aeb"
0.0,37832048,2,18916024.0,18916024.0,18879059,18952989,52276.4,PushPop,":batch=2865a75a1abb49a3a6da39dda73c554d phase=decode requests=4911471bf69b4a0c8fcb7df27f4e64dd,4a33c149f9b84d849224830b7920cf8d,83bc7c63016b44a7bb730cbd52015427,bffdbdea72654f78bfa6ca4ccea58aeb"
0.0,37830245,2,18915122.5,18915122.5,18887853,18942392,38564.9,PushPop,":batch=f7ad6629acc548c5afa3ef0096636a57 phase=decode requests=4911471bf69b4a0c8fcb7df27f4e64dd,4a33c149f9b84d849224830b7920cf8d,83bc7c63016b44a7bb730cbd52015427,bffdbdea72654f78bfa6ca4ccea58aeb"
0.0,37829898,2,18914949.0,18914949.0,18880748,18949150,48367.5,PushPop,":batch=148778a16ad7439c8b3d79917191e970 phase=decode requests=4911471bf69b4a0c8fcb7df27f4e64dd,4a33c149f9b84d849224830b7920cf8d,83bc7c63016b44a7bb730cbd52015427,bffdbdea72654f78bfa6ca4ccea58aeb"
0.0,37829842,2,18914921.0,18914921.0,18895201,18934641,27888.3,PushPop,":batch=33fde56462be4c91b106081be4873c2b phase=decode requests=4911471bf69b4a0c8fcb7df27f4e64dd,4a33c149f9b84d849224830b7920cf8d,83bc7c63016b44a7bb730cbd52015427,bffdbdea72654f78bfa6ca4ccea58aeb"
0.0,37829264,2,18914632.0,18914632.0,18892025,18937239,31971.1,PushPop,":batch=66534401e82f4c2ea9393f789979641b phase=decode requests=4911471bf69b4a0c8fcb7df27f4e64dd,4a33c149f9b84d849224830b7920cf8d,83bc7c63016b44a7bb730cbd52015427,bffdbdea72654f78bfa6ca4ccea58aeb"
0.0,37829179,2,18914589.5,18914589.5,18878319,18950860,51294.2,PushPop,":batch=59fd4037b79d4fd39b18d4115b627032 phase=decode requests=4911471bf69b4a0c8fcb7df27f4e64dd,4a33c149f9b84d849224830b7920cf8d,83bc7c63016b44a7bb730cbd52015427,bffdbdea72654f78bfa6ca4ccea58aeb"
0.0,37829140,2,18914570.0,18914570.0,18907090,18922050,10578.3,PushPop,":batch=bc55db28fc9449919955d24553d3ad7a phase=decode requests=4911471bf69b4a0c8fcb7df27f4e64dd,4a33c149f9b84d849224830b7920cf8d,83bc7c63016b44a7bb730cbd52015427,bffdbdea72654f78bfa6ca4ccea58aeb"
0.0,37829095,2,18914547.5,18914547.5,18883912,18945183,43325.1,PushPop,":batch=3efe41e5443d45e08d40bcd327257306 phase=decode requests=4911471bf69b4a0c8fcb7df27f4e64dd,4a33c149f9b84d849224830b7920cf8d,83bc7c63016b44a7bb730cbd52015427,bffdbdea72654f78bfa6ca4ccea58aeb"
0.0,37829047,2,18914523.5,18914523.5,18883798,18945249,43452.4,PushPop,":batch=cfe9f1f57fb3488babcf15b7f5d9b649 phase=decode requests=4911471bf69b4a0c8fcb7df27f4e64dd,4a33c149f9b84d849224830b7920cf8d,83bc7c63016b44a7bb730cbd52015427,bffdbdea72654f78bfa6ca4ccea58aeb"
0.0,37828855,2,18914427.5,18914427.5,18886439,18942416,39581.7,PushPop,":batch=ce805b40ac834eac9a4285090f182b0c phase=decode requests=4911471bf69b4a0c8fcb7df27f4e64dd,4a33c149f9b84d849224830b7920cf8d,83bc7c63016b44a7bb730cbd52015427,bffdbdea72654f78bfa6ca4ccea58aeb"
0.0,37828344,2,18914172.0,18914172.0,18888653,18939691,36089.3,PushPop,":batch=590a22882ee049c6858ba9d44d56e22f phase=decode requests=4911471bf69b4a0c8fcb7df27f4e64dd,4a33c149f9b84d849224830b7920cf8d,83bc7c63016b44a7bb730cbd52015427,bffdbdea72654f78bfa6ca4ccea58aeb"
0.0,37828211,2,18914105.5,18914105.5,18879152,18949059,49431.7,PushPop,":batch=7a7ccbc131b74a05af81f5fd76a65842 phase=decode requests=4911471bf69b4a0c8fcb7df27f4e64dd,4a33c149f9b84d849224830b7920cf8d,83bc7c63016b44a7bb730cbd52015427,bffdbdea72654f78bfa6ca4ccea58aeb"
0.0,37827835,2,18913917.5,18913917.5,18878834,18949001,49615.6,PushPop,":batch=4e6c9b04f90e49698e810a674f183ba6 phase=decode requests=4911471bf69b4a0c8fcb7df27f4e64dd,4a33c149f9b84d849224830b7920cf8d,83bc7c63016b44a7bb730cbd52015427,bffdbdea72654f78bfa6ca4ccea58aeb"
0.0,37827665,2,18913832.5,18913832.5,18881120,18946545,46262.5,PushPop,":batch=cc1c4cb7c190449895de498a0aad5dc0 phase=decode requests=4911471bf69b4a0c8fcb7df27f4e64dd,4a33c149f9b84d849224830b7920cf8d,83bc7c63016b44a7bb730cbd52015427,bffdbdea72654f78bfa6ca4ccea58aeb"
0.0,37827607,2,18913803.5,18913803.5,18878517,18949090,49902.6,PushPop,":batch=5aad859632c14e71845be16012c548c5 phase=decode requests=4911471bf69b4a0c8fcb7df27f4e64dd,4a33c149f9b84d849224830b7920cf8d,83bc7c63016b44a7bb730cbd52015427,bffdbdea72654f78bfa6ca4ccea58aeb"
0.0,37827383,2,18913691.5,18913691.5,18899632,18927751,19883.1,PushPop,":batch=dce8af7fa69e4ae19bf5e713bfd6408a phase=decode requests=4911471bf69b4a0c8fcb7df27f4e64dd,4a33c149f9b84d849224830b7920cf8d,83bc7c63016b44a7bb730cbd52015427,bffdbdea72654f78bfa6ca4ccea58aeb"
0.0,37827335,2,18913667.5,18913667.5,18898803,18928532,21021.6,PushPop,":batch=9a20eba849454a50b43cbbea071c9bc5 phase=decode requests=4911471bf69b4a0c8fcb7df27f4e64dd,4a33c149f9b84d849224830b7920cf8d,83bc7c63016b44a7bb730cbd52015427,bffdbdea72654f78bfa6ca4ccea58aeb"
0.0,37827063,2,18913531.5,18913531.5,18881910,18945153,44719.6,PushPop,":batch=283b7669803d4ca79d91181ef34e0ba1 phase=decode requests=4911471bf69b4a0c8fcb7df27f4e64dd,4a33c149f9b84d849224830b7920cf8d,83bc7c63016b44a7bb730cbd52015427,bffdbdea72654f78bfa6ca4ccea58aeb"
0.0,37826962,2,18913481.0,18913481.0,18868932,18958030,63001.8,PushPop,":batch=762eb4e0699744c592f05a7ffa6617fa phase=decode requests=4911471bf69b4a0c8fcb7df27f4e64dd,4a33c149f9b84d849224830b7920cf8d,83bc7c63016b44a7bb730cbd52015427,bffdbdea72654f78bfa6ca4ccea58aeb"
0.0,37826864,2,18913432.0,18913432.0,18890387,18936477,32590.6,PushPop,":batch=218ced264aee415c9e735123da41041f phase=decode requests=4911471bf69b4a0c8fcb7df27f4e64dd,4a33c149f9b84d849224830b7920cf8d,83bc7c63016b44a7bb730cbd52015427,bffdbdea72654f78bfa6ca4ccea58aeb"
0.0,37826331,2,18913165.5,18913165.5,18874784,18951547,54279.6,PushPop,":batch=5a27a196a2684595bd8d3b0bf3a1d566 phase=decode requests=4911471bf69b4a0c8fcb7df27f4e64dd,4a33c149f9b84d849224830b7920cf8d,83bc7c63016b44a7bb730cbd52015427,bffdbdea72654f78bfa6ca4ccea58aeb"
0.0,37825369,2,18912684.5,18912684.5,18888584,18936785,34083.3,PushPop,":batch=e00ab5c9c7a845968f2ce5e97eac4153 phase=decode requests=4911471bf69b4a0c8fcb7df27f4e64dd,4a33c149f9b84d849224830b7920cf8d,83bc7c63016b44a7bb730cbd52015427,bffdbdea72654f78bfa6ca4ccea58aeb"
0.0,37824519,2,18912259.5,18912259.5,18884256,18940263,39602.9,PushPop,":batch=b7479779e9da4ec58bf364d122ad603b phase=decode requests=4911471bf69b4a0c8fcb7df27f4e64dd,4a33c149f9b84d849224830b7920cf8d,83bc7c63016b44a7bb730cbd52015427,bffdbdea72654f78bfa6ca4ccea58aeb"
0.0,37823920,2,18911960.0,18911960.0,18878623,18945297,47145.6,PushPop,":batch=1f20eb4063174de38ebac9a942ed7615 phase=decode requests=4911471bf69b4a0c8fcb7df27f4e64dd,4a33c149f9b84d849224830b7920cf8d,83bc7c63016b44a7bb730cbd52015427,bffdbdea72654f78bfa6ca4ccea58aeb"
0.0,37823667,2,18911833.5,18911833.5,18885687,18937980,36976.7,PushPop,":batch=c5c0a6b19777461fa5abbfbeb50f3d71 phase=decode requests=4911471bf69b4a0c8fcb7df27f4e64dd,4a33c149f9b84d849224830b7920cf8d,83bc7c63016b44a7bb730cbd52015427,bffdbdea72654f78bfa6ca4ccea58aeb"
0.0,37823519,2,18911759.5,18911759.5,18881362,18942157,42988.6,PushPop,":batch=3cb61d3ab9e646cb814ec3e0534d7630 phase=decode requests=4911471bf69b4a0c8fcb7df27f4e64dd,4a33c149f9b84d849224830b7920cf8d,83bc7c63016b44a7bb730cbd52015427,bffdbdea72654f78bfa6ca4ccea58aeb"
0.0,37823261,2,18911630.5,18911630.5,18893835,18929426,25166.6,PushPop,":batch=1407d05bed444a10bfba360b4b36b4ed phase=decode requests=4911471bf69b4a0c8fcb7df27f4e64dd,4a33c149f9b84d849224830b7920cf8d,83bc7c63016b44a7bb730cbd52015427,bffdbdea72654f78bfa6ca4ccea58aeb"
0.0,37822853,2,18911426.5,18911426.5,18866912,18955941,62953.0,PushPop,":batch=5a85365d3cff4ef8a293e5694e6b2b11 phase=decode requests=4911471bf69b4a0c8fcb7df27f4e64dd,4a33c149f9b84d849224830b7920cf8d,83bc7c63016b44a7bb730cbd52015427,bffdbdea72654f78bfa6ca4ccea58aeb"
0.0,37822788,2,18911394.0,18911394.0,18894452,18928336,23959.6,PushPop,":batch=2ccf6051e48b482bbf48f2879027aa45 phase=decode requests=4911471bf69b4a0c8fcb7df27f4e64dd,4a33c149f9b84d849224830b7920cf8d,83bc7c63016b44a7bb730cbd52015427,bffdbdea72654f78bfa6ca4ccea58aeb"
0.0,37822728,2,18911364.0,18911364.0,18875392,18947336,50872.1,PushPop,":batch=46d5edbbf15e465ea86f3f51d1ecd719 phase=decode requests=4911471bf69b4a0c8fcb7df27f4e64dd,4a33c149f9b84d849224830b7920cf8d,83bc7c63016b44a7bb730cbd52015427,bffdbdea72654f78bfa6ca4ccea58aeb"
0.0,37822287,2,18911143.5,18911143.5,18872400,18949887,54791.6,PushPop,":batch=00f7ad2fe3454617a9534fa37837d788 phase=decode requests=4911471bf69b4a0c8fcb7df27f4e64dd,4a33c149f9b84d849224830b7920cf8d,83bc7c63016b44a7bb730cbd52015427,bffdbdea72654f78bfa6ca4ccea58aeb"
0.0,37822187,2,18911093.5,18911093.5,18877696,18944491,47231.2,PushPop,":batch=3b71ea09da1149deb0a1af9c1f857291 phase=decode requests=4911471bf69b4a0c8fcb7df27f4e64dd,4a33c149f9b84d849224830b7920cf8d,83bc7c63016b44a7bb730cbd52015427,bffdbdea72654f78bfa6ca4ccea58aeb"
0.0,37822111,2,18911055.5,18911055.5,18860149,18961962,71992.7,PushPop,":batch=27c357f5b14a4771856ca9674fa504eb phase=decode requests=4911471bf69b4a0c8fcb7df27f4e64dd,4a33c149f9b84d849224830b7920cf8d,83bc7c63016b44a7bb730cbd52015427,bffdbdea72654f78bfa6ca4ccea58aeb"
0.0,37821826,2,18910913.0,18910913.0,18892869,18928957,25518.1,PushPop,":batch=41751e8364174eba96e543587129fc45 phase=decode requests=4911471bf69b4a0c8fcb7df27f4e64dd,4a33c149f9b84d849224830b7920cf8d,83bc7c63016b44a7bb730cbd52015427,bffdbdea72654f78bfa6ca4ccea58aeb"
0.0,37821679,2,18910839.5,18910839.5,18888637,18933042,31399.1,PushPop,":batch=5dcb41d20fb242889f5599659e698c91 phase=decode requests=4911471bf69b4a0c8fcb7df27f4e64dd,4a33c149f9b84d849224830b7920cf8d,83bc7c63016b44a7bb730cbd52015427,bffdbdea72654f78bfa6ca4ccea58aeb"
0.0,37820328,2,18910164.0,18910164.0,18872613,18947715,53105.1,PushPop,":batch=f3a80058f9d549b3916d33781d749336 phase=decode requests=4911471bf69b4a0c8fcb7df27f4e64dd,4a33c149f9b84d849224830b7920cf8d,83bc7c63016b44a7bb730cbd52015427,bffdbdea72654f78bfa6ca4ccea58aeb"
0.0,37820242,2,18910121.0,18910121.0,18883976,18936266,36974.6,PushPop,":batch=5212b6d1be964c4ea9717f9223acb76f phase=decode requests=4911471bf69b4a0c8fcb7df27f4e64dd,4a33c149f9b84d849224830b7920cf8d,83bc7c63016b44a7bb730cbd52015427,bffdbdea72654f78bfa6ca4ccea58aeb"
0.0,37820138,2,18910069.0,18910069.0,18871175,18948963,55004.4,PushPop,":batch=2943e2efaecf47efb7c56cdf9722fada phase=decode requests=4911471bf69b4a0c8fcb7df27f4e64dd,4a33c149f9b84d849224830b7920cf8d,83bc7c63016b44a7bb730cbd52015427,bffdbdea72654f78bfa6ca4ccea58aeb"
0.0,37819724,2,18909862.0,18909862.0,18893304,18926420,23416.5,PushPop,":batch=497e9e8b3cff4e6e9228365e58099bc7 phase=decode requests=4911471bf69b4a0c8fcb7df27f4e64dd,4a33c149f9b84d849224830b7920cf8d,83bc7c63016b44a7bb730cbd52015427,bffdbdea72654f78bfa6ca4ccea58aeb"
0.0,37818706,2,18909353.0,18909353.0,18897113,18921593,17310.0,PushPop,":batch=08635696e48c4177a7ee60c4e19d20ec phase=decode requests=4911471bf69b4a0c8fcb7df27f4e64dd,4a33c149f9b84d849224830b7920cf8d,83bc7c63016b44a7bb730cbd52015427,bffdbdea72654f78bfa6ca4ccea58aeb"
0.0,37818602,2,18909301.0,18909301.0,18871004,18947598,54160.1,PushPop,":batch=235888248f8648edba82fe59fe54d1eb phase=decode requests=4911471bf69b4a0c8fcb7df27f4e64dd,4a33c149f9b84d849224830b7920cf8d,83bc7c63016b44a7bb730cbd52015427,bffdbdea72654f78bfa6ca4ccea58aeb"
0.0,37817940,2,18908970.0,18908970.0,18890992,18926948,25424.7,PushPop,":batch=d93c9c98d1e0437ea8277973000a3aa3 phase=decode requests=4911471bf69b4a0c8fcb7df27f4e64dd,4a33c149f9b84d849224830b7920cf8d,83bc7c63016b44a7bb730cbd52015427,bffdbdea72654f78bfa6ca4ccea58aeb"
0.0,37817623,2,18908811.5,18908811.5,18875737,18941886,46774.4,PushPop,":batch=c5df00071d4d4c888334714d0b7800e8 phase=decode requests=4911471bf69b4a0c8fcb7df27f4e64dd,4a33c149f9b84d849224830b7920cf8d,83bc7c63016b44a7bb730cbd52015427,bffdbdea72654f78bfa6ca4ccea58aeb"
0.0,37817472,2,18908736.0,18908736.0,18878705,18938767,42470.2,PushPop,":batch=32d288262c4d4e5c97487af3d5b92b16 phase=decode requests=4911471bf69b4a0c8fcb7df27f4e64dd,4a33c149f9b84d849224830b7920cf8d,83bc7c63016b44a7bb730cbd52015427,bffdbdea72654f78bfa6ca4ccea58aeb"
0.0,37817454,2,18908727.0,18908727.0,18888644,18928810,28401.7,PushPop,":batch=81846798f0e040978fdc508cae49ce37 phase=decode requests=4911471bf69b4a0c8fcb7df27f4e64dd,4a33c149f9b84d849224830b7920cf8d,83bc7c63016b44a7bb730cbd52015427,bffdbdea72654f78bfa6ca4ccea58aeb"
0.0,37817384,2,18908692.0,18908692.0,18873437,18943947,49858.1,PushPop,":batch=9aa08cf940334095a950fb46fdc25f53 phase=decode requests=4911471bf69b4a0c8fcb7df27f4e64dd,4a33c149f9b84d849224830b7920cf8d,83bc7c63016b44a7bb730cbd52015427,bffdbdea72654f78bfa6ca4ccea58aeb"
0.0,37817261,2,18908630.5,18908630.5,18879271,18937990,41520.6,PushPop,":batch=09f4c112181a48dd90cd8320b46912cc phase=decode requests=4911471bf69b4a0c8fcb7df27f4e64dd,4a33c149f9b84d849224830b7920cf8d,83bc7c63016b44a7bb730cbd52015427,bffdbdea72654f78bfa6ca4ccea58aeb"
0.0,37817148,2,18908574.0,18908574.0,18877562,18939586,43857.6,PushPop,":batch=5c2281fe7020486e8dbdc09c54bc33ba phase=decode requests=4911471bf69b4a0c8fcb7df27f4e64dd,4a33c149f9b84d849224830b7920cf8d,83bc7c63016b44a7bb730cbd52015427,bffdbdea72654f78bfa6ca4ccea58aeb"
0.0,37816383,2,18908191.5,18908191.5,18881024,18935359,38420.6,PushPop,":batch=bc1dfe602a91405bb724718df83288d7 phase=decode requests=4911471bf69b4a0c8fcb7df27f4e64dd,4a33c149f9b84d849224830b7920cf8d,83bc7c63016b44a7bb730cbd52015427,bffdbdea72654f78bfa6ca4ccea58aeb"
0.0,37816292,2,18908146.0,18908146.0,18867623,18948669,57308.2,PushPop,":batch=94993f11bb634316a95613d12ed65f3d phase=decode requests=4911471bf69b4a0c8fcb7df27f4e64dd,4a33c149f9b84d849224830b7920cf8d,83bc7c63016b44a7bb730cbd52015427,bffdbdea72654f78bfa6ca4ccea58aeb"
0.0,37815965,2,18907982.5,18907982.5,18885135,18930830,32311.2,PushPop,:batch=1a0b51a1e9ba471f8caf2cbdd2e5bcc0 phase=decode requests=8de7c5b04b184d1cbc3645195ef60a7d
0.0,37815956,2,18907978.0,18907978.0,18898820,18917136,12951.4,PushPop,":batch=6e4d339658e54321ba1c83aabf41400c phase=decode requests=4911471bf69b4a0c8fcb7df27f4e64dd,4a33c149f9b84d849224830b7920cf8d,83bc7c63016b44a7bb730cbd52015427,bffdbdea72654f78bfa6ca4ccea58aeb"
0.0,37815934,2,18907967.0,18907967.0,18887461,18928473,28999.9,PushPop,":batch=219998aea5644c0285218e9b418280b2 phase=decode requests=4911471bf69b4a0c8fcb7df27f4e64dd,4a33c149f9b84d849224830b7920cf8d,83bc7c63016b44a7bb730cbd52015427,bffdbdea72654f78bfa6ca4ccea58aeb"
0.0,37815674,2,18907837.0,18907837.0,18888849,18926825,26853.1,PushPop,:batch=b25bbe1c2edd44b18fcde7a15877bbe2 phase=decode requests=8de7c5b04b184d1cbc3645195ef60a7d
0.0,37815502,2,18907751.0,18907751.0,18893302,18922200,20434.0,PushPop,:batch=de2e1aeaa5df4c20af6eefb12b0ceb96 phase=decode requests=8de7c5b04b184d1cbc3645195ef60a7d
0.0,37815464,2,18907732.0,18907732.0,18893583,18921881,20009.7,PushPop,":batch=d8892df521814fafb249378fe48c41d7 phase=decode requests=4911471bf69b4a0c8fcb7df27f4e64dd,4a33c149f9b84d849224830b7920cf8d,83bc7c63016b44a7bb730cbd52015427,bffdbdea72654f78bfa6ca4ccea58aeb"
0.0,37815155,2,18907577.5,18907577.5,18887028,18928127,29061.4,PushPop,:batch=9e58aa74e0004066a1a56e784be68283 phase=decode requests=8de7c5b04b184d1cbc3645195ef60a7d
0.0,37814470,2,18907235.0,18907235.0,18882391,18932079,35134.7,PushPop,":batch=96ff4b0b99a04a258c084fbbfeedd43e phase=decode requests=4911471bf69b4a0c8fcb7df27f4e64dd,4a33c149f9b84d849224830b7920cf8d,83bc7c63016b44a7bb730cbd52015427,bffdbdea72654f78bfa6ca4ccea58aeb"
0.0,37814414,2,18907207.0,18907207.0,18881563,18932851,36266.1,PushPop,":batch=aa208f4f6bb04980905c246480ffec49 phase=decode requests=4911471bf69b4a0c8fcb7df27f4e64dd,4a33c149f9b84d849224830b7920cf8d,83bc7c63016b44a7bb730cbd52015427,bffdbdea72654f78bfa6ca4ccea58aeb"
0.0,37814230,2,18907115.0,18907115.0,18884722,18929508,31668.5,PushPop,":batch=ed7f0216e211490a9368b71fa3106806 phase=decode requests=4911471bf69b4a0c8fcb7df27f4e64dd,4a33c149f9b84d849224830b7920cf8d,83bc7c63016b44a7bb730cbd52015427,bffdbdea72654f78bfa6ca4ccea58aeb"
0.0,37814085,2,18907042.5,18907042.5,18874096,18939989,46593.4,PushPop,":batch=a26920e3401a420a811ee1856058be81 phase=decode requests=4911471bf69b4a0c8fcb7df27f4e64dd,4a33c149f9b84d849224830b7920cf8d,83bc7c63016b44a7bb730cbd52015427,bffdbdea72654f78bfa6ca4ccea58aeb"
0.0,37813421,2,18906710.5,18906710.5,18864225,18949196,60083.6,PushPop,":batch=e3719a9aa66240748ef9cf2829ce228c phase=decode requests=4911471bf69b4a0c8fcb7df27f4e64dd,4a33c149f9b84d849224830b7920cf8d,83bc7c63016b44a7bb730cbd52015427,bffdbdea72654f78bfa6ca4ccea58aeb"
0.0,37813094,2,18906547.0,18906547.0,18880705,18932389,36546.1,PushPop,":batch=972a553ecda744279a7df635d2725f9a phase=decode requests=4911471bf69b4a0c8fcb7df27f4e64dd,4a33c149f9b84d849224830b7920cf8d,83bc7c63016b44a7bb730cbd52015427,bffdbdea72654f78bfa6ca4ccea58aeb"
0.0,37812997,2,18906498.5,18906498.5,18858861,18954136,67369.6,PushPop,":batch=27fd6860599b4c86add4615893672640 phase=decode requests=4911471bf69b4a0c8fcb7df27f4e64dd,4a33c149f9b84d849224830b7920cf8d,83bc7c63016b44a7bb730cbd52015427,bffdbdea72654f78bfa6ca4ccea58aeb"
0.0,37812889,2,18906444.5,18906444.5,18893427,18919462,18409.5,PushPop,":batch=fc7e467658454b629b9edfd423817c94 phase=decode requests=4911471bf69b4a0c8fcb7df27f4e64dd,4a33c149f9b84d849224830b7920cf8d,83bc7c63016b44a7bb730cbd52015427,bffdbdea72654f78bfa6ca4ccea58aeb"
0.0,37811795,2,18905897.5,18905897.5,18885033,18926762,29506.9,PushPop,":batch=af519fef722f407a8e40ef158cde0d8b phase=decode requests=4911471bf69b4a0c8fcb7df27f4e64dd,4a33c149f9b84d849224830b7920cf8d,83bc7c63016b44a7bb730cbd52015427,bffdbdea72654f78bfa6ca4ccea58aeb"
0.0,37811786,2,18905893.0,18905893.0,18482112,19329674,599316.8,PushPop,:batch=0b2e0bd766464d59b6516f1a9e6d3265 phase=decode requests=8de7c5b04b184d1cbc3645195ef60a7d
0.0,37811445,2,18905722.5,18905722.5,18871086,18940359,48983.4,PushPop,":batch=222ff880762043158a1b5e59a5991002 phase=decode requests=4911471bf69b4a0c8fcb7df27f4e64dd,4a33c149f9b84d849224830b7920cf8d,83bc7c63016b44a7bb730cbd52015427,bffdbdea72654f78bfa6ca4ccea58aeb"
0.0,37811328,2,18905664.0,18905664.0,18874876,18936452,43540.8,PushPop,":batch=b680a4ea75b84b12b8aa863f6bfd4143 phase=decode requests=4911471bf69b4a0c8fcb7df27f4e64dd,4a33c149f9b84d849224830b7920cf8d,83bc7c63016b44a7bb730cbd52015427,bffdbdea72654f78bfa6ca4ccea58aeb"
0.0,37809759,2,18904879.5,18904879.5,18885293,18924466,27699.5,PushPop,":batch=114077820c1042c5ba55baaab01915a2 phase=decode requests=4911471bf69b4a0c8fcb7df27f4e64dd,4a33c149f9b84d849224830b7920cf8d,83bc7c63016b44a7bb730cbd52015427,bffdbdea72654f78bfa6ca4ccea58aeb"
0.0,37808872,2,18904436.0,18904436.0,18889254,18919618,21470.6,PushPop,":batch=a07df284c8b5447abdc467f95fdf907c phase=decode requests=4911471bf69b4a0c8fcb7df27f4e64dd,4a33c149f9b84d849224830b7920cf8d,83bc7c63016b44a7bb730cbd52015427,bffdbdea72654f78bfa6ca4ccea58aeb"
0.0,37808825,2,18904412.5,18904412.5,18865539,18943286,54975.4,PushPop,":batch=4a626d83bcac42c58017b7de3e3a2aa8 phase=decode requests=4911471bf69b4a0c8fcb7df27f4e64dd,4a33c149f9b84d849224830b7920cf8d,83bc7c63016b44a7bb730cbd52015427,bffdbdea72654f78bfa6ca4ccea58aeb"
0.0,37808716,2,18904358.0,18904358.0,18502863,19305853,567799.7,PushPop,:batch=dedab504b9fb4e169d6d59f73af652f7 phase=decode requests=8de7c5b04b184d1cbc3645195ef60a7d
0.0,37808617,2,18904308.5,18904308.5,18875881,18932736,40202.6,PushPop,":batch=a36651bb9cfd4d3eae2c107c3724a5d5 phase=decode requests=4911471bf69b4a0c8fcb7df27f4e64dd,4a33c149f9b84d849224830b7920cf8d,83bc7c63016b44a7bb730cbd52015427,bffdbdea72654f78bfa6ca4ccea58aeb"
0.0,37808017,2,18904008.5,18904008.5,18880501,18927516,33244.6,PushPop,:batch=943b5c31d6a34ed7bffd9bd36fca151b phase=decode requests=8de7c5b04b184d1cbc3645195ef60a7d
0.0,37808012,2,18904006.0,18904006.0,18879572,18928440,34554.9,PushPop,":batch=8d68d88219984f28a356591917c60cab phase=decode requests=4911471bf69b4a0c8fcb7df27f4e64dd,4a33c149f9b84d849224830b7920cf8d,83bc7c63016b44a7bb730cbd52015427,bffdbdea72654f78bfa6ca4ccea58aeb"
0.0,37807768,2,18903884.0,18903884.0,18874392,18933376,41708.0,PushPop,":batch=ba68b52cb5b543db8e7ccfdb45036e24 phase=decode requests=4911471bf69b4a0c8fcb7df27f4e64dd,4a33c149f9b84d849224830b7920cf8d,83bc7c63016b44a7bb730cbd52015427,bffdbdea72654f78bfa6ca4ccea58aeb"
0.0,37807544,2,18903772.0,18903772.0,18867495,18940049,51303.4,PushPop,":batch=96cd839b00734b40b06fd4f3bf9c945a phase=decode requests=4911471bf69b4a0c8fcb7df27f4e64dd,4a33c149f9b84d849224830b7920cf8d,83bc7c63016b44a7bb730cbd52015427,bffdbdea72654f78bfa6ca4ccea58aeb"
0.0,37807525,2,18903762.5,18903762.5,18864851,18942674,55029.2,PushPop,":batch=38f26fe5a0b147f19707bff66174a318 phase=decode requests=4911471bf69b4a0c8fcb7df27f4e64dd,4a33c149f9b84d849224830b7920cf8d,83bc7c63016b44a7bb730cbd52015427,bffdbdea72654f78bfa6ca4ccea58aeb"
0.0,37806159,2,18903079.5,18903079.5,18870255,18935904,46420.9,PushPop,":batch=11e88cae5a1848c69c29eb0c97d18dab phase=decode requests=4911471bf69b4a0c8fcb7df27f4e64dd,4a33c149f9b84d849224830b7920cf8d,83bc7c63016b44a7bb730cbd52015427,bffdbdea72654f78bfa6ca4ccea58aeb"
0.0,37806007,2,18903003.5,18903003.5,18862984,18943023,56596.1,PushPop,":batch=46562196327647f98d92f4428eddf96e phase=decode requests=4911471bf69b4a0c8fcb7df27f4e64dd,4a33c149f9b84d849224830b7920cf8d,83bc7c63016b44a7bb730cbd52015427,bffdbdea72654f78bfa6ca4ccea58aeb"
0.0,37805958,2,18902979.0,18902979.0,18858341,18947617,63127.7,PushPop,":batch=482b1c7fbe1448fd89b1fc62d7cdc9b6 phase=decode requests=399c9677f6e44195897e25ec5ce1daa1,422bf3769b9f45beb57c62f13989c6e8,3255e14c8cb54f1cbdd701ebd201f7b8,a8d52d0acece4573abce53495dc615f9"
0.0,37805826,2,18902913.0,18902913.0,18861360,18944466,58764.8,PushPop,":batch=bcd6e178d6844fe38dfb95e8af5db902 phase=decode requests=4911471bf69b4a0c8fcb7df27f4e64dd,4a33c149f9b84d849224830b7920cf8d,83bc7c63016b44a7bb730cbd52015427,bffdbdea72654f78bfa6ca4ccea58aeb"
0.0,37805819,2,18902909.5,18902909.5,18887472,18918347,21831.9,PushPop,":batch=043e7d456a2f4e0881450f3576f39b27 phase=decode requests=4911471bf69b4a0c8fcb7df27f4e64dd,4a33c149f9b84d849224830b7920cf8d,83bc7c63016b44a7bb730cbd52015427,bffdbdea72654f78bfa6ca4ccea58aeb"
0.0,37805549,2,18902774.5,18902774.5,18874227,18931322,40372.3,PushPop,:batch=d031c8c4f0964252a97b427ce7828931 phase=decode requests=aaa729f093b64e2aaeeda0c4bda76f3d
0.0,37805357,2,18902678.5,18902678.5,18881276,18924081,30267.7,PushPop,":batch=d0dc5616012f402eb119c7f5e466a425 phase=decode requests=4911471bf69b4a0c8fcb7df27f4e64dd,4a33c149f9b84d849224830b7920cf8d,83bc7c63016b44a7bb730cbd52015427,bffdbdea72654f78bfa6ca4ccea58aeb"
0.0,37805289,2,18902644.5,18902644.5,18864429,18940860,54044.9,PushPop,":batch=f02d36c61aca4939a70a19e7b285d449 phase=decode requests=4911471bf69b4a0c8fcb7df27f4e64dd,4a33c149f9b84d849224830b7920cf8d,83bc7c63016b44a7bb730cbd52015427,bffdbdea72654f78bfa6ca4ccea58aeb"
0.0,37804872,2,18902436.0,18902436.0,18871002,18933870,44454.4,PushPop,":batch=fc801890431046c7b11a418884a98c6a phase=decode requests=4911471bf69b4a0c8fcb7df27f4e64dd,4a33c149f9b84d849224830b7920cf8d,83bc7c63016b44a7bb730cbd52015427,bffdbdea72654f78bfa6ca4ccea58aeb"
0.0,37804816,2,18902408.0,18902408.0,18871452,18933364,43778.4,PushPop,":batch=9084a1fc6ab949f1ab665136000224f2 phase=decode requests=4911471bf69b4a0c8fcb7df27f4e64dd,4a33c149f9b84d849224830b7920cf8d,83bc7c63016b44a7bb730cbd52015427,bffdbdea72654f78bfa6ca4ccea58aeb"
0.0,37804763,2,18902381.5,18902381.5,18876994,18927769,35903.3,PushPop,":batch=8fec3a0ad86c44a3a47a9af72147a3f1 phase=decode requests=4911471bf69b4a0c8fcb7df27f4e64dd,4a33c149f9b84d849224830b7920cf8d,83bc7c63016b44a7bb730cbd52015427,bffdbdea72654f78bfa6ca4ccea58aeb"
0.0,37804709,2,18902354.5,18902354.5,18872905,18931804,41647.9,PushPop,":batch=6e25deb5166442e7bbe5ef5f858301df phase=decode requests=4911471bf69b4a0c8fcb7df27f4e64dd,4a33c149f9b84d849224830b7920cf8d,83bc7c63016b44a7bb730cbd52015427,bffdbdea72654f78bfa6ca4ccea58aeb"
0.0,37803655,2,18901827.5,18901827.5,18862422,18941233,55727.8,PushPop,":batch=c547aa8c6213440db3da019b5b1b730f phase=decode requests=4911471bf69b4a0c8fcb7df27f4e64dd,4a33c149f9b84d849224830b7920cf8d,83bc7c63016b44a7bb730cbd52015427,bffdbdea72654f78bfa6ca4ccea58aeb"
0.0,37803347,2,18901673.5,18901673.5,18881916,18921431,27941.3,PushPop,":batch=f18debbf26514e15b1d8a45f0495c989 phase=decode requests=4911471bf69b4a0c8fcb7df27f4e64dd,4a33c149f9b84d849224830b7920cf8d,83bc7c63016b44a7bb730cbd52015427,bffdbdea72654f78bfa6ca4ccea58aeb"
0.0,37803183,2,18901591.5,18901591.5,18878268,18924915,32984.4,PushPop,":batch=6313da62babf4547a4e3d0ed71d87548 phase=decode requests=399c9677f6e44195897e25ec5ce1daa1,422bf3769b9f45beb57c62f13989c6e8,3255e14c8cb54f1cbdd701ebd201f7b8,a8d52d0acece4573abce53495dc615f9"
0.0,37802629,2,18901314.5,18901314.5,18876535,18926094,35043.5,PushPop,":batch=cc724d4ba33846c5bdcbd275172e4b6b phase=decode requests=4911471bf69b4a0c8fcb7df27f4e64dd,4a33c149f9b84d849224830b7920cf8d,83bc7c63016b44a7bb730cbd52015427,bffdbdea72654f78bfa6ca4ccea58aeb"
0.0,37802044,2,18901022.0,18901022.0,18883007,18919037,25477.1,PushPop,":batch=e9b12471f2e24486aacbddd128582164 phase=decode requests=4911471bf69b4a0c8fcb7df27f4e64dd,4a33c149f9b84d849224830b7920cf8d,83bc7c63016b44a7bb730cbd52015427,bffdbdea72654f78bfa6ca4ccea58aeb"
0.0,37801225,2,18900612.5,18900612.5,18860967,18940258,56067.2,PushPop,":batch=9771304c40f74cbcaaa284162d1de433 phase=decode requests=4911471bf69b4a0c8fcb7df27f4e64dd,4a33c149f9b84d849224830b7920cf8d,83bc7c63016b44a7bb730cbd52015427,bffdbdea72654f78bfa6ca4ccea58aeb"
0.0,37801049,2,18900524.5,18900524.5,18481979,19319070,591912.7,PushPop,:batch=af81159ffa3e43fa9bed7810f8ccc404 phase=decode requests=8de7c5b04b184d1cbc3645195ef60a7d
0.0,37800348,2,18900174.0,18900174.0,18873012,18927336,38412.9,PushPop,":batch=b663ca3edce64e03961e63a93c6b6ddf phase=decode requests=4911471bf69b4a0c8fcb7df27f4e64dd,4a33c149f9b84d849224830b7920cf8d,83bc7c63016b44a7bb730cbd52015427,bffdbdea72654f78bfa6ca4ccea58aeb"
0.0,37800339,2,18900169.5,18900169.5,18880936,18919403,27200.3,PushPop,":batch=da3cb8c04d784900a36108e8dd44aaed phase=decode requests=4911471bf69b4a0c8fcb7df27f4e64dd,4a33c149f9b84d849224830b7920cf8d,83bc7c63016b44a7bb730cbd52015427,bffdbdea72654f78bfa6ca4ccea58aeb"
0.0,37800323,2,18900161.5,18900161.5,18868377,18931946,44950.1,PushPop,":batch=e9860ba44b904117ba953c83762dffe8 phase=decode requests=4911471bf69b4a0c8fcb7df27f4e64dd,4a33c149f9b84d849224830b7920cf8d,83bc7c63016b44a7bb730cbd52015427,bffdbdea72654f78bfa6ca4ccea58aeb"
0.0,37799986,2,18899993.0,18899993.0,18870857,18929129,41204.5,PushPop,":batch=6841ff95e26d4e7ab85dd78de49ad5dc phase=decode requests=4911471bf69b4a0c8fcb7df27f4e64dd,4a33c149f9b84d849224830b7920cf8d,83bc7c63016b44a7bb730cbd52015427,bffdbdea72654f78bfa6ca4ccea58aeb"
0.0,37799978,2,18899989.0,18899989.0,18867436,18932542,46036.9,PushPop,":batch=ca617655ca2d46e98f8bbaf3a66dbf94 phase=decode requests=4911471bf69b4a0c8fcb7df27f4e64dd,4a33c149f9b84d849224830b7920cf8d,83bc7c63016b44a7bb730cbd52015427,bffdbdea72654f78bfa6ca4ccea58aeb"
0.0,37799959,2,18899979.5,18899979.5,18877576,18922383,31683.3,PushPop,":batch=9e8233bf233a4f46b74670cab1bf7197 phase=decode requests=4911471bf69b4a0c8fcb7df27f4e64dd,4a33c149f9b84d849224830b7920cf8d,83bc7c63016b44a7bb730cbd52015427,bffdbdea72654f78bfa6ca4ccea58aeb"
0.0,37799857,2,18899928.5,18899928.5,18877114,18922743,32264.6,PushPop,":batch=98e1cd679dec4c61b2407449a5623b23 phase=decode requests=4911471bf69b4a0c8fcb7df27f4e64dd,4a33c149f9b84d849224830b7920cf8d,83bc7c63016b44a7bb730cbd52015427,bffdbdea72654f78bfa6ca4ccea58aeb"
0.0,37799119,2,18899559.5,18899559.5,18872597,18926522,38130.7,PushPop,":batch=bbc836e0a8134212be0e0f9100c2fad0 phase=decode requests=4911471bf69b4a0c8fcb7df27f4e64dd,4a33c149f9b84d849224830b7920cf8d,83bc7c63016b44a7bb730cbd52015427,bffdbdea72654f78bfa6ca4ccea58aeb"
0.0,37798224,2,18899112.0,18899112.0,18874771,18923453,34423.4,PushPop,":batch=60a7ffe58b4d4820bb49e78b90c463d8 phase=decode requests=4911471bf69b4a0c8fcb7df27f4e64dd,4a33c149f9b84d849224830b7920cf8d,83bc7c63016b44a7bb730cbd52015427,bffdbdea72654f78bfa6ca4ccea58aeb"
0.0,37797865,2,18898932.5,18898932.5,18872841,18925024,36899.0,PushPop,":batch=fb334c410e2e40c0875e527c2d3f8756 phase=decode requests=4911471bf69b4a0c8fcb7df27f4e64dd,4a33c149f9b84d849224830b7920cf8d,83bc7c63016b44a7bb730cbd52015427,bffdbdea72654f78bfa6ca4ccea58aeb"
0.0,37797704,2,18898852.0,18898852.0,18867822,18929882,43883.0,PushPop,":batch=95da3dfa0fec4ea38d98b0d36c2f23dd phase=decode requests=4911471bf69b4a0c8fcb7df27f4e64dd,4a33c149f9b84d849224830b7920cf8d,83bc7c63016b44a7bb730cbd52015427,bffdbdea72654f78bfa6ca4ccea58aeb"
0.0,37797572,2,18898786.0,18898786.0,18871855,18925717,38086.2,PushPop,":batch=f603db5df3724898a74c36865afc3c91 phase=decode requests=4911471bf69b4a0c8fcb7df27f4e64dd,4a33c149f9b84d849224830b7920cf8d,83bc7c63016b44a7bb730cbd52015427,bffdbdea72654f78bfa6ca4ccea58aeb"
0.0,37797481,2,18898740.5,18898740.5,18883547,18913934,21486.9,PushPop,":batch=025721cae1d140568525b5f3d5e26016 phase=decode requests=4911471bf69b4a0c8fcb7df27f4e64dd,4a33c149f9b84d849224830b7920cf8d,83bc7c63016b44a7bb730cbd52015427,bffdbdea72654f78bfa6ca4ccea58aeb"
0.0,37796605,2,18898302.5,18898302.5,18876758,18919847,30468.5,PushPop,":batch=1e53dfb2e0124e41b3ba33c7a606f2a9 phase=decode requests=4911471bf69b4a0c8fcb7df27f4e64dd,4a33c149f9b84d849224830b7920cf8d,83bc7c63016b44a7bb730cbd52015427,bffdbdea72654f78bfa6ca4ccea58aeb"
0.0,37796331,2,18898165.5,18898165.5,18857414,18938917,57631.3,PushPop,":batch=2c298d182f3c4de891fb12cc4cd752ee phase=decode requests=7aa4ba8d31af45f58706a52eb0ad3328,baabce1b18024e189120c512bc680496,046f00cf0a7d4816a65a9b0acad7230b,46ac3b484ea545d181b2d3e8af73623f"
0.0,37795851,2,18897925.5,18897925.5,18873116,18922735,35085.9,PushPop,":batch=baa5cd429a6743b7a655c5801eabcaee phase=decode requests=4911471bf69b4a0c8fcb7df27f4e64dd,4a33c149f9b84d849224830b7920cf8d,83bc7c63016b44a7bb730cbd52015427,bffdbdea72654f78bfa6ca4ccea58aeb"
0.0,37795347,2,18897673.5,18897673.5,18872669,18922678,35361.7,PushPop,":batch=38a6655c6f1141ac9fa46a3faef379d1 phase=decode requests=4911471bf69b4a0c8fcb7df27f4e64dd,4a33c149f9b84d849224830b7920cf8d,83bc7c63016b44a7bb730cbd52015427,bffdbdea72654f78bfa6ca4ccea58aeb"
0.0,37795303,2,18897651.5,18897651.5,18861705,18933598,50836.0,PushPop,":batch=2dfbe1698c584f45b8bc8fd61f2eb511 phase=decode requests=4911471bf69b4a0c8fcb7df27f4e64dd,4a33c149f9b84d849224830b7920cf8d,83bc7c63016b44a7bb730cbd52015427,bffdbdea72654f78bfa6ca4ccea58aeb"
0.0,37795243,2,18897621.5,18897621.5,18847283,18947960,71189.4,PushPop,":batch=ab55fa44a46346ed80102451d8e4cfcd phase=decode requests=4911471bf69b4a0c8fcb7df27f4e64dd,4a33c149f9b84d849224830b7920cf8d,83bc7c63016b44a7bb730cbd52015427,bffdbdea72654f78bfa6ca4ccea58aeb"
0.0,37795028,2,18897514.0,18897514.0,18866080,18928948,44454.4,PushPop,":batch=10f755d4a41347c880612603492d9eb2 phase=decode requests=4911471bf69b4a0c8fcb7df27f4e64dd,4a33c149f9b84d849224830b7920cf8d,83bc7c63016b44a7bb730cbd52015427,bffdbdea72654f78bfa6ca4ccea58aeb"
0.0,37794502,2,18897251.0,18897251.0,18851688,18942814,64435.8,PushPop,":batch=2974e5beab064b33b9102c6b54b3f87a phase=decode requests=4911471bf69b4a0c8fcb7df27f4e64dd,4a33c149f9b84d849224830b7920cf8d,83bc7c63016b44a7bb730cbd52015427,bffdbdea72654f78bfa6ca4ccea58aeb"
0.0,37794136,2,18897068.0,18897068.0,18876063,18918073,29705.6,PushPop,":batch=eb28b7b1e3da46c29230fac176014090 phase=decode requests=4911471bf69b4a0c8fcb7df27f4e64dd,4a33c149f9b84d849224830b7920cf8d,83bc7c63016b44a7bb730cbd52015427,bffdbdea72654f78bfa6ca4ccea58aeb"
0.0,37792668,2,18896334.0,18896334.0,18863479,18929189,46464.0,PushPop,":batch=947875f4b1b344ba8c21713f80272ec7 phase=decode requests=4911471bf69b4a0c8fcb7df27f4e64dd,4a33c149f9b84d849224830b7920cf8d,83bc7c63016b44a7bb730cbd52015427,bffdbdea72654f78bfa6ca4ccea58aeb"
0.0,37792256,2,18896128.0,18896128.0,18863178,18929078,46598.3,PushPop,":batch=09a5e81f925a4ea0b846e6707d2765e6 phase=decode requests=4911471bf69b4a0c8fcb7df27f4e64dd,4a33c149f9b84d849224830b7920cf8d,83bc7c63016b44a7bb730cbd52015427,bffdbdea72654f78bfa6ca4ccea58aeb"
0.0,37792145,2,18896072.5,18896072.5,18866044,18926101,42466.7,PushPop,":batch=3971134000c84020a28f97b2124f36b5 phase=decode requests=4911471bf69b4a0c8fcb7df27f4e64dd,4a33c149f9b84d849224830b7920cf8d,83bc7c63016b44a7bb730cbd52015427,bffdbdea72654f78bfa6ca4ccea58aeb"
0.0,37792019,2,18896009.5,18896009.5,18882630,18909389,18921.5,PushPop,":batch=c98c6dd1c3ac4f02902e5180f50d13f1 phase=decode requests=4911471bf69b4a0c8fcb7df27f4e64dd,4a33c149f9b84d849224830b7920cf8d,83bc7c63016b44a7bb730cbd52015427,bffdbdea72654f78bfa6ca4ccea58aeb"
0.0,37791890,2,18895945.0,18895945.0,18856891,18934999,55230.7,PushPop,:batch=0d3c788db8d94571a5c7639db6827070 phase=decode requests=8de7c5b04b184d1cbc3645195ef60a7d
0.0,37791589,2,18895794.5,18895794.5,18865556,18926033,42763.7,PushPop,":batch=a6982f46449247b1b4abb2e7d26399f1 phase=decode requests=4911471bf69b4a0c8fcb7df27f4e64dd,4a33c149f9b84d849224830b7920cf8d,83bc7c63016b44a7bb730cbd52015427,bffdbdea72654f78bfa6ca4ccea58aeb"
0.0,37790755,2,18895377.5,18895377.5,18871881,18918874,33229.1,PushPop,":batch=916127f9421d4b93ae9b6f802dccd857 phase=decode requests=4911471bf69b4a0c8fcb7df27f4e64dd,4a33c149f9b84d849224830b7920cf8d,83bc7c63016b44a7bb730cbd52015427,bffdbdea72654f78bfa6ca4ccea58aeb"
0.0,37790278,2,18895139.0,18895139.0,18871010,18919268,34123.6,PushPop,":batch=4c9ce492e69142f985b4e9dce10062a5 phase=decode requests=4911471bf69b4a0c8fcb7df27f4e64dd,4a33c149f9b84d849224830b7920cf8d,83bc7c63016b44a7bb730cbd52015427,bffdbdea72654f78bfa6ca4ccea58aeb"
0.0,37789926,2,18894963.0,18894963.0,18866655,18923271,40033.6,PushPop,":batch=49b64583894b4895b8c655d7b71a4464 phase=decode requests=4911471bf69b4a0c8fcb7df27f4e64dd,4a33c149f9b84d849224830b7920cf8d,83bc7c63016b44a7bb730cbd52015427,bffdbdea72654f78bfa6ca4ccea58aeb"
0.0,37789784,2,18894892.0,18894892.0,18877397,18912387,24741.7,PushPop,":batch=59378fdba1a94a73a6dd64dfdf34d23b phase=decode requests=4911471bf69b4a0c8fcb7df27f4e64dd,4a33c149f9b84d849224830b7920cf8d,83bc7c63016b44a7bb730cbd52015427,bffdbdea72654f78bfa6ca4ccea58aeb"
0.0,37789413,2,18894706.5,18894706.5,18862697,18926716,45268.3,PushPop,":batch=a145f81aa44b4d08810363d436751b07 phase=decode requests=4911471bf69b4a0c8fcb7df27f4e64dd,4a33c149f9b84d849224830b7920cf8d,83bc7c63016b44a7bb730cbd52015427,bffdbdea72654f78bfa6ca4ccea58aeb"
0.0,37789078,2,18894539.0,18894539.0,18853598,18935480,57899.3,PushPop,":batch=933363bf6ecc4b12b5284a573ab7bfe7 phase=decode requests=4911471bf69b4a0c8fcb7df27f4e64dd,4a33c149f9b84d849224830b7920cf8d,83bc7c63016b44a7bb730cbd52015427,bffdbdea72654f78bfa6ca4ccea58aeb"
0.0,37788610,2,18894305.0,18894305.0,18845033,18943577,69681.1,PushPop,":batch=029e422af86f4d62894128b06d26d330 phase=decode requests=4911471bf69b4a0c8fcb7df27f4e64dd,4a33c149f9b84d849224830b7920cf8d,83bc7c63016b44a7bb730cbd52015427,bffdbdea72654f78bfa6ca4ccea58aeb"
0.0,37788345,2,18894172.5,18894172.5,18873976,18914369,28562.2,PushPop,":batch=3cbc18c3346c47f399923799a2a96217 phase=decode requests=4911471bf69b4a0c8fcb7df27f4e64dd,4a33c149f9b84d849224830b7920cf8d,83bc7c63016b44a7bb730cbd52015427,bffdbdea72654f78bfa6ca4ccea58aeb"
0.0,37787930,2,18893965.0,18893965.0,18878956,18908974,21225.9,PushPop,:batch=fb1dea6a98924d30ba003fa91323938c phase=decode requests=8de7c5b04b184d1cbc3645195ef60a7d
0.0,37786734,2,18893367.0,18893367.0,18868023,18918711,35841.8,PushPop,":batch=4938587d7b9640d396a2949363f8fdc5 phase=decode requests=4911471bf69b4a0c8fcb7df27f4e64dd,4a33c149f9b84d849224830b7920cf8d,83bc7c63016b44a7bb730cbd52015427,bffdbdea72654f78bfa6ca4ccea58aeb"
0.0,37785884,2,18892942.0,18892942.0,18861041,18924843,45114.8,PushPop,":batch=76351fbd3ccf4ff48879b39666e25a8c phase=decode requests=e4484b0df96d49f3a31426c909f9076d,bb52284fe1f1457c8a63320a61ffabbf,deac75ab269243019c9fd4ac2ecfc203,3e2830bc65ab4913904d6e72090a4fe3"
0.0,37785451,2,18892725.5,18892725.5,18854742,18930709,53716.8,PushPop,":batch=0e193a48800d44909e8a6195d678e615 phase=decode requests=4911471bf69b4a0c8fcb7df27f4e64dd,4a33c149f9b84d849224830b7920cf8d,83bc7c63016b44a7bb730cbd52015427,bffdbdea72654f78bfa6ca4ccea58aeb"
0.0,37785273,2,18892636.5,18892636.5,18850938,18934335,58970.6,PushPop,":batch=dd6dc6a6cb1049ca9838aba47131802f phase=decode requests=4911471bf69b4a0c8fcb7df27f4e64dd,4a33c149f9b84d849224830b7920cf8d,83bc7c63016b44a7bb730cbd52015427,bffdbdea72654f78bfa6ca4ccea58aeb"
0.0,37785108,2,18892554.0,18892554.0,18854136,18930972,54331.3,PushPop,":batch=b2e5eea62835412eb9943cd55cd3b3ee phase=decode requests=4911471bf69b4a0c8fcb7df27f4e64dd,4a33c149f9b84d849224830b7920cf8d,83bc7c63016b44a7bb730cbd52015427,bffdbdea72654f78bfa6ca4ccea58aeb"
0.0,37785000,2,18892500.0,18892500.0,18853983,18931017,54471.3,PushPop,":batch=cc5afbf5af4942bfbc1092c716271b19 phase=decode requests=4911471bf69b4a0c8fcb7df27f4e64dd,4a33c149f9b84d849224830b7920cf8d,83bc7c63016b44a7bb730cbd52015427,bffdbdea72654f78bfa6ca4ccea58aeb"
0.0,37784765,2,18892382.5,18892382.5,18857359,18927406,49530.7,PushPop,":batch=b02465da26ba4c3eb1823736d71d2655 phase=decode requests=4911471bf69b4a0c8fcb7df27f4e64dd,4a33c149f9b84d849224830b7920cf8d,83bc7c63016b44a7bb730cbd52015427,bffdbdea72654f78bfa6ca4ccea58aeb"
0.0,37784689,2,18892344.5,18892344.5,18866487,18918202,36568.0,PushPop,":batch=44b1d46b50a74a9da817def7e5d81044 phase=decode requests=4911471bf69b4a0c8fcb7df27f4e64dd,4a33c149f9b84d849224830b7920cf8d,83bc7c63016b44a7bb730cbd52015427,bffdbdea72654f78bfa6ca4ccea58aeb"
0.0,37783767,2,18891883.5,18891883.5,18868753,18915014,32711.5,PushPop,":batch=818eb137393741a1b842b6a03472cb12 phase=decode requests=4911471bf69b4a0c8fcb7df27f4e64dd,4a33c149f9b84d849224830b7920cf8d,83bc7c63016b44a7bb730cbd52015427,bffdbdea72654f78bfa6ca4ccea58aeb"
0.0,37783425,2,18891712.5,18891712.5,18871178,18912247,29040.2,PushPop,":batch=accbef7c69ab454594be018188fa31c8 phase=decode requests=4911471bf69b4a0c8fcb7df27f4e64dd,4a33c149f9b84d849224830b7920cf8d,83bc7c63016b44a7bb730cbd52015427,bffdbdea72654f78bfa6ca4ccea58aeb"
0.0,37783284,2,18891642.0,18891642.0,18837166,18946118,77040.7,PushPop,":batch=77ee1057d7064f99b0255a0f571f92b5 phase=decode requests=4911471bf69b4a0c8fcb7df27f4e64dd,4a33c149f9b84d849224830b7920cf8d,83bc7c63016b44a7bb730cbd52015427,bffdbdea72654f78bfa6ca4ccea58aeb"
0.0,37782742,2,18891371.0,18891371.0,18868820,18913922,31891.9,PushPop,":batch=27977a15f61340e186c6ee74b9c8d5ed phase=decode requests=4911471bf69b4a0c8fcb7df27f4e64dd,4a33c149f9b84d849224830b7920cf8d,83bc7c63016b44a7bb730cbd52015427,bffdbdea72654f78bfa6ca4ccea58aeb"
0.0,37782156,2,18891078.0,18891078.0,18872319,18909837,26529.2,PushPop,":batch=577ecab65c6241afb9c54cf4e807b09a phase=decode requests=4911471bf69b4a0c8fcb7df27f4e64dd,4a33c149f9b84d849224830b7920cf8d,83bc7c63016b44a7bb730cbd52015427,bffdbdea72654f78bfa6ca4ccea58aeb"
0.0,37781851,2,18890925.5,18890925.5,18863821,18918030,38331.6,PushPop,":batch=52e5eb08e2ee48b299edd8e9e5222b87 phase=decode requests=4911471bf69b4a0c8fcb7df27f4e64dd,4a33c149f9b84d849224830b7920cf8d,83bc7c63016b44a7bb730cbd52015427,bffdbdea72654f78bfa6ca4ccea58aeb"
0.0,37781561,2,18890780.5,18890780.5,18861036,18920525,42065.1,PushPop,":batch=e5950d52bf4d4de887bd5279be542d52 phase=decode requests=4911471bf69b4a0c8fcb7df27f4e64dd,4a33c149f9b84d849224830b7920cf8d,83bc7c63016b44a7bb730cbd52015427,bffdbdea72654f78bfa6ca4ccea58aeb"
0.0,37781324,2,18890662.0,18890662.0,18867545,18913779,32692.4,PushPop,":batch=56d15e7ca42641de87ac0d14bfe4c030 phase=decode requests=4911471bf69b4a0c8fcb7df27f4e64dd,4a33c149f9b84d849224830b7920cf8d,83bc7c63016b44a7bb730cbd52015427,bffdbdea72654f78bfa6ca4ccea58aeb"
0.0,37781068,2,18890534.0,18890534.0,18865672,18915396,35160.2,PushPop,":batch=88bada8561f64aaaa766f669e531a9dc phase=decode requests=4911471bf69b4a0c8fcb7df27f4e64dd,4a33c149f9b84d849224830b7920cf8d,83bc7c63016b44a7bb730cbd52015427,bffdbdea72654f78bfa6ca4ccea58aeb"
0.0,37780676,2,18890338.0,18890338.0,18855937,18924739,48650.4,PushPop,":batch=91c3adddcd9d4cff820509da00a017d0 phase=decode requests=4911471bf69b4a0c8fcb7df27f4e64dd,4a33c149f9b84d849224830b7920cf8d,83bc7c63016b44a7bb730cbd52015427,bffdbdea72654f78bfa6ca4ccea58aeb"
0.0,37780097,2,18890048.5,18890048.5,18860611,18919486,41630.9,PushPop,":batch=02c24a4ae7a84b0ea0a2de0a63e8d0b4 phase=decode requests=4911471bf69b4a0c8fcb7df27f4e64dd,4a33c149f9b84d849224830b7920cf8d,83bc7c63016b44a7bb730cbd52015427,bffdbdea72654f78bfa6ca4ccea58aeb"
0.0,37779982,2,18889991.0,18889991.0,18846104,18933878,62065.6,PushPop,":batch=17718ddf0ab0447a8869a09274374053 phase=decode requests=4911471bf69b4a0c8fcb7df27f4e64dd,4a33c149f9b84d849224830b7920cf8d,83bc7c63016b44a7bb730cbd52015427,bffdbdea72654f78bfa6ca4ccea58aeb"
0.0,37779350,2,18889675.0,18889675.0,18865066,18914284,34802.4,PushPop,":batch=b1609ada667945aeb37cb300cb0b69c7 phase=decode requests=4911471bf69b4a0c8fcb7df27f4e64dd,4a33c149f9b84d849224830b7920cf8d,83bc7c63016b44a7bb730cbd52015427,bffdbdea72654f78bfa6ca4ccea58aeb"
0.0,37779133,2,18889566.5,18889566.5,18852570,18926563,52321.0,PushPop,":batch=a04a03c550b240c19533ed0426e0e517 phase=decode requests=4911471bf69b4a0c8fcb7df27f4e64dd,4a33c149f9b84d849224830b7920cf8d,83bc7c63016b44a7bb730cbd52015427,bffdbdea72654f78bfa6ca4ccea58aeb"
0.0,37778838,2,18889419.0,18889419.0,18859133,18919705,42830.9,PushPop,":batch=54f711fe3a014ce7b63d5da05a47c096 phase=decode requests=4911471bf69b4a0c8fcb7df27f4e64dd,4a33c149f9b84d849224830b7920cf8d,83bc7c63016b44a7bb730cbd52015427,bffdbdea72654f78bfa6ca4ccea58aeb"
0.0,37777429,2,18888714.5,18888714.5,18858010,18919419,43422.7,PushPop,":batch=cf663571bc294014a0f84a0f118678fc phase=decode requests=4911471bf69b4a0c8fcb7df27f4e64dd,4a33c149f9b84d849224830b7920cf8d,83bc7c63016b44a7bb730cbd52015427,bffdbdea72654f78bfa6ca4ccea58aeb"
0.0,37777218,2,18888609.0,18888609.0,18845526,18931692,60928.6,PushPop,":batch=5612cd34a5984dbc8ac22b0292f18f81 phase=decode requests=4911471bf69b4a0c8fcb7df27f4e64dd,4a33c149f9b84d849224830b7920cf8d,83bc7c63016b44a7bb730cbd52015427,bffdbdea72654f78bfa6ca4ccea58aeb"
0.0,37776552,2,18888276.0,18888276.0,18866736,18909816,30462.2,PushPop,":batch=b40e89b6d87b424f8369bd8b06c23e49 phase=decode requests=4911471bf69b4a0c8fcb7df27f4e64dd,4a33c149f9b84d849224830b7920cf8d,83bc7c63016b44a7bb730cbd52015427,bffdbdea72654f78bfa6ca4ccea58aeb"
0.0,37776084,2,18888042.0,18888042.0,18866663,18909421,30234.5,PushPop,":batch=42cb97ff622f4a8a9d81ea5d9ba0d9fd phase=decode requests=4911471bf69b4a0c8fcb7df27f4e64dd,4a33c149f9b84d849224830b7920cf8d,83bc7c63016b44a7bb730cbd52015427,bffdbdea72654f78bfa6ca4ccea58aeb"
0.0,37775712,2,18887856.0,18887856.0,18850738,18924974,52492.8,PushPop,":batch=0983a6f98b0c4eafac6354ed4320e6e8 phase=decode requests=4911471bf69b4a0c8fcb7df27f4e64dd,4a33c149f9b84d849224830b7920cf8d,83bc7c63016b44a7bb730cbd52015427,bffdbdea72654f78bfa6ca4ccea58aeb"
0.0,37775652,2,18887826.0,18887826.0,18858053,18917599,42105.4,PushPop,":batch=5856def3414242f7ac6806a14b85cc75 phase=decode requests=4911471bf69b4a0c8fcb7df27f4e64dd,4a33c149f9b84d849224830b7920cf8d,83bc7c63016b44a7bb730cbd52015427,bffdbdea72654f78bfa6ca4ccea58aeb"
0.0,37774892,2,18887446.0,18887446.0,18868996,18905896,26092.2,PushPop,":batch=3a713bf373314a449b0bf08852e427e7 phase=decode requests=4911471bf69b4a0c8fcb7df27f4e64dd,4a33c149f9b84d849224830b7920cf8d,83bc7c63016b44a7bb730cbd52015427,bffdbdea72654f78bfa6ca4ccea58aeb"
0.0,37774717,2,18887358.5,18887358.5,18847254,18927463,56716.3,PushPop,":batch=10ecfdc01b7142c2a3f585e68f6fb000 phase=decode requests=4911471bf69b4a0c8fcb7df27f4e64dd,4a33c149f9b84d849224830b7920cf8d,83bc7c63016b44a7bb730cbd52015427,bffdbdea72654f78bfa6ca4ccea58aeb"
0.0,37774698,2,18887349.0,18887349.0,18860240,18914458,38337.9,PushPop,":batch=8ef5f3be82b4421b910fe748b9419210 phase=decode requests=7aa4ba8d31af45f58706a52eb0ad3328,baabce1b18024e189120c512bc680496,046f00cf0a7d4816a65a9b0acad7230b,46ac3b484ea545d181b2d3e8af73623f"
0.0,37774353,2,18887176.5,18887176.5,18850589,18923764,51742.5,PushPop,":batch=4536cfb910d44fddb974d87024fc5c1b phase=decode requests=4911471bf69b4a0c8fcb7df27f4e64dd,4a33c149f9b84d849224830b7920cf8d,83bc7c63016b44a7bb730cbd52015427,bffdbdea72654f78bfa6ca4ccea58aeb"
0.0,37773677,2,18886838.5,18886838.5,18850222,18923455,51783.6,PushPop,":batch=15c715707d0f48348117bc22360444c7 phase=decode requests=4911471bf69b4a0c8fcb7df27f4e64dd,4a33c149f9b84d849224830b7920cf8d,83bc7c63016b44a7bb730cbd52015427,bffdbdea72654f78bfa6ca4ccea58aeb"
0.0,37773568,2,18886784.0,18886784.0,18843550,18930018,61142.1,PushPop,":batch=c5ce88c63e6c4c64aff479715db237c2 phase=decode requests=4911471bf69b4a0c8fcb7df27f4e64dd,4a33c149f9b84d849224830b7920cf8d,83bc7c63016b44a7bb730cbd52015427,bffdbdea72654f78bfa6ca4ccea58aeb"
0.0,37773364,2,18886682.0,18886682.0,18865264,18908100,30289.6,PushPop,":batch=d6aa746723db4113b381339d8b96bfc5 phase=decode requests=4911471bf69b4a0c8fcb7df27f4e64dd,4a33c149f9b84d849224830b7920cf8d,83bc7c63016b44a7bb730cbd52015427,bffdbdea72654f78bfa6ca4ccea58aeb"
0.0,37772371,2,18886185.5,18886185.5,18854397,18917974,44955.7,PushPop,":batch=450c9f6ed6b349519a0d4b8f23f95256 phase=decode requests=4911471bf69b4a0c8fcb7df27f4e64dd,4a33c149f9b84d849224830b7920cf8d,83bc7c63016b44a7bb730cbd52015427,bffdbdea72654f78bfa6ca4ccea58aeb"
0.0,37771479,2,18885739.5,18885739.5,18850660,18920819,49609.9,PushPop,":batch=56b4fb2ecf6e4c6994f102649c9ee747 phase=decode requests=4911471bf69b4a0c8fcb7df27f4e64dd,4a33c149f9b84d849224830b7920cf8d,83bc7c63016b44a7bb730cbd52015427,bffdbdea72654f78bfa6ca4ccea58aeb"
0.0,37771345,2,18885672.5,18885672.5,18839493,18931852,65307.7,PushPop,":batch=9773ad5b7d104c06a0aecee508fca4e8 phase=decode requests=4911471bf69b4a0c8fcb7df27f4e64dd,4a33c149f9b84d849224830b7920cf8d,83bc7c63016b44a7bb730cbd52015427,bffdbdea72654f78bfa6ca4ccea58aeb"
0.0,37771161,2,18885580.5,18885580.5,18864596,18906565,29676.6,PushPop,":batch=90e3829c3c784e458dcc29be0195561b phase=decode requests=4911471bf69b4a0c8fcb7df27f4e64dd,4a33c149f9b84d849224830b7920cf8d,83bc7c63016b44a7bb730cbd52015427,bffdbdea72654f78bfa6ca4ccea58aeb"
0.0,37770988,2,18885494.0,18885494.0,18461065,19309923,600233.2,PushPop,:batch=747ac06113204fe1aeda77fd4317b78d phase=decode requests=8de7c5b04b184d1cbc3645195ef60a7d
0.0,37770813,2,18885406.5,18885406.5,18857828,18912985,39001.9,PushPop,":batch=f0e93fe937c84a5b9195df1e55342510 phase=decode requests=4911471bf69b4a0c8fcb7df27f4e64dd,4a33c149f9b84d849224830b7920cf8d,83bc7c63016b44a7bb730cbd52015427,bffdbdea72654f78bfa6ca4ccea58aeb"
0.0,37770794,2,18885397.0,18885397.0,18863150,18907644,31462.0,PushPop,":batch=530c8e5351e84cd68cd484428fd5e371 phase=decode requests=4911471bf69b4a0c8fcb7df27f4e64dd,4a33c149f9b84d849224830b7920cf8d,83bc7c63016b44a7bb730cbd52015427,bffdbdea72654f78bfa6ca4ccea58aeb"
0.0,37770091,2,18885045.5,18885045.5,18853869,18916222,44090.2,PushPop,":batch=f5fb45e2a55d4621a679a1e2e750da5b phase=decode requests=4911471bf69b4a0c8fcb7df27f4e64dd,4a33c149f9b84d849224830b7920cf8d,83bc7c63016b44a7bb730cbd52015427,bffdbdea72654f78bfa6ca4ccea58aeb"
0.0,37769540,2,18884770.0,18884770.0,18846602,18922938,53977.7,PushPop,":batch=e15a4f8cb2774c6d8e0d72192ef396df phase=decode requests=4911471bf69b4a0c8fcb7df27f4e64dd,4a33c149f9b84d849224830b7920cf8d,83bc7c63016b44a7bb730cbd52015427,bffdbdea72654f78bfa6ca4ccea58aeb"
0.0,37768774,2,18884387.0,18884387.0,18848621,18920153,50580.8,PushPop,":batch=ce425ea57c764464a9eed745b107a7cd phase=decode requests=4911471bf69b4a0c8fcb7df27f4e64dd,4a33c149f9b84d849224830b7920cf8d,83bc7c63016b44a7bb730cbd52015427,bffdbdea72654f78bfa6ca4ccea58aeb"
0.0,37768183,2,18884091.5,18884091.5,18855623,18912560,40260.5,PushPop,":batch=9cdb45a862f74a6babe52cbf4c7cb229 phase=decode requests=4911471bf69b4a0c8fcb7df27f4e64dd,4a33c149f9b84d849224830b7920cf8d,83bc7c63016b44a7bb730cbd52015427,bffdbdea72654f78bfa6ca4ccea58aeb"
0.0,37767979,2,18883989.5,18883989.5,18864719,18903260,27252.6,PushPop,":batch=f136458861b04159983d54534dde0dd0 phase=decode requests=4911471bf69b4a0c8fcb7df27f4e64dd,4a33c149f9b84d849224830b7920cf8d,83bc7c63016b44a7bb730cbd52015427,bffdbdea72654f78bfa6ca4ccea58aeb"
0.0,37767509,2,18883754.5,18883754.5,18857032,18910477,37791.3,PushPop,:batch=d3251a634f2b47a6bfba9ac143417b0f phase=decode requests=8de7c5b04b184d1cbc3645195ef60a7d
0.0,37767134,2,18883567.0,18883567.0,18843784,18923350,56261.7,PushPop,":batch=fa613fa3be264161aaed61de66133329 phase=decode requests=4911471bf69b4a0c8fcb7df27f4e64dd,4a33c149f9b84d849224830b7920cf8d,83bc7c63016b44a7bb730cbd52015427,bffdbdea72654f78bfa6ca4ccea58aeb"
0.0,37766498,2,18883249.0,18883249.0,18849193,18917305,48162.5,PushPop,":batch=856d04483204468a98cbf2d00054b9a9 phase=decode requests=4911471bf69b4a0c8fcb7df27f4e64dd,4a33c149f9b84d849224830b7920cf8d,83bc7c63016b44a7bb730cbd52015427,bffdbdea72654f78bfa6ca4ccea58aeb"
0.0,37766131,2,18883065.5,18883065.5,18854551,18911580,40325.6,PushPop,":batch=2f485c0fd4624a79bb93bb0620402dca phase=decode requests=4911471bf69b4a0c8fcb7df27f4e64dd,4a33c149f9b84d849224830b7920cf8d,83bc7c63016b44a7bb730cbd52015427,bffdbdea72654f78bfa6ca4ccea58aeb"
0.0,37765373,2,18882686.5,18882686.5,18852028,18913345,43357.7,PushPop,":batch=1f653b2aab6c446580bd875f9ccfdedb phase=decode requests=4911471bf69b4a0c8fcb7df27f4e64dd,4a33c149f9b84d849224830b7920cf8d,83bc7c63016b44a7bb730cbd52015427,bffdbdea72654f78bfa6ca4ccea58aeb"
0.0,37764191,2,18882095.5,18882095.5,18846200,18917991,50763.9,PushPop,":batch=5f792ad6fb704a3ea6524aba28ad69c6 phase=decode requests=4911471bf69b4a0c8fcb7df27f4e64dd,4a33c149f9b84d849224830b7920cf8d,83bc7c63016b44a7bb730cbd52015427,bffdbdea72654f78bfa6ca4ccea58aeb"
0.0,37764056,2,18882028.0,18882028.0,18838782,18925274,61159.1,PushPop,":batch=d9bfed9330ba40fa860f44ddd6d3faf1 phase=decode requests=4911471bf69b4a0c8fcb7df27f4e64dd,4a33c149f9b84d849224830b7920cf8d,83bc7c63016b44a7bb730cbd52015427,bffdbdea72654f78bfa6ca4ccea58aeb"
0.0,37764030,2,18882015.0,18882015.0,18863085,18900945,26771.1,PushPop,":batch=61ec4897d19b4b3da2ab395cf1ee1d40 phase=decode requests=4911471bf69b4a0c8fcb7df27f4e64dd,4a33c149f9b84d849224830b7920cf8d,83bc7c63016b44a7bb730cbd52015427,bffdbdea72654f78bfa6ca4ccea58aeb"
0.0,37763363,2,18881681.5,18881681.5,18850141,18913222,44605.0,PushPop,":batch=566cce5fcb1e4f38bcc53b02aa04b58b phase=decode requests=4911471bf69b4a0c8fcb7df27f4e64dd,4a33c149f9b84d849224830b7920cf8d,83bc7c63016b44a7bb730cbd52015427,bffdbdea72654f78bfa6ca4ccea58aeb"
0.0,37762283,2,18881141.5,18881141.5,18841835,18920448,55587.8,PushPop,":batch=5bf5b9dcbc1d403493f26d7dfd42b21f phase=decode requests=4911471bf69b4a0c8fcb7df27f4e64dd,4a33c149f9b84d849224830b7920cf8d,83bc7c63016b44a7bb730cbd52015427,bffdbdea72654f78bfa6ca4ccea58aeb"
0.0,37761258,2,18880629.0,18880629.0,18858648,18902610,31085.8,PushPop,":batch=3271810513ff40c8bf69b7af4dda9164 phase=decode requests=4911471bf69b4a0c8fcb7df27f4e64dd,4a33c149f9b84d849224830b7920cf8d,83bc7c63016b44a7bb730cbd52015427,bffdbdea72654f78bfa6ca4ccea58aeb"
0.0,37761225,2,18880612.5,18880612.5,18840807,18920418,56293.5,PushPop,":batch=b01ce998233b4e9fb554e51399700b0b phase=decode requests=4911471bf69b4a0c8fcb7df27f4e64dd,4a33c149f9b84d849224830b7920cf8d,83bc7c63016b44a7bb730cbd52015427,bffdbdea72654f78bfa6ca4ccea58aeb"
0.0,37760376,2,18880188.0,18880188.0,18859855,18900521,28755.2,PushPop,":batch=5713538030b545cca0be9814aa04c4fc phase=decode requests=4911471bf69b4a0c8fcb7df27f4e64dd,4a33c149f9b84d849224830b7920cf8d,83bc7c63016b44a7bb730cbd52015427,bffdbdea72654f78bfa6ca4ccea58aeb"
0.0,37759900,2,18879950.0,18879950.0,18850561,18909339,41562.3,PushPop,":batch=86fdd84d7f5e44a39aaba2deb063d569 phase=decode requests=4911471bf69b4a0c8fcb7df27f4e64dd,4a33c149f9b84d849224830b7920cf8d,83bc7c63016b44a7bb730cbd52015427,bffdbdea72654f78bfa6ca4ccea58aeb"
0.0,37759514,2,18879757.0,18879757.0,18853661,18905853,36905.3,PushPop,":batch=5f6d182bfd8c42ddb1f326098154be30 phase=decode requests=4911471bf69b4a0c8fcb7df27f4e64dd,4a33c149f9b84d849224830b7920cf8d,83bc7c63016b44a7bb730cbd52015427,bffdbdea72654f78bfa6ca4ccea58aeb"
0.0,37759146,2,18879573.0,18879573.0,18847521,18911625,45328.4,PushPop,":batch=435be309c4bd460eaafd0f250f5c01cb phase=decode requests=4911471bf69b4a0c8fcb7df27f4e64dd,4a33c149f9b84d849224830b7920cf8d,83bc7c63016b44a7bb730cbd52015427,bffdbdea72654f78bfa6ca4ccea58aeb"
0.0,37759123,2,18879561.5,18879561.5,18853215,18905908,37259.6,PushPop,":batch=1f7161dd42f14eb2b80593186af26ccf phase=decode requests=4911471bf69b4a0c8fcb7df27f4e64dd,4a33c149f9b84d849224830b7920cf8d,83bc7c63016b44a7bb730cbd52015427,bffdbdea72654f78bfa6ca4ccea58aeb"
0.0,37758542,2,18879271.0,18879271.0,18862658,18895884,23494.3,PushPop,":batch=3575a8e7e4a44bfb9e1f21132897c8cf phase=decode requests=4911471bf69b4a0c8fcb7df27f4e64dd,4a33c149f9b84d849224830b7920cf8d,83bc7c63016b44a7bb730cbd52015427,bffdbdea72654f78bfa6ca4ccea58aeb"
0.0,37758526,2,18879263.0,18879263.0,18860570,18897956,26435.9,PushPop,":batch=61b3ca6f99f14def9ec793be78b4d512 phase=decode requests=4911471bf69b4a0c8fcb7df27f4e64dd,4a33c149f9b84d849224830b7920cf8d,83bc7c63016b44a7bb730cbd52015427,bffdbdea72654f78bfa6ca4ccea58aeb"
0.0,37758483,2,18879241.5,18879241.5,18839123,18919360,56736.1,PushPop,":batch=fb183cdb338742c79c457f9da274df1a phase=decode requests=4911471bf69b4a0c8fcb7df27f4e64dd,4a33c149f9b84d849224830b7920cf8d,83bc7c63016b44a7bb730cbd52015427,bffdbdea72654f78bfa6ca4ccea58aeb"
0.0,37758157,2,18879078.5,18879078.5,18863584,18894573,21912.5,PushPop,":batch=237ed1cdc629422fb3d1d27c0fefa4ae phase=decode requests=4911471bf69b4a0c8fcb7df27f4e64dd,4a33c149f9b84d849224830b7920cf8d,83bc7c63016b44a7bb730cbd52015427,bffdbdea72654f78bfa6ca4ccea58aeb"
0.0,37758129,2,18879064.5,18879064.5,18842729,18915400,51386.2,PushPop,":batch=453584d2fa9848c59030b6e1144ec3e7 phase=decode requests=4911471bf69b4a0c8fcb7df27f4e64dd,4a33c149f9b84d849224830b7920cf8d,83bc7c63016b44a7bb730cbd52015427,bffdbdea72654f78bfa6ca4ccea58aeb"
0.0,37757124,2,18878562.0,18878562.0,18841199,18915925,52839.3,PushPop,":batch=ae26894d5e2244538cc57a4338b4a0d9 phase=decode requests=4911471bf69b4a0c8fcb7df27f4e64dd,4a33c149f9b84d849224830b7920cf8d,83bc7c63016b44a7bb730cbd52015427,bffdbdea72654f78bfa6ca4ccea58aeb"
0.0,37756875,2,18878437.5,18878437.5,18829565,18927310,69116.2,PushPop,":batch=918ae9b0b2bc4edfbf3638e8ced67e24 phase=decode requests=4911471bf69b4a0c8fcb7df27f4e64dd,4a33c149f9b84d849224830b7920cf8d,83bc7c63016b44a7bb730cbd52015427,bffdbdea72654f78bfa6ca4ccea58aeb"
0.0,37756256,2,18878128.0,18878128.0,18853264,18902992,35163.0,PushPop,":batch=e7a2ff8182b8493bb64aae23fa4132c3 phase=decode requests=4911471bf69b4a0c8fcb7df27f4e64dd,4a33c149f9b84d849224830b7920cf8d,83bc7c63016b44a7bb730cbd52015427,bffdbdea72654f78bfa6ca4ccea58aeb"
0.0,37755555,2,18877777.5,18877777.5,18860226,18895329,24821.6,PushPop,":batch=4f40f185dcf2456292358054df246dd8 phase=decode requests=4911471bf69b4a0c8fcb7df27f4e64dd,4a33c149f9b84d849224830b7920cf8d,83bc7c63016b44a7bb730cbd52015427,bffdbdea72654f78bfa6ca4ccea58aeb"
0.0,37755409,2,18877704.5,18877704.5,18838280,18917129,55754.7,PushPop,":batch=901934b2fbf245a2b3ac6fa9cc1482bc phase=decode requests=4911471bf69b4a0c8fcb7df27f4e64dd,4a33c149f9b84d849224830b7920cf8d,83bc7c63016b44a7bb730cbd52015427,bffdbdea72654f78bfa6ca4ccea58aeb"
0.0,37755086,2,18877543.0,18877543.0,18845811,18909275,44875.8,PushPop,":batch=eac22903e4d948259ea0467c9f103173 phase=decode requests=4911471bf69b4a0c8fcb7df27f4e64dd,4a33c149f9b84d849224830b7920cf8d,83bc7c63016b44a7bb730cbd52015427,bffdbdea72654f78bfa6ca4ccea58aeb"
0.0,37754818,2,18877409.0,18877409.0,18852630,18902188,35042.8,PushPop,":batch=6cc70f796ec946fcb7a959dee300e252 phase=decode requests=4911471bf69b4a0c8fcb7df27f4e64dd,4a33c149f9b84d849224830b7920cf8d,83bc7c63016b44a7bb730cbd52015427,bffdbdea72654f78bfa6ca4ccea58aeb"
0.0,37754622,2,18877311.0,18877311.0,18842797,18911825,48810.2,PushPop,":batch=e6fe8304319445e49d3d48d43c952ae8 phase=decode requests=4911471bf69b4a0c8fcb7df27f4e64dd,4a33c149f9b84d849224830b7920cf8d,83bc7c63016b44a7bb730cbd52015427,bffdbdea72654f78bfa6ca4ccea58aeb"
0.0,37754165,2,18877082.5,18877082.5,18833747,18920418,61285.7,PushPop,":batch=1ae4586199b74c41a2f6e22a015093a6 phase=decode requests=4911471bf69b4a0c8fcb7df27f4e64dd,4a33c149f9b84d849224830b7920cf8d,83bc7c63016b44a7bb730cbd52015427,bffdbdea72654f78bfa6ca4ccea58aeb"
0.0,37753991,2,18876995.5,18876995.5,18845972,18908019,43873.9,PushPop,":batch=a9b5b3f09c8d446794dc4342c232827d phase=decode requests=4911471bf69b4a0c8fcb7df27f4e64dd,4a33c149f9b84d849224830b7920cf8d,83bc7c63016b44a7bb730cbd52015427,bffdbdea72654f78bfa6ca4ccea58aeb"
0.0,37753868,2,18876934.0,18876934.0,18860538,18893330,23187.4,PushPop,":batch=36c87a9d7f2a4e01bb42e645743eb8ab phase=decode requests=4911471bf69b4a0c8fcb7df27f4e64dd,4a33c149f9b84d849224830b7920cf8d,83bc7c63016b44a7bb730cbd52015427,bffdbdea72654f78bfa6ca4ccea58aeb"
0.0,37753683,2,18876841.5,18876841.5,18854768,18898915,31216.6,PushPop,":batch=f7374a3df9614b86919897955f95a82c phase=decode requests=4911471bf69b4a0c8fcb7df27f4e64dd,4a33c149f9b84d849224830b7920cf8d,83bc7c63016b44a7bb730cbd52015427,bffdbdea72654f78bfa6ca4ccea58aeb"
0.0,37751936,2,18875968.0,18875968.0,18852653,18899283,32972.4,PushPop,":batch=08a82b0083eb4c268ad76adba6dd3161 phase=decode requests=4911471bf69b4a0c8fcb7df27f4e64dd,4a33c149f9b84d849224830b7920cf8d,83bc7c63016b44a7bb730cbd52015427,bffdbdea72654f78bfa6ca4ccea58aeb"
0.0,37751190,2,18875595.0,18875595.0,18853344,18897846,31467.7,PushPop,":batch=2911a41f62ad4218991eded84550f8ef phase=decode requests=4911471bf69b4a0c8fcb7df27f4e64dd,4a33c149f9b84d849224830b7920cf8d,83bc7c63016b44a7bb730cbd52015427,bffdbdea72654f78bfa6ca4ccea58aeb"
0.0,37749692,2,18874846.0,18874846.0,18849679,18900013,35591.5,PushPop,":batch=c13d18a9d9e04eb583a7c764aa8f1dd4 phase=decode requests=4911471bf69b4a0c8fcb7df27f4e64dd,4a33c149f9b84d849224830b7920cf8d,83bc7c63016b44a7bb730cbd52015427,bffdbdea72654f78bfa6ca4ccea58aeb"
0.0,37749073,2,18874536.5,18874536.5,18847252,18901821,38586.1,PushPop,":batch=9f236e25eae64ba097822c34967bd5f2 phase=decode requests=4911471bf69b4a0c8fcb7df27f4e64dd,4a33c149f9b84d849224830b7920cf8d,83bc7c63016b44a7bb730cbd52015427,bffdbdea72654f78bfa6ca4ccea58aeb"
0.0,37749019,2,18874509.5,18874509.5,18840970,18908049,47432.0,PushPop,":batch=7d8422b262d84bf9b308eb8c9a9582d1 phase=decode requests=4911471bf69b4a0c8fcb7df27f4e64dd,4a33c149f9b84d849224830b7920cf8d,83bc7c63016b44a7bb730cbd52015427,bffdbdea72654f78bfa6ca4ccea58aeb"
0.0,37748643,2,18874321.5,18874321.5,18825225,18923418,69432.9,PushPop,":batch=6ee96fc3c4284b1c9f1c32f11c3111a8 phase=decode requests=4911471bf69b4a0c8fcb7df27f4e64dd,4a33c149f9b84d849224830b7920cf8d,83bc7c63016b44a7bb730cbd52015427,bffdbdea72654f78bfa6ca4ccea58aeb"
0.0,37748536,2,18874268.0,18874268.0,18834876,18913660,55708.7,PushPop,":batch=8ea07554b03a42dfb36f503149dae458 phase=decode requests=4911471bf69b4a0c8fcb7df27f4e64dd,4a33c149f9b84d849224830b7920cf8d,83bc7c63016b44a7bb730cbd52015427,bffdbdea72654f78bfa6ca4ccea58aeb"
0.0,37747811,2,18873905.5,18873905.5,18852047,18895764,30912.6,PushPop,":batch=66ad3b4e8e0647b29a3f6204809c6228 phase=decode requests=4911471bf69b4a0c8fcb7df27f4e64dd,4a33c149f9b84d849224830b7920cf8d,83bc7c63016b44a7bb730cbd52015427,bffdbdea72654f78bfa6ca4ccea58aeb"
0.0,37747761,2,18873880.5,18873880.5,18842839,18904922,43899.3,PushPop,":batch=fd643551261f4086a4a6f07ec2c7badc phase=decode requests=4911471bf69b4a0c8fcb7df27f4e64dd,4a33c149f9b84d849224830b7920cf8d,83bc7c63016b44a7bb730cbd52015427,bffdbdea72654f78bfa6ca4ccea58aeb"
0.0,37746932,2,18873466.0,18873466.0,18835519,18911413,53665.2,PushPop,":batch=68b09c99f84546298593f826743ff49d phase=decode requests=4911471bf69b4a0c8fcb7df27f4e64dd,4a33c149f9b84d849224830b7920cf8d,83bc7c63016b44a7bb730cbd52015427,bffdbdea72654f78bfa6ca4ccea58aeb"
0.0,37745839,2,18872919.5,18872919.5,18847496,18898343,35954.3,PushPop,":batch=58e2bcd82424429189a7dbd3b0eaf54e phase=decode requests=4911471bf69b4a0c8fcb7df27f4e64dd,4a33c149f9b84d849224830b7920cf8d,83bc7c63016b44a7bb730cbd52015427,bffdbdea72654f78bfa6ca4ccea58aeb"
0.0,37745344,2,18872672.0,18872672.0,18851181,18894163,30392.9,PushPop,":batch=348f734002924401924c509394a1de67 phase=decode requests=4911471bf69b4a0c8fcb7df27f4e64dd,4a33c149f9b84d849224830b7920cf8d,83bc7c63016b44a7bb730cbd52015427,bffdbdea72654f78bfa6ca4ccea58aeb"
0.0,37745009,2,18872504.5,18872504.5,18827262,18917747,63982.6,PushPop,":batch=8018a4430b984dd8b1bfee7189bd90a0 phase=decode requests=4911471bf69b4a0c8fcb7df27f4e64dd,4a33c149f9b84d849224830b7920cf8d,83bc7c63016b44a7bb730cbd52015427,bffdbdea72654f78bfa6ca4ccea58aeb"
0.0,37744387,2,18872193.5,18872193.5,18843491,18900896,40591.5,PushPop,":batch=72c9c609b51647aa84a488e34c232822 phase=decode requests=4911471bf69b4a0c8fcb7df27f4e64dd,4a33c149f9b84d849224830b7920cf8d,83bc7c63016b44a7bb730cbd52015427,bffdbdea72654f78bfa6ca4ccea58aeb"
0.0,37742562,2,18871281.0,18871281.0,18835439,18907123,50688.2,PushPop,":batch=c5fe5198de08452c8e1447b9f6873611 phase=decode requests=4911471bf69b4a0c8fcb7df27f4e64dd,4a33c149f9b84d849224830b7920cf8d,83bc7c63016b44a7bb730cbd52015427,bffdbdea72654f78bfa6ca4ccea58aeb"
0.0,37741916,2,18870958.0,18870958.0,18848206,18893710,32176.2,PushPop,":batch=84cc0f3f277f463dbae7246ebd9bf7df phase=decode requests=4911471bf69b4a0c8fcb7df27f4e64dd,4a33c149f9b84d849224830b7920cf8d,83bc7c63016b44a7bb730cbd52015427,bffdbdea72654f78bfa6ca4ccea58aeb"
0.0,37741489,2,18870744.5,18870744.5,18843483,18898006,38553.6,PushPop,:batch=47650c8f5e674ffaaa5821c8513f8183 phase=decode requests=8de7c5b04b184d1cbc3645195ef60a7d
0.0,37741422,2,18870711.0,18870711.0,18826555,18914867,62446.0,PushPop,":batch=114913c3186f4c5890c9e6ba003af0a4 phase=decode requests=4911471bf69b4a0c8fcb7df27f4e64dd,4a33c149f9b84d849224830b7920cf8d,83bc7c63016b44a7bb730cbd52015427,bffdbdea72654f78bfa6ca4ccea58aeb"
0.0,37740699,2,18870349.5,18870349.5,18842410,18898289,39512.4,PushPop,":batch=72e0b4fa50e64432b86070a4c88b4c98 phase=decode requests=4911471bf69b4a0c8fcb7df27f4e64dd,4a33c149f9b84d849224830b7920cf8d,83bc7c63016b44a7bb730cbd52015427,bffdbdea72654f78bfa6ca4ccea58aeb"
0.0,37740662,2,18870331.0,18870331.0,18818187,18922475,73742.8,PushPop,":batch=a700aa9e98b04c5186df997a4b9589d0 phase=decode requests=4911471bf69b4a0c8fcb7df27f4e64dd,4a33c149f9b84d849224830b7920cf8d,83bc7c63016b44a7bb730cbd52015427,bffdbdea72654f78bfa6ca4ccea58aeb"
0.0,37740608,2,18870304.0,18870304.0,18858368,18882240,16880.1,PushPop,":batch=cfefd9df4aea43aaa4dadbab81807947 phase=decode requests=4911471bf69b4a0c8fcb7df27f4e64dd,4a33c149f9b84d849224830b7920cf8d,83bc7c63016b44a7bb730cbd52015427,bffdbdea72654f78bfa6ca4ccea58aeb"
0.0,37740485,2,18870242.5,18870242.5,18852000,18888485,25798.8,PushPop,":batch=22d8a6bdb1fb4aba8408d2525ef63223 phase=decode requests=4911471bf69b4a0c8fcb7df27f4e64dd,4a33c149f9b84d849224830b7920cf8d,83bc7c63016b44a7bb730cbd52015427,bffdbdea72654f78bfa6ca4ccea58aeb"
0.0,37740035,2,18870017.5,18870017.5,18846371,18893664,33441.2,PushPop,":batch=7464455fac66434eb1ac7d11c39c7502 phase=decode requests=4911471bf69b4a0c8fcb7df27f4e64dd,4a33c149f9b84d849224830b7920cf8d,83bc7c63016b44a7bb730cbd52015427,bffdbdea72654f78bfa6ca4ccea58aeb"
0.0,37739470,2,18869735.0,18869735.0,18835991,18903479,47721.2,PushPop,":batch=fdc443cf55a948e18470b716d520b328 phase=decode requests=4911471bf69b4a0c8fcb7df27f4e64dd,4a33c149f9b84d849224830b7920cf8d,83bc7c63016b44a7bb730cbd52015427,bffdbdea72654f78bfa6ca4ccea58aeb"
0.0,37739243,2,18869621.5,18869621.5,18825347,18913896,62613.6,PushPop,":batch=0b73069bc62c4252836157998faecb81 phase=decode requests=4911471bf69b4a0c8fcb7df27f4e64dd,4a33c149f9b84d849224830b7920cf8d,83bc7c63016b44a7bb730cbd52015427,bffdbdea72654f78bfa6ca4ccea58aeb"
0.0,37738841,2,18869420.5,18869420.5,18814530,18924311,77626.9,PushPop,":batch=362a523f9bee46369a1dc735ef436921 phase=decode requests=4911471bf69b4a0c8fcb7df27f4e64dd,4a33c149f9b84d849224830b7920cf8d,83bc7c63016b44a7bb730cbd52015427,bffdbdea72654f78bfa6ca4ccea58aeb"
0.0,37737789,2,18868894.5,18868894.5,18838732,18899057,42656.2,PushPop,":batch=434c1d0ac8fe45d3a0d5151bfc127686 phase=decode requests=4911471bf69b4a0c8fcb7df27f4e64dd,4a33c149f9b84d849224830b7920cf8d,83bc7c63016b44a7bb730cbd52015427,bffdbdea72654f78bfa6ca4ccea58aeb"
0.0,37737719,2,18868859.5,18868859.5,18814826,18922893,76414.9,PushPop,":batch=936e978f513d45cd898d7dae32f6fa80 phase=decode requests=4911471bf69b4a0c8fcb7df27f4e64dd,4a33c149f9b84d849224830b7920cf8d,83bc7c63016b44a7bb730cbd52015427,bffdbdea72654f78bfa6ca4ccea58aeb"
0.0,37737086,2,18868543.0,18868543.0,18830833,18906253,53330.0,PushPop,":batch=4551613cda3941089dd77ef04b2ea0af phase=decode requests=4911471bf69b4a0c8fcb7df27f4e64dd,4a33c149f9b84d849224830b7920cf8d,83bc7c63016b44a7bb730cbd52015427,bffdbdea72654f78bfa6ca4ccea58aeb"
0.0,37736599,2,18868299.5,18868299.5,18826721,18909878,58800.9,PushPop,":batch=4c870854984a4f5f93ea7cd92b61186c phase=decode requests=4911471bf69b4a0c8fcb7df27f4e64dd,4a33c149f9b84d849224830b7920cf8d,83bc7c63016b44a7bb730cbd52015427,bffdbdea72654f78bfa6ca4ccea58aeb"
0.0,37736444,2,18868222.0,18868222.0,18842444,18894000,36455.6,PushPop,":batch=2b99a5560f54499e8432e8ae026d23e6 phase=decode requests=4911471bf69b4a0c8fcb7df27f4e64dd,4a33c149f9b84d849224830b7920cf8d,83bc7c63016b44a7bb730cbd52015427,bffdbdea72654f78bfa6ca4ccea58aeb"
0.0,37736082,2,18868041.0,18868041.0,18835846,18900236,45530.6,PushPop,":batch=3397727de25d48f29f24214f9ca17664 phase=decode requests=4911471bf69b4a0c8fcb7df27f4e64dd,4a33c149f9b84d849224830b7920cf8d,83bc7c63016b44a7bb730cbd52015427,bffdbdea72654f78bfa6ca4ccea58aeb"
0.0,37735937,2,18867968.5,18867968.5,18829821,18906116,53948.7,PushPop,":batch=2b3eaf7f7f36481eb810748049330777 phase=decode requests=4911471bf69b4a0c8fcb7df27f4e64dd,4a33c149f9b84d849224830b7920cf8d,83bc7c63016b44a7bb730cbd52015427,bffdbdea72654f78bfa6ca4ccea58aeb"
0.0,37735835,2,18867917.5,18867917.5,18839227,18896608,40574.5,PushPop,":batch=f0c637c6d5764f47a602cea498be5c39 phase=decode requests=4911471bf69b4a0c8fcb7df27f4e64dd,4a33c149f9b84d849224830b7920cf8d,83bc7c63016b44a7bb730cbd52015427,bffdbdea72654f78bfa6ca4ccea58aeb"
0.0,37735594,2,18867797.0,18867797.0,18829314,18906280,54423.2,PushPop,":batch=690b6cf644fd42899ca66af375dc3b34 phase=decode requests=4911471bf69b4a0c8fcb7df27f4e64dd,4a33c149f9b84d849224830b7920cf8d,83bc7c63016b44a7bb730cbd52015427,bffdbdea72654f78bfa6ca4ccea58aeb"
0.0,37735243,2,18867621.5,18867621.5,18826520,18908723,58126.3,PushPop,":batch=63039b18824c4bf686a95d3ec771299f phase=decode requests=4911471bf69b4a0c8fcb7df27f4e64dd,4a33c149f9b84d849224830b7920cf8d,83bc7c63016b44a7bb730cbd52015427,bffdbdea72654f78bfa6ca4ccea58aeb"
0.0,37734199,2,18867099.5,18867099.5,18854288,18879911,18118.2,PushPop,":batch=e65f4b2bc54c41f590b9e1806afd9cf4 phase=decode requests=4911471bf69b4a0c8fcb7df27f4e64dd,4a33c149f9b84d849224830b7920cf8d,83bc7c63016b44a7bb730cbd52015427,bffdbdea72654f78bfa6ca4ccea58aeb"
0.0,37734149,2,18867074.5,18867074.5,18839116,18895033,39539.3,PushPop,":batch=b8a832d4686b4997bf4c3663ca017c71 phase=decode requests=4911471bf69b4a0c8fcb7df27f4e64dd,4a33c149f9b84d849224830b7920cf8d,83bc7c63016b44a7bb730cbd52015427,bffdbdea72654f78bfa6ca4ccea58aeb"
0.0,37733949,2,18866974.5,18866974.5,18836704,18897245,42809.0,PushPop,":batch=cd124d2b192941c68e2144525fbb63cc phase=decode requests=4911471bf69b4a0c8fcb7df27f4e64dd,4a33c149f9b84d849224830b7920cf8d,83bc7c63016b44a7bb730cbd52015427,bffdbdea72654f78bfa6ca4ccea58aeb"
0.0,37733217,2,18866608.5,18866608.5,18839755,18893462,37976.6,PushPop,":batch=ccfbc3c4a97e46119cb2b46ebde49b2f phase=decode requests=4911471bf69b4a0c8fcb7df27f4e64dd,4a33c149f9b84d849224830b7920cf8d,83bc7c63016b44a7bb730cbd52015427,bffdbdea72654f78bfa6ca4ccea58aeb"
0.0,37733176,2,18866588.0,18866588.0,18841629,18891547,35297.4,PushPop,":batch=211b1021c2f74a6b9032a3e239c4d247 phase=decode requests=4911471bf69b4a0c8fcb7df27f4e64dd,4a33c149f9b84d849224830b7920cf8d,83bc7c63016b44a7bb730cbd52015427,bffdbdea72654f78bfa6ca4ccea58aeb"
0.0,37731862,2,18865931.0,18865931.0,18853410,18878452,17707.4,PushPop,:batch=eae1b92ee74e4ac19897eb058b75bc74 phase=decode requests=8de7c5b04b184d1cbc3645195ef60a7d
0.0,37731706,2,18865853.0,18865853.0,18832468,18899238,47213.5,PushPop,":batch=fa13c66acb1f4087bc22daf104a2338c phase=decode requests=4911471bf69b4a0c8fcb7df27f4e64dd,4a33c149f9b84d849224830b7920cf8d,83bc7c63016b44a7bb730cbd52015427,bffdbdea72654f78bfa6ca4ccea58aeb"
0.0,37731194,2,18865597.0,18865597.0,18819677,18911517,64940.7,PushPop,":batch=5dc87597867a4f1aace1905f8164976b phase=decode requests=4911471bf69b4a0c8fcb7df27f4e64dd,4a33c149f9b84d849224830b7920cf8d,83bc7c63016b44a7bb730cbd52015427,bffdbdea72654f78bfa6ca4ccea58aeb"
0.0,37730710,2,18865355.0,18865355.0,18846045,18884665,27308.5,PushPop,":batch=f543e6d92a9744339a3691c5be4fcbe3 phase=decode requests=4911471bf69b4a0c8fcb7df27f4e64dd,4a33c149f9b84d849224830b7920cf8d,83bc7c63016b44a7bb730cbd52015427,bffdbdea72654f78bfa6ca4ccea58aeb"
0.0,37730621,2,18865310.5,18865310.5,18813734,18916887,72940.2,PushPop,":batch=7d818c995787474393e76e12a9f335db phase=decode requests=4911471bf69b4a0c8fcb7df27f4e64dd,4a33c149f9b84d849224830b7920cf8d,83bc7c63016b44a7bb730cbd52015427,bffdbdea72654f78bfa6ca4ccea58aeb"
0.0,37730366,2,18865183.0,18865183.0,18839990,18890376,35628.3,PushPop,":batch=4db579fdcd294a33868e3990ce18054b phase=decode requests=4911471bf69b4a0c8fcb7df27f4e64dd,4a33c149f9b84d849224830b7920cf8d,83bc7c63016b44a7bb730cbd52015427,bffdbdea72654f78bfa6ca4ccea58aeb"
0.0,37729327,2,18864663.5,18864663.5,18832290,18897037,45783.0,PushPop,":batch=b0b0b59f42d846939d5e0aba4e3dfa0a phase=decode requests=4911471bf69b4a0c8fcb7df27f4e64dd,4a33c149f9b84d849224830b7920cf8d,83bc7c63016b44a7bb730cbd52015427,bffdbdea72654f78bfa6ca4ccea58aeb"
0.0,37729323,2,18864661.5,18864661.5,18824274,18905049,57116.6,PushPop,":batch=bc97e5acca504bbb8766b9ad5d21916b phase=decode requests=4911471bf69b4a0c8fcb7df27f4e64dd,4a33c149f9b84d849224830b7920cf8d,83bc7c63016b44a7bb730cbd52015427,bffdbdea72654f78bfa6ca4ccea58aeb"
0.0,37728577,2,18864288.5,18864288.5,18825704,18902873,54566.7,PushPop,":batch=7dc9bf9e11de4db78e62502b5f1d0abf phase=decode requests=4911471bf69b4a0c8fcb7df27f4e64dd,4a33c149f9b84d849224830b7920cf8d,83bc7c63016b44a7bb730cbd52015427,bffdbdea72654f78bfa6ca4ccea58aeb"
0.0,37728423,2,18864211.5,18864211.5,18831363,18897060,46454.8,PushPop,":batch=efb9679d7a6b41839e3f2aa576cb50f2 phase=decode requests=4911471bf69b4a0c8fcb7df27f4e64dd,4a33c149f9b84d849224830b7920cf8d,83bc7c63016b44a7bb730cbd52015427,bffdbdea72654f78bfa6ca4ccea58aeb"
0.0,37728237,2,18864118.5,18864118.5,18829214,18899023,49362.4,PushPop,":batch=9e0313aab04b4757970bbc55f65fc06c phase=decode requests=4911471bf69b4a0c8fcb7df27f4e64dd,4a33c149f9b84d849224830b7920cf8d,83bc7c63016b44a7bb730cbd52015427,bffdbdea72654f78bfa6ca4ccea58aeb"
0.0,37727953,2,18863976.5,18863976.5,18839252,18888701,34965.7,PushPop,:batch=44e02e3903da4aa6a81781163e3c926d phase=decode requests=8de7c5b04b184d1cbc3645195ef60a7d
0.0,37726407,2,18863203.5,18863203.5,18827066,18899341,51106.1,PushPop,":batch=9a136d224c094f228c3cda5a187d8aa9 phase=decode requests=4911471bf69b4a0c8fcb7df27f4e64dd,4a33c149f9b84d849224830b7920cf8d,83bc7c63016b44a7bb730cbd52015427,bffdbdea72654f78bfa6ca4ccea58aeb"
0.0,37726131,2,18863065.5,18863065.5,18841981,18884150,29818.0,PushPop,":batch=ad69b7db6a544be9a2dc15a025e8858b phase=decode requests=4911471bf69b4a0c8fcb7df27f4e64dd,4a33c149f9b84d849224830b7920cf8d,83bc7c63016b44a7bb730cbd52015427,bffdbdea72654f78bfa6ca4ccea58aeb"
0.0,37726091,2,18863045.5,18863045.5,18818057,18908034,63623.3,PushPop,":batch=dba1fbc54a034c5d9aedf26eb702f44a phase=decode requests=4911471bf69b4a0c8fcb7df27f4e64dd,4a33c149f9b84d849224830b7920cf8d,83bc7c63016b44a7bb730cbd52015427,bffdbdea72654f78bfa6ca4ccea58aeb"
0.0,37726038,2,18863019.0,18863019.0,18829417,18896621,47520.4,PushPop,:batch=29e8b58809aa45909945e1103052b6c6 phase=decode requests=8de7c5b04b184d1cbc3645195ef60a7d
0.0,37725959,2,18862979.5,18862979.5,18846308,18879651,23577.1,PushPop,":batch=f8ad3bb449eb4cb3b06146b65ef1bb26 phase=decode requests=4911471bf69b4a0c8fcb7df27f4e64dd,4a33c149f9b84d849224830b7920cf8d,83bc7c63016b44a7bb730cbd52015427,bffdbdea72654f78bfa6ca4ccea58aeb"
0.0,37725753,2,18862876.5,18862876.5,18820524,18905229,59895.5,PushPop,":batch=0e16f0d3d34443899710fd69890b8a17 phase=decode requests=4911471bf69b4a0c8fcb7df27f4e64dd,4a33c149f9b84d849224830b7920cf8d,83bc7c63016b44a7bb730cbd52015427,bffdbdea72654f78bfa6ca4ccea58aeb"
0.0,37723896,2,18861948.0,18861948.0,18835079,18888817,37998.5,PushPop,:batch=39733dfd3fe7401496f05ceb8c4cad4b phase=decode requests=8de7c5b04b184d1cbc3645195ef60a7d
0.0,37723526,2,18861763.0,18861763.0,18835927,18887599,36537.6,PushPop,:batch=3a44973133014b00b529249c0772b092 phase=decode requests=8de7c5b04b184d1cbc3645195ef60a7d
0.0,37723477,2,18861738.5,18861738.5,18844057,18879420,25005.4,PushPop,:batch=25f5e16521244c78af4b53304f08df8e phase=decode requests=8de7c5b04b184d1cbc3645195ef60a7d
0.0,37723268,2,18861634.0,18861634.0,18809097,18914171,74298.5,PushPop,":batch=57eb4a4d67d04ca090cbba31d1be5d08 phase=decode requests=4911471bf69b4a0c8fcb7df27f4e64dd,4a33c149f9b84d849224830b7920cf8d,83bc7c63016b44a7bb730cbd52015427,bffdbdea72654f78bfa6ca4ccea58aeb"
0.0,37722974,2,18861487.0,18861487.0,18829093,18893881,45812.0,PushPop,":batch=a4709ea5b17f49a3bec10b1dce88b818 phase=decode requests=7aa4ba8d31af45f58706a52eb0ad3328,baabce1b18024e189120c512bc680496,046f00cf0a7d4816a65a9b0acad7230b,46ac3b484ea545d181b2d3e8af73623f"
0.0,37722881,2,18861440.5,18861440.5,18817902,18904979,61572.7,PushPop,:batch=36b9318be4e246d8ad3442108ff611f8 phase=decode requests=c47f16e66de94d7ebc64adfc42386324
0.0,37721900,2,18860950.0,18860950.0,18823427,18898473,53065.5,PushPop,":batch=c765b950eaaa45cf87110d8f55aea0f7 phase=decode requests=4911471bf69b4a0c8fcb7df27f4e64dd,4a33c149f9b84d849224830b7920cf8d,83bc7c63016b44a7bb730cbd52015427,bffdbdea72654f78bfa6ca4ccea58aeb"
0.0,37721859,2,18860929.5,18860929.5,18844091,18877768,23813.2,PushPop,:batch=b35c0abb1154481290d9ed0e45ed45d5 phase=decode requests=8de7c5b04b184d1cbc3645195ef60a7d
0.0,37721084,2,18860542.0,18860542.0,18815042,18906042,64346.7,PushPop,":batch=390605e944794d6f994f792f9caf9e48 phase=decode requests=4911471bf69b4a0c8fcb7df27f4e64dd,4a33c149f9b84d849224830b7920cf8d,83bc7c63016b44a7bb730cbd52015427,bffdbdea72654f78bfa6ca4ccea58aeb"
0.0,37720813,2,18860406.5,18860406.5,18824272,18896541,51101.9,PushPop,":batch=694d0031d0dd4ccc96a518e535af5a4e phase=decode requests=4911471bf69b4a0c8fcb7df27f4e64dd,4a33c149f9b84d849224830b7920cf8d,83bc7c63016b44a7bb730cbd52015427,bffdbdea72654f78bfa6ca4ccea58aeb"
0.0,37720491,2,18860245.5,18860245.5,18828176,18892315,45353.1,PushPop,":batch=bd8f5576d17d463fa2f381ba0ec32b0e phase=decode requests=4911471bf69b4a0c8fcb7df27f4e64dd,4a33c149f9b84d849224830b7920cf8d,83bc7c63016b44a7bb730cbd52015427,bffdbdea72654f78bfa6ca4ccea58aeb"
0.0,37720222,2,18860111.0,18860111.0,18848922,18871300,15823.6,PushPop,":batch=13f2497f9bfd4590893e83471381d3a6 phase=decode requests=4911471bf69b4a0c8fcb7df27f4e64dd,4a33c149f9b84d849224830b7920cf8d,83bc7c63016b44a7bb730cbd52015427,bffdbdea72654f78bfa6ca4ccea58aeb"
0.0,37720045,2,18860022.5,18860022.5,18835458,18884587,34739.4,PushPop,":batch=c8d4c9287b2e44ccb67643d0fb0b6889 phase=decode requests=4911471bf69b4a0c8fcb7df27f4e64dd,4a33c149f9b84d849224830b7920cf8d,83bc7c63016b44a7bb730cbd52015427,bffdbdea72654f78bfa6ca4ccea58aeb"
0.0,37719926,2,18859963.0,18859963.0,18842287,18877639,24997.6,PushPop,":batch=95e5c2c892c94bf2b06ac25cea09004f phase=decode requests=4911471bf69b4a0c8fcb7df27f4e64dd,4a33c149f9b84d849224830b7920cf8d,83bc7c63016b44a7bb730cbd52015427,bffdbdea72654f78bfa6ca4ccea58aeb"
0.0,37719726,2,18859863.0,18859863.0,18819682,18900044,56824.5,PushPop,":batch=ed4582ed8c784aae86fbf9aab46d725c phase=decode requests=4911471bf69b4a0c8fcb7df27f4e64dd,4a33c149f9b84d849224830b7920cf8d,83bc7c63016b44a7bb730cbd52015427,bffdbdea72654f78bfa6ca4ccea58aeb"
0.0,37718860,2,18859430.0,18859430.0,18830018,18888842,41594.8,PushPop,":batch=e6c4defa8a22476c8f8ad191b0807b3a phase=decode requests=4911471bf69b4a0c8fcb7df27f4e64dd,4a33c149f9b84d849224830b7920cf8d,83bc7c63016b44a7bb730cbd52015427,bffdbdea72654f78bfa6ca4ccea58aeb"
0.0,37718424,2,18859212.0,18859212.0,18811573,18906851,67371.7,PushPop,":batch=cfe5c37c5e9348cf9fb1faa08d1a584e phase=decode requests=4911471bf69b4a0c8fcb7df27f4e64dd,4a33c149f9b84d849224830b7920cf8d,83bc7c63016b44a7bb730cbd52015427,bffdbdea72654f78bfa6ca4ccea58aeb"
0.0,37718366,2,18859183.0,18859183.0,18814430,18903936,63290.3,PushPop,":batch=68732757279c46dca04121538d53d7d9 phase=decode requests=4911471bf69b4a0c8fcb7df27f4e64dd,4a33c149f9b84d849224830b7920cf8d,83bc7c63016b44a7bb730cbd52015427,bffdbdea72654f78bfa6ca4ccea58aeb"
0.0,37717800,2,18858900.0,18858900.0,18832857,18884943,36830.4,PushPop,":batch=a7bd58037cd34251842be5b82a38400c phase=decode requests=4911471bf69b4a0c8fcb7df27f4e64dd,4a33c149f9b84d849224830b7920cf8d,83bc7c63016b44a7bb730cbd52015427,bffdbdea72654f78bfa6ca4ccea58aeb"
0.0,37717458,2,18858729.0,18858729.0,18820408,18897050,54194.1,PushPop,":batch=ceafc2f7a4df4dbfaa0c62fac290a856 phase=decode requests=4911471bf69b4a0c8fcb7df27f4e64dd,4a33c149f9b84d849224830b7920cf8d,83bc7c63016b44a7bb730cbd52015427,bffdbdea72654f78bfa6ca4ccea58aeb"
0.0,37716865,2,18858432.5,18858432.5,18826688,18890177,44893.5,PushPop,":batch=c3b0c95336f6416782855d8e07747e26 phase=decode requests=4911471bf69b4a0c8fcb7df27f4e64dd,4a33c149f9b84d849224830b7920cf8d,83bc7c63016b44a7bb730cbd52015427,bffdbdea72654f78bfa6ca4ccea58aeb"
0.0,37714804,2,18857402.0,18857402.0,18820171,18894633,52652.6,PushPop,":batch=404f6d1b8928441daf9ec834e5f332ba phase=decode requests=4911471bf69b4a0c8fcb7df27f4e64dd,4a33c149f9b84d849224830b7920cf8d,83bc7c63016b44a7bb730cbd52015427,bffdbdea72654f78bfa6ca4ccea58aeb"
0.0,37713605,2,18856802.5,18856802.5,18812825,18900780,62193.6,PushPop,":batch=a685875d0768421095fbd8e9a2e1bf47 phase=decode requests=4911471bf69b4a0c8fcb7df27f4e64dd,4a33c149f9b84d849224830b7920cf8d,83bc7c63016b44a7bb730cbd52015427,bffdbdea72654f78bfa6ca4ccea58aeb"
0.0,37711860,2,18855930.0,18855930.0,18826119,18885741,42159.1,PushPop,":batch=800dfec4ee0242f7b341d9036ba2ee2e phase=decode requests=399c9677f6e44195897e25ec5ce1daa1,422bf3769b9f45beb57c62f13989c6e8,3255e14c8cb54f1cbdd701ebd201f7b8,a8d52d0acece4573abce53495dc615f9"
0.0,37711559,2,18855779.5,18855779.5,18808331,18903228,67102.3,PushPop,":batch=d625fd5af8bd47af93d549fa794ef7e8 phase=decode requests=4911471bf69b4a0c8fcb7df27f4e64dd,4a33c149f9b84d849224830b7920cf8d,83bc7c63016b44a7bb730cbd52015427,bffdbdea72654f78bfa6ca4ccea58aeb"
0.0,37711385,2,18855692.5,18855692.5,18836972,18874413,26474.8,PushPop,":batch=b663a23b4eac4186a3459e39cf71c83e phase=decode requests=7aa4ba8d31af45f58706a52eb0ad3328,baabce1b18024e189120c512bc680496,046f00cf0a7d4816a65a9b0acad7230b,46ac3b484ea545d181b2d3e8af73623f"
0.0,37710921,2,18855460.5,18855460.5,18851561,18859360,5514.7,PushPop,":batch=bbc73752c99f43cc88ec91a2fea94a99 phase=decode requests=7aa4ba8d31af45f58706a52eb0ad3328,baabce1b18024e189120c512bc680496,046f00cf0a7d4816a65a9b0acad7230b,46ac3b484ea545d181b2d3e8af73623f"
0.0,37710631,2,18855315.5,18855315.5,18835337,18875294,28253.9,PushPop,":batch=7e8755b79f59465588e59ba45ae01785 phase=decode requests=4911471bf69b4a0c8fcb7df27f4e64dd,4a33c149f9b84d849224830b7920cf8d,83bc7c63016b44a7bb730cbd52015427,bffdbdea72654f78bfa6ca4ccea58aeb"
0.0,37710136,2,18855068.0,18855068.0,18843347,18866789,16576.0,PushPop,":batch=5a817a5e701447e68fe97681b97f763e phase=decode requests=4911471bf69b4a0c8fcb7df27f4e64dd,4a33c149f9b84d849224830b7920cf8d,83bc7c63016b44a7bb730cbd52015427,bffdbdea72654f78bfa6ca4ccea58aeb"
0.0,37710076,2,18855038.0,18855038.0,18808745,18901331,65468.2,PushPop,":batch=71012fc2864c405cbe6bb921be4b1864 phase=decode requests=4911471bf69b4a0c8fcb7df27f4e64dd,4a33c149f9b84d849224830b7920cf8d,83bc7c63016b44a7bb730cbd52015427,bffdbdea72654f78bfa6ca4ccea58aeb"
0.0,37708839,2,18854419.5,18854419.5,18823403,18885436,43864.0,PushPop,":batch=2bf807e749434b058c6b59d84835a3a8 phase=decode requests=4911471bf69b4a0c8fcb7df27f4e64dd,4a33c149f9b84d849224830b7920cf8d,83bc7c63016b44a7bb730cbd52015427,bffdbdea72654f78bfa6ca4ccea58aeb"
0.0,37708720,2,18854360.0,18854360.0,18832633,18876087,30726.6,PushPop,":batch=563b56fa1ec841d181e553678c16c4ec phase=decode requests=4911471bf69b4a0c8fcb7df27f4e64dd,4a33c149f9b84d849224830b7920cf8d,83bc7c63016b44a7bb730cbd52015427,bffdbdea72654f78bfa6ca4ccea58aeb"
0.0,37708644,2,18854322.0,18854322.0,18821297,18887347,46704.4,PushPop,":batch=f138ceff6db645c4bc08b9bcae466149 phase=decode requests=4911471bf69b4a0c8fcb7df27f4e64dd,4a33c149f9b84d849224830b7920cf8d,83bc7c63016b44a7bb730cbd52015427,bffdbdea72654f78bfa6ca4ccea58aeb"
0.0,37708513,2,18854256.5,18854256.5,18820443,18888070,47819.5,PushPop,":batch=b106f069eb8b47deb6e4288aaf7a4489 phase=decode requests=4911471bf69b4a0c8fcb7df27f4e64dd,4a33c149f9b84d849224830b7920cf8d,83bc7c63016b44a7bb730cbd52015427,bffdbdea72654f78bfa6ca4ccea58aeb"
0.0,37708275,2,18854137.5,18854137.5,18833713,18874562,28884.6,PushPop,":batch=e21cd08e6ded40ddb031f40898552f68 phase=decode requests=4911471bf69b4a0c8fcb7df27f4e64dd,4a33c149f9b84d849224830b7920cf8d,83bc7c63016b44a7bb730cbd52015427,bffdbdea72654f78bfa6ca4ccea58aeb"
0.0,37707882,2,18853941.0,18853941.0,18838375,18869507,22013.6,PushPop,:batch=0b2f2519a8524958ad94f1aa73b65ed1 phase=decode requests=8de7c5b04b184d1cbc3645195ef60a7d
0.0,37707431,2,18853715.5,18853715.5,18836160,18871271,24827.2,PushPop,":batch=6f3d0d84a9264a258ef033b81cb6853f phase=decode requests=e4484b0df96d49f3a31426c909f9076d,bb52284fe1f1457c8a63320a61ffabbf,deac75ab269243019c9fd4ac2ecfc203,3e2830bc65ab4913904d6e72090a4fe3"
0.0,37707416,2,18853708.0,18853708.0,18385385,19322031,662308.7,PushPop,:batch=5cadd0fa17f1437692cb68780849126b phase=decode requests=aaa729f093b64e2aaeeda0c4bda76f3d
0.0,37705859,2,18852929.5,18852929.5,18831100,18874759,30871.6,PushPop,":batch=6020bd2f93e54b038375a8841b2a4962 phase=decode requests=e4484b0df96d49f3a31426c909f9076d,bb52284fe1f1457c8a63320a61ffabbf,deac75ab269243019c9fd4ac2ecfc203,3e2830bc65ab4913904d6e72090a4fe3"
0.0,37705562,2,18852781.0,18852781.0,18840136,18865426,17882.7,PushPop,:batch=ceaaed302137462c9438da28e97e7b6f phase=decode requests=8de7c5b04b184d1cbc3645195ef60a7d
0.0,37704613,2,18852306.5,18852306.5,18804467,18900146,67655.3,PushPop,":batch=0417c916a26b46248a22df8aeb81c107 phase=decode requests=4911471bf69b4a0c8fcb7df27f4e64dd,4a33c149f9b84d849224830b7920cf8d,83bc7c63016b44a7bb730cbd52015427,bffdbdea72654f78bfa6ca4ccea58aeb"
0.0,37703987,2,18851993.5,18851993.5,18817701,18886286,48496.9,PushPop,":batch=d1a06d55c9bc405eb23c5b1279f203bc phase=decode requests=4911471bf69b4a0c8fcb7df27f4e64dd,4a33c149f9b84d849224830b7920cf8d,83bc7c63016b44a7bb730cbd52015427,bffdbdea72654f78bfa6ca4ccea58aeb"
0.0,37703643,2,18851821.5,18851821.5,18802213,18901430,70157.0,PushPop,":batch=4fd3f889c5584471bcc035bc46331208 phase=decode requests=4911471bf69b4a0c8fcb7df27f4e64dd,4a33c149f9b84d849224830b7920cf8d,83bc7c63016b44a7bb730cbd52015427,bffdbdea72654f78bfa6ca4ccea58aeb"
0.0,37702693,2,18851346.5,18851346.5,18818942,18883751,45826.9,PushPop,":batch=fa2c17a185304abca564d8a03d5e3f9f phase=decode requests=4911471bf69b4a0c8fcb7df27f4e64dd,4a33c149f9b84d849224830b7920cf8d,83bc7c63016b44a7bb730cbd52015427,bffdbdea72654f78bfa6ca4ccea58aeb"
0.0,37702521,2,18851260.5,18851260.5,18811083,18891438,56819.6,PushPop,":batch=8197c688b47d4255a02df509d16ee0a1 phase=decode requests=4911471bf69b4a0c8fcb7df27f4e64dd,4a33c149f9b84d849224830b7920cf8d,83bc7c63016b44a7bb730cbd52015427,bffdbdea72654f78bfa6ca4ccea58aeb"
0.0,37702132,2,18851066.0,18851066.0,18829078,18873054,31095.7,PushPop,:batch=7483f2a6e241438186a86ae6aaabf91b phase=decode requests=8de7c5b04b184d1cbc3645195ef60a7d
0.0,37701905,2,18850952.5,18850952.5,18820488,18881417,43083.3,PushPop,":batch=643322eac7f34a5d829ebdbe78c2bdb0 phase=decode requests=4911471bf69b4a0c8fcb7df27f4e64dd,4a33c149f9b84d849224830b7920cf8d,83bc7c63016b44a7bb730cbd52015427,bffdbdea72654f78bfa6ca4ccea58aeb"
0.0,37699570,2,18849785.0,18849785.0,18833111,18866459,23580.6,PushPop,":batch=c20dde9dd3644eebbffa48df9f7e5748 phase=decode requests=4911471bf69b4a0c8fcb7df27f4e64dd,4a33c149f9b84d849224830b7920cf8d,83bc7c63016b44a7bb730cbd52015427,bffdbdea72654f78bfa6ca4ccea58aeb"
0.0,37699224,2,18849612.0,18849612.0,18813595,18885629,50935.7,PushPop,":batch=72c71962b9e7427081b3627e52b74292 phase=decode requests=4911471bf69b4a0c8fcb7df27f4e64dd,4a33c149f9b84d849224830b7920cf8d,83bc7c63016b44a7bb730cbd52015427,bffdbdea72654f78bfa6ca4ccea58aeb"
0.0,37698944,2,18849472.0,18849472.0,18808585,18890359,57822.9,PushPop,:batch=00647262c1eb4f0092120c803e4bee74 phase=decode requests=8de7c5b04b184d1cbc3645195ef60a7d
0.0,37698430,2,18849215.0,18849215.0,18817592,18880838,44721.7,PushPop,":batch=81c6116a85c34c83a6f6ac5102ab88ed phase=decode requests=4911471bf69b4a0c8fcb7df27f4e64dd,4a33c149f9b84d849224830b7920cf8d,83bc7c63016b44a7bb730cbd52015427,bffdbdea72654f78bfa6ca4ccea58aeb"
0.0,37698341,2,18849170.5,18849170.5,18817755,18880586,44428.2,PushPop,":batch=37db6d36755844c1b16e55b40a952ee4 phase=decode requests=4911471bf69b4a0c8fcb7df27f4e64dd,4a33c149f9b84d849224830b7920cf8d,83bc7c63016b44a7bb730cbd52015427,bffdbdea72654f78bfa6ca4ccea58aeb"
0.0,37697496,2,18848748.0,18848748.0,18830815,18866681,25361.1,PushPop,":batch=5504aecb96064c13b7e8c414dd00f896 phase=decode requests=e4484b0df96d49f3a31426c909f9076d,bb52284fe1f1457c8a63320a61ffabbf,deac75ab269243019c9fd4ac2ecfc203,3e2830bc65ab4913904d6e72090a4fe3"
0.0,37697470,2,18848735.0,18848735.0,18812362,18885108,51439.2,PushPop,":batch=620352296444499fa204ee8a3274ee63 phase=decode requests=4911471bf69b4a0c8fcb7df27f4e64dd,4a33c149f9b84d849224830b7920cf8d,83bc7c63016b44a7bb730cbd52015427,bffdbdea72654f78bfa6ca4ccea58aeb"
0.0,37697131,2,18848565.5,18848565.5,18819103,18878028,41666.3,PushPop,":batch=bc4b224b059345559ae7d778ba58e09a phase=decode requests=4911471bf69b4a0c8fcb7df27f4e64dd,4a33c149f9b84d849224830b7920cf8d,83bc7c63016b44a7bb730cbd52015427,bffdbdea72654f78bfa6ca4ccea58aeb"
0.0,37695607,2,18847803.5,18847803.5,18799861,18895746,67800.9,PushPop,":batch=46c0173c160040488ed763c2fbc326f1 phase=decode requests=4911471bf69b4a0c8fcb7df27f4e64dd,4a33c149f9b84d849224830b7920cf8d,83bc7c63016b44a7bb730cbd52015427,bffdbdea72654f78bfa6ca4ccea58aeb"
0.0,37694854,2,18847427.0,18847427.0,18818034,18876820,41568.0,PushPop,":batch=56ae84931b2f4c8383bf9e199beb3387 phase=decode requests=4911471bf69b4a0c8fcb7df27f4e64dd,4a33c149f9b84d849224830b7920cf8d,83bc7c63016b44a7bb730cbd52015427,bffdbdea72654f78bfa6ca4ccea58aeb"
0.0,37694606,2,18847303.0,18847303.0,18820722,18873884,37591.2,PushPop,":batch=9af9bc86dda04699b3de69e402f1c29f phase=decode requests=7aa4ba8d31af45f58706a52eb0ad3328,baabce1b18024e189120c512bc680496,046f00cf0a7d4816a65a9b0acad7230b,46ac3b484ea545d181b2d3e8af73623f"
0.0,37694278,2,18847139.0,18847139.0,18808074,18886204,55246.3,PushPop,":batch=64a87184f6ff4f10bf3bccd6892e92af phase=decode requests=4911471bf69b4a0c8fcb7df27f4e64dd,4a33c149f9b84d849224830b7920cf8d,83bc7c63016b44a7bb730cbd52015427,bffdbdea72654f78bfa6ca4ccea58aeb"
0.0,37693545,2,18846772.5,18846772.5,18814317,18879228,45899.0,PushPop,":batch=f6512390dfbe47468c8c01bf76a1647d phase=decode requests=4911471bf69b4a0c8fcb7df27f4e64dd,4a33c149f9b84d849224830b7920cf8d,83bc7c63016b44a7bb730cbd52015427,bffdbdea72654f78bfa6ca4ccea58aeb"
0.0,37692420,2,18846210.0,18846210.0,18814788,18877632,44437.4,PushPop,:batch=fbe1b5379c7d46e6bb5a4aa2773c84d0 phase=decode requests=8de7c5b04b184d1cbc3645195ef60a7d
0.0,37692388,2,18846194.0,18846194.0,18820918,18871470,35745.7,PushPop,":batch=aa80609e7b774d1aa63c5b02a72d1063 phase=decode requests=4911471bf69b4a0c8fcb7df27f4e64dd,4a33c149f9b84d849224830b7920cf8d,83bc7c63016b44a7bb730cbd52015427,bffdbdea72654f78bfa6ca4ccea58aeb"
0.0,37692334,2,18846167.0,18846167.0,18809119,18883215,52393.8,PushPop,":batch=5c6226ede77b427aa1a90b831e6e87ff phase=decode requests=4911471bf69b4a0c8fcb7df27f4e64dd,4a33c149f9b84d849224830b7920cf8d,83bc7c63016b44a7bb730cbd52015427,bffdbdea72654f78bfa6ca4ccea58aeb"
0.0,37691802,2,18845901.0,18845901.0,18802486,18889316,61398.1,PushPop,":batch=a31e1ba586dd40c096c1e7ea86e38dc9 phase=decode requests=4911471bf69b4a0c8fcb7df27f4e64dd,4a33c149f9b84d849224830b7920cf8d,83bc7c63016b44a7bb730cbd52015427,bffdbdea72654f78bfa6ca4ccea58aeb"
0.0,37690791,2,18845395.5,18845395.5,18837164,18853627,11641.1,PushPop,":batch=33d3fdbe96774b92a1c023554b909fe6 phase=decode requests=e4484b0df96d49f3a31426c909f9076d,bb52284fe1f1457c8a63320a61ffabbf,deac75ab269243019c9fd4ac2ecfc203,3e2830bc65ab4913904d6e72090a4fe3"
0.0,37690535,2,18845267.5,18845267.5,18796007,18894528,69664.9,PushPop,":batch=77a159e69e504dfaaac100f14d8c4049 phase=decode requests=4911471bf69b4a0c8fcb7df27f4e64dd,4a33c149f9b84d849224830b7920cf8d,83bc7c63016b44a7bb730cbd52015427,bffdbdea72654f78bfa6ca4ccea58aeb"
0.0,37689837,2,18844918.5,18844918.5,18811130,18878707,47784.2,PushPop,":batch=a4f650bfe1a948e58440b43110d470b1 phase=decode requests=4911471bf69b4a0c8fcb7df27f4e64dd,4a33c149f9b84d849224830b7920cf8d,83bc7c63016b44a7bb730cbd52015427,bffdbdea72654f78bfa6ca4ccea58aeb"
0.0,37689748,2,18844874.0,18844874.0,18817769,18871979,38332.3,PushPop,":batch=e7aeba6be2b14759b221bf9a6ca50ce8 phase=decode requests=4911471bf69b4a0c8fcb7df27f4e64dd,4a33c149f9b84d849224830b7920cf8d,83bc7c63016b44a7bb730cbd52015427,bffdbdea72654f78bfa6ca4ccea58aeb"
0.0,37689150,2,18844575.0,18844575.0,18796420,18892730,68101.5,PushPop,":batch=27e701e6335b4cc490687112127b57c1 phase=decode requests=4911471bf69b4a0c8fcb7df27f4e64dd,4a33c149f9b84d849224830b7920cf8d,83bc7c63016b44a7bb730cbd52015427,bffdbdea72654f78bfa6ca4ccea58aeb"
0.0,37688857,2,18844428.5,18844428.5,18792128,18896729,73964.1,PushPop,":batch=0e3d643e8cd24c6a948f0e1be21a879b phase=decode requests=4911471bf69b4a0c8fcb7df27f4e64dd,4a33c149f9b84d849224830b7920cf8d,83bc7c63016b44a7bb730cbd52015427,bffdbdea72654f78bfa6ca4ccea58aeb"
0.0,37688608,2,18844304.0,18844304.0,18807831,18880777,51580.6,PushPop,:batch=13f4d53f6af344eda247c3ab1f021226 phase=decode requests=8de7c5b04b184d1cbc3645195ef60a7d
0.0,37688537,2,18844268.5,18844268.5,18815875,18872662,40154.5,PushPop,":batch=e9f309bfa1ef448b8fe8c9d2637de1ce phase=decode requests=4911471bf69b4a0c8fcb7df27f4e64dd,4a33c149f9b84d849224830b7920cf8d,83bc7c63016b44a7bb730cbd52015427,bffdbdea72654f78bfa6ca4ccea58aeb"
0.0,37688477,2,18844238.5,18844238.5,18806303,18882174,53648.9,PushPop,":batch=7efde5d0598642be8e9be537cb086de6 phase=decode requests=4911471bf69b4a0c8fcb7df27f4e64dd,4a33c149f9b84d849224830b7920cf8d,83bc7c63016b44a7bb730cbd52015427,bffdbdea72654f78bfa6ca4ccea58aeb"
0.0,37688224,2,18844112.0,18844112.0,18807769,18880455,51396.8,PushPop,":batch=d90c93ddd439428580ff3878307702d8 phase=decode requests=4911471bf69b4a0c8fcb7df27f4e64dd,4a33c149f9b84d849224830b7920cf8d,83bc7c63016b44a7bb730cbd52015427,bffdbdea72654f78bfa6ca4ccea58aeb"
0.0,37688187,2,18844093.5,18844093.5,18820878,18867309,32831.7,PushPop,:batch=d6305d694995409cb431636e3d972b56 phase=decode requests=8de7c5b04b184d1cbc3645195ef60a7d
0.0,37688061,2,18844030.5,18844030.5,18785236,18902825,83148.0,PushPop,":batch=581a67c0cca244319b6e7c345bc12ae5 phase=decode requests=4911471bf69b4a0c8fcb7df27f4e64dd,4a33c149f9b84d849224830b7920cf8d,83bc7c63016b44a7bb730cbd52015427,bffdbdea72654f78bfa6ca4ccea58aeb"
0.0,37688012,2,18844006.0,18844006.0,18808619,18879393,50044.8,PushPop,":batch=cacf38cfe4cc49f193c701f7c2c4bccc phase=decode requests=4911471bf69b4a0c8fcb7df27f4e64dd,4a33c149f9b84d849224830b7920cf8d,83bc7c63016b44a7bb730cbd52015427,bffdbdea72654f78bfa6ca4ccea58aeb"
0.0,37687617,2,18843808.5,18843808.5,18810014,18877603,47792.6,PushPop,":batch=5bee98377b424bc981630ba404d0fa41 phase=decode requests=4911471bf69b4a0c8fcb7df27f4e64dd,4a33c149f9b84d849224830b7920cf8d,83bc7c63016b44a7bb730cbd52015427,bffdbdea72654f78bfa6ca4ccea58aeb"
0.0,37687069,2,18843534.5,18843534.5,18817012,18870057,37508.5,PushPop,:batch=f415789284cf4c41b63536796e2f91e4 phase=decode requests=8de7c5b04b184d1cbc3645195ef60a7d
0.0,37686762,2,18843381.0,18843381.0,18810980,18875782,45821.9,PushPop,":batch=82c09a204b4345afa271e00a758778ad phase=decode requests=4911471bf69b4a0c8fcb7df27f4e64dd,4a33c149f9b84d849224830b7920cf8d,83bc7c63016b44a7bb730cbd52015427,bffdbdea72654f78bfa6ca4ccea58aeb"
0.0,37685239,2,18842619.5,18842619.5,18818637,18866602,33916.4,PushPop,":batch=33f03403ea634bde893221e0290c0609 phase=decode requests=4911471bf69b4a0c8fcb7df27f4e64dd,4a33c149f9b84d849224830b7920cf8d,83bc7c63016b44a7bb730cbd52015427,bffdbdea72654f78bfa6ca4ccea58aeb"
0.0,37683669,2,18841834.5,18841834.5,18805429,18878240,51485.2,PushPop,":batch=53e34376f712451f90d08698ece5935c phase=decode requests=4911471bf69b4a0c8fcb7df27f4e64dd,4a33c149f9b84d849224830b7920cf8d,83bc7c63016b44a7bb730cbd52015427,bffdbdea72654f78bfa6ca4ccea58aeb"
0.0,37682948,2,18841474.0,18841474.0,18801666,18881282,56297.0,PushPop,":batch=265d71d10f0c4292af10dc2644c47663 phase=decode requests=4911471bf69b4a0c8fcb7df27f4e64dd,4a33c149f9b84d849224830b7920cf8d,83bc7c63016b44a7bb730cbd52015427,bffdbdea72654f78bfa6ca4ccea58aeb"
0.0,37682401,2,18841200.5,18841200.5,18804627,18877774,51722.7,PushPop,":batch=31e2e393eab448898a0e0a9c91754e39 phase=decode requests=4911471bf69b4a0c8fcb7df27f4e64dd,4a33c149f9b84d849224830b7920cf8d,83bc7c63016b44a7bb730cbd52015427,bffdbdea72654f78bfa6ca4ccea58aeb"
0.0,37681866,2,18840933.0,18840933.0,18420546,19261320,594517.0,PushPop,:batch=c90ea327af874151837b241d24f6bbd5 phase=decode requests=aaa729f093b64e2aaeeda0c4bda76f3d
0.0,37681626,2,18840813.0,18840813.0,18812854,18868772,39540.0,PushPop,":batch=ab402621e7d04c789d521daf84dc6dff phase=decode requests=7aa4ba8d31af45f58706a52eb0ad3328,baabce1b18024e189120c512bc680496,046f00cf0a7d4816a65a9b0acad7230b,46ac3b484ea545d181b2d3e8af73623f"
0.0,37681170,2,18840585.0,18840585.0,18799029,18882141,58769.1,PushPop,":batch=1462f8f1dbd6433fabdf9e4972e28a30 phase=decode requests=4911471bf69b4a0c8fcb7df27f4e64dd,4a33c149f9b84d849224830b7920cf8d,83bc7c63016b44a7bb730cbd52015427,bffdbdea72654f78bfa6ca4ccea58aeb"
0.0,37680873,2,18840436.5,18840436.5,18821410,18859463,26907.5,PushPop,":batch=74738b433a5b4a73964f45b8a8e081e6 phase=decode requests=4911471bf69b4a0c8fcb7df27f4e64dd,4a33c149f9b84d849224830b7920cf8d,83bc7c63016b44a7bb730cbd52015427,bffdbdea72654f78bfa6ca4ccea58aeb"
0.0,37679683,2,18839841.5,18839841.5,18810033,18869650,42155.6,PushPop,:batch=3ed04579106143e88aec6ec3c168a5c2 phase=decode requests=8de7c5b04b184d1cbc3645195ef60a7d
0.0,37678662,2,18839331.0,18839331.0,18815225,18863437,34091.0,PushPop,":batch=d655e3783e1246edb9eb6e3ef9937f52 phase=decode requests=4911471bf69b4a0c8fcb7df27f4e64dd,4a33c149f9b84d849224830b7920cf8d,83bc7c63016b44a7bb730cbd52015427,bffdbdea72654f78bfa6ca4ccea58aeb"
0.0,37677528,2,18838764.0,18838764.0,18774685,18902843,90621.4,PushPop,":batch=5afd5f0c70c44969a082ec9618978047 phase=decode requests=4911471bf69b4a0c8fcb7df27f4e64dd,4a33c149f9b84d849224830b7920cf8d,83bc7c63016b44a7bb730cbd52015427,bffdbdea72654f78bfa6ca4ccea58aeb"
0.0,37677332,2,18838666.0,18838666.0,18796054,18881278,60262.5,PushPop,":batch=6d93d3cf42544e53a58cf881ea4e45bd phase=decode requests=4911471bf69b4a0c8fcb7df27f4e64dd,4a33c149f9b84d849224830b7920cf8d,83bc7c63016b44a7bb730cbd52015427,bffdbdea72654f78bfa6ca4ccea58aeb"
0.0,37677327,2,18838663.5,18838663.5,18807853,18869474,43572.6,PushPop,":batch=7190a1c1c498487b88da0bbe75c249d1 phase=decode requests=4911471bf69b4a0c8fcb7df27f4e64dd,4a33c149f9b84d849224830b7920cf8d,83bc7c63016b44a7bb730cbd52015427,bffdbdea72654f78bfa6ca4ccea58aeb"
0.0,37677138,2,18838569.0,18838569.0,18812652,18864486,36652.2,PushPop,":batch=836e4fc2577a4e749ea7f1107c15d334 phase=decode requests=4911471bf69b4a0c8fcb7df27f4e64dd,4a33c149f9b84d849224830b7920cf8d,83bc7c63016b44a7bb730cbd52015427,bffdbdea72654f78bfa6ca4ccea58aeb"
0.0,37677078,2,18838539.0,18838539.0,18821671,18855407,23855.0,PushPop,":batch=50ca5f4fda184d2ca1cb7a8a9eae4176 phase=decode requests=4911471bf69b4a0c8fcb7df27f4e64dd,4a33c149f9b84d849224830b7920cf8d,83bc7c63016b44a7bb730cbd52015427,bffdbdea72654f78bfa6ca4ccea58aeb"
0.0,37677008,2,18838504.0,18838504.0,18785960,18891048,74308.4,PushPop,":batch=e2f5a995272f482aab3b5a0aa192b30e phase=decode requests=4911471bf69b4a0c8fcb7df27f4e64dd,4a33c149f9b84d849224830b7920cf8d,83bc7c63016b44a7bb730cbd52015427,bffdbdea72654f78bfa6ca4ccea58aeb"
0.0,37676492,2,18838246.0,18838246.0,18791953,18884539,65468.2,PushPop,":batch=f51972ef63764059bfe1aa2325260964 phase=decode requests=4911471bf69b4a0c8fcb7df27f4e64dd,4a33c149f9b84d849224830b7920cf8d,83bc7c63016b44a7bb730cbd52015427,bffdbdea72654f78bfa6ca4ccea58aeb"
0.0,37675992,2,18837996.0,18837996.0,18820450,18855542,24813.8,PushPop,:batch=fea8992ad4224cc0bd17a583fc0a2eb6 phase=decode requests=8de7c5b04b184d1cbc3645195ef60a7d
0.0,37675476,2,18837738.0,18837738.0,18808120,18867356,41886.2,PushPop,:batch=0f40b4b0b04a4691ac6b435ea058542c phase=decode requests=8de7c5b04b184d1cbc3645195ef60a7d
0.0,37674986,2,18837493.0,18837493.0,18800971,18874015,51649.9,PushPop,":batch=6961932be9f2412aba36e83cf3e27972 phase=decode requests=4911471bf69b4a0c8fcb7df27f4e64dd,4a33c149f9b84d849224830b7920cf8d,83bc7c63016b44a7bb730cbd52015427,bffdbdea72654f78bfa6ca4ccea58aeb"
0.0,37674097,2,18837048.5,18837048.5,18810857,18863240,37040.4,PushPop,":batch=72f15654a3264e9cad5263851e30c17e phase=decode requests=4911471bf69b4a0c8fcb7df27f4e64dd,4a33c149f9b84d849224830b7920cf8d,83bc7c63016b44a7bb730cbd52015427,bffdbdea72654f78bfa6ca4ccea58aeb"
0.0,37673946,2,18836973.0,18836973.0,18790606,18883340,65572.8,PushPop,":batch=e752228537074eb5875c5846c5e0d4d2 phase=decode requests=4911471bf69b4a0c8fcb7df27f4e64dd,4a33c149f9b84d849224830b7920cf8d,83bc7c63016b44a7bb730cbd52015427,bffdbdea72654f78bfa6ca4ccea58aeb"
0.0,37672990,2,18836495.0,18836495.0,18826165,18846825,14608.8,PushPop,:batch=06c732f986da40a8838590451e052349 phase=decode requests=8de7c5b04b184d1cbc3645195ef60a7d
0.0,37672583,2,18836291.5,18836291.5,18810903,18861680,35904.8,PushPop,":batch=2cb5f44c7ca548c2bc6dacb95a32e553 phase=decode requests=4911471bf69b4a0c8fcb7df27f4e64dd,4a33c149f9b84d849224830b7920cf8d,83bc7c63016b44a7bb730cbd52015427,bffdbdea72654f78bfa6ca4ccea58aeb"
0.0,37671655,2,18835827.5,18835827.5,18775120,18896535,85853.4,PushPop,":batch=0e69ef93a56f4cb7b249d5fc0bbf03c5 phase=decode requests=4911471bf69b4a0c8fcb7df27f4e64dd,4a33c149f9b84d849224830b7920cf8d,83bc7c63016b44a7bb730cbd52015427,bffdbdea72654f78bfa6ca4ccea58aeb"
0.0,37671577,2,18835788.5,18835788.5,18813065,18858512,32135.9,PushPop,:batch=d1d37f5ee52f43688299d6ddebd9df80 phase=decode requests=8de7c5b04b184d1cbc3645195ef60a7d
0.0,37670038,2,18835019.0,18835019.0,18806015,18864023,41017.9,PushPop,":batch=1837360ca6594546a306d0b93a364f0d phase=decode requests=4911471bf69b4a0c8fcb7df27f4e64dd,4a33c149f9b84d849224830b7920cf8d,83bc7c63016b44a7bb730cbd52015427,bffdbdea72654f78bfa6ca4ccea58aeb"
0.0,37669300,2,18834650.0,18834650.0,18800225,18869075,48684.3,PushPop,":batch=3a72de7d5194432bb56398b35496876d phase=decode requests=4911471bf69b4a0c8fcb7df27f4e64dd,4a33c149f9b84d849224830b7920cf8d,83bc7c63016b44a7bb730cbd52015427,bffdbdea72654f78bfa6ca4ccea58aeb"
0.0,37669033,2,18834516.5,18834516.5,18828724,18840309,8191.8,PushPop,:batch=245e63ed62ff42ec8531eb6e48f4c675 phase=decode requests=8de7c5b04b184d1cbc3645195ef60a7d
0.0,37669019,2,18834509.5,18834509.5,18796655,18872364,53534.3,PushPop,":batch=d5d0177cd86c47b9a20b101dc50fca72 phase=decode requests=4911471bf69b4a0c8fcb7df27f4e64dd,4a33c149f9b84d849224830b7920cf8d,83bc7c63016b44a7bb730cbd52015427,bffdbdea72654f78bfa6ca4ccea58aeb"
0.0,37668462,2,18834231.0,18834231.0,18817453,18851009,23727.7,PushPop,:batch=99a4ebf0547e4c8b8a156355acbe6447 phase=decode requests=8de7c5b04b184d1cbc3645195ef60a7d
0.0,37667535,2,18833767.5,18833767.5,18808309,18859226,36003.8,PushPop,":batch=313f693c372c40a5b77a401eb9e8f526 phase=decode requests=4911471bf69b4a0c8fcb7df27f4e64dd,4a33c149f9b84d849224830b7920cf8d,83bc7c63016b44a7bb730cbd52015427,bffdbdea72654f78bfa6ca4ccea58aeb"
0.0,37667495,2,18833747.5,18833747.5,18790347,18877148,61377.6,PushPop,":batch=abb867b6d90346f5b2fef3d8d7d6754d phase=decode requests=4911471bf69b4a0c8fcb7df27f4e64dd,4a33c149f9b84d849224830b7920cf8d,83bc7c63016b44a7bb730cbd52015427,bffdbdea72654f78bfa6ca4ccea58aeb"
0.0,37667322,2,18833661.0,18833661.0,18783685,18883637,70676.7,PushPop,":batch=13cb19eabd354a50aa29ce09ff9602f0 phase=decode requests=4911471bf69b4a0c8fcb7df27f4e64dd,4a33c149f9b84d849224830b7920cf8d,83bc7c63016b44a7bb730cbd52015427,bffdbdea72654f78bfa6ca4ccea58aeb"
0.0,37665877,2,18832938.5,18832938.5,18820244,18845633,17952.7,PushPop,:batch=0418ac9ec73f4a31955845c8f8c691f7 phase=decode requests=8de7c5b04b184d1cbc3645195ef60a7d
0.0,37664276,2,18832138.0,18832138.0,18802954,18861322,41272.4,PushPop,":batch=e16c337636b042fa8be7f8affa9d4c77 phase=decode requests=4911471bf69b4a0c8fcb7df27f4e64dd,4a33c149f9b84d849224830b7920cf8d,83bc7c63016b44a7bb730cbd52015427,bffdbdea72654f78bfa6ca4ccea58aeb"
0.0,37663947,2,18831973.5,18831973.5,18800023,18863924,45184.8,PushPop,:batch=f0d6b2b7b90a4f378d30d0d028401e2a phase=decode requests=8de7c5b04b184d1cbc3645195ef60a7d
0.0,37663466,2,18831733.0,18831733.0,18808587,18854879,32733.4,PushPop,":batch=ffb6f1087b2744f3bc202486ac359105 phase=decode requests=7aa4ba8d31af45f58706a52eb0ad3328,baabce1b18024e189120c512bc680496,046f00cf0a7d4816a65a9b0acad7230b,46ac3b484ea545d181b2d3e8af73623f"
0.0,37663139,2,18831569.5,18831569.5,18813980,18849159,24875.3,PushPop,":batch=a3539493b66b423da76eb0e5e112ebf1 phase=decode requests=e4484b0df96d49f3a31426c909f9076d,bb52284fe1f1457c8a63320a61ffabbf,deac75ab269243019c9fd4ac2ecfc203,3e2830bc65ab4913904d6e72090a4fe3"
0.0,37662349,2,18831174.5,18831174.5,18788172,18874177,60814.7,PushPop,":batch=7976ba267ea346bbad3842368d2d20c1 phase=decode requests=4911471bf69b4a0c8fcb7df27f4e64dd,4a33c149f9b84d849224830b7920cf8d,83bc7c63016b44a7bb730cbd52015427,bffdbdea72654f78bfa6ca4ccea58aeb"
0.0,37662126,2,18831063.0,18831063.0,18778917,18883209,73745.6,PushPop,":batch=2274ca19779a48bd9465e91e2d72ab62 phase=decode requests=4911471bf69b4a0c8fcb7df27f4e64dd,4a33c149f9b84d849224830b7920cf8d,83bc7c63016b44a7bb730cbd52015427,bffdbdea72654f78bfa6ca4ccea58aeb"
0.0,37661626,2,18830813.0,18830813.0,18775788,18885838,77817.1,PushPop,":batch=a985cc9a53f648769fc7c91d346e6716 phase=decode requests=4911471bf69b4a0c8fcb7df27f4e64dd,4a33c149f9b84d849224830b7920cf8d,83bc7c63016b44a7bb730cbd52015427,bffdbdea72654f78bfa6ca4ccea58aeb"
0.0,37661397,2,18830698.5,18830698.5,18786574,18874823,62401.5,PushPop,":batch=9f19ec7cbae5409aa106cc5edf53cfd8 phase=decode requests=4911471bf69b4a0c8fcb7df27f4e64dd,4a33c149f9b84d849224830b7920cf8d,83bc7c63016b44a7bb730cbd52015427,bffdbdea72654f78bfa6ca4ccea58aeb"
0.0,37660486,2,18830243.0,18830243.0,18796520,18863966,47691.5,PushPop,":batch=84d21bbcb5734f81a591c7da15851d7c phase=decode requests=4911471bf69b4a0c8fcb7df27f4e64dd,4a33c149f9b84d849224830b7920cf8d,83bc7c63016b44a7bb730cbd52015427,bffdbdea72654f78bfa6ca4ccea58aeb"
0.0,37660195,2,18830097.5,18830097.5,18806742,18853453,33029.7,PushPop,":batch=2b8a2449b2304121a8a49607007add31 phase=decode requests=e4484b0df96d49f3a31426c909f9076d,bb52284fe1f1457c8a63320a61ffabbf,deac75ab269243019c9fd4ac2ecfc203,3e2830bc65ab4913904d6e72090a4fe3"
0.0,37659381,2,18829690.5,18829690.5,18790945,18868436,54794.4,PushPop,":batch=bd90e732ac6a4d61a67aa400a09f8bdd phase=decode requests=4911471bf69b4a0c8fcb7df27f4e64dd,4a33c149f9b84d849224830b7920cf8d,83bc7c63016b44a7bb730cbd52015427,bffdbdea72654f78bfa6ca4ccea58aeb"
0.0,37659364,2,18829682.0,18829682.0,18789295,18870069,57115.8,PushPop,":batch=ec745a4f87cc4bb39249be4b749c402b phase=decode requests=4911471bf69b4a0c8fcb7df27f4e64dd,4a33c149f9b84d849224830b7920cf8d,83bc7c63016b44a7bb730cbd52015427,bffdbdea72654f78bfa6ca4ccea58aeb"
0.0,37659284,2,18829642.0,18829642.0,18788571,18870713,58083.2,PushPop,":batch=89df921856ad4543b5d7c8a99bf62d4b phase=decode requests=4911471bf69b4a0c8fcb7df27f4e64dd,4a33c149f9b84d849224830b7920cf8d,83bc7c63016b44a7bb730cbd52015427,bffdbdea72654f78bfa6ca4ccea58aeb"
0.0,37658600,2,18829300.0,18829300.0,18801369,18857231,39500.4,PushPop,":batch=8d73c0a54088420980160f3995a84604 phase=decode requests=4911471bf69b4a0c8fcb7df27f4e64dd,4a33c149f9b84d849224830b7920cf8d,83bc7c63016b44a7bb730cbd52015427,bffdbdea72654f78bfa6ca4ccea58aeb"
0.0,37657801,2,18828900.5,18828900.5,18795743,18862058,46891.8,PushPop,":batch=7f14cffbf59d4f1b9ab63ca7fc905ad5 phase=decode requests=4911471bf69b4a0c8fcb7df27f4e64dd,4a33c149f9b84d849224830b7920cf8d,83bc7c63016b44a7bb730cbd52015427,bffdbdea72654f78bfa6ca4ccea58aeb"
0.0,37657515,2,18828757.5,18828757.5,18815474,18842041,18785.7,PushPop,":batch=0a91f8d262f348958c15c01e5edbfaf6 phase=decode requests=e4484b0df96d49f3a31426c909f9076d,bb52284fe1f1457c8a63320a61ffabbf,deac75ab269243019c9fd4ac2ecfc203,3e2830bc65ab4913904d6e72090a4fe3"
0.0,37657166,2,18828583.0,18828583.0,18776016,18881150,74341.0,PushPop,":batch=34be8fe87b2b4bf6bdbcb7f2bc3f0f9f phase=decode requests=4911471bf69b4a0c8fcb7df27f4e64dd,4a33c149f9b84d849224830b7920cf8d,83bc7c63016b44a7bb730cbd52015427,bffdbdea72654f78bfa6ca4ccea58aeb"
0.0,37656821,2,18828410.5,18828410.5,18803298,18853523,35514.4,PushPop,":batch=d6969004e68c4f95a1f2c3ff581430fc phase=decode requests=4911471bf69b4a0c8fcb7df27f4e64dd,4a33c149f9b84d849224830b7920cf8d,83bc7c63016b44a7bb730cbd52015427,bffdbdea72654f78bfa6ca4ccea58aeb"
0.0,37655953,2,18827976.5,18827976.5,18791384,18864569,51749.6,PushPop,":batch=f312d39fc2a74a07adf70a370c1990a8 phase=decode requests=4911471bf69b4a0c8fcb7df27f4e64dd,4a33c149f9b84d849224830b7920cf8d,83bc7c63016b44a7bb730cbd52015427,bffdbdea72654f78bfa6ca4ccea58aeb"
0.0,37654414,2,18827207.0,18827207.0,18792566,18861848,48989.8,PushPop,":batch=f266c92fb068480e9f5d28638d01e922 phase=decode requests=4911471bf69b4a0c8fcb7df27f4e64dd,4a33c149f9b84d849224830b7920cf8d,83bc7c63016b44a7bb730cbd52015427,bffdbdea72654f78bfa6ca4ccea58aeb"
0.0,37653963,2,18826981.5,18826981.5,18800403,18853560,37587.7,PushPop,:batch=66e6ee42e67d442dbb08133229e6ce53 phase=decode requests=8de7c5b04b184d1cbc3645195ef60a7d
0.0,37653959,2,18826979.5,18826979.5,18771238,18882721,78830.4,PushPop,":batch=be2e37a288ae4513a7fcb38e90b6107f phase=decode requests=4911471bf69b4a0c8fcb7df27f4e64dd,4a33c149f9b84d849224830b7920cf8d,83bc7c63016b44a7bb730cbd52015427,bffdbdea72654f78bfa6ca4ccea58aeb"
0.0,37652661,2,18826330.5,18826330.5,18812944,18839717,18931.4,PushPop,:batch=ec2f8566e9684259887109149672b01f phase=decode requests=8de7c5b04b184d1cbc3645195ef60a7d
0.0,37652578,2,18826289.0,18826289.0,18800078,18852500,37068.0,PushPop,":batch=61317a3d06e04b619aaded7af0050954 phase=decode requests=4911471bf69b4a0c8fcb7df27f4e64dd,4a33c149f9b84d849224830b7920cf8d,83bc7c63016b44a7bb730cbd52015427,bffdbdea72654f78bfa6ca4ccea58aeb"
0.0,37652268,2,18826134.0,18826134.0,18784384,18867884,59043.4,PushPop,":batch=9745d7fc1dcf47bba0b48576423fab95 phase=decode requests=4911471bf69b4a0c8fcb7df27f4e64dd,4a33c149f9b84d849224830b7920cf8d,83bc7c63016b44a7bb730cbd52015427,bffdbdea72654f78bfa6ca4ccea58aeb"
0.0,37651247,2,18825623.5,18825623.5,18787419,18863828,54029.3,PushPop,":batch=13db447acf5946828f48e81c6575c3af phase=decode requests=4911471bf69b4a0c8fcb7df27f4e64dd,4a33c149f9b84d849224830b7920cf8d,83bc7c63016b44a7bb730cbd52015427,bffdbdea72654f78bfa6ca4ccea58aeb"
0.0,37650558,2,18825279.0,18825279.0,18808151,18842407,24222.6,PushPop,:batch=9ca5a21e326b44ca8dd7585491b333af phase=decode requests=8de7c5b04b184d1cbc3645195ef60a7d
0.0,37649815,2,18824907.5,18824907.5,18806349,18843466,26245.7,PushPop,":batch=01aa80ba40b84fb48bd4461a01b22fc8 phase=decode requests=4911471bf69b4a0c8fcb7df27f4e64dd,4a33c149f9b84d849224830b7920cf8d,83bc7c63016b44a7bb730cbd52015427,bffdbdea72654f78bfa6ca4ccea58aeb"
0.0,37649664,2,18824832.0,18824832.0,18802779,18846885,31187.7,PushPop,:batch=2e06fa57f5a349a8b18f9857948a558a phase=decode requests=8de7c5b04b184d1cbc3645195ef60a7d
0.0,37649568,2,18824784.0,18824784.0,18790420,18859148,48598.0,PushPop,":batch=abf141e20c004aa4a7ba6263cf15efb9 phase=decode requests=4911471bf69b4a0c8fcb7df27f4e64dd,4a33c149f9b84d849224830b7920cf8d,83bc7c63016b44a7bb730cbd52015427,bffdbdea72654f78bfa6ca4ccea58aeb"
0.0,37649395,2,18824697.5,18824697.5,18799153,18850242,36125.4,PushPop,":batch=4b87901269884342a7144f34e932fcb2 phase=decode requests=4911471bf69b4a0c8fcb7df27f4e64dd,4a33c149f9b84d849224830b7920cf8d,83bc7c63016b44a7bb730cbd52015427,bffdbdea72654f78bfa6ca4ccea58aeb"
0.0,37648574,2,18824287.0,18824287.0,18807394,18841180,23890.3,PushPop,":batch=2472b8e790224028a0767d7a26cebe24 phase=decode requests=e4484b0df96d49f3a31426c909f9076d,bb52284fe1f1457c8a63320a61ffabbf,deac75ab269243019c9fd4ac2ecfc203,3e2830bc65ab4913904d6e72090a4fe3"
0.0,37648165,2,18824082.5,18824082.5,18786653,18861512,52933.3,PushPop,":batch=22d49289fbe94709bbf100cf0eaca7b4 phase=decode requests=4911471bf69b4a0c8fcb7df27f4e64dd,4a33c149f9b84d849224830b7920cf8d,83bc7c63016b44a7bb730cbd52015427,bffdbdea72654f78bfa6ca4ccea58aeb"
0.0,37647661,2,18823830.5,18823830.5,18793489,18854172,42909.4,PushPop,":batch=f3ea7f4225e94d049c492d25c2141a10 phase=decode requests=4911471bf69b4a0c8fcb7df27f4e64dd,4a33c149f9b84d849224830b7920cf8d,83bc7c63016b44a7bb730cbd52015427,bffdbdea72654f78bfa6ca4ccea58aeb"
0.0,37647047,2,18823523.5,18823523.5,18788790,18858257,49120.6,PushPop,":batch=6e5b0ccf85d146b18d2188fabd8f1531 phase=decode requests=399c9677f6e44195897e25ec5ce1daa1,422bf3769b9f45beb57c62f13989c6e8,3255e14c8cb54f1cbdd701ebd201f7b8,a8d52d0acece4573abce53495dc615f9"
0.0,37646281,2,18823140.5,18823140.5,18797214,18849067,36665.6,PushPop,":batch=24f787a2f37c479e8bdfeec850df4e8d phase=decode requests=4911471bf69b4a0c8fcb7df27f4e64dd,4a33c149f9b84d849224830b7920cf8d,83bc7c63016b44a7bb730cbd52015427,bffdbdea72654f78bfa6ca4ccea58aeb"
0.0,37646124,2,18823062.0,18823062.0,18794953,18851171,39752.1,PushPop,":batch=95c3375fb3c44b7faa4509b4ffcefb7c phase=decode requests=7aa4ba8d31af45f58706a52eb0ad3328,baabce1b18024e189120c512bc680496,046f00cf0a7d4816a65a9b0acad7230b,46ac3b484ea545d181b2d3e8af73623f"
0.0,37643972,2,18821986.0,18821986.0,18793441,18850531,40368.7,PushPop,":batch=dedc308749cb4dce82025e7c2ac9d7fb phase=decode requests=4911471bf69b4a0c8fcb7df27f4e64dd,4a33c149f9b84d849224830b7920cf8d,83bc7c63016b44a7bb730cbd52015427,bffdbdea72654f78bfa6ca4ccea58aeb"
0.0,37643624,2,18821812.0,18821812.0,18800797,18842827,29719.7,PushPop,":batch=a7aeac415fd24a9aac21ad989c19388c phase=decode requests=e4484b0df96d49f3a31426c909f9076d,bb52284fe1f1457c8a63320a61ffabbf,deac75ab269243019c9fd4ac2ecfc203,3e2830bc65ab4913904d6e72090a4fe3"
0.0,37643431,2,18821715.5,18821715.5,18787089,18856342,48969.3,PushPop,":batch=c941384e1caf447f94fe40044fe09101 phase=decode requests=4911471bf69b4a0c8fcb7df27f4e64dd,4a33c149f9b84d849224830b7920cf8d,83bc7c63016b44a7bb730cbd52015427,bffdbdea72654f78bfa6ca4ccea58aeb"
0.0,37642920,2,18821460.0,18821460.0,18794463,18848457,38179.5,PushPop,:batch=331ba50c078b4e61a6694215a87f522e phase=decode requests=8de7c5b04b184d1cbc3645195ef60a7d
0.0,37642870,2,18821435.0,18821435.0,18799830,18843040,30554.1,PushPop,":batch=86750c42488140bfa9580b8b583d32be phase=decode requests=4911471bf69b4a0c8fcb7df27f4e64dd,4a33c149f9b84d849224830b7920cf8d,83bc7c63016b44a7bb730cbd52015427,bffdbdea72654f78bfa6ca4ccea58aeb"
0.0,37642746,2,18821373.0,18821373.0,18787641,18855105,47704.3,PushPop,":batch=c56a7d652ccd47c095379f4d4c6e7c89 phase=decode requests=4911471bf69b4a0c8fcb7df27f4e64dd,4a33c149f9b84d849224830b7920cf8d,83bc7c63016b44a7bb730cbd52015427,bffdbdea72654f78bfa6ca4ccea58aeb"
0.0,37642462,2,18821231.0,18821231.0,18794505,18847957,37796.3,PushPop,":batch=28173fdeb3c448ef918de84c501a56cd phase=decode requests=4911471bf69b4a0c8fcb7df27f4e64dd,4a33c149f9b84d849224830b7920cf8d,83bc7c63016b44a7bb730cbd52015427,bffdbdea72654f78bfa6ca4ccea58aeb"
0.0,37642376,2,18821188.0,18821188.0,18784596,18857780,51748.9,PushPop,":batch=3141e7ed0cf340978f1b2a7e03a61de3 phase=decode requests=4911471bf69b4a0c8fcb7df27f4e64dd,4a33c149f9b84d849224830b7920cf8d,83bc7c63016b44a7bb730cbd52015427,bffdbdea72654f78bfa6ca4ccea58aeb"
0.0,37641411,2,18820705.5,18820705.5,18766559,18874852,76574.7,PushPop,":batch=1fb56619f26a4646bed50355bc5c5f08 phase=decode requests=4911471bf69b4a0c8fcb7df27f4e64dd,4a33c149f9b84d849224830b7920cf8d,83bc7c63016b44a7bb730cbd52015427,bffdbdea72654f78bfa6ca4ccea58aeb"
0.0,37636901,2,18818450.5,18818450.5,18778356,18858545,56702.2,PushPop,":batch=f67d423ce3cb4fbb8d5a7ac5ca340f47 phase=decode requests=7aa4ba8d31af45f58706a52eb0ad3328,baabce1b18024e189120c512bc680496,046f00cf0a7d4816a65a9b0acad7230b,46ac3b484ea545d181b2d3e8af73623f"
0.0,37636026,2,18818013.0,18818013.0,18785175,18850851,46439.9,PushPop,":batch=8e28a39711c644bda0b81e79c3fdc35a phase=decode requests=4911471bf69b4a0c8fcb7df27f4e64dd,4a33c149f9b84d849224830b7920cf8d,83bc7c63016b44a7bb730cbd52015427,bffdbdea72654f78bfa6ca4ccea58aeb"
0.0,37635834,2,18817917.0,18817917.0,18781149,18854685,51997.8,PushPop,":batch=1bf44d196b0f4746aaf689d3b0b1d9d4 phase=decode requests=4911471bf69b4a0c8fcb7df27f4e64dd,4a33c149f9b84d849224830b7920cf8d,83bc7c63016b44a7bb730cbd52015427,bffdbdea72654f78bfa6ca4ccea58aeb"
0.0,37635202,2,18817601.0,18817601.0,18777777,18857425,56319.6,PushPop,":batch=c30d977f1e144311975196d7dc192189 phase=decode requests=7aa4ba8d31af45f58706a52eb0ad3328,baabce1b18024e189120c512bc680496,046f00cf0a7d4816a65a9b0acad7230b,46ac3b484ea545d181b2d3e8af73623f"
0.0,37634107,2,18817053.5,18817053.5,18782935,18851172,48250.8,PushPop,":batch=2cd476b954d84ddfbe06694177a5a154 phase=decode requests=4911471bf69b4a0c8fcb7df27f4e64dd,4a33c149f9b84d849224830b7920cf8d,83bc7c63016b44a7bb730cbd52015427,bffdbdea72654f78bfa6ca4ccea58aeb"
0.0,37634083,2,18817041.5,18817041.5,18798477,18835606,26254.2,PushPop,":batch=9b2345b0869447e49d3dfd69ef5ece22 phase=decode requests=4911471bf69b4a0c8fcb7df27f4e64dd,4a33c149f9b84d849224830b7920cf8d,83bc7c63016b44a7bb730cbd52015427,bffdbdea72654f78bfa6ca4ccea58aeb"
0.0,37633595,2,18816797.5,18816797.5,18786142,18847453,43353.4,PushPop,":batch=8f3c05bbbe16442392457b928670fc74 phase=decode requests=4911471bf69b4a0c8fcb7df27f4e64dd,4a33c149f9b84d849224830b7920cf8d,83bc7c63016b44a7bb730cbd52015427,bffdbdea72654f78bfa6ca4ccea58aeb"
0.0,37633553,2,18816776.5,18816776.5,18776926,18856627,56357.1,PushPop,":batch=f016c0b013be4f8493db5115f7d64f96 phase=decode requests=4911471bf69b4a0c8fcb7df27f4e64dd,4a33c149f9b84d849224830b7920cf8d,83bc7c63016b44a7bb730cbd52015427,bffdbdea72654f78bfa6ca4ccea58aeb"
0.0,37631859,2,18815929.5,18815929.5,18778915,18852944,52346.4,PushPop,":batch=f4a3a324568c4d139a1f985d9e844794 phase=decode requests=7aa4ba8d31af45f58706a52eb0ad3328,baabce1b18024e189120c512bc680496,046f00cf0a7d4816a65a9b0acad7230b,46ac3b484ea545d181b2d3e8af73623f"
0.0,37629542,2,18814771.0,18814771.0,18785486,18844056,41415.2,PushPop,":batch=26baf11055fa48d59d67bc362cf743ac phase=decode requests=e4484b0df96d49f3a31426c909f9076d,bb52284fe1f1457c8a63320a61ffabbf,deac75ab269243019c9fd4ac2ecfc203,3e2830bc65ab4913904d6e72090a4fe3"
0.0,37627621,2,18813810.5,18813810.5,18782789,18844832,43871.0,PushPop,:batch=ac7049f32e7d4b0a86c48e41158eadae phase=decode requests=8de7c5b04b184d1cbc3645195ef60a7d
0.0,37622840,2,18811420.0,18811420.0,18766583,18856257,63409.1,PushPop,":batch=33b9247ddcad44a4b3bb1a9dc63caf77 phase=decode requests=4911471bf69b4a0c8fcb7df27f4e64dd,4a33c149f9b84d849224830b7920cf8d,83bc7c63016b44a7bb730cbd52015427,bffdbdea72654f78bfa6ca4ccea58aeb"
0.0,37621723,2,18810861.5,18810861.5,18657440,18964283,216970.8,PushPop,":batch=5ef0f50343544b6898e2ca2b280a83dd phase=decode requests=7aa4ba8d31af45f58706a52eb0ad3328,baabce1b18024e189120c512bc680496,046f00cf0a7d4816a65a9b0acad7230b,46ac3b484ea545d181b2d3e8af73623f"
0.0,37621299,2,18810649.5,18810649.5,18763598,18857701,66540.9,PushPop,":batch=af4ae4672dd048afac3c478111c38f16 phase=decode requests=7aa4ba8d31af45f58706a52eb0ad3328,baabce1b18024e189120c512bc680496,046f00cf0a7d4816a65a9b0acad7230b,46ac3b484ea545d181b2d3e8af73623f"
0.0,37620904,2,18810452.0,18810452.0,18773698,18847206,51978.0,PushPop,:batch=e1b1df08d6cd48619605dda4d34e7764 phase=decode requests=1cf8552479e145fd966a17841209a06f
0.0,37620378,2,18810189.0,18810189.0,18774543,18845835,50411.1,PushPop,":batch=0595fdc68986416bb6b6787d887e28e5 phase=decode requests=4911471bf69b4a0c8fcb7df27f4e64dd,4a33c149f9b84d849224830b7920cf8d,83bc7c63016b44a7bb730cbd52015427,bffdbdea72654f78bfa6ca4ccea58aeb"
0.0,37620120,2,18810060.0,18810060.0,18776665,18843455,47227.7,PushPop,:batch=19a7e0db1cfa4cc9b253cea2369fbe5d phase=decode requests=8de7c5b04b184d1cbc3645195ef60a7d
0.0,37620045,2,18810022.5,18810022.5,18788688,18831357,30171.5,PushPop,:batch=d21d1f6494604ddead5165108521a521 phase=decode requests=8de7c5b04b184d1cbc3645195ef60a7d
0.0,37619912,2,18809956.0,18809956.0,18781170,18838742,40709.6,PushPop,":batch=86337d31194c45fb8bf76557e2c92473 phase=decode requests=4911471bf69b4a0c8fcb7df27f4e64dd,4a33c149f9b84d849224830b7920cf8d,83bc7c63016b44a7bb730cbd52015427,bffdbdea72654f78bfa6ca4ccea58aeb"
0.0,37618373,2,18809186.5,18809186.5,18778937,18839436,42779.3,PushPop,":batch=424f808aead24cc1be3eb0644efac696 phase=decode requests=4911471bf69b4a0c8fcb7df27f4e64dd,4a33c149f9b84d849224830b7920cf8d,83bc7c63016b44a7bb730cbd52015427,bffdbdea72654f78bfa6ca4ccea58aeb"
0.0,37618009,2,18809004.5,18809004.5,18772264,18845745,51958.9,PushPop,:batch=6953a1bd4b464644bf22b66bb3efd2cb phase=decode requests=8de7c5b04b184d1cbc3645195ef60a7d
0.0,37616361,2,18808180.5,18808180.5,18788491,18827870,27845.2,PushPop,:batch=5e1f26b4c80c400aafdac4ce3e962740 phase=decode requests=8de7c5b04b184d1cbc3645195ef60a7d
0.0,37616236,2,18808118.0,18808118.0,18779771,18836465,40088.7,PushPop,":batch=dc07e20dc47345c0902de077cdda3f8f phase=decode requests=4911471bf69b4a0c8fcb7df27f4e64dd,4a33c149f9b84d849224830b7920cf8d,83bc7c63016b44a7bb730cbd52015427,bffdbdea72654f78bfa6ca4ccea58aeb"
0.0,37615557,2,18807778.5,18807778.5,18772935,18842622,49276.2,PushPop,:batch=35180ba39dc74f6d986f07e12399eae9 phase=decode requests=8de7c5b04b184d1cbc3645195ef60a7d
0.0,37614837,2,18807418.5,18807418.5,18778455,18836382,40960.6,PushPop,":batch=2726241b49e8428ba41b4cd8572bd2a9 phase=decode requests=7aa4ba8d31af45f58706a52eb0ad3328,baabce1b18024e189120c512bc680496,046f00cf0a7d4816a65a9b0acad7230b,46ac3b484ea545d181b2d3e8af73623f"
0.0,37614653,2,18807326.5,18807326.5,18771673,18842980,50421.7,PushPop,":batch=8a085a3b25c84ed1bdeb17bd39243580 phase=decode requests=4911471bf69b4a0c8fcb7df27f4e64dd,4a33c149f9b84d849224830b7920cf8d,83bc7c63016b44a7bb730cbd52015427,bffdbdea72654f78bfa6ca4ccea58aeb"
0.0,37614259,2,18807129.5,18807129.5,18744440,18869819,88656.3,PushPop,:batch=2f5781e3c2314a2ea6d655a61c3f2563 phase=decode requests=8de7c5b04b184d1cbc3645195ef60a7d
0.0,37614054,2,18807027.0,18807027.0,18780117,18833937,38056.5,PushPop,":batch=3317edee2b6a48d291f139ce3e62398f phase=decode requests=4911471bf69b4a0c8fcb7df27f4e64dd,4a33c149f9b84d849224830b7920cf8d,83bc7c63016b44a7bb730cbd52015427,bffdbdea72654f78bfa6ca4ccea58aeb"
0.0,37613839,2,18806919.5,18806919.5,18778370,18835469,40375.1,PushPop,":batch=e8c3a0a505504650b269bb02ce5b9621 phase=decode requests=4911471bf69b4a0c8fcb7df27f4e64dd,4a33c149f9b84d849224830b7920cf8d,83bc7c63016b44a7bb730cbd52015427,bffdbdea72654f78bfa6ca4ccea58aeb"
0.0,37613715,2,18806857.5,18806857.5,18766506,18847209,57065.6,PushPop,":batch=557ef19e33664a2480caff446df3243b phase=decode requests=4911471bf69b4a0c8fcb7df27f4e64dd,4a33c149f9b84d849224830b7920cf8d,83bc7c63016b44a7bb730cbd52015427,bffdbdea72654f78bfa6ca4ccea58aeb"
0.0,37613052,2,18806526.0,18806526.0,18777876,18835176,40517.2,PushPop,":batch=9daa08cf355341ca8e21346fa903ec8a phase=decode requests=4911471bf69b4a0c8fcb7df27f4e64dd,4a33c149f9b84d849224830b7920cf8d,83bc7c63016b44a7bb730cbd52015427,bffdbdea72654f78bfa6ca4ccea58aeb"
0.0,37610508,2,18805254.0,18805254.0,18780414,18830094,35129.1,PushPop,":batch=212e5bb4da8d41a0b753479f3d8bd62c phase=decode requests=4911471bf69b4a0c8fcb7df27f4e64dd,4a33c149f9b84d849224830b7920cf8d,83bc7c63016b44a7bb730cbd52015427,bffdbdea72654f78bfa6ca4ccea58aeb"
0.0,37609727,2,18804863.5,18804863.5,18766658,18843069,54030.7,PushPop,:batch=78a728a874814d748d9416d8925b7b32 phase=decode requests=8de7c5b04b184d1cbc3645195ef60a7d
0.0,37606907,2,18803453.5,18803453.5,18782295,18824612,29922.6,PushPop,:batch=5ef28c59c30340b4adba6315d801cc93 phase=decode requests=8de7c5b04b184d1cbc3645195ef60a7d
0.0,37606429,2,18803214.5,18803214.5,18784000,18822429,27173.4,PushPop,":batch=40781dcd976241c4a9188ec3d8dbc618 phase=decode requests=e4484b0df96d49f3a31426c909f9076d,bb52284fe1f1457c8a63320a61ffabbf,deac75ab269243019c9fd4ac2ecfc203,3e2830bc65ab4913904d6e72090a4fe3"
0.0,37604536,2,18802268.0,18802268.0,18768783,18835753,47354.9,PushPop,":batch=78603534697f4f9c8a42453a12ca8843 phase=decode requests=4911471bf69b4a0c8fcb7df27f4e64dd,4a33c149f9b84d849224830b7920cf8d,83bc7c63016b44a7bb730cbd52015427,bffdbdea72654f78bfa6ca4ccea58aeb"
0.0,37599406,2,18799703.0,18799703.0,18769328,18830078,42956.7,PushPop,":batch=eac17e9dcaf241ae9b62f94eac6634d7 phase=decode requests=4911471bf69b4a0c8fcb7df27f4e64dd,4a33c149f9b84d849224830b7920cf8d,83bc7c63016b44a7bb730cbd52015427,bffdbdea72654f78bfa6ca4ccea58aeb"
0.0,37598858,2,18799429.0,18799429.0,18762781,18836077,51828.1,PushPop,:batch=4e7967f510d2449d987784dbef2b902a phase=decode requests=8de7c5b04b184d1cbc3645195ef60a7d
0.0,37598319,2,18799159.5,18799159.5,18761402,18836917,53397.2,PushPop,":batch=e6cd9fd5da0745419aefe541130b5bf8 phase=decode requests=7aa4ba8d31af45f58706a52eb0ad3328,baabce1b18024e189120c512bc680496,046f00cf0a7d4816a65a9b0acad7230b,46ac3b484ea545d181b2d3e8af73623f"
0.0,37597767,2,18798883.5,18798883.5,18764737,18833030,48290.4,PushPop,":batch=cece96cd30ac41a49f07409fcab2c8d4 phase=decode requests=e4484b0df96d49f3a31426c909f9076d,bb52284fe1f1457c8a63320a61ffabbf,deac75ab269243019c9fd4ac2ecfc203,3e2830bc65ab4913904d6e72090a4fe3"
0.0,37595852,2,18797926.0,18797926.0,18765559,18830293,45773.9,PushPop,:batch=597d8ffcc1d647deb1216c12a03cf277 phase=decode requests=8de7c5b04b184d1cbc3645195ef60a7d
0.0,37595624,2,18797812.0,18797812.0,18771991,18823633,36516.4,PushPop,":batch=dc6434f2c5c0459ca1587a2c3e028070 phase=decode requests=4911471bf69b4a0c8fcb7df27f4e64dd,4a33c149f9b84d849224830b7920cf8d,83bc7c63016b44a7bb730cbd52015427,bffdbdea72654f78bfa6ca4ccea58aeb"
0.0,37595498,2,18797749.0,18797749.0,18770096,18825402,39107.2,PushPop,":batch=9cb35f828c0e4c9c94697e3ceea2a0d9 phase=decode requests=4911471bf69b4a0c8fcb7df27f4e64dd,4a33c149f9b84d849224830b7920cf8d,83bc7c63016b44a7bb730cbd52015427,bffdbdea72654f78bfa6ca4ccea58aeb"
0.0,37592920,2,18796460.0,18796460.0,18741401,18851519,77865.2,PushPop,":batch=267bdc3680c44658baad01f1d179c142 phase=decode requests=4911471bf69b4a0c8fcb7df27f4e64dd,4a33c149f9b84d849224830b7920cf8d,83bc7c63016b44a7bb730cbd52015427,bffdbdea72654f78bfa6ca4ccea58aeb"
0.0,37591071,2,18795535.5,18795535.5,18760481,18830590,49574.5,PushPop,":batch=05539e1987db400e9b36e02d852c61ee phase=decode requests=e4484b0df96d49f3a31426c909f9076d,bb52284fe1f1457c8a63320a61ffabbf,deac75ab269243019c9fd4ac2ecfc203,3e2830bc65ab4913904d6e72090a4fe3"
0.0,37590309,2,18795154.5,18795154.5,18771664,18818645,33220.6,PushPop,":batch=91d611338de041a1a7c1366c8342b60e phase=decode requests=4911471bf69b4a0c8fcb7df27f4e64dd,4a33c149f9b84d849224830b7920cf8d,83bc7c63016b44a7bb730cbd52015427,bffdbdea72654f78bfa6ca4ccea58aeb"
0.0,37589043,2,18794521.5,18794521.5,18785057,18803986,13384.8,PushPop,:batch=84e9791f80d640c3aefed855f8fac6bd phase=decode requests=8de7c5b04b184d1cbc3645195ef60a7d
0.0,37587183,2,18793591.5,18793591.5,18756718,18830465,52147.0,PushPop,:batch=a645ef9b74134809a368631ccb43d0f2 phase=decode requests=8de7c5b04b184d1cbc3645195ef60a7d
0.0,37587040,2,18793520.0,18793520.0,18763564,18823476,42364.2,PushPop,":batch=796f975ec8fb4031908315443a413ebe phase=decode requests=4911471bf69b4a0c8fcb7df27f4e64dd,4a33c149f9b84d849224830b7920cf8d,83bc7c63016b44a7bb730cbd52015427,bffdbdea72654f78bfa6ca4ccea58aeb"
0.0,37587002,2,18793501.0,18793501.0,18770291,18816711,32823.9,PushPop,:batch=8ebcbea583584f3aa574b3a3ac57c00b phase=decode requests=8de7c5b04b184d1cbc3645195ef60a7d
0.0,37586763,2,18793381.5,18793381.5,18782495,18804268,15395.8,PushPop,:batch=c7b39368f1be450f9d36f9c919b11b28 phase=decode requests=8de7c5b04b184d1cbc3645195ef60a7d
0.0,37584500,2,18792250.0,18792250.0,18753244,18831256,55162.8,PushPop,:batch=230f00a4ce034f1e9817a0cc9d37c309 phase=decode requests=1cf8552479e145fd966a17841209a06f
0.0,37583984,2,18791992.0,18791992.0,18759450,18824534,46021.3,PushPop,:batch=fa7f8e140f524c18b149282d248a44c9 phase=decode requests=aaa729f093b64e2aaeeda0c4bda76f3d
0.0,37582107,2,18791053.5,18791053.5,18777816,18804291,18720.7,PushPop,":batch=7d25f228ef104094b6debee0db7fbe42 phase=decode requests=4911471bf69b4a0c8fcb7df27f4e64dd,4a33c149f9b84d849224830b7920cf8d,83bc7c63016b44a7bb730cbd52015427,bffdbdea72654f78bfa6ca4ccea58aeb"
0.0,37580875,2,18790437.5,18790437.5,18753171,18827704,52702.8,PushPop,":batch=59825f3cc6cf4073bd0673b3018804a3 phase=decode requests=4911471bf69b4a0c8fcb7df27f4e64dd,4a33c149f9b84d849224830b7920cf8d,83bc7c63016b44a7bb730cbd52015427,bffdbdea72654f78bfa6ca4ccea58aeb"
0.0,37579646,2,18789823.0,18789823.0,18766706,18812940,32692.4,PushPop,:batch=0c2efe52be47473f874ffcf34938eeb7 phase=decode requests=8de7c5b04b184d1cbc3645195ef60a7d
0.0,37577484,2,18788742.0,18788742.0,18748981,18828503,56230.5,PushPop,:batch=0319c561149147e2b0fc702fbbf4a3e3 phase=decode requests=8de7c5b04b184d1cbc3645195ef60a7d
0.0,37575923,2,18787961.5,18787961.5,18778429,18797494,13481.0,PushPop,:batch=37e513b9a12e422ea3f27e18c2876aa5 phase=decode requests=8de7c5b04b184d1cbc3645195ef60a7d
0.0,37575806,2,18787903.0,18787903.0,18737069,18838737,71890.1,PushPop,":batch=c7969bf067c34c8898d2cc2ecf59e265 phase=decode requests=4911471bf69b4a0c8fcb7df27f4e64dd,4a33c149f9b84d849224830b7920cf8d,83bc7c63016b44a7bb730cbd52015427,bffdbdea72654f78bfa6ca4ccea58aeb"
0.0,37575547,2,18787773.5,18787773.5,18784210,18791337,5039.6,PushPop,":batch=f19733b3d7c5481b850fe3c2b57ae0c3 phase=decode requests=e4484b0df96d49f3a31426c909f9076d,bb52284fe1f1457c8a63320a61ffabbf,deac75ab269243019c9fd4ac2ecfc203,3e2830bc65ab4913904d6e72090a4fe3"
0.0,37575016,2,18787508.0,18787508.0,18758486,18816530,41043.3,PushPop,:batch=4ce8701869be4607a1b4c1b816025104 phase=decode requests=8de7c5b04b184d1cbc3645195ef60a7d
0.0,37574438,2,18787219.0,18787219.0,18761574,18812864,36267.5,PushPop,":batch=a1f3151a04fc499fb5c4f0ceb55c9ced phase=decode requests=7aa4ba8d31af45f58706a52eb0ad3328,baabce1b18024e189120c512bc680496,046f00cf0a7d4816a65a9b0acad7230b,46ac3b484ea545d181b2d3e8af73623f"
0.0,37574057,2,18787028.5,18787028.5,18755989,18818068,43896.5,PushPop,:batch=6705d7522dfd46b18b612797c82a3146 phase=decode requests=8de7c5b04b184d1cbc3645195ef60a7d
0.0,37572509,2,18786254.5,18786254.5,18745566,18826943,57542.2,PushPop,":batch=e48f87a50ec54b12813d7043630a604b phase=decode requests=4911471bf69b4a0c8fcb7df27f4e64dd,4a33c149f9b84d849224830b7920cf8d,83bc7c63016b44a7bb730cbd52015427,bffdbdea72654f78bfa6ca4ccea58aeb"
0.0,37571196,2,18785598.0,18785598.0,18749661,18821535,50822.6,PushPop,":batch=7c17ec0a9a7c4ec7b10826c2502c0003 phase=decode requests=4911471bf69b4a0c8fcb7df27f4e64dd,4a33c149f9b84d849224830b7920cf8d,83bc7c63016b44a7bb730cbd52015427,bffdbdea72654f78bfa6ca4ccea58aeb"
0.0,37570667,2,18785333.5,18785333.5,18751891,18818776,47294.8,PushPop,":batch=1041988ab0324687baa440a3110f84ad phase=decode requests=4911471bf69b4a0c8fcb7df27f4e64dd,4a33c149f9b84d849224830b7920cf8d,83bc7c63016b44a7bb730cbd52015427,bffdbdea72654f78bfa6ca4ccea58aeb"
0.0,37570034,2,18785017.0,18785017.0,18751169,18818865,47868.3,PushPop,":batch=a68be5971eb44269b8d21a62b3066deb phase=decode requests=4911471bf69b4a0c8fcb7df27f4e64dd,4a33c149f9b84d849224830b7920cf8d,83bc7c63016b44a7bb730cbd52015427,bffdbdea72654f78bfa6ca4ccea58aeb"
0.0,37569598,2,18784799.0,18784799.0,18746391,18823207,54317.1,PushPop,":batch=8e1a85a502194642b5e3149c5c8abf12 phase=decode requests=4911471bf69b4a0c8fcb7df27f4e64dd,4a33c149f9b84d849224830b7920cf8d,83bc7c63016b44a7bb730cbd52015427,bffdbdea72654f78bfa6ca4ccea58aeb"
0.0,37569290,2,18784645.0,18784645.0,18776402,18792888,11657.4,PushPop,:batch=3838ba4691a147d7b6114e8ac71dd49d phase=decode requests=8de7c5b04b184d1cbc3645195ef60a7d
0.0,37568686,2,18784343.0,18784343.0,18745357,18823329,55134.5,PushPop,":batch=b0e61b5286ff423d89a8e9376e228596 phase=decode requests=4911471bf69b4a0c8fcb7df27f4e64dd,4a33c149f9b84d849224830b7920cf8d,83bc7c63016b44a7bb730cbd52015427,bffdbdea72654f78bfa6ca4ccea58aeb"
0.0,37568482,2,18784241.0,18784241.0,18730416,18838066,76120.0,PushPop,":batch=af23708d9fdd435197c9cb8a21ea73ad phase=decode requests=4911471bf69b4a0c8fcb7df27f4e64dd,4a33c149f9b84d849224830b7920cf8d,83bc7c63016b44a7bb730cbd52015427,bffdbdea72654f78bfa6ca4ccea58aeb"
0.0,37567527,2,18783763.5,18783763.5,18751357,18816170,45829.7,PushPop,":batch=1f4d70c2200c41478102c63e3134e4a1 phase=decode requests=4911471bf69b4a0c8fcb7df27f4e64dd,4a33c149f9b84d849224830b7920cf8d,83bc7c63016b44a7bb730cbd52015427,bffdbdea72654f78bfa6ca4ccea58aeb"
0.0,37567294,2,18783647.0,18783647.0,18758390,18808904,35718.8,PushPop,":batch=2d24dbf86d4c430392fdf3e15f1afc0e phase=decode requests=e4484b0df96d49f3a31426c909f9076d,bb52284fe1f1457c8a63320a61ffabbf,deac75ab269243019c9fd4ac2ecfc203,3e2830bc65ab4913904d6e72090a4fe3"
0.0,37567162,2,18783581.0,18783581.0,18742980,18824182,57418.5,PushPop,":batch=f9d665a647b44181866917d52c2a9267 phase=decode requests=4911471bf69b4a0c8fcb7df27f4e64dd,4a33c149f9b84d849224830b7920cf8d,83bc7c63016b44a7bb730cbd52015427,bffdbdea72654f78bfa6ca4ccea58aeb"
0.0,37566672,2,18783336.0,18783336.0,18744588,18822084,54797.9,PushPop,":batch=aaca6823645e40d1b8ecc155431fab02 phase=decode requests=4911471bf69b4a0c8fcb7df27f4e64dd,4a33c149f9b84d849224830b7920cf8d,83bc7c63016b44a7bb730cbd52015427,bffdbdea72654f78bfa6ca4ccea58aeb"
0.0,37566594,2,18783297.0,18783297.0,18736027,18830567,66849.9,PushPop,":batch=82a34a98548c41eca68ec7aa732fa0fd phase=decode requests=4911471bf69b4a0c8fcb7df27f4e64dd,4a33c149f9b84d849224830b7920cf8d,83bc7c63016b44a7bb730cbd52015427,bffdbdea72654f78bfa6ca4ccea58aeb"
0.0,37565084,2,18782542.0,18782542.0,18773705,18791379,12497.4,PushPop,:batch=37278e77c7f044a59eb249d58b6ba369 phase=decode requests=8de7c5b04b184d1cbc3645195ef60a7d
0.0,37565025,2,18782512.5,18782512.5,18759192,18805833,32980.2,PushPop,:batch=cd32217a5d5f4ac9aec9844906edd9e2 phase=decode requests=8de7c5b04b184d1cbc3645195ef60a7d
0.0,37562418,2,18781209.0,18781209.0,18749035,18813383,45500.9,PushPop,":batch=348aa778749a424798f81f0fbaa219d9 phase=decode requests=4911471bf69b4a0c8fcb7df27f4e64dd,4a33c149f9b84d849224830b7920cf8d,83bc7c63016b44a7bb730cbd52015427,bffdbdea72654f78bfa6ca4ccea58aeb"
0.0,37561881,2,18780940.5,18780940.5,18749642,18812239,44262.8,PushPop,:batch=3651452e31dd41318d5115f2da258baf phase=decode requests=aaa729f093b64e2aaeeda0c4bda76f3d
0.0,37561299,2,18780649.5,18780649.5,18750096,18811203,43209.2,PushPop,":batch=d219d191cfd242ea97ff88a97320cbe5 phase=decode requests=4911471bf69b4a0c8fcb7df27f4e64dd,4a33c149f9b84d849224830b7920cf8d,83bc7c63016b44a7bb730cbd52015427,bffdbdea72654f78bfa6ca4ccea58aeb"
0.0,37561034,2,18780517.0,18780517.0,18755554,18805480,35303.0,PushPop,":batch=da42dedca6a14c5da7bd2ad7cbf013b0 phase=decode requests=e4484b0df96d49f3a31426c909f9076d,bb52284fe1f1457c8a63320a61ffabbf,deac75ab269243019c9fd4ac2ecfc203,3e2830bc65ab4913904d6e72090a4fe3"
0.0,37560625,2,18780312.5,18780312.5,18739739,18820886,57379.6,PushPop,":batch=0db64027c042433781e6db11cf9bf073 phase=decode requests=4911471bf69b4a0c8fcb7df27f4e64dd,4a33c149f9b84d849224830b7920cf8d,83bc7c63016b44a7bb730cbd52015427,bffdbdea72654f78bfa6ca4ccea58aeb"
0.0,37559807,2,18779903.5,18779903.5,18736604,18823203,61234.7,PushPop,":batch=d36a1714b9a24bea9488917d1fb32ce3 phase=decode requests=4911471bf69b4a0c8fcb7df27f4e64dd,4a33c149f9b84d849224830b7920cf8d,83bc7c63016b44a7bb730cbd52015427,bffdbdea72654f78bfa6ca4ccea58aeb"
0.0,37558319,2,18779159.5,18779159.5,18754828,18803491,34409.9,PushPop,:batch=27d3e43cb1fc47e7a060c75e753a4f6b phase=decode requests=8de7c5b04b184d1cbc3645195ef60a7d
0.0,37556843,2,18778421.5,18778421.5,18738522,18818321,56426.4,PushPop,":batch=096d924c6a3f45d3860582052b89584f phase=decode requests=4911471bf69b4a0c8fcb7df27f4e64dd,4a33c149f9b84d849224830b7920cf8d,83bc7c63016b44a7bb730cbd52015427,bffdbdea72654f78bfa6ca4ccea58aeb"
0.0,37556225,2,18778112.5,18778112.5,18756954,18799271,29922.6,PushPop,:batch=4b8edf7a20b24055b692e56d75d7a57f phase=decode requests=8de7c5b04b184d1cbc3645195ef60a7d
0.0,37555141,2,18777570.5,18777570.5,18754766,18800375,32250.4,PushPop,":batch=f55c875f378b48efb5087944fe9224f5 phase=decode requests=4911471bf69b4a0c8fcb7df27f4e64dd,4a33c149f9b84d849224830b7920cf8d,83bc7c63016b44a7bb730cbd52015427,bffdbdea72654f78bfa6ca4ccea58aeb"
0.0,37554963,2,18777481.5,18777481.5,18751763,18803200,36371.5,PushPop,":batch=85072b69099d42b9a8fb03d9fc0a6b06 phase=decode requests=e4484b0df96d49f3a31426c909f9076d,bb52284fe1f1457c8a63320a61ffabbf,deac75ab269243019c9fd4ac2ecfc203,3e2830bc65ab4913904d6e72090a4fe3"
0.0,37554489,2,18777244.5,18777244.5,18757289,18797200,28221.3,PushPop,:batch=c717340ede3e4e9a81f0c9e20fce366c phase=decode requests=8de7c5b04b184d1cbc3645195ef60a7d
0.0,37554484,2,18777242.0,18777242.0,18735068,18819416,59643.0,PushPop,":batch=85ea5ad9d82945f89d0de0440a942c4c phase=decode requests=4911471bf69b4a0c8fcb7df27f4e64dd,4a33c149f9b84d849224830b7920cf8d,83bc7c63016b44a7bb730cbd52015427,bffdbdea72654f78bfa6ca4ccea58aeb"
0.0,37554294,2,18777147.0,18777147.0,18733619,18820675,61557.9,PushPop,:batch=42618ded8cde4fb68dd729688d4cccfe phase=decode requests=8de7c5b04b184d1cbc3645195ef60a7d
0.0,37553993,2,18776996.5,18776996.5,18762669,18791324,20262.1,PushPop,":batch=18f25a0a56424ebab1878959e69367e8 phase=decode requests=e4484b0df96d49f3a31426c909f9076d,bb52284fe1f1457c8a63320a61ffabbf,deac75ab269243019c9fd4ac2ecfc203,3e2830bc65ab4913904d6e72090a4fe3"
0.0,37550438,2,18775219.0,18775219.0,18744207,18806231,43857.6,PushPop,":batch=7d93531dcead44018732e6c4691cca63 phase=decode requests=e4484b0df96d49f3a31426c909f9076d,bb52284fe1f1457c8a63320a61ffabbf,deac75ab269243019c9fd4ac2ecfc203,3e2830bc65ab4913904d6e72090a4fe3"
0.0,37550260,2,18775130.0,18775130.0,18755188,18795072,28202.2,PushPop,:batch=cadb1f425e1740f283b6e8989d051388 phase=decode requests=8de7c5b04b184d1cbc3645195ef60a7d
0.0,37549618,2,18774809.0,18774809.0,18746296,18803322,40323.5,PushPop,:batch=0bdcbdb87a5d4822aafe68f8a4eac61d phase=decode requests=8de7c5b04b184d1cbc3645195ef60a7d
0.0,37549465,2,18774732.5,18774732.5,18745308,18804157,41612.5,PushPop,:batch=96ef909862ac4513baf6bf714972e6e4 phase=decode requests=8de7c5b04b184d1cbc3645195ef60a7d
0.0,37547730,2,18773865.0,18773865.0,18758311,18789419,21996.7,PushPop,:batch=38900bf15fee48dd8f975656e29116e3 phase=decode requests=8de7c5b04b184d1cbc3645195ef60a7d
0.0,37547553,2,18773776.5,18773776.5,18724525,18823028,69652.1,PushPop,":batch=99c4b3a635724bb798f6c7b1ced490b7 phase=decode requests=4911471bf69b4a0c8fcb7df27f4e64dd,4a33c149f9b84d849224830b7920cf8d,83bc7c63016b44a7bb730cbd52015427,bffdbdea72654f78bfa6ca4ccea58aeb"
0.0,37546438,2,18773219.0,18773219.0,18706664,18839774,94123.0,PushPop,":batch=1e76a38496fd418ebdfb7cf7e913ce0f phase=decode requests=4911471bf69b4a0c8fcb7df27f4e64dd,4a33c149f9b84d849224830b7920cf8d,83bc7c63016b44a7bb730cbd52015427,bffdbdea72654f78bfa6ca4ccea58aeb"
0.0,37545714,2,18772857.0,18772857.0,18722988,18822726,70525.4,PushPop,":batch=6c3169c049074cf792e69acdea590ba3 phase=decode requests=4911471bf69b4a0c8fcb7df27f4e64dd,4a33c149f9b84d849224830b7920cf8d,83bc7c63016b44a7bb730cbd52015427,bffdbdea72654f78bfa6ca4ccea58aeb"
0.0,37545356,2,18772678.0,18772678.0,18734121,18811235,54527.8,PushPop,":batch=b2ca3dc4d9e9451fb6bae2dde454eda2 phase=decode requests=4911471bf69b4a0c8fcb7df27f4e64dd,4a33c149f9b84d849224830b7920cf8d,83bc7c63016b44a7bb730cbd52015427,bffdbdea72654f78bfa6ca4ccea58aeb"
0.0,37544796,2,18772398.0,18772398.0,18734269,18810527,53922.5,PushPop,":batch=ab260c49d4e44d0783a53ec0fe36f368 phase=decode requests=4911471bf69b4a0c8fcb7df27f4e64dd,4a33c149f9b84d849224830b7920cf8d,83bc7c63016b44a7bb730cbd52015427,bffdbdea72654f78bfa6ca4ccea58aeb"
0.0,37544734,2,18772367.0,18772367.0,18615551,18929183,221771.3,PushPop,":batch=3e60a85095f54567a6bb305dc8abddfe phase=decode requests=7aa4ba8d31af45f58706a52eb0ad3328,baabce1b18024e189120c512bc680496,046f00cf0a7d4816a65a9b0acad7230b,46ac3b484ea545d181b2d3e8af73623f"
0.0,37543289,2,18771644.5,18771644.5,18755594,18787695,22698.8,PushPop,:batch=05a66566b7f6438eb204e9bebdf1e8d1 phase=decode requests=8de7c5b04b184d1cbc3645195ef60a7d
0.0,37542720,2,18771360.0,18771360.0,18743622,18799098,39227.5,PushPop,:batch=4b179015c86f41cd8c0a69dc6f47ab59 phase=decode requests=8de7c5b04b184d1cbc3645195ef60a7d
0.0,37540581,2,18770290.5,18770290.5,18747867,18792714,31711.6,PushPop,:batch=de5b66d20b8c4cdca016649abfa52bd7 phase=decode requests=8de7c5b04b184d1cbc3645195ef60a7d
0.0,37540496,2,18770248.0,18770248.0,18740161,18800335,42549.4,PushPop,":batch=8a84eee07544421fba2ae071d3a8fa47 phase=decode requests=e4484b0df96d49f3a31426c909f9076d,bb52284fe1f1457c8a63320a61ffabbf,deac75ab269243019c9fd4ac2ecfc203,3e2830bc65ab4913904d6e72090a4fe3"
0.0,37540127,2,18770063.5,18770063.5,18750981,18789146,26986.7,PushPop,":batch=f19fcd4423a941d1a5242806056e192d phase=decode requests=e4484b0df96d49f3a31426c909f9076d,bb52284fe1f1457c8a63320a61ffabbf,deac75ab269243019c9fd4ac2ecfc203,3e2830bc65ab4913904d6e72090a4fe3"
0.0,37539668,2,18769834.0,18769834.0,18736766,18802902,46765.2,PushPop,":batch=90819de87ccd4e8882faa4fa9856a95b phase=decode requests=399c9677f6e44195897e25ec5ce1daa1,422bf3769b9f45beb57c62f13989c6e8,3255e14c8cb54f1cbdd701ebd201f7b8,a8d52d0acece4573abce53495dc615f9"
0.0,37537290,2,18768645.0,18768645.0,18739309,18797981,41487.4,PushPop,":batch=61d9d5a2105b445e816487abde4136d4 phase=decode requests=e4484b0df96d49f3a31426c909f9076d,bb52284fe1f1457c8a63320a61ffabbf,deac75ab269243019c9fd4ac2ecfc203,3e2830bc65ab4913904d6e72090a4fe3"
0.0,37536925,2,18768462.5,18768462.5,18710094,18826831,82545.5,PushPop,":batch=d7981e7efa01449096a4084c55829ea2 phase=decode requests=4911471bf69b4a0c8fcb7df27f4e64dd,4a33c149f9b84d849224830b7920cf8d,83bc7c63016b44a7bb730cbd52015427,bffdbdea72654f78bfa6ca4ccea58aeb"
0.0,37536166,2,18768083.0,18768083.0,18733758,18802408,48542.9,PushPop,:batch=971c5d212f684625b9e36cfab5c4afdf phase=decode requests=8de7c5b04b184d1cbc3645195ef60a7d
0.0,37536052,2,18768026.0,18768026.0,18752729,18783323,21633.2,PushPop,":batch=9c44709c0ce1447cb4690a1893bf7d3e phase=decode requests=4911471bf69b4a0c8fcb7df27f4e64dd,4a33c149f9b84d849224830b7920cf8d,83bc7c63016b44a7bb730cbd52015427,bffdbdea72654f78bfa6ca4ccea58aeb"
0.0,37535001,2,18767500.5,18767500.5,18736675,18798326,43593.8,PushPop,:batch=aa0b313c134d472294a0154ede54c161 phase=decode requests=8de7c5b04b184d1cbc3645195ef60a7d
0.0,37534977,2,18767488.5,18767488.5,18742823,18792154,34882.3,PushPop,:batch=e04ffd095554463284f6fa53b88f2210 phase=decode requests=8de7c5b04b184d1cbc3645195ef60a7d
0.0,37534379,2,18767189.5,18767189.5,18749041,18785338,25665.9,PushPop,:batch=277771e025234063b89f84089474fdb4 phase=decode requests=8de7c5b04b184d1cbc3645195ef60a7d
0.0,37533934,2,18766967.0,18766967.0,18744372,18789562,31954.2,PushPop,:batch=2b274fdd99ac4379a2ca251cd7dd24a2 phase=decode requests=8de7c5b04b184d1cbc3645195ef60a7d
0.0,37532683,2,18766341.5,18766341.5,18744364,18788319,31080.9,PushPop,":batch=92ea16eeb5a04846b0c67542ae843d2a phase=decode requests=4911471bf69b4a0c8fcb7df27f4e64dd,4a33c149f9b84d849224830b7920cf8d,83bc7c63016b44a7bb730cbd52015427,bffdbdea72654f78bfa6ca4ccea58aeb"
0.0,37528024,2,18764012.0,18764012.0,18744271,18783753,27918.0,PushPop,:batch=331490c6042c4c3a9086cdf4271d600d phase=decode requests=8de7c5b04b184d1cbc3645195ef60a7d
0.0,37527994,2,18763997.0,18763997.0,18738573,18789421,35955.0,PushPop,":batch=cf85409655f74c8c886d4ca28ae6236a phase=decode requests=399c9677f6e44195897e25ec5ce1daa1,422bf3769b9f45beb57c62f13989c6e8,3255e14c8cb54f1cbdd701ebd201f7b8,a8d52d0acece4573abce53495dc615f9"
0.0,37526486,2,18763243.0,18763243.0,18746234,18780252,24054.4,PushPop,:batch=da8404570b414d08beb43199d794e5af phase=decode requests=8de7c5b04b184d1cbc3645195ef60a7d
0.0,37525973,2,18762986.5,18762986.5,18741732,18784241,30058.4,PushPop,:batch=185e24ea8c85482d878b8c88ae13459e phase=decode requests=8de7c5b04b184d1cbc3645195ef60a7d
0.0,37524580,2,18762290.0,18762290.0,18734045,18790535,39944.5,PushPop,":batch=c6e50beb45c74c8b98efc82eb735fe76 phase=decode requests=4911471bf69b4a0c8fcb7df27f4e64dd,4a33c149f9b84d849224830b7920cf8d,83bc7c63016b44a7bb730cbd52015427,bffdbdea72654f78bfa6ca4ccea58aeb"
0.0,37520472,2,18760236.0,18760236.0,18725479,18794993,49153.8,PushPop,":batch=d2b2ea87ff724500bcec88118500d983 phase=decode requests=399c9677f6e44195897e25ec5ce1daa1,422bf3769b9f45beb57c62f13989c6e8,3255e14c8cb54f1cbdd701ebd201f7b8,a8d52d0acece4573abce53495dc615f9"
0.0,37520285,2,18760142.5,18760142.5,18723054,18797231,52451.1,PushPop,":batch=9bdc777b03b845be88390aff18abed49 phase=decode requests=4911471bf69b4a0c8fcb7df27f4e64dd,4a33c149f9b84d849224830b7920cf8d,83bc7c63016b44a7bb730cbd52015427,bffdbdea72654f78bfa6ca4ccea58aeb"
0.0,37520012,2,18760006.0,18760006.0,18729964,18790048,42485.8,PushPop,:batch=d9e479ecae9f4e1a8016851d554c752b phase=decode requests=8de7c5b04b184d1cbc3645195ef60a7d
0.0,37519693,2,18759846.5,18759846.5,18731623,18788070,39914.1,PushPop,":batch=043598124c794a718c0fade6bca4fe1c phase=decode requests=7aa4ba8d31af45f58706a52eb0ad3328,baabce1b18024e189120c512bc680496,046f00cf0a7d4816a65a9b0acad7230b,46ac3b484ea545d181b2d3e8af73623f"
0.0,37519534,2,18759767.0,18759767.0,18719231,18800303,57326.6,PushPop,":batch=fecaf48985634cae9513775f4fb93f83 phase=decode requests=7aa4ba8d31af45f58706a52eb0ad3328,baabce1b18024e189120c512bc680496,046f00cf0a7d4816a65a9b0acad7230b,46ac3b484ea545d181b2d3e8af73623f"
0.0,37519047,2,18759523.5,18759523.5,18738815,18780232,29286.2,PushPop,:batch=b8e7592403f14a4187b5c0b47b323d1a phase=decode requests=8de7c5b04b184d1cbc3645195ef60a7d
0.0,37518750,2,18759375.0,18759375.0,18729083,18789667,42839.4,PushPop,":batch=df41df31ff8245149f0f65a2f3a7622a phase=decode requests=4911471bf69b4a0c8fcb7df27f4e64dd,4a33c149f9b84d849224830b7920cf8d,83bc7c63016b44a7bb730cbd52015427,bffdbdea72654f78bfa6ca4ccea58aeb"
0.0,37518172,2,18759086.0,18759086.0,18744421,18773751,20739.4,PushPop,":batch=857ae0e60e7a4c70955b045b2df9c5dc phase=decode requests=e4484b0df96d49f3a31426c909f9076d,bb52284fe1f1457c8a63320a61ffabbf,deac75ab269243019c9fd4ac2ecfc203,3e2830bc65ab4913904d6e72090a4fe3"
0.0,37517165,2,18758582.5,18758582.5,18719668,18797497,55033.4,PushPop,":batch=76fdd43dd04448e3b2f7f8fc2c399789 phase=decode requests=4911471bf69b4a0c8fcb7df27f4e64dd,4a33c149f9b84d849224830b7920cf8d,83bc7c63016b44a7bb730cbd52015427,bffdbdea72654f78bfa6ca4ccea58aeb"
0.0,37515884,2,18757942.0,18757942.0,18711975,18803909,65007.2,PushPop,":batch=05e20af99c834b8697d66d4cb52b941b phase=decode requests=4911471bf69b4a0c8fcb7df27f4e64dd,4a33c149f9b84d849224830b7920cf8d,83bc7c63016b44a7bb730cbd52015427,bffdbdea72654f78bfa6ca4ccea58aeb"
0.0,37512624,2,18756312.0,18756312.0,18718175,18794449,53933.9,PushPop,":batch=7a740049ca184c82aed7367ea332c4ff phase=decode requests=4911471bf69b4a0c8fcb7df27f4e64dd,4a33c149f9b84d849224830b7920cf8d,83bc7c63016b44a7bb730cbd52015427,bffdbdea72654f78bfa6ca4ccea58aeb"
0.0,37512566,2,18756283.0,18756283.0,18730027,18782539,37131.6,PushPop,":batch=fe6dc15b3c2044aeae5bae483c59d301 phase=decode requests=e4484b0df96d49f3a31426c909f9076d,bb52284fe1f1457c8a63320a61ffabbf,deac75ab269243019c9fd4ac2ecfc203,3e2830bc65ab4913904d6e72090a4fe3"
0.0,37511309,2,18755654.5,18755654.5,18730534,18780775,35525.8,PushPop,":batch=5cf96231c4c74564be3a026057e37f10 phase=decode requests=4911471bf69b4a0c8fcb7df27f4e64dd,4a33c149f9b84d849224830b7920cf8d,83bc7c63016b44a7bb730cbd52015427,bffdbdea72654f78bfa6ca4ccea58aeb"
0.0,37511104,2,18755552.0,18755552.0,18720556,18790548,49491.8,PushPop,":batch=78a55667aaba4a748854a557df95fecb phase=decode requests=4911471bf69b4a0c8fcb7df27f4e64dd,4a33c149f9b84d849224830b7920cf8d,83bc7c63016b44a7bb730cbd52015427,bffdbdea72654f78bfa6ca4ccea58aeb"
0.0,37510264,2,18755132.0,18755132.0,18744151,18766113,15529.5,PushPop,:batch=3c36fd2cdfdf4fcbbefc1e23317f1ba7 phase=decode requests=8de7c5b04b184d1cbc3645195ef60a7d
0.0,37509351,2,18754675.5,18754675.5,18717257,18792094,52917.8,PushPop,:batch=056692489078402982cde23bc378339f phase=decode requests=c47f16e66de94d7ebc64adfc42386324
0.0,37508122,2,18754061.0,18754061.0,18738019,18770103,22686.8,PushPop,:batch=eca64a85feb8452eb6b987c3fc5bc682 phase=decode requests=8de7c5b04b184d1cbc3645195ef60a7d
0.0,37507423,2,18753711.5,18753711.5,18736143,18771280,24845.6,PushPop,:batch=f2e11c0551aa4f93b08e796ac882ef65 phase=decode requests=8de7c5b04b184d1cbc3645195ef60a7d
0.0,37507025,2,18753512.5,18753512.5,18738834,18768191,20758.5,PushPop,:batch=32c3fd53a408483fa00bb7b9ddb0e543 phase=decode requests=8de7c5b04b184d1cbc3645195ef60a7d
0.0,37506892,2,18753446.0,18753446.0,18723335,18783557,42583.4,PushPop,:batch=ef95ac5a41cc450482e1588da047f7bf phase=decode requests=8de7c5b04b184d1cbc3645195ef60a7d
0.0,37506707,2,18753353.5,18753353.5,18724645,18782062,40600.0,PushPop,:batch=29e32edce9624b8dbac589b4f47b4e51 phase=decode requests=8de7c5b04b184d1cbc3645195ef60a7d
0.0,37506493,2,18753246.5,18753246.5,18728494,18777999,35005.3,PushPop,":batch=e010b1654e2d4a33bee677eaec7c8c7a phase=decode requests=4911471bf69b4a0c8fcb7df27f4e64dd,4a33c149f9b84d849224830b7920cf8d,83bc7c63016b44a7bb730cbd52015427,bffdbdea72654f78bfa6ca4ccea58aeb"
0.0,37504077,2,18752038.5,18752038.5,18731003,18773074,29748.7,PushPop,":batch=c9a7d92021e74ea2a4ab546ea588fdf6 phase=decode requests=e4484b0df96d49f3a31426c909f9076d,bb52284fe1f1457c8a63320a61ffabbf,deac75ab269243019c9fd4ac2ecfc203,3e2830bc65ab4913904d6e72090a4fe3"
0.0,37503116,2,18751558.0,18751558.0,18736231,18766885,21675.7,PushPop,:batch=1d7751bedc994296978bef4ad339e6f6 phase=decode requests=8de7c5b04b184d1cbc3645195ef60a7d
0.0,37503096,2,18751548.0,18751548.0,18709987,18793109,58776.1,PushPop,":batch=905bd20998dd41198f1d308cfa0d91a0 phase=decode requests=399c9677f6e44195897e25ec5ce1daa1,422bf3769b9f45beb57c62f13989c6e8,3255e14c8cb54f1cbdd701ebd201f7b8,a8d52d0acece4573abce53495dc615f9"
0.0,37498908,2,18749454.0,18749454.0,18716198,18782710,47031.1,PushPop,":batch=1182348c10fa4e22b1858d069cf998fa phase=decode requests=e4484b0df96d49f3a31426c909f9076d,bb52284fe1f1457c8a63320a61ffabbf,deac75ab269243019c9fd4ac2ecfc203,3e2830bc65ab4913904d6e72090a4fe3"
0.0,37498399,2,18749199.5,18749199.5,18724718,18773681,34622.1,PushPop,":batch=e33b12f452a54850891c7c95b2ef153f phase=decode requests=e4484b0df96d49f3a31426c909f9076d,bb52284fe1f1457c8a63320a61ffabbf,deac75ab269243019c9fd4ac2ecfc203,3e2830bc65ab4913904d6e72090a4fe3"
0.0,37497985,2,18748992.5,18748992.5,18738070,18759915,15446.7,PushPop,:batch=73a36529ea734f85a4702de04187dad0 phase=decode requests=8de7c5b04b184d1cbc3645195ef60a7d
0.0,37495754,2,18747877.0,18747877.0,18698092,18797662,70406.6,PushPop,:batch=44942502ac93481e856beb013d7f3ea4 phase=decode requests=8de7c5b04b184d1cbc3645195ef60a7d
0.0,37493344,2,18746672.0,18746672.0,18729059,18764285,24908.5,PushPop,":batch=c9ca0b8fa1e84892a03c90a988f5d1e5 phase=decode requests=e4484b0df96d49f3a31426c909f9076d,bb52284fe1f1457c8a63320a61ffabbf,deac75ab269243019c9fd4ac2ecfc203,3e2830bc65ab4913904d6e72090a4fe3"
0.0,37490557,2,18745278.5,18745278.5,18714658,18775899,43303.9,PushPop,":batch=ce20598d9fbb4b7f81b49515181d0d1e phase=decode requests=7aa4ba8d31af45f58706a52eb0ad3328,baabce1b18024e189120c512bc680496,046f00cf0a7d4816a65a9b0acad7230b,46ac3b484ea545d181b2d3e8af73623f"
0.0,37489977,2,18744988.5,18744988.5,18720687,18769290,34367.5,PushPop,":batch=c249dd3dcf2d43fc98438a3d610a804c phase=decode requests=e4484b0df96d49f3a31426c909f9076d,bb52284fe1f1457c8a63320a61ffabbf,deac75ab269243019c9fd4ac2ecfc203,3e2830bc65ab4913904d6e72090a4fe3"
0.0,37489958,2,18744979.0,18744979.0,18707156,18782802,53489.8,PushPop,":batch=da3067edfe1c493a8a237804ba94000c phase=decode requests=4911471bf69b4a0c8fcb7df27f4e64dd,4a33c149f9b84d849224830b7920cf8d,83bc7c63016b44a7bb730cbd52015427,bffdbdea72654f78bfa6ca4ccea58aeb"
0.0,37488328,2,18744164.0,18744164.0,18726188,18762140,25421.9,PushPop,":batch=fad2543b7aa241c3b31d99a55794e5f0 phase=decode requests=7aa4ba8d31af45f58706a52eb0ad3328,baabce1b18024e189120c512bc680496,046f00cf0a7d4816a65a9b0acad7230b,46ac3b484ea545d181b2d3e8af73623f"
0.0,37488231,2,18744115.5,18744115.5,18713599,18774632,43156.8,PushPop,":batch=67c16a7c2dce4048a3b068d63620f59c phase=decode requests=7aa4ba8d31af45f58706a52eb0ad3328,baabce1b18024e189120c512bc680496,046f00cf0a7d4816a65a9b0acad7230b,46ac3b484ea545d181b2d3e8af73623f"
0.0,37485957,2,18742978.5,18742978.5,18707957,18778000,49527.9,PushPop,":batch=b7c34666132c43f8a06be18597cdb66c phase=decode requests=4911471bf69b4a0c8fcb7df27f4e64dd,4a33c149f9b84d849224830b7920cf8d,83bc7c63016b44a7bb730cbd52015427,bffdbdea72654f78bfa6ca4ccea58aeb"
0.0,37484940,2,18742470.0,18742470.0,18704956,18779984,53052.8,PushPop,":batch=19f1034dcccd4ce88a0f61f762577a9b phase=decode requests=7aa4ba8d31af45f58706a52eb0ad3328,baabce1b18024e189120c512bc680496,046f00cf0a7d4816a65a9b0acad7230b,46ac3b484ea545d181b2d3e8af73623f"
0.0,37484592,2,18742296.0,18742296.0,18709368,18775224,46567.2,PushPop,":batch=0c48fb0b34444ef4a1e889a9dc207ead phase=decode requests=399c9677f6e44195897e25ec5ce1daa1,422bf3769b9f45beb57c62f13989c6e8,3255e14c8cb54f1cbdd701ebd201f7b8,a8d52d0acece4573abce53495dc615f9"
0.0,37484083,2,18742041.5,18742041.5,18715646,18768437,37328.9,PushPop,":batch=c1e79532245b487eab8adefd53887cd7 phase=decode requests=399c9677f6e44195897e25ec5ce1daa1,422bf3769b9f45beb57c62f13989c6e8,3255e14c8cb54f1cbdd701ebd201f7b8,a8d52d0acece4573abce53495dc615f9"
0.0,37480260,2,18740130.0,18740130.0,18711420,18768840,40602.1,PushPop,:batch=8902c8df9f984482b5a0e739dea9ea17 phase=decode requests=8de7c5b04b184d1cbc3645195ef60a7d
0.0,37479563,2,18739781.5,18739781.5,18717943,18761620,30884.3,PushPop,:batch=33fc1cd8c4f34b73a818bf0275d642a5 phase=decode requests=8de7c5b04b184d1cbc3645195ef60a7d
0.0,37479470,2,18739735.0,18739735.0,18729706,18749764,14183.1,PushPop,:batch=b9212964ae9f4c608e47f33a4a33a606 phase=decode requests=8de7c5b04b184d1cbc3645195ef60a7d
0.0,37478819,2,18739409.5,18739409.5,18718476,18760343,29604.4,PushPop,":batch=6cb272093d704b9aa003f54a234169d7 phase=decode requests=e4484b0df96d49f3a31426c909f9076d,bb52284fe1f1457c8a63320a61ffabbf,deac75ab269243019c9fd4ac2ecfc203,3e2830bc65ab4913904d6e72090a4fe3"
0.0,37477205,2,18738602.5,18738602.5,18716178,18761027,31713.0,PushPop,:batch=eca22ceb4c5347819032dfd870e4a618 phase=decode requests=8de7c5b04b184d1cbc3645195ef60a7d
0.0,37473995,2,18736997.5,18736997.5,18721738,18752257,21580.2,PushPop,":batch=2b1766b3d92f44ca90a709a4ee2ce3b6 phase=decode requests=e4484b0df96d49f3a31426c909f9076d,bb52284fe1f1457c8a63320a61ffabbf,deac75ab269243019c9fd4ac2ecfc203,3e2830bc65ab4913904d6e72090a4fe3"
0.0,37473773,2,18736886.5,18736886.5,18717374,18756399,27594.8,PushPop,:batch=2c6aaa33d10844f5a86ca7a580a029ba phase=decode requests=8de7c5b04b184d1cbc3645195ef60a7d
0.0,37472876,2,18736438.0,18736438.0,18716845,18756031,27708.7,PushPop,:batch=7ca6dd01b69746809dbb305db127c4d6 phase=decode requests=8de7c5b04b184d1cbc3645195ef60a7d
0.0,37472673,2,18736336.5,18736336.5,18706703,18765970,41908.1,PushPop,":batch=2c9d45ac594b497f86c094b689e36a86 phase=decode requests=e4484b0df96d49f3a31426c909f9076d,bb52284fe1f1457c8a63320a61ffabbf,deac75ab269243019c9fd4ac2ecfc203,3e2830bc65ab4913904d6e72090a4fe3"
0.0,37472192,2,18736096.0,18736096.0,18714131,18758061,31063.2,PushPop,:batch=c455b76f0e734e4bb9e5d7577d54837d phase=decode requests=8de7c5b04b184d1cbc3645195ef60a7d
0.0,37471987,2,18735993.5,18735993.5,18690646,18781341,64131.0,PushPop,:batch=d2bd0417987c4705a28f2bb4c75133c3 phase=decode requests=8de7c5b04b184d1cbc3645195ef60a7d
0.0,37470796,2,18735398.0,18735398.0,18703252,18767544,45461.3,PushPop,:batch=cc93d122c45041709271f1db70323419 phase=decode requests=8de7c5b04b184d1cbc3645195ef60a7d
0.0,37470415,2,18735207.5,18735207.5,18711117,18759298,34069.1,PushPop,:batch=791a6f43ee934cba92824a5b4cf38cff phase=decode requests=8de7c5b04b184d1cbc3645195ef60a7d
0.0,37469982,2,18734991.0,18734991.0,18688627,18781355,65568.6,PushPop,":batch=923d52d191da487b8e4edcb8d6513fb1 phase=decode requests=7aa4ba8d31af45f58706a52eb0ad3328,baabce1b18024e189120c512bc680496,046f00cf0a7d4816a65a9b0acad7230b,46ac3b484ea545d181b2d3e8af73623f"
0.0,37469675,2,18734837.5,18734837.5,18700914,18768761,47975.1,PushPop,:batch=3e77ff69eeca4e7c8bb565bb3cf20ac6 phase=decode requests=8de7c5b04b184d1cbc3645195ef60a7d
0.0,37469669,2,18734834.5,18734834.5,18733623,18736046,1713.3,PushPop,:batch=faa4493809a24e86aab249826a5a0411 phase=decode requests=8de7c5b04b184d1cbc3645195ef60a7d
0.0,37469275,2,18734637.5,18734637.5,18719658,18749617,21184.2,PushPop,":batch=d25eac88b9f547108c6b0a60dded194a phase=decode requests=e4484b0df96d49f3a31426c909f9076d,bb52284fe1f1457c8a63320a61ffabbf,deac75ab269243019c9fd4ac2ecfc203,3e2830bc65ab4913904d6e72090a4fe3"
0.0,37468956,2,18734478.0,18734478.0,18718064,18750892,23212.9,PushPop,:batch=44d0621f634c45ecabb524f4aad0abf7 phase=decode requests=8de7c5b04b184d1cbc3645195ef60a7d
0.0,37467617,2,18733808.5,18733808.5,18728782,18738835,7108.5,PushPop,":batch=12f68c841c984339bae7b01cea78699f phase=decode requests=e4484b0df96d49f3a31426c909f9076d,bb52284fe1f1457c8a63320a61ffabbf,deac75ab269243019c9fd4ac2ecfc203,3e2830bc65ab4913904d6e72090a4fe3"
0.0,37466862,2,18733431.0,18733431.0,18706565,18760297,37994.3,PushPop,":batch=ce7d70145db4480ba7c0f20a0e7198a2 phase=decode requests=7aa4ba8d31af45f58706a52eb0ad3328,baabce1b18024e189120c512bc680496,046f00cf0a7d4816a65a9b0acad7230b,46ac3b484ea545d181b2d3e8af73623f"
0.0,37466791,2,18733395.5,18733395.5,18714472,18752319,26761.9,PushPop,:batch=0abbf3ab87fd4ccbb756f39ce76e0c26 phase=decode requests=8de7c5b04b184d1cbc3645195ef60a7d
0.0,37466457,2,18733228.5,18733228.5,18719085,18747372,20001.9,PushPop,:batch=8a807200fb1f43a08b85e84637549032 phase=decode requests=8de7c5b04b184d1cbc3645195ef60a7d
0.0,37465776,2,18732888.0,18732888.0,18723964,18741812,12620.4,PushPop,:batch=beeaffd1193d42599f16022584433384 phase=decode requests=8de7c5b04b184d1cbc3645195ef60a7d
0.0,37464125,2,18732062.5,18732062.5,18709574,18754551,31803.5,PushPop,:batch=e643aadd4690465ca8b72f961202d05c phase=decode requests=8de7c5b04b184d1cbc3645195ef60a7d
0.0,37463581,2,18731790.5,18731790.5,18720098,18743483,16535.7,PushPop,:batch=9acf3b3725d8486daf7019fe5e877382 phase=decode requests=8de7c5b04b184d1cbc3645195ef60a7d
0.0,37462402,2,18731201.0,18731201.0,18719111,18743291,17097.8,PushPop,:batch=c528955af49a47da8a662692b0927937 phase=decode requests=8de7c5b04b184d1cbc3645195ef60a7d
0.0,37462117,2,18731058.5,18731058.5,18711412,18750705,27784.3,PushPop,:batch=b17754bc1b5a47d3bbf99bce54568c7e phase=decode requests=8de7c5b04b184d1cbc3645195ef60a7d
0.0,37462077,2,18731038.5,18731038.5,18705994,18756083,35418.3,PushPop,:batch=49af077506eb4ec089d335956ecb8f82 phase=decode requests=8de7c5b04b184d1cbc3645195ef60a7d
0.0,37460022,2,18730011.0,18730011.0,18719254,18740768,15212.7,PushPop,:batch=5e72b94b0f074b26aef12797dc785cff phase=decode requests=8de7c5b04b184d1cbc3645195ef60a7d
0.0,37456246,2,18728123.0,18728123.0,18705518,18750728,31968.3,PushPop,":batch=d977c13c3584486b8e4ec39a3581d111 phase=decode requests=7aa4ba8d31af45f58706a52eb0ad3328,baabce1b18024e189120c512bc680496,046f00cf0a7d4816a65a9b0acad7230b,46ac3b484ea545d181b2d3e8af73623f"
0.0,37455340,2,18727670.0,18727670.0,18719734,18735606,11223.2,PushPop,:batch=b8cf864f8cd74001941aea1a480c9373 phase=decode requests=8de7c5b04b184d1cbc3645195ef60a7d
0.0,37455077,2,18727538.5,18727538.5,18699524,18755553,39618.5,PushPop,:batch=1f89ad8df58e47c8aadc4adb12c67f32 phase=decode requests=8de7c5b04b184d1cbc3645195ef60a7d
0.0,37453055,2,18726527.5,18726527.5,18684245,18768810,59796.5,PushPop,":batch=62be01682d13471c82cd65c7cbced148 phase=decode requests=7aa4ba8d31af45f58706a52eb0ad3328,baabce1b18024e189120c512bc680496,046f00cf0a7d4816a65a9b0acad7230b,46ac3b484ea545d181b2d3e8af73623f"
0.0,37450706,2,18725353.0,18725353.0,18696836,18753870,40329.1,PushPop,:batch=e6b5b29f80bc49aab1d667927be09ee4 phase=decode requests=8de7c5b04b184d1cbc3645195ef60a7d
0.0,37450175,2,18725087.5,18725087.5,18700064,18750111,35388.6,PushPop,:batch=395c373655df4f22b170633c818161f7 phase=decode requests=8de7c5b04b184d1cbc3645195ef60a7d
0.0,37449615,2,18724807.5,18724807.5,18695796,18753819,41028.5,PushPop,":batch=38e5dbf8e7c849cc8c89b1dd9114cbd6 phase=decode requests=4911471bf69b4a0c8fcb7df27f4e64dd,4a33c149f9b84d849224830b7920cf8d,83bc7c63016b44a7bb730cbd52015427,bffdbdea72654f78bfa6ca4ccea58aeb"
0.0,37447965,2,18723982.5,18723982.5,18692391,18755574,44677.1,PushPop,":batch=a754706a3fb54e0b8342f2d7578ddd4a phase=decode requests=e4484b0df96d49f3a31426c909f9076d,bb52284fe1f1457c8a63320a61ffabbf,deac75ab269243019c9fd4ac2ecfc203,3e2830bc65ab4913904d6e72090a4fe3"
0.0,37446622,2,18723311.0,18723311.0,18694921,18751701,40149.5,PushPop,:batch=46f88f786d8a4bbdb3c0e6ffbff7749b phase=decode requests=8de7c5b04b184d1cbc3645195ef60a7d
0.0,37446398,2,18723199.0,18723199.0,18681724,18764674,58654.5,PushPop,:batch=c923c3c783434f4c82ad444629c2623a phase=decode requests=8de7c5b04b184d1cbc3645195ef60a7d
0.0,37446269,2,18723134.5,18723134.5,18692747,18753522,42974.4,PushPop,:batch=0ad0754ca4834e0ba676aa81bc42df48 phase=decode requests=8de7c5b04b184d1cbc3645195ef60a7d
0.0,37446094,2,18723047.0,18723047.0,18704221,18741873,26624.0,PushPop,:batch=2cc5d488b3714057b0446a799ee84e44 phase=decode requests=8de7c5b04b184d1cbc3645195ef60a7d
0.0,37445398,2,18722699.0,18722699.0,18706038,18739360,23562.2,PushPop,:batch=36086424809145769928db313b871c29 phase=decode requests=8de7c5b04b184d1cbc3645195ef60a7d
0.0,37444317,2,18722158.5,18722158.5,18705056,18739261,24186.6,PushPop,:batch=192e532e23da4942b1c22f0b7ed73d5d phase=decode requests=8de7c5b04b184d1cbc3645195ef60a7d
0.0,37444155,2,18722077.5,18722077.5,18688838,18755317,47007.8,PushPop,:batch=8830f6afa2444c10bc733a8ece19ed2e phase=decode requests=8de7c5b04b184d1cbc3645195ef60a7d
0.0,37443709,2,18721854.5,18721854.5,18685233,18758476,51790.6,PushPop,:batch=390e6a884bac4316a89d24868a40a6ca phase=decode requests=aaa729f093b64e2aaeeda0c4bda76f3d
0.0,37443438,2,18721719.0,18721719.0,18704671,18738767,24109.5,PushPop,:batch=2c512eefe87a404ab30148fc901f6b5b phase=decode requests=8de7c5b04b184d1cbc3645195ef60a7d
0.0,37439041,2,18719520.5,18719520.5,18715661,18723380,5458.2,PushPop,":batch=d8b438234ecc4a478c7978c8a83bdaa5 phase=decode requests=7aa4ba8d31af45f58706a52eb0ad3328,baabce1b18024e189120c512bc680496,046f00cf0a7d4816a65a9b0acad7230b,46ac3b484ea545d181b2d3e8af73623f"
0.0,37437959,2,18718979.5,18718979.5,18679881,18758078,55293.6,PushPop,":batch=756aef2021654117bd24235913d4b32a phase=decode requests=7aa4ba8d31af45f58706a52eb0ad3328,baabce1b18024e189120c512bc680496,046f00cf0a7d4816a65a9b0acad7230b,46ac3b484ea545d181b2d3e8af73623f"
0.0,37437669,2,18718834.5,18718834.5,18706308,18731361,17715.1,PushPop,:batch=7159cf2f2828443cbfa1cead1551a5e3 phase=decode requests=8de7c5b04b184d1cbc3645195ef60a7d
0.0,37437597,2,18718798.5,18718798.5,18685272,18752325,47413.6,PushPop,":batch=39747ece5e364b60ae8036807671e02c phase=decode requests=7aa4ba8d31af45f58706a52eb0ad3328,baabce1b18024e189120c512bc680496,046f00cf0a7d4816a65a9b0acad7230b,46ac3b484ea545d181b2d3e8af73623f"
0.0,37436880,2,18718440.0,18718440.0,18708926,18727954,13454.8,PushPop,:batch=26ddc3e020c44754955fdeffda68e5c0 phase=decode requests=8de7c5b04b184d1cbc3645195ef60a7d
0.0,37436309,2,18718154.5,18718154.5,18696867,18739442,30105.1,PushPop,":batch=d76a473293424de594f5fb0a4b9351bf phase=decode requests=7aa4ba8d31af45f58706a52eb0ad3328,baabce1b18024e189120c512bc680496,046f00cf0a7d4816a65a9b0acad7230b,46ac3b484ea545d181b2d3e8af73623f"
0.0,37435303,2,18717651.5,18717651.5,18683719,18751584,47987.8,PushPop,":batch=69ee4008ac924b3591ee5b62318a2a6b phase=decode requests=399c9677f6e44195897e25ec5ce1daa1,422bf3769b9f45beb57c62f13989c6e8,3255e14c8cb54f1cbdd701ebd201f7b8,a8d52d0acece4573abce53495dc615f9"
0.0,37434112,2,18717056.0,18717056.0,18688032,18746080,41046.1,PushPop,:batch=562af6cc81b049049fe05f263ca24955 phase=decode requests=8de7c5b04b184d1cbc3645195ef60a7d
0.0,37432354,2,18716177.0,18716177.0,18684493,18747861,44807.9,PushPop,:batch=3d5a3961ba2a46ae913b6228141ebf84 phase=decode requests=8de7c5b04b184d1cbc3645195ef60a7d
0.0,37431744,2,18715872.0,18715872.0,18704923,18726821,15484.2,PushPop,:batch=70da7110ba3c40f48421da438fa33e74 phase=decode requests=8de7c5b04b184d1cbc3645195ef60a7d
0.0,37430847,2,18715423.5,18715423.5,18696062,18734785,27381.3,PushPop,:batch=a6cfaef2eeb94999bd761ccccfa60955 phase=decode requests=8de7c5b04b184d1cbc3645195ef60a7d
0.0,37429689,2,18714844.5,18714844.5,18685988,18743701,40809.3,PushPop,:batch=4ebacb2790064007be1740173a370b70 phase=decode requests=8de7c5b04b184d1cbc3645195ef60a7d
0.0,37429427,2,18714713.5,18714713.5,18674103,18755324,57431.9,PushPop,":batch=2a32fb7e7005435a96baa576d77b1b7a phase=decode requests=4911471bf69b4a0c8fcb7df27f4e64dd,4a33c149f9b84d849224830b7920cf8d,83bc7c63016b44a7bb730cbd52015427,bffdbdea72654f78bfa6ca4ccea58aeb"
0.0,37429321,2,18714660.5,18714660.5,18705056,18724265,13582.8,PushPop,:batch=3a16fa8f5b094b5087af8cef5c855f0c phase=decode requests=8de7c5b04b184d1cbc3645195ef60a7d
0.0,37429220,2,18714610.0,18714610.0,18712569,18716651,2886.4,PushPop,:batch=bf8619d415f14009bb138915f30c457a phase=decode requests=8de7c5b04b184d1cbc3645195ef60a7d
0.0,37428735,2,18714367.5,18714367.5,18689181,18739554,35619.1,PushPop,":batch=98b9e226be6b4d65ad86593b43c0daf4 phase=decode requests=e4484b0df96d49f3a31426c909f9076d,bb52284fe1f1457c8a63320a61ffabbf,deac75ab269243019c9fd4ac2ecfc203,3e2830bc65ab4913904d6e72090a4fe3"
0.0,37428433,2,18714216.5,18714216.5,18692562,18735871,30624.1,PushPop,:batch=5dd86a30c4a04862b50c12c928b6baa1 phase=decode requests=8de7c5b04b184d1cbc3645195ef60a7d
0.0,37428382,2,18714191.0,18714191.0,18697880,18730502,23067.2,PushPop,:batch=5de2974408ae490cb1a1ca6c2e8c892d phase=decode requests=8de7c5b04b184d1cbc3645195ef60a7d
0.0,37426307,2,18713153.5,18713153.5,18692979,18733328,28531.1,PushPop,:batch=d20757925ea749518bdac4c4a823f650 phase=decode requests=8de7c5b04b184d1cbc3645195ef60a7d
0.0,37421541,2,18710770.5,18710770.5,18690699,18730842,28385.4,PushPop,:batch=0c2f54a5aabe459190fde6d2b8e77434 phase=decode requests=8de7c5b04b184d1cbc3645195ef60a7d
0.0,37420897,2,18710448.5,18710448.5,18679684,18741213,43507.6,PushPop,:batch=23fa372682354555b7b13dc87d8bba20 phase=decode requests=8de7c5b04b184d1cbc3645195ef60a7d
0.0,37420836,2,18710418.0,18710418.0,18665362,18755474,63718.8,PushPop,":batch=c656534a213c49929ee2e80a8869755a phase=decode requests=7aa4ba8d31af45f58706a52eb0ad3328,baabce1b18024e189120c512bc680496,046f00cf0a7d4816a65a9b0acad7230b,46ac3b484ea545d181b2d3e8af73623f"
0.0,37416991,2,18708495.5,18708495.5,18677781,18739210,43436.9,PushPop,":batch=5103b2a9a19a47cea0ec2d3ba863e4f2 phase=decode requests=7aa4ba8d31af45f58706a52eb0ad3328,baabce1b18024e189120c512bc680496,046f00cf0a7d4816a65a9b0acad7230b,46ac3b484ea545d181b2d3e8af73623f"
0.0,37416228,2,18708114.0,18708114.0,18681357,18734871,37840.1,PushPop,":batch=962cfabf8352484ebf2ee00877866185 phase=decode requests=e4484b0df96d49f3a31426c909f9076d,bb52284fe1f1457c8a63320a61ffabbf,deac75ab269243019c9fd4ac2ecfc203,3e2830bc65ab4913904d6e72090a4fe3"
0.0,37415857,2,18707928.5,18707928.5,18698130,18717727,13857.2,PushPop,:batch=657985222f2c440c8af0ac0084ac9121 phase=decode requests=8de7c5b04b184d1cbc3645195ef60a7d
0.0,37412194,2,18706097.0,18706097.0,18694637,18717557,16206.9,PushPop,:batch=6e76369a14134ec58c139898f34071b3 phase=decode requests=8de7c5b04b184d1cbc3645195ef60a7d
0.0,37411626,2,18705813.0,18705813.0,18663016,18748610,60524.1,PushPop,":batch=b26eae0c14fb47428a877ac83974d217 phase=decode requests=399c9677f6e44195897e25ec5ce1daa1,422bf3769b9f45beb57c62f13989c6e8,3255e14c8cb54f1cbdd701ebd201f7b8,a8d52d0acece4573abce53495dc615f9"
0.0,37411590,2,18705795.0,18705795.0,18664569,18747021,58302.4,PushPop,:batch=a7755c6e347446bc999bbc0f458980c4 phase=decode requests=8de7c5b04b184d1cbc3645195ef60a7d
0.0,37409629,2,18704814.5,18704814.5,18685492,18724137,27326.1,PushPop,:batch=813e9c97da24454d9db778634b4e82b3 phase=decode requests=8de7c5b04b184d1cbc3645195ef60a7d
0.0,37409550,2,18704775.0,18704775.0,18672503,18737047,45639.5,PushPop,":batch=f8c8d168ebfc4c9492cea9bd88d74e9d phase=decode requests=7aa4ba8d31af45f58706a52eb0ad3328,baabce1b18024e189120c512bc680496,046f00cf0a7d4816a65a9b0acad7230b,46ac3b484ea545d181b2d3e8af73623f"
0.0,37409363,2,18704681.5,18704681.5,18683279,18726084,30267.7,PushPop,:batch=83014a9d881843c282a483f81b8bce71 phase=decode requests=8de7c5b04b184d1cbc3645195ef60a7d
0.0,37409237,2,18704618.5,18704618.5,18675597,18733640,41042.6,PushPop,":batch=dcc913fe41184e53994fd56d771e5ac8 phase=decode requests=399c9677f6e44195897e25ec5ce1daa1,422bf3769b9f45beb57c62f13989c6e8,3255e14c8cb54f1cbdd701ebd201f7b8,a8d52d0acece4573abce53495dc615f9"
0.0,37408700,2,18704350.0,18704350.0,18681554,18727146,32238.4,PushPop,:batch=d1a8f148691c49cf8bcaa5d306372711 phase=decode requests=8de7c5b04b184d1cbc3645195ef60a7d
0.0,37408568,2,18704284.0,18704284.0,18674245,18734323,42481.6,PushPop,":batch=9bfa2e14c9d04d5aadfe0a0d517df2e5 phase=decode requests=7aa4ba8d31af45f58706a52eb0ad3328,baabce1b18024e189120c512bc680496,046f00cf0a7d4816a65a9b0acad7230b,46ac3b484ea545d181b2d3e8af73623f"
0.0,37407713,2,18703856.5,18703856.5,18682271,18725442,30526.5,PushPop,:batch=f8e965ff87b04569af6b2484d470e715 phase=decode requests=8de7c5b04b184d1cbc3645195ef60a7d
0.0,37407092,2,18703546.0,18703546.0,18688602,18718490,21134.0,PushPop,:batch=8aa629bc081c4880b02def3d1eb6630e phase=decode requests=8de7c5b04b184d1cbc3645195ef60a7d
0.0,37406318,2,18703159.0,18703159.0,18684059,18722259,27011.5,PushPop,":batch=a3747198a9e34c1b98e6917693f30ddc phase=decode requests=7aa4ba8d31af45f58706a52eb0ad3328,baabce1b18024e189120c512bc680496,046f00cf0a7d4816a65a9b0acad7230b,46ac3b484ea545d181b2d3e8af73623f"
0.0,37406203,2,18703101.5,18703101.5,18667848,18738355,49856.0,PushPop,":batch=db1bd85b805e4a31b70c8c6d1b8f0b44 phase=decode requests=4911471bf69b4a0c8fcb7df27f4e64dd,4a33c149f9b84d849224830b7920cf8d,83bc7c63016b44a7bb730cbd52015427,bffdbdea72654f78bfa6ca4ccea58aeb"
0.0,37405358,2,18702679.0,18702679.0,18671021,18734337,44771.2,PushPop,:batch=46b68f6f0b9740fe9048c901b78665a8 phase=decode requests=8de7c5b04b184d1cbc3645195ef60a7d
0.0,37403895,2,18701947.5,18701947.5,18658421,18745474,61555.8,PushPop,":batch=10e96124943047d998f2e982ebcffe15 phase=decode requests=399c9677f6e44195897e25ec5ce1daa1,422bf3769b9f45beb57c62f13989c6e8,3255e14c8cb54f1cbdd701ebd201f7b8,a8d52d0acece4573abce53495dc615f9"
0.0,37403622,2,18701811.0,18701811.0,18659953,18743669,59196.2,PushPop,":batch=e45976156c664420a3c7cbd30878868c phase=decode requests=399c9677f6e44195897e25ec5ce1daa1,422bf3769b9f45beb57c62f13989c6e8,3255e14c8cb54f1cbdd701ebd201f7b8,a8d52d0acece4573abce53495dc615f9"
0.0,37403437,2,18701718.5,18701718.5,18699770,18703667,2755.6,PushPop,:batch=e0c33a41dbe34e31b1a4fc4a70b7eb50 phase=decode requests=8de7c5b04b184d1cbc3645195ef60a7d
0.0,37401861,2,18700930.5,18700930.5,18676743,18725118,34206.3,PushPop,:batch=83ec7454fa2845cd9ad7709de3079b48 phase=decode requests=8de7c5b04b184d1cbc3645195ef60a7d
0.0,37401632,2,18700816.0,18700816.0,18672271,18729361,40368.7,PushPop,:batch=8f1a252504f5439bb9f5096b35a83d03 phase=decode requests=8de7c5b04b184d1cbc3645195ef60a7d
0.0,37401611,2,18700805.5,18700805.5,18693715,18707896,10027.5,PushPop,:batch=78e44506adde4753aa399d81ee50d5d0 phase=decode requests=8de7c5b04b184d1cbc3645195ef60a7d
0.0,37400622,2,18700311.0,18700311.0,18688272,18712350,17025.7,PushPop,:batch=a0032b58912f403193a7d962f06d5884 phase=decode requests=8de7c5b04b184d1cbc3645195ef60a7d
0.0,37399767,2,18699883.5,18699883.5,18680569,18719198,27314.8,PushPop,:batch=64a841fac94448e2a8472c59b3828520 phase=decode requests=8de7c5b04b184d1cbc3645195ef60a7d
0.0,37399104,2,18699552.0,18699552.0,18674374,18724730,35607.1,PushPop,:batch=c73ed32228134953bcebe6e7b4b9a19f phase=decode requests=8de7c5b04b184d1cbc3645195ef60a7d
0.0,37398834,2,18699417.0,18699417.0,18667224,18731610,45527.8,PushPop,:batch=d28dc0494b80495c8cabe6ded8308a74 phase=decode requests=8de7c5b04b184d1cbc3645195ef60a7d
0.0,37398138,2,18699069.0,18699069.0,18676760,18721378,31549.7,PushPop,:batch=896854694baf4a6b98b0b5090ab9a5ce phase=decode requests=8de7c5b04b184d1cbc3645195ef60a7d
0.0,37397208,2,18698604.0,18698604.0,18664255,18732953,48576.8,PushPop,:batch=21723a0fc8514d5482301e8680154129 phase=decode requests=8de7c5b04b184d1cbc3645195ef60a7d
0.0,37396867,2,18698433.5,18698433.5,18655690,18741177,60448.4,PushPop,":batch=c87e54f1e4d24c8588c8a939db3a875e phase=decode requests=399c9677f6e44195897e25ec5ce1daa1,422bf3769b9f45beb57c62f13989c6e8,3255e14c8cb54f1cbdd701ebd201f7b8,a8d52d0acece4573abce53495dc615f9"
0.0,37396862,2,18698431.0,18698431.0,18657730,18739132,57559.9,PushPop,":batch=ed31f6d9085b45deac58505c4adb7f19 phase=decode requests=4911471bf69b4a0c8fcb7df27f4e64dd,4a33c149f9b84d849224830b7920cf8d,83bc7c63016b44a7bb730cbd52015427,bffdbdea72654f78bfa6ca4ccea58aeb"
0.0,37396844,2,18698422.0,18698422.0,18678420,18718424,28287.1,PushPop,:batch=65cb3d39e5c14937be49b6eb454e60af phase=decode requests=8de7c5b04b184d1cbc3645195ef60a7d
0.0,37396068,2,18698034.0,18698034.0,18679240,18716828,26578.7,PushPop,":batch=0369b0f858724cd791201ad9d3fd8c0e phase=decode requests=7aa4ba8d31af45f58706a52eb0ad3328,baabce1b18024e189120c512bc680496,046f00cf0a7d4816a65a9b0acad7230b,46ac3b484ea545d181b2d3e8af73623f"
0.0,37395617,2,18697808.5,18697808.5,18658546,18737071,55525.6,PushPop,":batch=655fb008361443b3b8f31d3e0b3b7f7d phase=decode requests=e4484b0df96d49f3a31426c909f9076d,bb52284fe1f1457c8a63320a61ffabbf,deac75ab269243019c9fd4ac2ecfc203,3e2830bc65ab4913904d6e72090a4fe3"
0.0,37395346,2,18697673.0,18697673.0,18686028,18709318,16468.5,PushPop,:batch=19d65773399b49bb81b611f717faf6a1 phase=decode requests=8de7c5b04b184d1cbc3645195ef60a7d
0.0,37394779,2,18697389.5,18697389.5,18667497,18727282,42274.4,PushPop,:batch=2ef60363901f43bcb7172926e6612cbc phase=decode requests=8de7c5b04b184d1cbc3645195ef60a7d
0.0,37393657,2,18696828.5,18696828.5,18672507,18721150,34395.8,PushPop,:batch=e6480c660b5a4e3bbace5433d297cca6 phase=decode requests=8de7c5b04b184d1cbc3645195ef60a7d
0.0,37393240,2,18696620.0,18696620.0,18672757,18720483,33747.4,PushPop,:batch=e1eed606c06a46718fd49d8a384370d1 phase=decode requests=8de7c5b04b184d1cbc3645195ef60a7d
0.0,37393162,2,18696581.0,18696581.0,18680322,18712840,22993.7,PushPop,:batch=98633d4aa03f46e4a5c898f657580577 phase=decode requests=8de7c5b04b184d1cbc3645195ef60a7d
0.0,37392971,2,18696485.5,18696485.5,18677194,18715777,27282.3,PushPop,:batch=c5d460badbbe4c9fbf8ac35bb2c32136 phase=decode requests=8de7c5b04b184d1cbc3645195ef60a7d
0.0,37392762,2,18696381.0,18696381.0,18676035,18716727,28773.6,PushPop,:batch=50d6e0d35c6c4d9da76981d37be2b861 phase=decode requests=8de7c5b04b184d1cbc3645195ef60a7d
0.0,37392683,2,18696341.5,18696341.5,18668063,18724620,39991.8,PushPop,:batch=f9f6381f2f244d29b99cbbd9bdd199b9 phase=decode requests=8de7c5b04b184d1cbc3645195ef60a7d
0.0,37392632,2,18696316.0,18696316.0,18673446,18719186,32343.1,PushPop,:batch=de1f24ad14ce4b019f6b766bdce8cf9d phase=decode requests=8de7c5b04b184d1cbc3645195ef60a7d
0.0,37392431,2,18696215.5,18696215.5,18677127,18715304,26995.2,PushPop,:batch=ffb1ef79a1334675bb9c343d2cbc8847 phase=decode requests=8de7c5b04b184d1cbc3645195ef60a7d
0.0,37391979,2,18695989.5,18695989.5,18672431,18719548,33316.8,PushPop,:batch=4e15e13260d648ecbdbdd6742b808e1e phase=decode requests=8de7c5b04b184d1cbc3645195ef60a7d
0.0,37391467,2,18695733.5,18695733.5,18682932,18708535,18104.1,PushPop,:batch=ad90118af8ae4e798d3adc5b490fc97f phase=decode requests=8de7c5b04b184d1cbc3645195ef60a7d
0.0,37391387,2,18695693.5,18695693.5,18660145,18731242,50273.2,PushPop,:batch=928d6a81af9c4dd6b05fbefe949dd508 phase=decode requests=8de7c5b04b184d1cbc3645195ef60a7d
0.0,37390927,2,18695463.5,18695463.5,18685713,18705214,13789.3,PushPop,:batch=0c296911dc9048bc890786a856e13ffd phase=decode requests=8de7c5b04b184d1cbc3645195ef60a7d
0.0,37390691,2,18695345.5,18695345.5,18655676,18735015,56101.1,PushPop,":batch=69fe00ed8c6e4fbc8235ed5122d7ba1e phase=decode requests=7aa4ba8d31af45f58706a52eb0ad3328,baabce1b18024e189120c512bc680496,046f00cf0a7d4816a65a9b0acad7230b,46ac3b484ea545d181b2d3e8af73623f"
0.0,37390579,2,18695289.5,18695289.5,18669688,18720891,36206.0,PushPop,:batch=4c7a6e1038a2497a95500becd299513b phase=decode requests=8de7c5b04b184d1cbc3645195ef60a7d
0.0,37390481,2,18695240.5,18695240.5,18681927,18708554,18828.1,PushPop,:batch=4a81f4c180094540a6bbce7a578c4fb7 phase=decode requests=8de7c5b04b184d1cbc3645195ef60a7d
0.0,37390395,2,18695197.5,18695197.5,18685212,18705183,14121.6,PushPop,:batch=dfad1ad43cca4389b5f4fe10307d9d8f phase=decode requests=8de7c5b04b184d1cbc3645195ef60a7d
0.0,37389870,2,18694935.0,18694935.0,18669625,18720245,35793.7,PushPop,:batch=597d601d3fe6411fb17c4e9f59d84b7c phase=decode requests=8de7c5b04b184d1cbc3645195ef60a7d
0.0,37388312,2,18694156.0,18694156.0,18664684,18723628,41679.7,PushPop,:batch=344dbbfe63d54ca5a2208d6ca6598432 phase=decode requests=8de7c5b04b184d1cbc3645195ef60a7d
0.0,37386302,2,18693151.0,18693151.0,18661335,18724967,44994.6,PushPop,":batch=56b60e8f13ea4af8b907a0351da88e2e phase=decode requests=399c9677f6e44195897e25ec5ce1daa1,422bf3769b9f45beb57c62f13989c6e8,3255e14c8cb54f1cbdd701ebd201f7b8,a8d52d0acece4573abce53495dc615f9"
0.0,37386249,2,18693124.5,18693124.5,18647828,18738421,64058.9,PushPop,":batch=c15ee25c5beb4d6d8ff048b6d84a91a9 phase=decode requests=399c9677f6e44195897e25ec5ce1daa1,422bf3769b9f45beb57c62f13989c6e8,3255e14c8cb54f1cbdd701ebd201f7b8,a8d52d0acece4573abce53495dc615f9"
0.0,37384317,2,18692158.5,18692158.5,18680266,18704051,16818.5,PushPop,:batch=8271209fbf684843a661ed14d7a7b55e phase=decode requests=8de7c5b04b184d1cbc3645195ef60a7d
0.0,37383534,2,18691767.0,18691767.0,18659279,18724255,45945.0,PushPop,:batch=c936889281d7451b83c66b749e848414 phase=decode requests=8de7c5b04b184d1cbc3645195ef60a7d
0.0,37383496,2,18691748.0,18691748.0,18657499,18725997,48435.4,PushPop,:batch=ffb3d9f9377649e383160681bc631acc phase=decode requests=8de7c5b04b184d1cbc3645195ef60a7d
0.0,37383102,2,18691551.0,18691551.0,18653491,18729611,53825.0,PushPop,":batch=7da5d2a9052e4f52b1efcbe9750bf6bd phase=decode requests=7aa4ba8d31af45f58706a52eb0ad3328,baabce1b18024e189120c512bc680496,046f00cf0a7d4816a65a9b0acad7230b,46ac3b484ea545d181b2d3e8af73623f"
0.0,37382283,2,18691141.5,18691141.5,18667029,18715254,34100.2,PushPop,:batch=14ce32bbf4894228b9b3446cddec3467 phase=decode requests=8de7c5b04b184d1cbc3645195ef60a7d
0.0,37382126,2,18691063.0,18691063.0,18656897,18725229,48318.0,PushPop,":batch=beb88f9f7ba04f52a374b1a7373ec753 phase=decode requests=399c9677f6e44195897e25ec5ce1daa1,422bf3769b9f45beb57c62f13989c6e8,3255e14c8cb54f1cbdd701ebd201f7b8,a8d52d0acece4573abce53495dc615f9"
0.0,37381783,2,18690891.5,18690891.5,18660637,18721146,42786.3,PushPop,:batch=5f7d978f2fb14ee2bfc95bdeb780b170 phase=decode requests=8de7c5b04b184d1cbc3645195ef60a7d
0.0,37381522,2,18690761.0,18690761.0,18674539,18706983,22941.4,PushPop,":batch=7de86869232d4cb489abc7531c5099e1 phase=decode requests=e4484b0df96d49f3a31426c909f9076d,bb52284fe1f1457c8a63320a61ffabbf,deac75ab269243019c9fd4ac2ecfc203,3e2830bc65ab4913904d6e72090a4fe3"
0.0,37381003,2,18690501.5,18690501.5,18650471,18730532,56611.7,PushPop,:batch=5763cb730adf4af4bde7cc10b1ec6809 phase=decode requests=aaa729f093b64e2aaeeda0c4bda76f3d
0.0,37380417,2,18690208.5,18690208.5,18666077,18714340,34127.1,PushPop,":batch=c63e511f3bfe4c4c9f513a7bbfb4d0d2 phase=decode requests=e4484b0df96d49f3a31426c909f9076d,bb52284fe1f1457c8a63320a61ffabbf,deac75ab269243019c9fd4ac2ecfc203,3e2830bc65ab4913904d6e72090a4fe3"
0.0,37380122,2,18690061.0,18690061.0,18665562,18714560,34646.8,PushPop,":batch=e3ed0ad0127941ec95ef4dbaef24e06a phase=decode requests=7aa4ba8d31af45f58706a52eb0ad3328,baabce1b18024e189120c512bc680496,046f00cf0a7d4816a65a9b0acad7230b,46ac3b484ea545d181b2d3e8af73623f"
0.0,37379988,2,18689994.0,18689994.0,18665294,18714694,34931.1,PushPop,:batch=e464664dc925470ba7cba45823538e61 phase=decode requests=8de7c5b04b184d1cbc3645195ef60a7d
0.0,37379686,2,18689843.0,18689843.0,18673042,18706644,23760.2,PushPop,:batch=bd29c3f665a34b70aa5f69b494cf718c phase=decode requests=8de7c5b04b184d1cbc3645195ef60a7d
0.0,37379312,2,18689656.0,18689656.0,18666926,18712386,32145.1,PushPop,:batch=aeaa011e6a0b411fb5ef6531f4c88d7b phase=decode requests=8de7c5b04b184d1cbc3645195ef60a7d
0.0,37378522,2,18689261.0,18689261.0,18655983,18722539,47062.2,PushPop,:batch=fdd83bea869c427580cb08700cf4ee67 phase=decode requests=8de7c5b04b184d1cbc3645195ef60a7d
0.0,37377314,2,18688657.0,18688657.0,18653900,18723414,49153.8,PushPop,":batch=6e1ebc7245da4772a5fedb642632a85c phase=decode requests=399c9677f6e44195897e25ec5ce1daa1,422bf3769b9f45beb57c62f13989c6e8,3255e14c8cb54f1cbdd701ebd201f7b8,a8d52d0acece4573abce53495dc615f9"
0.0,37375975,2,18687987.5,18687987.5,18669689,18706286,25878.0,PushPop,:batch=2090aa599a17424eb182061286d19c3d phase=decode requests=8de7c5b04b184d1cbc3645195ef60a7d
0.0,37374162,2,18687081.0,18687081.0,18656447,18717715,43323.0,PushPop,:batch=9ac44f7768a640d0b317eaf8cc725bb2 phase=decode requests=8de7c5b04b184d1cbc3645195ef60a7d
0.0,37373803,2,18686901.5,18686901.5,18680385,18693418,9215.7,PushPop,:batch=77cba65ccc2142e88b04f06e0c0b8caa phase=decode requests=8de7c5b04b184d1cbc3645195ef60a7d
0.0,37373632,2,18686816.0,18686816.0,18662739,18710893,34050.0,PushPop,:batch=987b66ee19dd4a629872eba01ad3f35c phase=decode requests=8de7c5b04b184d1cbc3645195ef60a7d
0.0,37373474,2,18686737.0,18686737.0,18652649,18720825,48207.7,PushPop,:batch=8e9e6ef52171456ba041916b8eb16977 phase=decode requests=8de7c5b04b184d1cbc3645195ef60a7d
0.0,37373336,2,18686668.0,18686668.0,18684347,18688989,3282.4,PushPop,":batch=588458564c544c4b9a33fef69b5ea466 phase=decode requests=399c9677f6e44195897e25ec5ce1daa1,422bf3769b9f45beb57c62f13989c6e8,3255e14c8cb54f1cbdd701ebd201f7b8,a8d52d0acece4573abce53495dc615f9"
0.0,37373258,2,18686629.0,18686629.0,18652642,18720616,48064.9,PushPop,":batch=44b8ba4df6a24815823aedce3857af5f phase=decode requests=399c9677f6e44195897e25ec5ce1daa1,422bf3769b9f45beb57c62f13989c6e8,3255e14c8cb54f1cbdd701ebd201f7b8,a8d52d0acece4573abce53495dc615f9"
0.0,37372079,2,18686039.5,18686039.5,18676833,18695246,13020.0,PushPop,:batch=6c0ca98f4258499fa126c28e5dec0dcc phase=decode requests=8de7c5b04b184d1cbc3645195ef60a7d
0.0,37371950,2,18685975.0,18685975.0,18662982,18708968,32517.0,PushPop,:batch=f391a51d854045ad9ef12f6158612bc6 phase=decode requests=8de7c5b04b184d1cbc3645195ef60a7d
0.0,37371874,2,18685937.0,18685937.0,18672816,18699058,18555.9,PushPop,:batch=6efcffc2c9be46ff8e683aa08474a7e4 phase=decode requests=8de7c5b04b184d1cbc3645195ef60a7d
0.0,37371012,2,18685506.0,18685506.0,18684843,18686169,937.6,PushPop,:batch=27e7b1f8969b4cb78900dcad3b814f90 phase=decode requests=8de7c5b04b184d1cbc3645195ef60a7d
0.0,37370184,2,18685092.0,18685092.0,18652232,18717952,46471.1,PushPop,:batch=e11643904621488baa115072c7eca348 phase=decode requests=8de7c5b04b184d1cbc3645195ef60a7d
0.0,37369802,2,18684901.0,18684901.0,18660075,18709727,35109.3,PushPop,:batch=ea3ba1400d274505b29539d70c142b0f phase=decode requests=8de7c5b04b184d1cbc3645195ef60a7d
0.0,37369500,2,18684750.0,18684750.0,18669456,18700044,21629.0,PushPop,:batch=44557b514dbb436191b699658b636db5 phase=decode requests=8de7c5b04b184d1cbc3645195ef60a7d
0.0,37369461,2,18684730.5,18684730.5,18672602,18696859,17152.3,PushPop,":batch=602fa3be2c0541fe9183ddfd2112d277 phase=decode requests=e4484b0df96d49f3a31426c909f9076d,bb52284fe1f1457c8a63320a61ffabbf,deac75ab269243019c9fd4ac2ecfc203,3e2830bc65ab4913904d6e72090a4fe3"
0.0,37368848,2,18684424.0,18684424.0,18649280,18719568,49701.1,PushPop,":batch=645301a273404155a5d12c87e65ea84f phase=decode requests=399c9677f6e44195897e25ec5ce1daa1,422bf3769b9f45beb57c62f13989c6e8,3255e14c8cb54f1cbdd701ebd201f7b8,a8d52d0acece4573abce53495dc615f9"
0.0,37368509,2,18684254.5,18684254.5,18653108,18715401,44047.8,PushPop,":batch=47aed0357b2448629aa12dc75a6a6a05 phase=decode requests=399c9677f6e44195897e25ec5ce1daa1,422bf3769b9f45beb57c62f13989c6e8,3255e14c8cb54f1cbdd701ebd201f7b8,a8d52d0acece4573abce53495dc615f9"
0.0,37368272,2,18684136.0,18684136.0,18664553,18703719,27694.5,PushPop,:batch=2ebfdb84c3d54aabbffda1282165d015 phase=decode requests=8de7c5b04b184d1cbc3645195ef60a7d
0.0,37367888,2,18683944.0,18683944.0,18682833,18685055,1571.2,PushPop,:batch=001c3d2e5abe4d12b7611d64b292ad38 phase=decode requests=8de7c5b04b184d1cbc3645195ef60a7d
0.0,37367176,2,18683588.0,18683588.0,18663228,18703948,28793.4,PushPop,":batch=d52915b35f28403ca4fb5d135474dc68 phase=decode requests=7aa4ba8d31af45f58706a52eb0ad3328,baabce1b18024e189120c512bc680496,046f00cf0a7d4816a65a9b0acad7230b,46ac3b484ea545d181b2d3e8af73623f"
0.0,37366842,2,18683421.0,18683421.0,18670016,18696826,18957.5,PushPop,:batch=518ff7b7071b41aa992e8d38e9ea4cee phase=decode requests=8de7c5b04b184d1cbc3645195ef60a7d
0.0,37366391,2,18683195.5,18683195.5,18656759,18709632,37386.9,PushPop,:batch=69ea94b0620742b5be6f06482f27bb01 phase=decode requests=8de7c5b04b184d1cbc3645195ef60a7d
0.0,37366112,2,18683056.0,18683056.0,18668805,18697307,20154.0,PushPop,:batch=26065f82e2884332b98e2546f56507ea phase=decode requests=8de7c5b04b184d1cbc3645195ef60a7d
0.0,37365240,2,18682620.0,18682620.0,18678026,18687214,6496.9,PushPop,:batch=4e9923bedd2d45fb96928ad972fef5a4 phase=decode requests=8de7c5b04b184d1cbc3645195ef60a7d
0.0,37364807,2,18682403.5,18682403.5,18678332,18686475,5758.0,PushPop,":batch=f69416285e954d9ca3b315529d094562 phase=decode requests=7aa4ba8d31af45f58706a52eb0ad3328,baabce1b18024e189120c512bc680496,046f00cf0a7d4816a65a9b0acad7230b,46ac3b484ea545d181b2d3e8af73623f"
0.0,37364508,2,18682254.0,18682254.0,18646611,18717897,50406.8,PushPop,:batch=f79e781808684f94b1d3d7ab674da16c phase=decode requests=8de7c5b04b184d1cbc3645195ef60a7d
0.0,37363750,2,18681875.0,18681875.0,18653211,18710539,40537.0,PushPop,:batch=74b0afb414424cce986b947902af9220 phase=decode requests=8de7c5b04b184d1cbc3645195ef60a7d
0.0,37363458,2,18681729.0,18681729.0,18660280,18703178,30333.5,PushPop,:batch=c8c6ff5a44104fcca7246a30370f9219 phase=decode requests=8de7c5b04b184d1cbc3645195ef60a7d
0.0,37363334,2,18681667.0,18681667.0,18599495,18763839,116208.8,PushPop,:batch=5c7d3921535c496c9a61228c994165c5 phase=decode requests=aaa729f093b64e2aaeeda0c4bda76f3d
0.0,37362931,2,18681465.5,18681465.5,18644965,18717966,51619.5,PushPop,":batch=4ff9e7375934451c90c4a127ff2a8a20 phase=decode requests=7aa4ba8d31af45f58706a52eb0ad3328,baabce1b18024e189120c512bc680496,046f00cf0a7d4816a65a9b0acad7230b,46ac3b484ea545d181b2d3e8af73623f"
0.0,37362183,2,18681091.5,18681091.5,18663002,18699181,25582.4,PushPop,:batch=aad817c8de7a40fb8db703b588d1c620 phase=decode requests=8de7c5b04b184d1cbc3645195ef60a7d
0.0,37361361,2,18680680.5,18680680.5,18644082,18717279,51758.1,PushPop,":batch=94547e861d1b4a0ca1ed086c94e790e3 phase=decode requests=7aa4ba8d31af45f58706a52eb0ad3328,baabce1b18024e189120c512bc680496,046f00cf0a7d4816a65a9b0acad7230b,46ac3b484ea545d181b2d3e8af73623f"
0.0,37360353,2,18680176.5,18680176.5,18673265,18687088,9774.3,PushPop,:batch=7d1e44166cfd4045a5907ea7bd51880e phase=decode requests=8de7c5b04b184d1cbc3645195ef60a7d
0.0,37360170,2,18680085.0,18680085.0,18664714,18695456,21737.9,PushPop,:batch=8bed861e58b54bf1a0fbfbd7b89d0be2 phase=decode requests=8de7c5b04b184d1cbc3645195ef60a7d
0.0,37360046,2,18680023.0,18680023.0,18650578,18709468,41641.5,PushPop,:batch=cd74d0d820d14ea4a47757f2e7fa5d9a phase=decode requests=8de7c5b04b184d1cbc3645195ef60a7d
0.0,37359206,2,18679603.0,18679603.0,18648895,18710311,43427.7,PushPop,":batch=0f930fb9468e49e8a3f1c1e486f8f0c2 phase=decode requests=399c9677f6e44195897e25ec5ce1daa1,422bf3769b9f45beb57c62f13989c6e8,3255e14c8cb54f1cbdd701ebd201f7b8,a8d52d0acece4573abce53495dc615f9"
0.0,37358537,2,18679268.5,18679268.5,18658174,18700363,29832.1,PushPop,":batch=f9725a2aa569462d9f93328ff35e6bf5 phase=decode requests=7aa4ba8d31af45f58706a52eb0ad3328,baabce1b18024e189120c512bc680496,046f00cf0a7d4816a65a9b0acad7230b,46ac3b484ea545d181b2d3e8af73623f"
0.0,37358168,2,18679084.0,18679084.0,18653639,18704529,35984.7,PushPop,:batch=2fc601eecc1042a2b9400fa622b5915f phase=decode requests=8de7c5b04b184d1cbc3645195ef60a7d
0.0,37357799,2,18678899.5,18678899.5,18633873,18723926,63677.1,PushPop,:batch=5b19c0f2dfef4d698281b30d1b90835c phase=decode requests=1cf8552479e145fd966a17841209a06f
0.0,37357691,2,18678845.5,18678845.5,18667698,18689993,15764.9,PushPop,:batch=4a63752c0c524ef5a8054a48fe9cf8d7 phase=decode requests=8de7c5b04b184d1cbc3645195ef60a7d
0.0,37357218,2,18678609.0,18678609.0,18652866,18704352,36406.1,PushPop,":batch=5061ae05141141f5a36ad7bbd7d93626 phase=decode requests=e4484b0df96d49f3a31426c909f9076d,bb52284fe1f1457c8a63320a61ffabbf,deac75ab269243019c9fd4ac2ecfc203,3e2830bc65ab4913904d6e72090a4fe3"
0.0,37356967,2,18678483.5,18678483.5,18654764,18702203,33544.4,PushPop,:batch=c1163b3320824db19b78750909ef1edf phase=decode requests=8de7c5b04b184d1cbc3645195ef60a7d
0.0,37356486,2,18678243.0,18678243.0,18656655,18699831,30530.0,PushPop,:batch=8702be8d51544b79b42fd7d0e4624c17 phase=decode requests=8de7c5b04b184d1cbc3645195ef60a7d
0.0,37356255,2,18678127.5,18678127.5,18642955,18713300,49741.4,PushPop,":batch=c76d32d6d39d48628be14893b4fe90eb phase=decode requests=7aa4ba8d31af45f58706a52eb0ad3328,baabce1b18024e189120c512bc680496,046f00cf0a7d4816a65a9b0acad7230b,46ac3b484ea545d181b2d3e8af73623f"
0.0,37355087,2,18677543.5,18677543.5,18653344,18701743,34223.3,PushPop,:batch=2d709629733c4b248a59041113accb83 phase=decode requests=8de7c5b04b184d1cbc3645195ef60a7d
0.0,37352704,2,18676352.0,18676352.0,18663088,18689616,18758.1,PushPop,:batch=b4146bd884f14aac93c1043d8a96a58e phase=decode requests=8de7c5b04b184d1cbc3645195ef60a7d
0.0,37352607,2,18676303.5,18676303.5,18663950,18688657,17470.5,PushPop,:batch=11492ab054a54283ae886f519bac4f16 phase=decode requests=8de7c5b04b184d1cbc3645195ef60a7d
0.0,37352390,2,18676195.0,18676195.0,18662127,18690263,19895.2,PushPop,:batch=c1320f37eff04068aa223c32e9fbf7d6 phase=decode requests=8de7c5b04b184d1cbc3645195ef60a7d
0.0,37351830,2,18675915.0,18675915.0,18645080,18706750,43607.3,PushPop,":batch=c6f59a94a28241b39c3501c1ad52d841 phase=decode requests=e4484b0df96d49f3a31426c909f9076d,bb52284fe1f1457c8a63320a61ffabbf,deac75ab269243019c9fd4ac2ecfc203,3e2830bc65ab4913904d6e72090a4fe3"
0.0,37350567,2,18675283.5,18675283.5,18636069,18714498,55457.7,PushPop,":batch=fc78734c5041447390215c5fd9808dbb phase=decode requests=4911471bf69b4a0c8fcb7df27f4e64dd,4a33c149f9b84d849224830b7920cf8d,83bc7c63016b44a7bb730cbd52015427,bffdbdea72654f78bfa6ca4ccea58aeb"
0.0,37350383,2,18675191.5,18675191.5,18654107,18696276,29818.0,PushPop,:batch=8276a09e637143d083f380fe980ce039 phase=decode requests=8de7c5b04b184d1cbc3645195ef60a7d
0.0,37349061,2,18674530.5,18674530.5,18663069,18685992,16209.0,PushPop,:batch=1dc480f5f2eb47abb02c8dccb1d3ee95 phase=decode requests=8de7c5b04b184d1cbc3645195ef60a7d
0.0,37348544,2,18674272.0,18674272.0,18640742,18707802,47418.6,PushPop,":batch=bd9076adf2b8401a8e896e8ab83ee80e phase=decode requests=399c9677f6e44195897e25ec5ce1daa1,422bf3769b9f45beb57c62f13989c6e8,3255e14c8cb54f1cbdd701ebd201f7b8,a8d52d0acece4573abce53495dc615f9"
0.0,37348459,2,18674229.5,18674229.5,18654107,18694352,28457.5,PushPop,:batch=b07a1e8e11904d49863e4616c9a37e7b phase=decode requests=8de7c5b04b184d1cbc3645195ef60a7d
0.0,37348288,2,18674144.0,18674144.0,18661846,18686442,17392.0,PushPop,:batch=5ec8d5dfcea3450dbb2583afde342ab7 phase=decode requests=8de7c5b04b184d1cbc3645195ef60a7d
0.0,37347996,2,18673998.0,18673998.0,18633029,18714967,57938.9,PushPop,":batch=0885160af4a2463ebc09ae6e4d239ded phase=decode requests=7aa4ba8d31af45f58706a52eb0ad3328,baabce1b18024e189120c512bc680496,046f00cf0a7d4816a65a9b0acad7230b,46ac3b484ea545d181b2d3e8af73623f"
0.0,37347307,2,18673653.5,18673653.5,18640679,18706628,46633.0,PushPop,":batch=0dbbf53421154cf78e7689644f0d4fe6 phase=decode requests=7aa4ba8d31af45f58706a52eb0ad3328,baabce1b18024e189120c512bc680496,046f00cf0a7d4816a65a9b0acad7230b,46ac3b484ea545d181b2d3e8af73623f"
0.0,37347071,2,18673535.5,18673535.5,18637444,18709627,51041.1,PushPop,":batch=b202a56960c5481c932e0640e9a82bb6 phase=decode requests=4911471bf69b4a0c8fcb7df27f4e64dd,4a33c149f9b84d849224830b7920cf8d,83bc7c63016b44a7bb730cbd52015427,bffdbdea72654f78bfa6ca4ccea58aeb"
0.0,37345750,2,18672875.0,18672875.0,18660035,18685715,18158.5,PushPop,:batch=b016381255324c5889de1e6d0a1c767d phase=decode requests=8de7c5b04b184d1cbc3645195ef60a7d
0.0,37345209,2,18672604.5,18672604.5,18618530,18726679,76472.9,PushPop,":batch=abb510463397469ebe4f840fcf294b65 phase=decode requests=7aa4ba8d31af45f58706a52eb0ad3328,baabce1b18024e189120c512bc680496,046f00cf0a7d4816a65a9b0acad7230b,46ac3b484ea545d181b2d3e8af73623f"
0.0,37344099,2,18672049.5,18672049.5,18657349,18686750,20789.6,PushPop,":batch=073c070da0a944b18248f5165dc4fca7 phase=decode requests=e4484b0df96d49f3a31426c909f9076d,bb52284fe1f1457c8a63320a61ffabbf,deac75ab269243019c9fd4ac2ecfc203,3e2830bc65ab4913904d6e72090a4fe3"
0.0,37343465,2,18671732.5,18671732.5,18646738,18696727,35347.6,PushPop,:batch=b1f0cbfe234e4a70bc0fbe1510ad4a59 phase=decode requests=8de7c5b04b184d1cbc3645195ef60a7d
0.0,37342824,2,18671412.0,18671412.0,18659516,18683308,16823.5,PushPop,:batch=d33e4838c26f41aba1197a4cfc1b634a phase=decode requests=8de7c5b04b184d1cbc3645195ef60a7d
0.0,37342378,2,18671189.0,18671189.0,18646889,18695489,34365.4,PushPop,":batch=e75150375c3a4c7290d43fb1c0076e26 phase=decode requests=7aa4ba8d31af45f58706a52eb0ad3328,baabce1b18024e189120c512bc680496,046f00cf0a7d4816a65a9b0acad7230b,46ac3b484ea545d181b2d3e8af73623f"
0.0,37341949,2,18670974.5,18670974.5,18632786,18709163,54006.7,PushPop,:batch=0326ea6e24b344888b5f0bde6d87a128 phase=decode requests=8de7c5b04b184d1cbc3645195ef60a7d
0.0,37341446,2,18670723.0,18670723.0,18656632,18684814,19927.7,PushPop,:batch=acd5b81e2e0745a2b917c632d6eb05f2 phase=decode requests=8de7c5b04b184d1cbc3645195ef60a7d
0.0,37340631,2,18670315.5,18670315.5,18637375,18703256,46584.9,PushPop,:batch=15903e22965c4e86824e1ccc40fab5cb phase=decode requests=8de7c5b04b184d1cbc3645195ef60a7d
0.0,37340313,2,18670156.5,18670156.5,18647593,18692720,31909.6,PushPop,:batch=21452983af8e44bd9d901bbc28ffd025 phase=decode requests=8de7c5b04b184d1cbc3645195ef60a7d
0.0,37339355,2,18669677.5,18669677.5,18637403,18701952,45643.0,PushPop,:batch=25f41c8ddae0481b9c2109d309661af6 phase=decode requests=8de7c5b04b184d1cbc3645195ef60a7d
0.0,37339124,2,18669562.0,18669562.0,18654774,18684350,20913.4,PushPop,:batch=8e53d580fa8d43d48face7b3a44b46d1 phase=decode requests=8de7c5b04b184d1cbc3645195ef60a7d
0.0,37337623,2,18668811.5,18668811.5,18649600,18688023,27169.2,PushPop,:batch=da7a8371182c4c80a4e816fce2c0374e phase=decode requests=8de7c5b04b184d1cbc3645195ef60a7d
0.0,37337363,2,18668681.5,18668681.5,18654722,18682641,19741.7,PushPop,":batch=264fb7309209472ca1597d3f192543a0 phase=decode requests=e4484b0df96d49f3a31426c909f9076d,bb52284fe1f1457c8a63320a61ffabbf,deac75ab269243019c9fd4ac2ecfc203,3e2830bc65ab4913904d6e72090a4fe3"
0.0,37336939,2,18668469.5,18668469.5,18646456,18690483,31131.8,PushPop,":batch=5ef22a16e10b466bb8134c499381fc75 phase=decode requests=7aa4ba8d31af45f58706a52eb0ad3328,baabce1b18024e189120c512bc680496,046f00cf0a7d4816a65a9b0acad7230b,46ac3b484ea545d181b2d3e8af73623f"
0.0,37335988,2,18667994.0,18667994.0,18648932,18687056,26957.7,PushPop,:batch=6a856d81fcc549209a3d10aee2600c13 phase=decode requests=8de7c5b04b184d1cbc3645195ef60a7d
0.0,37335482,2,18667741.0,18667741.0,18642103,18693379,36257.6,PushPop,:batch=635892efbe064e4da6d9207e9e5bcd3c phase=decode requests=8de7c5b04b184d1cbc3645195ef60a7d
0.0,37335378,2,18667689.0,18667689.0,18637384,18697994,42857.7,PushPop,:batch=62b8e1f03dc448d586ef0e9a94a3d198 phase=decode requests=8de7c5b04b184d1cbc3645195ef60a7d
0.0,37334934,2,18667467.0,18667467.0,18653509,18681425,19739.6,PushPop,:batch=a6fd676e1370431e821765ac9dd04382 phase=decode requests=8de7c5b04b184d1cbc3645195ef60a7d
0.0,37334909,2,18667454.5,18667454.5,18649965,18684944,24733.9,PushPop,:batch=2cce87a6f598447097943363f5204a02 phase=decode requests=8de7c5b04b184d1cbc3645195ef60a7d
0.0,37334826,2,18667413.0,18667413.0,18649029,18685797,25998.9,PushPop,:batch=4ec330de15d548ba8fcae76960bfe2a1 phase=decode requests=8de7c5b04b184d1cbc3645195ef60a7d
0.0,37333794,2,18666897.0,18666897.0,18661256,18672538,7977.6,PushPop,:batch=33f731e9ce3d41d1b91c0cfdf44630b4 phase=decode requests=8de7c5b04b184d1cbc3645195ef60a7d
0.0,37333723,2,18666861.5,18666861.5,18644181,18689542,32075.1,PushPop,":batch=5e378f9f24e44098ac06b0667661024e phase=decode requests=7aa4ba8d31af45f58706a52eb0ad3328,baabce1b18024e189120c512bc680496,046f00cf0a7d4816a65a9b0acad7230b,46ac3b484ea545d181b2d3e8af73623f"
0.0,37331889,2,18665944.5,18665944.5,18639043,18692846,38044.5,PushPop,:batch=1951b471fd8e4ac1aa16a048389d09d6 phase=decode requests=8de7c5b04b184d1cbc3645195ef60a7d
0.0,37331749,2,18665874.5,18665874.5,18633647,18698102,45576.6,PushPop,":batch=478aef700676491193c8337b35f32f63 phase=decode requests=399c9677f6e44195897e25ec5ce1daa1,422bf3769b9f45beb57c62f13989c6e8,3255e14c8cb54f1cbdd701ebd201f7b8,a8d52d0acece4573abce53495dc615f9"
0.0,37331102,2,18665551.0,18665551.0,18635667,18695435,42262.4,PushPop,":batch=89678eb2947545a8905d7c4e54b1d4fa phase=decode requests=7aa4ba8d31af45f58706a52eb0ad3328,baabce1b18024e189120c512bc680496,046f00cf0a7d4816a65a9b0acad7230b,46ac3b484ea545d181b2d3e8af73623f"
0.0,37330651,2,18665325.5,18665325.5,18657623,18673028,10893.0,PushPop,:batch=c6aeda11d32c405c8301e10b321c7b76 phase=decode requests=8de7c5b04b184d1cbc3645195ef60a7d
0.0,37330467,2,18665233.5,18665233.5,18644905,18685562,28748.8,PushPop,":batch=2e48467a363c445a944f5ea55a950680 phase=decode requests=399c9677f6e44195897e25ec5ce1daa1,422bf3769b9f45beb57c62f13989c6e8,3255e14c8cb54f1cbdd701ebd201f7b8,a8d52d0acece4573abce53495dc615f9"
0.0,37329792,2,18664896.0,18664896.0,18659797,18669995,7211.1,PushPop,:batch=22e4e48485e940989779700375b40ec9 phase=decode requests=8de7c5b04b184d1cbc3645195ef60a7d
0.0,37329435,2,18664717.5,18664717.5,18633552,18695883,44074.7,PushPop,:batch=bd0c0168a18d476da0032a18a8e40738 phase=decode requests=8de7c5b04b184d1cbc3645195ef60a7d
0.0,37329309,2,18664654.5,18664654.5,18640300,18689009,34442.5,PushPop,":batch=d6de0690c625445a931f24bd4d69806c phase=decode requests=399c9677f6e44195897e25ec5ce1daa1,422bf3769b9f45beb57c62f13989c6e8,3255e14c8cb54f1cbdd701ebd201f7b8,a8d52d0acece4573abce53495dc615f9"
0.0,37328816,2,18664408.0,18664408.0,18649414,18679402,21204.7,PushPop,:batch=7963ca06cda04921ad38248b0cd7c047 phase=decode requests=8de7c5b04b184d1cbc3645195ef60a7d
0.0,37328191,2,18664095.5,18664095.5,18637006,18691185,38310.3,PushPop,":batch=9d5c40c1e3ec42809dbd5a7b932e97fe phase=decode requests=399c9677f6e44195897e25ec5ce1daa1,422bf3769b9f45beb57c62f13989c6e8,3255e14c8cb54f1cbdd701ebd201f7b8,a8d52d0acece4573abce53495dc615f9"
0.0,37328187,2,18664093.5,18664093.5,18652148,18676039,16893.5,PushPop,:batch=6d098b002e9d47dda1a9f1532e70f6e5 phase=decode requests=8de7c5b04b184d1cbc3645195ef60a7d
0.0,37327996,2,18663998.0,18663998.0,18654681,18673315,13176.2,PushPop,:batch=c0a4fe3b2bb34df78a1ac4e67829532e phase=decode requests=8de7c5b04b184d1cbc3645195ef60a7d
0.0,37327752,2,18663876.0,18663876.0,18653291,18674461,14969.5,PushPop,:batch=1c51f189320e45a4ac88da0772e7c208 phase=decode requests=8de7c5b04b184d1cbc3645195ef60a7d
0.0,37327388,2,18663694.0,18663694.0,18636633,18690755,38270.0,PushPop,:batch=33c1247b27fd4d9795679e643ce40587 phase=decode requests=8de7c5b04b184d1cbc3645195ef60a7d
0.0,37327211,2,18663605.5,18663605.5,18648934,18678277,20748.6,PushPop,:batch=5550f331fe09431baa0bf601cf40fa91 phase=decode requests=8de7c5b04b184d1cbc3645195ef60a7d
0.0,37326984,2,18663492.0,18663492.0,18637699,18689285,36476.8,PushPop,:batch=db0e3f0f530b42638f73018b2f7dfd27 phase=decode requests=8de7c5b04b184d1cbc3645195ef60a7d
0.0,37326653,2,18663326.5,18663326.5,18656605,18670048,9505.6,PushPop,:batch=ef3969d705e6485da868d159b9bf8871 phase=decode requests=8de7c5b04b184d1cbc3645195ef60a7d
0.0,37326454,2,18663227.0,18663227.0,18622824,18703630,57138.5,PushPop,":batch=2eab268037194099999cf3bb6c03572c phase=decode requests=7aa4ba8d31af45f58706a52eb0ad3328,baabce1b18024e189120c512bc680496,046f00cf0a7d4816a65a9b0acad7230b,46ac3b484ea545d181b2d3e8af73623f"
0.0,37326130,2,18663065.0,18663065.0,18627025,18699105,50968.3,PushPop,:batch=7779cf3d716c4602b0b22bcc4b02bcde phase=decode requests=8de7c5b04b184d1cbc3645195ef60a7d
0.0,37326001,2,18663000.5,18663000.5,18650747,18675254,17329.1,PushPop,":batch=55b41ac453464c01870c151df987a662 phase=decode requests=7aa4ba8d31af45f58706a52eb0ad3328,baabce1b18024e189120c512bc680496,046f00cf0a7d4816a65a9b0acad7230b,46ac3b484ea545d181b2d3e8af73623f"
0.0,37324656,2,18662328.0,18662328.0,18619474,18705182,60604.7,PushPop,":batch=d02cae0a12dd43d49741db48fad29740 phase=decode requests=399c9677f6e44195897e25ec5ce1daa1,422bf3769b9f45beb57c62f13989c6e8,3255e14c8cb54f1cbdd701ebd201f7b8,a8d52d0acece4573abce53495dc615f9"
0.0,37324608,2,18662304.0,18662304.0,18654201,18670407,11459.4,PushPop,:batch=fce6dbded4d4466dbc5b7541d0aa1298 phase=decode requests=8de7c5b04b184d1cbc3645195ef60a7d
0.0,37324140,2,18662070.0,18662070.0,18640799,18683341,30081.7,PushPop,:batch=043c71b456154d249ec4e4aba32bf4b8 phase=decode requests=8de7c5b04b184d1cbc3645195ef60a7d
0.0,37323722,2,18661861.0,18661861.0,18621194,18702528,57511.8,PushPop,:batch=77a85e82b73a49e2ba65b5750b6cf74a phase=decode requests=c47f16e66de94d7ebc64adfc42386324
0.0,37323526,2,18661763.0,18661763.0,18656873,18666653,6915.5,PushPop,:batch=1fd2c00770f24553b2e4f91592dc4a0c phase=decode requests=8de7c5b04b184d1cbc3645195ef60a7d
0.0,37323339,2,18661669.5,18661669.5,18637197,18686142,34609.3,PushPop,:batch=12d49d932edb45b8974bda0df85d2b06 phase=decode requests=8de7c5b04b184d1cbc3645195ef60a7d
0.0,37321883,2,18660941.5,18660941.5,18653931,18667952,9914.3,PushPop,:batch=f74095eb00484b2586276beda6d261d6 phase=decode requests=8de7c5b04b184d1cbc3645195ef60a7d
0.0,37321817,2,18660908.5,18660908.5,18648192,18673625,17983.8,PushPop,:batch=ae3cc5c879404c9ab2b44fffb2694e6b phase=decode requests=8de7c5b04b184d1cbc3645195ef60a7d
0.0,37321811,2,18660905.5,18660905.5,18630396,18691415,43146.9,PushPop,":batch=847005ca668642958f41e9fa980fb05a phase=decode requests=7aa4ba8d31af45f58706a52eb0ad3328,baabce1b18024e189120c512bc680496,046f00cf0a7d4816a65a9b0acad7230b,46ac3b484ea545d181b2d3e8af73623f"
0.0,37321612,2,18660806.0,18660806.0,18626111,18695501,49066.1,PushPop,":batch=5df917bbe08a4284a326bba17b68fcf9 phase=decode requests=399c9677f6e44195897e25ec5ce1daa1,422bf3769b9f45beb57c62f13989c6e8,3255e14c8cb54f1cbdd701ebd201f7b8,a8d52d0acece4573abce53495dc615f9"
0.0,37321330,2,18660665.0,18660665.0,18643302,18678028,24555.0,PushPop,":batch=a5af9d0f608946888e5349c41dafbc5d phase=decode requests=e4484b0df96d49f3a31426c909f9076d,bb52284fe1f1457c8a63320a61ffabbf,deac75ab269243019c9fd4ac2ecfc203,3e2830bc65ab4913904d6e72090a4fe3"
0.0,37320657,2,18660328.5,18660328.5,18644145,18676512,22886.9,PushPop,:batch=31044c7c31934eae90092454b1c52a49 phase=decode requests=8de7c5b04b184d1cbc3645195ef60a7d
0.0,37320615,2,18660307.5,18660307.5,18647743,18672872,17768.9,PushPop,:batch=cf9e9ebba894496cbceca60ae093422a phase=decode requests=8de7c5b04b184d1cbc3645195ef60a7d
0.0,37320398,2,18660199.0,18660199.0,18655407,18664991,6776.9,PushPop,:batch=8fedfb15c6ca428aaec9b276d5c44989 phase=decode requests=8de7c5b04b184d1cbc3645195ef60a7d
0.0,37319947,2,18659973.5,18659973.5,18643838,18676109,22819.0,PushPop,:batch=10f9c65443004ff49b0f8179ab24c886 phase=decode requests=8de7c5b04b184d1cbc3645195ef60a7d
0.0,37319658,2,18659829.0,18659829.0,18626161,18693497,47613.7,PushPop,":batch=b20eb4f601f74e37924b5f7d79c5d143 phase=decode requests=399c9677f6e44195897e25ec5ce1daa1,422bf3769b9f45beb57c62f13989c6e8,3255e14c8cb54f1cbdd701ebd201f7b8,a8d52d0acece4573abce53495dc615f9"
0.0,37319412,2,18659706.0,18659706.0,18629129,18690283,43242.4,PushPop,":batch=8775d0e4552c411d8b30710360501b52 phase=decode requests=7aa4ba8d31af45f58706a52eb0ad3328,baabce1b18024e189120c512bc680496,046f00cf0a7d4816a65a9b0acad7230b,46ac3b484ea545d181b2d3e8af73623f"
0.0,37319091,2,18659545.5,18659545.5,18643429,18675662,22792.2,PushPop,:batch=866f0549a5c140faad05268f6e5d3b4a phase=decode requests=8de7c5b04b184d1cbc3645195ef60a7d
0.0,37317416,2,18658708.0,18658708.0,18590496,18726920,96466.3,PushPop,":batch=6dc6c7b56c2f4cfd9261c47d29fac0fd phase=decode requests=4911471bf69b4a0c8fcb7df27f4e64dd,4a33c149f9b84d849224830b7920cf8d,83bc7c63016b44a7bb730cbd52015427,bffdbdea72654f78bfa6ca4ccea58aeb"
0.0,37316941,2,18658470.5,18658470.5,18645258,18671683,18685.3,PushPop,:batch=201c60b400a54d68996486c67c02c0df phase=decode requests=8de7c5b04b184d1cbc3645195ef60a7d
0.0,37316339,2,18658169.5,18658169.5,18639139,18677200,26913.2,PushPop,:batch=9f4f0dba04654b968331edc023281fa3 phase=decode requests=8de7c5b04b184d1cbc3645195ef60a7d
0.0,37316235,2,18658117.5,18658117.5,18630942,18685293,38432.0,PushPop,:batch=72c959b6159c492486b07357a747f180 phase=decode requests=8de7c5b04b184d1cbc3645195ef60a7d
0.0,37316184,2,18658092.0,18658092.0,18642690,18673494,21781.7,PushPop,:batch=f56feef2755e4997a4b9926b9c2506d8 phase=decode requests=8de7c5b04b184d1cbc3645195ef60a7d
0.0,37316080,2,18658040.0,18658040.0,18612945,18703135,63774.0,PushPop,":batch=709f9534b40c4328bea05be40b9ff1ed phase=decode requests=399c9677f6e44195897e25ec5ce1daa1,422bf3769b9f45beb57c62f13989c6e8,3255e14c8cb54f1cbdd701ebd201f7b8,a8d52d0acece4573abce53495dc615f9"
0.0,37315879,2,18657939.5,18657939.5,18644317,18671562,19265.1,PushPop,:batch=3b8fbcbe64f54e91a54618dc19d65516 phase=decode requests=8de7c5b04b184d1cbc3645195ef60a7d
0.0,37315591,2,18657795.5,18657795.5,18644494,18671097,18811.2,PushPop,:batch=7df8bbdca3c742e1b14172a51511b97d phase=decode requests=8de7c5b04b184d1cbc3645195ef60a7d
0.0,37315507,2,18657753.5,18657753.5,18635484,18680023,31493.8,PushPop,":batch=c9d3b28c9e6e43f29cc8384a0c93d769 phase=decode requests=7aa4ba8d31af45f58706a52eb0ad3328,baabce1b18024e189120c512bc680496,046f00cf0a7d4816a65a9b0acad7230b,46ac3b484ea545d181b2d3e8af73623f"
0.0,37315495,2,18657747.5,18657747.5,18633830,18681665,33824.5,PushPop,:batch=1781d055f80746ba9234d01651d910e7 phase=decode requests=8de7c5b04b184d1cbc3645195ef60a7d
0.0,37315449,2,18657724.5,18657724.5,18623591,18691858,48272.1,PushPop,:batch=636dad80c5c5473d9896807230a174d7 phase=decode requests=8de7c5b04b184d1cbc3645195ef60a7d
0.0,37315120,2,18657560.0,18657560.0,18635601,18679519,31054.7,PushPop,:batch=e11eaea369cc4419bab6c3c28892a4a7 phase=decode requests=8de7c5b04b184d1cbc3645195ef60a7d
0.0,37314788,2,18657394.0,18657394.0,18612357,18702431,63691.9,PushPop,":batch=81a26d15e82740af88aa689793d8f553 phase=decode requests=7aa4ba8d31af45f58706a52eb0ad3328,baabce1b18024e189120c512bc680496,046f00cf0a7d4816a65a9b0acad7230b,46ac3b484ea545d181b2d3e8af73623f"
0.0,37314489,2,18657244.5,18657244.5,18635418,18679071,30867.3,PushPop,:batch=bac3001d8775475185c75780fca9d552 phase=decode requests=8de7c5b04b184d1cbc3645195ef60a7d
0.0,37312659,2,18656329.5,18656329.5,18623115,18689544,46972.4,PushPop,":batch=90e3c27251374966bc9d223777fe90d4 phase=decode requests=7aa4ba8d31af45f58706a52eb0ad3328,baabce1b18024e189120c512bc680496,046f00cf0a7d4816a65a9b0acad7230b,46ac3b484ea545d181b2d3e8af73623f"
0.0,37312405,2,18656202.5,18656202.5,18634559,18677846,30608.5,PushPop,:batch=bea2f9ba607048ed97e329333031f8f6 phase=decode requests=8de7c5b04b184d1cbc3645195ef60a7d
0.0,37311826,2,18655913.0,18655913.0,18637536,18674290,25989.0,PushPop,:batch=29849dd4b8e34fabbfc61ae7fe2b290a phase=decode requests=8de7c5b04b184d1cbc3645195ef60a7d
0.0,37311697,2,18655848.5,18655848.5,18641277,18670420,20607.2,PushPop,:batch=3f4e9d957d0e4abb8cdd15fe3364722e phase=decode requests=8de7c5b04b184d1cbc3645195ef60a7d
0.0,37311171,2,18655585.5,18655585.5,18632383,18678788,32813.3,PushPop,:batch=1b880bdeb0124503ae4f062b06c07257 phase=decode requests=8de7c5b04b184d1cbc3645195ef60a7d
0.0,37311067,2,18655533.5,18655533.5,18626872,18684195,40533.5,PushPop,:batch=0ef4d47bdb2d44f39b36217a69187d92 phase=decode requests=8de7c5b04b184d1cbc3645195ef60a7d
0.0,37310728,2,18655364.0,18655364.0,18628969,18681759,37328.2,PushPop,":batch=0560b514d3aa4745910b12ca327388b9 phase=decode requests=399c9677f6e44195897e25ec5ce1daa1,422bf3769b9f45beb57c62f13989c6e8,3255e14c8cb54f1cbdd701ebd201f7b8,a8d52d0acece4573abce53495dc615f9"
0.0,37310703,2,18655351.5,18655351.5,18634476,18676227,29522.4,PushPop,:batch=1e8408d6b8454dd19753abb672ed5f65 phase=decode requests=8de7c5b04b184d1cbc3645195ef60a7d
0.0,37310210,2,18655105.0,18655105.0,18639157,18671053,22553.9,PushPop,:batch=070541a934304db2a47cfa2dcb1a0d9e phase=decode requests=8de7c5b04b184d1cbc3645195ef60a7d
0.0,37309954,2,18654977.0,18654977.0,18631304,18678650,33478.7,PushPop,:batch=9d1d64cb9d374341a15499844d93b9a1 phase=decode requests=8de7c5b04b184d1cbc3645195ef60a7d
0.0,37309768,2,18654884.0,18654884.0,18641240,18668528,19295.5,PushPop,:batch=6b34774afd5849d1946f5756b9eac070 phase=decode requests=8de7c5b04b184d1cbc3645195ef60a7d
0.0,37309739,2,18654869.5,18654869.5,18636867,18672872,25459.4,PushPop,:batch=30d511e7b7314dbfab34d420e366503d phase=decode requests=8de7c5b04b184d1cbc3645195ef60a7d
0.0,37309036,2,18654518.0,18654518.0,18631332,18677704,32790.0,PushPop,":batch=0c794ca7257c4d30ae20729811edbea2 phase=decode requests=399c9677f6e44195897e25ec5ce1daa1,422bf3769b9f45beb57c62f13989c6e8,3255e14c8cb54f1cbdd701ebd201f7b8,a8d52d0acece4573abce53495dc615f9"
0.0,37308851,2,18654425.5,18654425.5,18624835,18684016,41847.3,PushPop,:batch=d8b94121d6ee49719810480bca27039e phase=decode requests=8de7c5b04b184d1cbc3645195ef60a7d
0.0,37308731,2,18654365.5,18654365.5,18628182,18680549,37029.1,PushPop,":batch=5d9e09112e144513b946fc5c99d67724 phase=decode requests=399c9677f6e44195897e25ec5ce1daa1,422bf3769b9f45beb57c62f13989c6e8,3255e14c8cb54f1cbdd701ebd201f7b8,a8d52d0acece4573abce53495dc615f9"
0.0,37308519,2,18654259.5,18654259.5,18603346,18705173,72002.6,PushPop,":batch=48ddee1c174145a3b494f7b0528860e4 phase=decode requests=7aa4ba8d31af45f58706a52eb0ad3328,baabce1b18024e189120c512bc680496,046f00cf0a7d4816a65a9b0acad7230b,46ac3b484ea545d181b2d3e8af73623f"
0.0,37308400,2,18654200.0,18654200.0,18618185,18690215,50932.9,PushPop,":batch=594af73dce634a22ba8c30363ed72d09 phase=decode requests=7aa4ba8d31af45f58706a52eb0ad3328,baabce1b18024e189120c512bc680496,046f00cf0a7d4816a65a9b0acad7230b,46ac3b484ea545d181b2d3e8af73623f"
0.0,37307694,2,18653847.0,18653847.0,18624105,18683589,42061.5,PushPop,:batch=85edc6b05072471b98952fc3b71a90d3 phase=decode requests=8de7c5b04b184d1cbc3645195ef60a7d
0.0,37306895,2,18653447.5,18653447.5,18627176,18679719,37153.5,PushPop,:batch=e1969008fbe7498e87b0760d791053c1 phase=decode requests=8de7c5b04b184d1cbc3645195ef60a7d
0.0,37306758,2,18653379.0,18653379.0,18609960,18696798,61403.7,PushPop,":batch=62cceae198174c5d86cd4d4fef178cd6 phase=decode requests=7aa4ba8d31af45f58706a52eb0ad3328,baabce1b18024e189120c512bc680496,046f00cf0a7d4816a65a9b0acad7230b,46ac3b484ea545d181b2d3e8af73623f"
0.0,37306567,2,18653283.5,18653283.5,18626695,18679872,37601.8,PushPop,:batch=41b4ee0db22d459b988f58d07b796f80 phase=decode requests=8de7c5b04b184d1cbc3645195ef60a7d
0.0,37305535,2,18652767.5,18652767.5,18630706,18674829,31199.7,PushPop,":batch=49a996ecc81b4c0a81e37d372bbb96c8 phase=decode requests=399c9677f6e44195897e25ec5ce1daa1,422bf3769b9f45beb57c62f13989c6e8,3255e14c8cb54f1cbdd701ebd201f7b8,a8d52d0acece4573abce53495dc615f9"
0.0,37305314,2,18652657.0,18652657.0,18627841,18677473,35095.1,PushPop,:batch=81902a31df2d4cee83cb7e287d68903d phase=decode requests=8de7c5b04b184d1cbc3645195ef60a7d
0.0,37304834,2,18652417.0,18652417.0,18629421,18675413,32521.3,PushPop,:batch=e635316ce0b643ae9364f5f20c34ed1c phase=decode requests=8de7c5b04b184d1cbc3645195ef60a7d
0.0,37303759,2,18651879.5,18651879.5,18634592,18669167,24448.2,PushPop,:batch=6bc31e757aaf42eb984ee0d66512ef23 phase=decode requests=8de7c5b04b184d1cbc3645195ef60a7d
0.0,37303681,2,18651840.5,18651840.5,18631129,18672552,29290.5,PushPop,:batch=95a3c95625004024b5e26ce32435cc42 phase=decode requests=8de7c5b04b184d1cbc3645195ef60a7d
0.0,37302926,2,18651463.0,18651463.0,18634121,18668805,24525.3,PushPop,:batch=8a0cc03142674a8dbfc8eacb2808a0f7 phase=decode requests=8de7c5b04b184d1cbc3645195ef60a7d
0.0,37302606,2,18651303.0,18651303.0,18619559,18683047,44892.8,PushPop,:batch=d816e789d9614e8d9f73088c43e209f6 phase=decode requests=8de7c5b04b184d1cbc3645195ef60a7d
0.0,37301497,2,18650748.5,18650748.5,18637035,18664462,19393.8,PushPop,:batch=a20a8b48caff4f5ab59c1c47decc9d00 phase=decode requests=8de7c5b04b184d1cbc3645195ef60a7d
0.0,37301407,2,18650703.5,18650703.5,18643150,18658257,10682.3,PushPop,:batch=eeac526855fd4c0c9571d33e98f5af5b phase=decode requests=8de7c5b04b184d1cbc3645195ef60a7d
0.0,37300581,2,18650290.5,18650290.5,18616506,18684075,47778.5,PushPop,":batch=bc171618f4724419808c014d67520e3f phase=decode requests=7aa4ba8d31af45f58706a52eb0ad3328,baabce1b18024e189120c512bc680496,046f00cf0a7d4816a65a9b0acad7230b,46ac3b484ea545d181b2d3e8af73623f"
0.0,37299925,2,18649962.5,18649962.5,18627198,18672727,32193.9,PushPop,:batch=27deb7d4ce8c430987120f3e88326b62 phase=decode requests=8de7c5b04b184d1cbc3645195ef60a7d
0.0,37299213,2,18649606.5,18649606.5,18611104,18688109,54450.8,PushPop,":batch=fc1101dbde9c4ac5bad2021552a106a6 phase=decode requests=399c9677f6e44195897e25ec5ce1daa1,422bf3769b9f45beb57c62f13989c6e8,3255e14c8cb54f1cbdd701ebd201f7b8,a8d52d0acece4573abce53495dc615f9"
0.0,37299181,2,18649590.5,18649590.5,18618574,18680607,43864.0,PushPop,:batch=105ec58ccea64e53801ee3ece3753510 phase=decode requests=8de7c5b04b184d1cbc3645195ef60a7d
0.0,37299008,2,18649504.0,18649504.0,18628986,18670022,29016.8,PushPop,:batch=696052b0ba5a442e9ad8bd1ebc4884fc phase=decode requests=8de7c5b04b184d1cbc3645195ef60a7d
0.0,37298293,2,18649146.5,18649146.5,18625642,18672651,33240.4,PushPop,:batch=4983cdf146274416947e065c6e63f6cd phase=decode requests=8de7c5b04b184d1cbc3645195ef60a7d
0.0,37297689,2,18648844.5,18648844.5,18633186,18664503,22144.5,PushPop,:batch=4fe0f102c8d340caa7bb8aa7aee7837e phase=decode requests=8de7c5b04b184d1cbc3645195ef60a7d
0.0,37297414,2,18648707.0,18648707.0,18630319,18667095,26004.6,PushPop,:batch=5469abc802754a05b3e5b3f837183cd0 phase=decode requests=8de7c5b04b184d1cbc3645195ef60a7d
0.0,37297080,2,18648540.0,18648540.0,18647875,18649205,940.5,PushPop,:batch=9642462217b1440cab029e4d7db81696 phase=decode requests=8de7c5b04b184d1cbc3645195ef60a7d
0.0,37296966,2,18648483.0,18648483.0,18604890,18692076,61649.8,PushPop,":batch=85ef56a36b1e4ebb9950cdc52c2739a2 phase=decode requests=7aa4ba8d31af45f58706a52eb0ad3328,baabce1b18024e189120c512bc680496,046f00cf0a7d4816a65a9b0acad7230b,46ac3b484ea545d181b2d3e8af73623f"
0.0,37296604,2,18648302.0,18648302.0,18631245,18665359,24122.2,PushPop,:batch=500d5ee2b9704f569f394cf5de4c3f69 phase=decode requests=8de7c5b04b184d1cbc3645195ef60a7d
0.0,37295683,2,18647841.5,18647841.5,18617675,18678008,42661.9,PushPop,:batch=078d8d388a3a438b9dfbcf638c98f1aa phase=decode requests=8de7c5b04b184d1cbc3645195ef60a7d
0.0,37294469,2,18647234.5,18647234.5,18637409,18657060,13895.4,PushPop,:batch=490caa7d649f4bb4b09f98b9b99eec02 phase=decode requests=8de7c5b04b184d1cbc3645195ef60a7d
0.0,37294425,2,18647212.5,18647212.5,18615568,18678857,44752.1,PushPop,:batch=42b131aca9204489ad9f169bdf0b652c phase=decode requests=8de7c5b04b184d1cbc3645195ef60a7d
0.0,37294258,2,18647129.0,18647129.0,18618015,18676243,41173.4,PushPop,:batch=6e45c64206b5431c98dbaf78ce1d5391 phase=decode requests=8de7c5b04b184d1cbc3645195ef60a7d
0.0,37293965,2,18646982.5,18646982.5,18602709,18691256,62612.2,PushPop,":batch=30fa9549143e424e96089f413afd751b phase=decode requests=399c9677f6e44195897e25ec5ce1daa1,422bf3769b9f45beb57c62f13989c6e8,3255e14c8cb54f1cbdd701ebd201f7b8,a8d52d0acece4573abce53495dc615f9"
0.0,37293852,2,18646926.0,18646926.0,18612656,18681196,48465.1,PushPop,:batch=565f699663534b4c9f5d999db9f46ad7 phase=decode requests=8de7c5b04b184d1cbc3645195ef60a7d
0.0,37292910,2,18646455.0,18646455.0,18625533,18667377,29588.2,PushPop,":batch=d9d43b84ea584a5d8f6ba84fbdba1eea phase=decode requests=7aa4ba8d31af45f58706a52eb0ad3328,baabce1b18024e189120c512bc680496,046f00cf0a7d4816a65a9b0acad7230b,46ac3b484ea545d181b2d3e8af73623f"
0.0,37292366,2,18646183.0,18646183.0,18617727,18674639,40242.9,PushPop,:batch=a2c1f83352514d22b07065e8db7de150 phase=decode requests=8de7c5b04b184d1cbc3645195ef60a7d
0.0,37292259,2,18646129.5,18646129.5,18622113,18670146,33964.5,PushPop,:batch=95857f3966994365a64eb87e7e9e37c3 phase=decode requests=8de7c5b04b184d1cbc3645195ef60a7d
0.0,37291543,2,18645771.5,18645771.5,18636682,18654861,12854.5,PushPop,:batch=dc06f52888c9470282e8544d258b6bf8 phase=decode requests=8de7c5b04b184d1cbc3645195ef60a7d
0.0,37291102,2,18645551.0,18645551.0,18645112,18645990,620.8,PushPop,:batch=19ce946a91ae4e62823992ca1aeb2caf phase=decode requests=8de7c5b04b184d1cbc3645195ef60a7d
0.0,37290839,2,18645419.5,18645419.5,18632357,18658482,18473.2,PushPop,:batch=bda21aa52db343819fdf7f4432b615e6 phase=decode requests=8de7c5b04b184d1cbc3645195ef60a7d
0.0,37290813,2,18645406.5,18645406.5,18618682,18672131,37794.2,PushPop,:batch=e42d0eaa397446c4852c12e58ca4f352 phase=decode requests=8de7c5b04b184d1cbc3645195ef60a7d
0.0,37290746,2,18645373.0,18645373.0,18614348,18676398,43876.0,PushPop,":batch=9b4977e1a62b45afa23e1248150090c8 phase=decode requests=399c9677f6e44195897e25ec5ce1daa1,422bf3769b9f45beb57c62f13989c6e8,3255e14c8cb54f1cbdd701ebd201f7b8,a8d52d0acece4573abce53495dc615f9"
0.0,37290586,2,18645293.0,18645293.0,18608829,18681757,51567.9,PushPop,":batch=5412a5cd6bfe4807897fdd4ba4319179 phase=decode requests=7aa4ba8d31af45f58706a52eb0ad3328,baabce1b18024e189120c512bc680496,046f00cf0a7d4816a65a9b0acad7230b,46ac3b484ea545d181b2d3e8af73623f"
0.0,37290401,2,18645200.5,18645200.5,18607253,18683148,53665.9,PushPop,:batch=776616bc4247467889470714dfe223a2 phase=decode requests=aaa729f093b64e2aaeeda0c4bda76f3d
0.0,37290355,2,18645177.5,18645177.5,18614754,18675601,43025.3,PushPop,":batch=f7f1e636385d4acb847020798eec83ea phase=decode requests=e4484b0df96d49f3a31426c909f9076d,bb52284fe1f1457c8a63320a61ffabbf,deac75ab269243019c9fd4ac2ecfc203,3e2830bc65ab4913904d6e72090a4fe3"
0.0,37290346,2,18645173.0,18645173.0,18617669,18672677,38896.5,PushPop,:batch=367cf950e84b41beb5c6d4ab270d8e0f phase=decode requests=8de7c5b04b184d1cbc3645195ef60a7d
0.0,37289802,2,18644901.0,18644901.0,18626422,18663380,26133.3,PushPop,:batch=1a0dccf446f945bfab21b3d8bd52b0bf phase=decode requests=8de7c5b04b184d1cbc3645195ef60a7d
0.0,37289411,2,18644705.5,18644705.5,18624585,18664826,28454.7,PushPop,:batch=7b6e2063fc004ff19a5639414ddcf865 phase=decode requests=8de7c5b04b184d1cbc3645195ef60a7d
0.0,37289178,2,18644589.0,18644589.0,18628725,18660453,22435.1,PushPop,:batch=61f9d6e1fc9143b7bd611e1c24006a44 phase=decode requests=8de7c5b04b184d1cbc3645195ef60a7d
0.0,37289106,2,18644553.0,18644553.0,18627897,18661209,23555.1,PushPop,:batch=cfdafc047f4349a6a36a7b3b735daf3f phase=decode requests=8de7c5b04b184d1cbc3645195ef60a7d
0.0,37287908,2,18643954.0,18643954.0,18632533,18655375,16151.7,PushPop,:batch=5da2c1c372ea43329d4366a8183de812 phase=decode requests=8de7c5b04b184d1cbc3645195ef60a7d
0.0,37287208,2,18643604.0,18643604.0,18630064,18657144,19148.5,PushPop,:batch=46c56033a8b2450b8634783aca74ea06 phase=decode requests=8de7c5b04b184d1cbc3645195ef60a7d
0.0,37286471,2,18643235.5,18643235.5,18609221,18677250,48103.8,PushPop,":batch=98b0f1a2b9d7418dac453ecc7085ab4a phase=decode requests=399c9677f6e44195897e25ec5ce1daa1,422bf3769b9f45beb57c62f13989c6e8,3255e14c8cb54f1cbdd701ebd201f7b8,a8d52d0acece4573abce53495dc615f9"
0.0,37286001,2,18643000.5,18643000.5,18635981,18650020,9927.1,PushPop,:batch=f3533585c7584e33b505564992e3b4b5 phase=decode requests=8de7c5b04b184d1cbc3645195ef60a7d
0.0,37285376,2,18642688.0,18642688.0,18608838,18676538,47871.1,PushPop,:batch=f35e7ee7a9d44620a845dd51beca447d phase=decode requests=8de7c5b04b184d1cbc3645195ef60a7d
0.0,37285004,2,18642502.0,18642502.0,18634244,18650760,11678.6,PushPop,:batch=9d81d8118b124e6d975627704bf0edfe phase=decode requests=8de7c5b04b184d1cbc3645195ef60a7d
0.0,37283979,2,18641989.5,18641989.5,18612114,18671865,42250.3,PushPop,":batch=5c90c147025044cbb66b774b657c3d13 phase=decode requests=399c9677f6e44195897e25ec5ce1daa1,422bf3769b9f45beb57c62f13989c6e8,3255e14c8cb54f1cbdd701ebd201f7b8,a8d52d0acece4573abce53495dc615f9"
0.0,37283355,2,18641677.5,18641677.5,18606871,18676484,49223.8,PushPop,:batch=017adb1d9d9a4a548fe528690019ebc2 phase=decode requests=aaa729f093b64e2aaeeda0c4bda76f3d
0.0,37282719,2,18641359.5,18641359.5,18617642,18665077,33541.6,PushPop,":batch=1a34e137f0474b64acda0c366a73b63e phase=decode requests=7aa4ba8d31af45f58706a52eb0ad3328,baabce1b18024e189120c512bc680496,046f00cf0a7d4816a65a9b0acad7230b,46ac3b484ea545d181b2d3e8af73623f"
0.0,37282410,2,18641205.0,18641205.0,18634751,18647659,9127.3,PushPop,:batch=810be8b2d06f4937afcb17b59428754a phase=decode requests=8de7c5b04b184d1cbc3645195ef60a7d
0.0,37282341,2,18641170.5,18641170.5,18614979,18667362,37040.4,PushPop,":batch=3eb4fed27fb04f0196baaaac726aad33 phase=decode requests=399c9677f6e44195897e25ec5ce1daa1,422bf3769b9f45beb57c62f13989c6e8,3255e14c8cb54f1cbdd701ebd201f7b8,a8d52d0acece4573abce53495dc615f9"
0.0,37281409,2,18640704.5,18640704.5,18607962,18673447,46304.9,PushPop,":batch=8000d9b2f1db473187e3ca5b49390a26 phase=decode requests=7aa4ba8d31af45f58706a52eb0ad3328,baabce1b18024e189120c512bc680496,046f00cf0a7d4816a65a9b0acad7230b,46ac3b484ea545d181b2d3e8af73623f"
0.0,37279853,2,18639926.5,18639926.5,18625795,18654058,19985.0,PushPop,:batch=11eab19629c84e41aedb8bef206b6c31 phase=decode requests=8de7c5b04b184d1cbc3645195ef60a7d
0.0,37279578,2,18639789.0,18639789.0,18624469,18655109,21665.8,PushPop,:batch=af9b4d73f9c84bd59596adbae0b76328 phase=decode requests=8de7c5b04b184d1cbc3645195ef60a7d
0.0,37279393,2,18639696.5,18639696.5,18612879,18666514,37925.7,PushPop,:batch=ff8c0473b553447fa1049fe4510f6e7f phase=decode requests=c47f16e66de94d7ebc64adfc42386324
0.0,37279308,2,18639654.0,18639654.0,18617031,18662277,31993.8,PushPop,":batch=c1818cd3f3bf44409c42ba578caf2299 phase=decode requests=7aa4ba8d31af45f58706a52eb0ad3328,baabce1b18024e189120c512bc680496,046f00cf0a7d4816a65a9b0acad7230b,46ac3b484ea545d181b2d3e8af73623f"
0.0,37279242,2,18639621.0,18639621.0,18614254,18664988,35874.4,PushPop,":batch=903970c7a5b441039e68fcca6cfafdc3 phase=decode requests=7aa4ba8d31af45f58706a52eb0ad3328,baabce1b18024e189120c512bc680496,046f00cf0a7d4816a65a9b0acad7230b,46ac3b484ea545d181b2d3e8af73623f"
0.0,37279077,2,18639538.5,18639538.5,18613684,18665393,36563.8,PushPop,:batch=1cb69b544bbd490b975b9aea163068d6 phase=decode requests=8de7c5b04b184d1cbc3645195ef60a7d
0.0,37279002,2,18639501.0,18639501.0,18592234,18686768,66845.6,PushPop,:batch=74b0ee862b484ea68398c1a705e66f0a phase=decode requests=c47f16e66de94d7ebc64adfc42386324
0.0,37278761,2,18639380.5,18639380.5,18628296,18650465,15675.9,PushPop,:batch=025a28d8e3ad4d8c88fffcb22b8e3a52 phase=decode requests=8de7c5b04b184d1cbc3645195ef60a7d
0.0,37278722,2,18639361.0,18639361.0,18593140,18685582,65366.4,PushPop,":batch=27d5c726bf0c433fa05c9496bd64b5b2 phase=decode requests=399c9677f6e44195897e25ec5ce1daa1,422bf3769b9f45beb57c62f13989c6e8,3255e14c8cb54f1cbdd701ebd201f7b8,a8d52d0acece4573abce53495dc615f9"
0.0,37277381,2,18638690.5,18638690.5,18608069,18669312,43305.3,PushPop,":batch=e0a3cdef4a094b2a85cc9a474c4e6268 phase=decode requests=7aa4ba8d31af45f58706a52eb0ad3328,baabce1b18024e189120c512bc680496,046f00cf0a7d4816a65a9b0acad7230b,46ac3b484ea545d181b2d3e8af73623f"
0.0,37276945,2,18638472.5,18638472.5,18604127,18672818,48571.9,PushPop,":batch=5dd7105cf5694cfba91c5ce17ea76de5 phase=decode requests=399c9677f6e44195897e25ec5ce1daa1,422bf3769b9f45beb57c62f13989c6e8,3255e14c8cb54f1cbdd701ebd201f7b8,a8d52d0acece4573abce53495dc615f9"
0.0,37276328,2,18638164.0,18638164.0,18621089,18655239,24147.7,PushPop,:batch=8209497e2396458987e5da74c92a12b8 phase=decode requests=8de7c5b04b184d1cbc3645195ef60a7d
0.0,37276133,2,18638066.5,18638066.5,18600012,18676121,53817.2,PushPop,":batch=06f0eab8df4341dbb3fca2c241530140 phase=decode requests=399c9677f6e44195897e25ec5ce1daa1,422bf3769b9f45beb57c62f13989c6e8,3255e14c8cb54f1cbdd701ebd201f7b8,a8d52d0acece4573abce53495dc615f9"
0.0,37275446,2,18637723.0,18637723.0,18607243,18668203,43105.2,PushPop,":batch=68fc92739deb41c0b16d1ac2179e8c64 phase=decode requests=399c9677f6e44195897e25ec5ce1daa1,422bf3769b9f45beb57c62f13989c6e8,3255e14c8cb54f1cbdd701ebd201f7b8,a8d52d0acece4573abce53495dc615f9"
0.0,37275417,2,18637708.5,18637708.5,18600294,18675123,52912.1,PushPop,":batch=e31ef9f2eb94489b88bea9f8ec75c611 phase=decode requests=399c9677f6e44195897e25ec5ce1daa1,422bf3769b9f45beb57c62f13989c6e8,3255e14c8cb54f1cbdd701ebd201f7b8,a8d52d0acece4573abce53495dc615f9"
0.0,37275138,2,18637569.0,18637569.0,18613561,18661577,33952.4,PushPop,":batch=dc8c11d4b532453394961fc9f2a3c472 phase=decode requests=7aa4ba8d31af45f58706a52eb0ad3328,baabce1b18024e189120c512bc680496,046f00cf0a7d4816a65a9b0acad7230b,46ac3b484ea545d181b2d3e8af73623f"
0.0,37275066,2,18637533.0,18637533.0,18616050,18659016,30381.5,PushPop,":batch=5e436142b00140e7a822434d53863993 phase=decode requests=7aa4ba8d31af45f58706a52eb0ad3328,baabce1b18024e189120c512bc680496,046f00cf0a7d4816a65a9b0acad7230b,46ac3b484ea545d181b2d3e8af73623f"
0.0,37275031,2,18637515.5,18637515.5,18609004,18666027,40321.3,PushPop,:batch=df72e8521b48426f98a8afe37a1f2b70 phase=decode requests=8de7c5b04b184d1cbc3645195ef60a7d
0.0,37274910,2,18637455.0,18637455.0,18607736,18667174,42029.0,PushPop,:batch=a4615537e0054bb2b7f1382a2342c52b phase=decode requests=8de7c5b04b184d1cbc3645195ef60a7d
0.0,37274903,2,18637451.5,18637451.5,18612083,18662820,35876.5,PushPop,:batch=12f1a77c20c043999ed83ddf99bce63c phase=decode requests=8de7c5b04b184d1cbc3645195ef60a7d
0.0,37274764,2,18637382.0,18637382.0,18611124,18663640,37134.4,PushPop,":batch=5f0bd7f9e3684d2db75ebc4d9c811ca7 phase=decode requests=7aa4ba8d31af45f58706a52eb0ad3328,baabce1b18024e189120c512bc680496,046f00cf0a7d4816a65a9b0acad7230b,46ac3b484ea545d181b2d3e8af73623f"
0.0,37274690,2,18637345.0,18637345.0,18612879,18661811,34600.1,PushPop,:batch=087b39fd063f4d11827a6c088ff0775d phase=decode requests=8de7c5b04b184d1cbc3645195ef60a7d
0.0,37274371,2,18637185.5,18637185.5,18618253,18656118,26774.6,PushPop,:batch=bc0759f09b644e1a91c5acb5a014edd7 phase=decode requests=8de7c5b04b184d1cbc3645195ef60a7d
0.0,37274307,2,18637153.5,18637153.5,18633055,18641252,5796.2,PushPop,:batch=f98e2c0706db47cd949aea0b15c6b9fa phase=decode requests=8de7c5b04b184d1cbc3645195ef60a7d
0.0,37273333,2,18636666.5,18636666.5,18591541,18681792,63817.1,PushPop,":batch=370e8eb93c99415ab0955a502ca73ed4 phase=decode requests=399c9677f6e44195897e25ec5ce1daa1,422bf3769b9f45beb57c62f13989c6e8,3255e14c8cb54f1cbdd701ebd201f7b8,a8d52d0acece4573abce53495dc615f9"
0.0,37273288,2,18636644.0,18636644.0,18617014,18656274,27761.0,PushPop,:batch=ff9f553b4d4d4727a2cb9c2964a62c0e phase=decode requests=8de7c5b04b184d1cbc3645195ef60a7d
0.0,37273129,2,18636564.5,18636564.5,18592188,18680941,62757.8,PushPop,":batch=3811c1298c7240f7a7e1147e16ae9bc1 phase=decode requests=399c9677f6e44195897e25ec5ce1daa1,422bf3769b9f45beb57c62f13989c6e8,3255e14c8cb54f1cbdd701ebd201f7b8,a8d52d0acece4573abce53495dc615f9"
0.0,37273041,2,18636520.5,18636520.5,18615032,18658009,30389.3,PushPop,:batch=27d5f6ab737b466eb273969ed939907e phase=decode requests=8de7c5b04b184d1cbc3645195ef60a7d
0.0,37272948,2,18636474.0,18636474.0,18607091,18665857,41553.8,PushPop,":batch=7141626436f24aec9f0d35ebe6221880 phase=decode requests=399c9677f6e44195897e25ec5ce1daa1,422bf3769b9f45beb57c62f13989c6e8,3255e14c8cb54f1cbdd701ebd201f7b8,a8d52d0acece4573abce53495dc615f9"
0.0,37272938,2,18636469.0,18636469.0,18601045,18671893,50097.1,PushPop,":batch=3a3bd2116c824d159ae847bbbe59bcbd phase=decode requests=7aa4ba8d31af45f58706a52eb0ad3328,baabce1b18024e189120c512bc680496,046f00cf0a7d4816a65a9b0acad7230b,46ac3b484ea545d181b2d3e8af73623f"
0.0,37272899,2,18636449.5,18636449.5,18620091,18652808,23134.4,PushPop,:batch=50af0fc137f14b02b66302dd4d62d393 phase=decode requests=8de7c5b04b184d1cbc3645195ef60a7d
0.0,37271589,2,18635794.5,18635794.5,18624087,18647502,16556.9,PushPop,:batch=67b6a092d6ab477a9b7ceaf35e44bdda phase=decode requests=8de7c5b04b184d1cbc3645195ef60a7d
0.0,37271261,2,18635630.5,18635630.5,18618830,18652431,23759.5,PushPop,:batch=b2b6bcdf02644341ae5919232f0ce0eb phase=decode requests=8de7c5b04b184d1cbc3645195ef60a7d
0.0,37270690,2,18635345.0,18635345.0,18616330,18654360,26891.3,PushPop,:batch=bac1bbacf11f440d8e12b1871ac5b087 phase=decode requests=8de7c5b04b184d1cbc3645195ef60a7d
0.0,37270081,2,18635040.5,18635040.5,18619225,18650856,22366.5,PushPop,:batch=7598023833c04a1c934c6255bb57f719 phase=decode requests=8de7c5b04b184d1cbc3645195ef60a7d
0.0,37269575,2,18634787.5,18634787.5,18613665,18655910,29871.7,PushPop,:batch=af02109799ec4a0883d905a0c23ef590 phase=decode requests=8de7c5b04b184d1cbc3645195ef60a7d
0.0,37269258,2,18634629.0,18634629.0,18622639,18646619,16956.4,PushPop,:batch=ffefd8db26d4481e975f13081e000782 phase=decode requests=8de7c5b04b184d1cbc3645195ef60a7d
0.0,37268935,2,18634467.5,18634467.5,18623765,18645170,15135.6,PushPop,:batch=794b4b7d2d7d4a398fe4bec6bec8c085 phase=decode requests=8de7c5b04b184d1cbc3645195ef60a7d
0.0,37268110,2,18634055.0,18634055.0,18606110,18662000,39520.2,PushPop,:batch=256771c440f94cf8b3376519df75dc1c phase=decode requests=8de7c5b04b184d1cbc3645195ef60a7d
0.0,37267516,2,18633758.0,18633758.0,18619486,18648030,20183.7,PushPop,:batch=20333aa7728247e89078a3a2afd9f411 phase=decode requests=8de7c5b04b184d1cbc3645195ef60a7d
0.0,37267127,2,18633563.5,18633563.5,18593496,18673631,56664.0,PushPop,":batch=50127a65a16742d9bd8d56758772c0af phase=decode requests=399c9677f6e44195897e25ec5ce1daa1,422bf3769b9f45beb57c62f13989c6e8,3255e14c8cb54f1cbdd701ebd201f7b8,a8d52d0acece4573abce53495dc615f9"
0.0,37266512,2,18633256.0,18633256.0,18611896,18654616,30207.6,PushPop,:batch=5e55cc07bd18476b8bbbf2918982e0ad phase=decode requests=8de7c5b04b184d1cbc3645195ef60a7d
0.0,37266186,2,18633093.0,18633093.0,18602071,18664115,43871.7,PushPop,:batch=d1061352afdd4f5095c8d95a276dc0ca phase=decode requests=8de7c5b04b184d1cbc3645195ef60a7d
0.0,37265270,2,18632635.0,18632635.0,18596446,18668824,51179.0,PushPop,:batch=abb55dd60f594cdcbe81aff28e6fe28c phase=decode requests=8de7c5b04b184d1cbc3645195ef60a7d
0.0,37265031,2,18632515.5,18632515.5,18597473,18667558,49557.6,PushPop,:batch=efa6eb9d73734c20b9928c1ae2a24140 phase=decode requests=8de7c5b04b184d1cbc3645195ef60a7d
0.0,37263889,2,18631944.5,18631944.5,18603631,18660258,40041.3,PushPop,:batch=0cbf02de82f84db2bdcce38800665430 phase=decode requests=8de7c5b04b184d1cbc3645195ef60a7d
0.0,37263692,2,18631846.0,18631846.0,18603474,18660218,40124.1,PushPop,:batch=b2962e71ebeb408f98392b87082dcdb3 phase=decode requests=8de7c5b04b184d1cbc3645195ef60a7d
0.0,37263191,2,18631595.5,18631595.5,18596821,18666370,49178.6,PushPop,":batch=7b1d88407b42483e9e7d253c98f11a49 phase=decode requests=399c9677f6e44195897e25ec5ce1daa1,422bf3769b9f45beb57c62f13989c6e8,3255e14c8cb54f1cbdd701ebd201f7b8,a8d52d0acece4573abce53495dc615f9"
0.0,37263181,2,18631590.5,18631590.5,18616716,18646465,21035.7,PushPop,:batch=d23d82b31dfa4e37b22fa145c8dd3d6d phase=decode requests=8de7c5b04b184d1cbc3645195ef60a7d
0.0,37262511,2,18631255.5,18631255.5,18607053,18655458,34227.5,PushPop,:batch=30879ac8986e4a26ba14033a8e880a35 phase=decode requests=8de7c5b04b184d1cbc3645195ef60a7d
0.0,37262438,2,18631219.0,18631219.0,18609925,18652513,30114.3,PushPop,":batch=463d894fca924d5f85300861002504b3 phase=decode requests=7aa4ba8d31af45f58706a52eb0ad3328,baabce1b18024e189120c512bc680496,046f00cf0a7d4816a65a9b0acad7230b,46ac3b484ea545d181b2d3e8af73623f"
0.0,37262149,2,18631074.5,18631074.5,18629792,18632357,1813.7,PushPop,:batch=48d6f45dabb64d9e8d30cb3c1300e25b phase=decode requests=8de7c5b04b184d1cbc3645195ef60a7d
0.0,37261512,2,18630756.0,18630756.0,18606169,18655343,34771.3,PushPop,":batch=c9056adc736845dd96bec44652bbf02a phase=decode requests=e4484b0df96d49f3a31426c909f9076d,bb52284fe1f1457c8a63320a61ffabbf,deac75ab269243019c9fd4ac2ecfc203,3e2830bc65ab4913904d6e72090a4fe3"
0.0,37261419,2,18630709.5,18630709.5,18588562,18672857,59605.6,PushPop,:batch=c19cffc2ad494df8a5f5cb9fc2a2e776 phase=decode requests=c47f16e66de94d7ebc64adfc42386324
0.0,37261312,2,18630656.0,18630656.0,18595841,18665471,49235.8,PushPop,":batch=cdad0186788e4cf890d9c80cfdaef098 phase=decode requests=7aa4ba8d31af45f58706a52eb0ad3328,baabce1b18024e189120c512bc680496,046f00cf0a7d4816a65a9b0acad7230b,46ac3b484ea545d181b2d3e8af73623f"
0.0,37260682,2,18630341.0,18630341.0,18603304,18657378,38236.1,PushPop,:batch=decfac91b5914ee8bfb5a6aa8f866369 phase=decode requests=8de7c5b04b184d1cbc3645195ef60a7d
0.0,37260676,2,18630338.0,18630338.0,18613198,18647478,24239.6,PushPop,:batch=319dd756354843a5b7c891af02f512cd phase=decode requests=8de7c5b04b184d1cbc3645195ef60a7d
0.0,37260175,2,18630087.5,18630087.5,18622315,18637860,10992.0,PushPop,:batch=4abb6717894043b1bf91762345089435 phase=decode requests=8de7c5b04b184d1cbc3645195ef60a7d
0.0,37260132,2,18630066.0,18630066.0,18596221,18663911,47864.1,PushPop,":batch=cf6a4b637c564f4496288376e4c5a321 phase=decode requests=399c9677f6e44195897e25ec5ce1daa1,422bf3769b9f45beb57c62f13989c6e8,3255e14c8cb54f1cbdd701ebd201f7b8,a8d52d0acece4573abce53495dc615f9"
0.0,37259791,2,18629895.5,18629895.5,18593136,18666655,51985.8,PushPop,":batch=6d8011c63eb840fc825f0961c83c7a94 phase=decode requests=399c9677f6e44195897e25ec5ce1daa1,422bf3769b9f45beb57c62f13989c6e8,3255e14c8cb54f1cbdd701ebd201f7b8,a8d52d0acece4573abce53495dc615f9"
0.0,37259628,2,18629814.0,18629814.0,18620045,18639583,13815.5,PushPop,:batch=3621fd3f68234217a6134614ec3b3d60 phase=decode requests=8de7c5b04b184d1cbc3645195ef60a7d
0.0,37259431,2,18629715.5,18629715.5,18606124,18653307,33363.4,PushPop,":batch=5a5249bce46f4ef19241cd4f5cec70ce phase=decode requests=7aa4ba8d31af45f58706a52eb0ad3328,baabce1b18024e189120c512bc680496,046f00cf0a7d4816a65a9b0acad7230b,46ac3b484ea545d181b2d3e8af73623f"
0.0,37259182,2,18629591.0,18629591.0,18601445,18657737,39804.5,PushPop,:batch=405ee9e160be4a6a92f467ef7a7700ec phase=decode requests=8de7c5b04b184d1cbc3645195ef60a7d
0.0,37259125,2,18629562.5,18629562.5,18613935,18645190,22100.6,PushPop,:batch=4a092dda8e4947b69e60c296b5881a2c phase=decode requests=8de7c5b04b184d1cbc3645195ef60a7d
0.0,37258062,2,18629031.0,18629031.0,18592177,18665885,52119.4,PushPop,:batch=2f795fc466df4f589e6796c97303351d phase=decode requests=8de7c5b04b184d1cbc3645195ef60a7d
0.0,37257853,2,18628926.5,18628926.5,18593659,18664194,49875.8,PushPop,":batch=7328e7a7d7844ffe8cfaa93713586041 phase=decode requests=399c9677f6e44195897e25ec5ce1daa1,422bf3769b9f45beb57c62f13989c6e8,3255e14c8cb54f1cbdd701ebd201f7b8,a8d52d0acece4573abce53495dc615f9"
0.0,37257778,2,18628889.0,18628889.0,18605788,18651990,32669.7,PushPop,:batch=ec41aa4c1cf440e4982f986acd07f306 phase=decode requests=8de7c5b04b184d1cbc3645195ef60a7d
0.0,37257414,2,18628707.0,18628707.0,18613544,18643870,21443.7,PushPop,:batch=3bd5aa0dddd94066b3446b1105382549 phase=decode requests=8de7c5b04b184d1cbc3645195ef60a7d
0.0,37256791,2,18628395.5,18628395.5,18604207,18652584,34207.7,PushPop,:batch=0db0ca29f1364cfcb8d8c29770a831d3 phase=decode requests=8de7c5b04b184d1cbc3645195ef60a7d
0.0,37255908,2,18627954.0,18627954.0,18600555,18655353,38748.0,PushPop,:batch=65a273276ad04fc2b5cc6d9984064368 phase=decode requests=8de7c5b04b184d1cbc3645195ef60a7d
0.0,37255555,2,18627777.5,18627777.5,18616702,18638853,15663.1,PushPop,:batch=c1d2bb62ad2d4b4a8e78d826906dc3f3 phase=decode requests=8de7c5b04b184d1cbc3645195ef60a7d
0.0,37255211,2,18627605.5,18627605.5,18619274,18635937,11782.5,PushPop,:batch=c9ccc2e67ecd4085b5a2ac6378352bdd phase=decode requests=8de7c5b04b184d1cbc3645195ef60a7d
0.0,37255003,2,18627501.5,18627501.5,18619502,18635501,11313.0,PushPop,:batch=7335bf0614fa4fdbaf28bab1516af018 phase=decode requests=8de7c5b04b184d1cbc3645195ef60a7d
0.0,37254250,2,18627125.0,18627125.0,18619009,18635241,11477.8,PushPop,:batch=8cdddfa584384e73b7fbef8574346288 phase=decode requests=8de7c5b04b184d1cbc3645195ef60a7d
0.0,37252906,2,18626453.0,18626453.0,18601708,18651198,34994.7,PushPop,":batch=32c86ca38e8e4feaba83ce5b18d5a504 phase=decode requests=399c9677f6e44195897e25ec5ce1daa1,422bf3769b9f45beb57c62f13989c6e8,3255e14c8cb54f1cbdd701ebd201f7b8,a8d52d0acece4573abce53495dc615f9"
0.0,37252387,2,18626193.5,18626193.5,18614602,18637785,16392.9,PushPop,:batch=eb59cd520dc94516a986eef85b5ef4bb phase=decode requests=8de7c5b04b184d1cbc3645195ef60a7d
0.0,37251788,2,18625894.0,18625894.0,18625019,18626769,1237.4,PushPop,:batch=50be0a330d3740558e78982dfa64b541 phase=decode requests=8de7c5b04b184d1cbc3645195ef60a7d
0.0,37251716,2,18625858.0,18625858.0,18604204,18647512,30623.4,PushPop,":batch=596b4e9c890b4c32916a5484899387a7 phase=decode requests=7aa4ba8d31af45f58706a52eb0ad3328,baabce1b18024e189120c512bc680496,046f00cf0a7d4816a65a9b0acad7230b,46ac3b484ea545d181b2d3e8af73623f"
0.0,37251523,2,18625761.5,18625761.5,18594945,18656578,43581.1,PushPop,":batch=c698af66e3a547dca25fafde59be1681 phase=decode requests=7aa4ba8d31af45f58706a52eb0ad3328,baabce1b18024e189120c512bc680496,046f00cf0a7d4816a65a9b0acad7230b,46ac3b484ea545d181b2d3e8af73623f"
0.0,37251268,2,18625634.0,18625634.0,18592232,18659036,47237.6,PushPop,":batch=5a412301e6014aff9b9a433701d943f2 phase=decode requests=399c9677f6e44195897e25ec5ce1daa1,422bf3769b9f45beb57c62f13989c6e8,3255e14c8cb54f1cbdd701ebd201f7b8,a8d52d0acece4573abce53495dc615f9"
0.0,37251226,2,18625613.0,18625613.0,18606897,18644329,26468.4,PushPop,:batch=365706287ba842b88325127749db4bc8 phase=decode requests=8de7c5b04b184d1cbc3645195ef60a7d
0.0,37250442,2,18625221.0,18625221.0,18597494,18652948,39211.9,PushPop,":batch=abc86ff801734f03bdaed0b4a9adf993 phase=decode requests=7aa4ba8d31af45f58706a52eb0ad3328,baabce1b18024e189120c512bc680496,046f00cf0a7d4816a65a9b0acad7230b,46ac3b484ea545d181b2d3e8af73623f"
0.0,37250284,2,18625142.0,18625142.0,18624359,18625925,1107.3,PushPop,:batch=f3431dfec1194c7eb3b41dea22c20740 phase=decode requests=8de7c5b04b184d1cbc3645195ef60a7d
0.0,37250044,2,18625022.0,18625022.0,18608900,18641144,22800.0,PushPop,":batch=4a8e208fc9ec4173914e80256e147706 phase=decode requests=7aa4ba8d31af45f58706a52eb0ad3328,baabce1b18024e189120c512bc680496,046f00cf0a7d4816a65a9b0acad7230b,46ac3b484ea545d181b2d3e8af73623f"
0.0,37249910,2,18624955.0,18624955.0,18596241,18653669,40607.7,PushPop,":batch=714565594c9144ec86280d5ce139d158 phase=decode requests=7aa4ba8d31af45f58706a52eb0ad3328,baabce1b18024e189120c512bc680496,046f00cf0a7d4816a65a9b0acad7230b,46ac3b484ea545d181b2d3e8af73623f"
0.0,37249566,2,18624783.0,18624783.0,18607867,18641699,23922.8,PushPop,:batch=4b0579e3a18c43f2ba34561f9de405ba phase=decode requests=8de7c5b04b184d1cbc3645195ef60a7d
0.0,37249204,2,18624602.0,18624602.0,18592331,18656873,45638.1,PushPop,":batch=64ea446711a54c55be5c2cbcdb0c1ec4 phase=decode requests=7aa4ba8d31af45f58706a52eb0ad3328,baabce1b18024e189120c512bc680496,046f00cf0a7d4816a65a9b0acad7230b,46ac3b484ea545d181b2d3e8af73623f"
0.0,37248863,2,18624431.5,18624431.5,18605294,18643569,27064.5,PushPop,:batch=41a0f337d6734e92acfefbe88232db8c phase=decode requests=8de7c5b04b184d1cbc3645195ef60a7d
0.0,37248774,2,18624387.0,18624387.0,18606341,18642433,25520.9,PushPop,:batch=ee1afd3cb5124d35aa07a2570347fc80 phase=decode requests=8de7c5b04b184d1cbc3645195ef60a7d
0.0,37248657,2,18624328.5,18624328.5,18598697,18649960,36248.4,PushPop,":batch=2def5e6a8a934596a6691220e8b1e42a phase=decode requests=399c9677f6e44195897e25ec5ce1daa1,422bf3769b9f45beb57c62f13989c6e8,3255e14c8cb54f1cbdd701ebd201f7b8,a8d52d0acece4573abce53495dc615f9"
0.0,37248477,2,18624238.5,18624238.5,18592677,18655800,44634.7,PushPop,":batch=4ee0c246e4954c34bd7bc4bf9886efaf phase=decode requests=399c9677f6e44195897e25ec5ce1daa1,422bf3769b9f45beb57c62f13989c6e8,3255e14c8cb54f1cbdd701ebd201f7b8,a8d52d0acece4573abce53495dc615f9"
0.0,37248123,2,18624061.5,18624061.5,18600910,18647213,32741.2,PushPop,:batch=9f44296a27e544e091123dbe48b78ace phase=decode requests=8de7c5b04b184d1cbc3645195ef60a7d
0.0,37247952,2,18623976.0,18623976.0,18589085,18658867,49343.3,PushPop,:batch=546ca63783a64d7aa97f2e5212963d1a phase=decode requests=8de7c5b04b184d1cbc3645195ef60a7d
0.0,37247800,2,18623900.0,18623900.0,18597402,18650398,37473.8,PushPop,:batch=a180f2fd92db4cdc998b764025fb8443 phase=decode requests=8de7c5b04b184d1cbc3645195ef60a7d
0.0,37247385,2,18623692.5,18623692.5,18620140,18627245,5024.0,PushPop,:batch=947317befb4f4c5e99b79388648a781d phase=decode requests=8de7c5b04b184d1cbc3645195ef60a7d
0.0,37247111,2,18623555.5,18623555.5,18595130,18651981,40199.7,PushPop,":batch=2b03c01461c34b30937d66ea2967cd1a phase=decode requests=7aa4ba8d31af45f58706a52eb0ad3328,baabce1b18024e189120c512bc680496,046f00cf0a7d4816a65a9b0acad7230b,46ac3b484ea545d181b2d3e8af73623f"
0.0,37247083,2,18623541.5,18623541.5,18594986,18652097,40383.6,PushPop,":batch=feb67f5b6c504ddc9b38498563867ee6 phase=decode requests=399c9677f6e44195897e25ec5ce1daa1,422bf3769b9f45beb57c62f13989c6e8,3255e14c8cb54f1cbdd701ebd201f7b8,a8d52d0acece4573abce53495dc615f9"
0.0,37247068,2,18623534.0,18623534.0,18591934,18655134,44689.1,PushPop,":batch=cb1a9a0600ee454faedccf9fc1d60934 phase=decode requests=7aa4ba8d31af45f58706a52eb0ad3328,baabce1b18024e189120c512bc680496,046f00cf0a7d4816a65a9b0acad7230b,46ac3b484ea545d181b2d3e8af73623f"
0.0,37246722,2,18623361.0,18623361.0,18615416,18631306,11235.9,PushPop,:batch=7b4c546fb15a421596f81782c82b79c8 phase=decode requests=8de7c5b04b184d1cbc3645195ef60a7d
0.0,37246469,2,18623234.5,18623234.5,18601290,18645179,31034.2,PushPop,":batch=a3fd2b6710ec4d95949111219bbcecdc phase=decode requests=7aa4ba8d31af45f58706a52eb0ad3328,baabce1b18024e189120c512bc680496,046f00cf0a7d4816a65a9b0acad7230b,46ac3b484ea545d181b2d3e8af73623f"
0.0,37246008,2,18623004.0,18623004.0,18594794,18651214,39895.0,PushPop,:batch=1414b8765199485daf3c3db8c1131171 phase=decode requests=8de7c5b04b184d1cbc3645195ef60a7d
0.0,37245566,2,18622783.0,18622783.0,18595065,18650501,39199.2,PushPop,":batch=f179ebadd4234382ae1a6567ec922aa0 phase=decode requests=399c9677f6e44195897e25ec5ce1daa1,422bf3769b9f45beb57c62f13989c6e8,3255e14c8cb54f1cbdd701ebd201f7b8,a8d52d0acece4573abce53495dc615f9"
0.0,37244689,2,18622344.5,18622344.5,18600245,18644444,31253.4,PushPop,:batch=6c307f29f88f4ff19001f177bb8d3893 phase=decode requests=8de7c5b04b184d1cbc3645195ef60a7d
0.0,37244649,2,18622324.5,18622324.5,18596275,18648374,36839.6,PushPop,:batch=d8388b1c73c342e1b89a26bbeee74cbb phase=decode requests=8de7c5b04b184d1cbc3645195ef60a7d
0.0,37244387,2,18622193.5,18622193.5,18597841,18646546,34439.6,PushPop,:batch=355db28a8a444a3aac6cedab290eda21 phase=decode requests=8de7c5b04b184d1cbc3645195ef60a7d
0.0,37244274,2,18622137.0,18622137.0,18606563,18637711,22025.0,PushPop,:batch=c3b45c52fb7240eb93147b91f4fa8ebd phase=decode requests=8de7c5b04b184d1cbc3645195ef60a7d
0.0,37244213,2,18622106.5,18622106.5,18591365,18652848,43475.0,PushPop,:batch=4c59f3c007554d9ba15fb9db9d2fbea9 phase=decode requests=8de7c5b04b184d1cbc3645195ef60a7d
0.0,37244127,2,18622063.5,18622063.5,18590140,18653987,45146.6,PushPop,:batch=0dc8a0bae9f64c2fbdd44971b0cfaa40 phase=decode requests=8de7c5b04b184d1cbc3645195ef60a7d
0.0,37243644,2,18621822.0,18621822.0,18610804,18632840,15581.8,PushPop,:batch=38fbbb335111409f9d3240fd77ee2323 phase=decode requests=8de7c5b04b184d1cbc3645195ef60a7d
0.0,37243171,2,18621585.5,18621585.5,18588336,18654835,47021.9,PushPop,":batch=6a7ab5422ce740d683ca612b91247a4d phase=decode requests=399c9677f6e44195897e25ec5ce1daa1,422bf3769b9f45beb57c62f13989c6e8,3255e14c8cb54f1cbdd701ebd201f7b8,a8d52d0acece4573abce53495dc615f9"
0.0,37243139,2,18621569.5,18621569.5,18603359,18639780,25753.5,PushPop,:batch=4bd48720d88947a899f32053fdea0c8a phase=decode requests=8de7c5b04b184d1cbc3645195ef60a7d
0.0,37243122,2,18621561.0,18621561.0,18606748,18636374,20948.7,PushPop,:batch=c58e421acec04e068c500139dea0bcc7 phase=decode requests=8de7c5b04b184d1cbc3645195ef60a7d
0.0,37242135,2,18621067.5,18621067.5,18606503,18635632,20597.3,PushPop,:batch=c3b504a4ebb143dfadd4312930db8e7a phase=decode requests=8de7c5b04b184d1cbc3645195ef60a7d
0.0,37242019,2,18621009.5,18621009.5,18593527,18648492,38866.1,PushPop,:batch=cc73fbb2b80346c39279b7a4e81a0c9b phase=decode requests=8de7c5b04b184d1cbc3645195ef60a7d
0.0,37241956,2,18620978.0,18620978.0,18588689,18653267,45663.5,PushPop,:batch=87e99d3159df40b3a7d691aaef9e3162 phase=decode requests=8de7c5b04b184d1cbc3645195ef60a7d
0.0,37241851,2,18620925.5,18620925.5,18587831,18654020,46802.7,PushPop,:batch=5ab8c92499bb4d7198887b3bf4e1f5e4 phase=decode requests=8de7c5b04b184d1cbc3645195ef60a7d
0.0,37241681,2,18620840.5,18620840.5,18580080,18661601,57644.1,PushPop,:batch=0f8240c93c1e430f9cc061ea74ebfec0 phase=decode requests=c47f16e66de94d7ebc64adfc42386324
0.0,37241612,2,18620806.0,18620806.0,18594138,18647474,37714.2,PushPop,":batch=73d29f26d3f4446c81e642ee1a8ca948 phase=decode requests=399c9677f6e44195897e25ec5ce1daa1,422bf3769b9f45beb57c62f13989c6e8,3255e14c8cb54f1cbdd701ebd201f7b8,a8d52d0acece4573abce53495dc615f9"
0.0,37241569,2,18620784.5,18620784.5,18610522,18631047,14513.4,PushPop,:batch=9d6d09fac6fd46f384c476275db23a4a phase=decode requests=8de7c5b04b184d1cbc3645195ef60a7d
0.0,37240599,2,18620299.5,18620299.5,18608526,18632073,16650.2,PushPop,:batch=08720a0cf3564a0c96a4d2a47cc32435 phase=decode requests=8de7c5b04b184d1cbc3645195ef60a7d
0.0,37240502,2,18620251.0,18620251.0,18603018,18637484,24371.1,PushPop,:batch=a1a516d48c394b1b962f6243083ad5bb phase=decode requests=8de7c5b04b184d1cbc3645195ef60a7d
0.0,37240469,2,18620234.5,18620234.5,18595957,18644512,34333.6,PushPop,:batch=8b9e1ff6415241c6b61b8dd48613a718 phase=decode requests=8de7c5b04b184d1cbc3645195ef60a7d
0.0,37240402,2,18620201.0,18620201.0,18594734,18645668,36015.8,PushPop,":batch=e097f42f46fd43038c0190b6cfc9b8b4 phase=decode requests=399c9677f6e44195897e25ec5ce1daa1,422bf3769b9f45beb57c62f13989c6e8,3255e14c8cb54f1cbdd701ebd201f7b8,a8d52d0acece4573abce53495dc615f9"
0.0,37239942,2,18619971.0,18619971.0,18591619,18648323,40095.8,PushPop,":batch=769a6918f24d4ce7b4294ebccf7b1c61 phase=decode requests=399c9677f6e44195897e25ec5ce1daa1,422bf3769b9f45beb57c62f13989c6e8,3255e14c8cb54f1cbdd701ebd201f7b8,a8d52d0acece4573abce53495dc615f9"
0.0,37238899,2,18619449.5,18619449.5,18595231,18643668,34250.1,PushPop,:batch=9c26afe834f54a969e7198d5d8c5c38f phase=decode requests=8de7c5b04b184d1cbc3645195ef60a7d
0.0,37238373,2,18619186.5,18619186.5,18601361,18637012,25209.1,PushPop,:batch=98c14e1632854fc98114b8eafb4f5f79 phase=decode requests=8de7c5b04b184d1cbc3645195ef60a7d
0.0,37237700,2,18618850.0,18618850.0,18577102,18660598,59040.6,PushPop,":batch=8daa63048a224e78a987d21bf2c01e16 phase=decode requests=7aa4ba8d31af45f58706a52eb0ad3328,baabce1b18024e189120c512bc680496,046f00cf0a7d4816a65a9b0acad7230b,46ac3b484ea545d181b2d3e8af73623f"
0.0,37236944,2,18618472.0,18618472.0,18595883,18641061,31945.7,PushPop,:batch=fb89f733eaca4268ae53c9ccb240872c phase=decode requests=8de7c5b04b184d1cbc3645195ef60a7d
0.0,37236877,2,18618438.5,18618438.5,18594247,18642630,34211.9,PushPop,:batch=3d7f43a7ab274caa9429d1f2faf988fb phase=decode requests=8de7c5b04b184d1cbc3645195ef60a7d
0.0,37236799,2,18618399.5,18618399.5,18562240,18674559,79421.5,PushPop,":batch=076e20763655452aa9fc5f190ecf64eb phase=decode requests=7aa4ba8d31af45f58706a52eb0ad3328,baabce1b18024e189120c512bc680496,046f00cf0a7d4816a65a9b0acad7230b,46ac3b484ea545d181b2d3e8af73623f"
0.0,37236774,2,18618387.0,18618387.0,18582457,18654317,50812.7,PushPop,":batch=48db78a58b1e42deb598b16cc131adee phase=decode requests=399c9677f6e44195897e25ec5ce1daa1,422bf3769b9f45beb57c62f13989c6e8,3255e14c8cb54f1cbdd701ebd201f7b8,a8d52d0acece4573abce53495dc615f9"
0.0,37235615,2,18617807.5,18617807.5,18579551,18656064,54102.9,PushPop,:batch=829ea7bcefcf492a8ed6788d6c0b83ab phase=decode requests=8de7c5b04b184d1cbc3645195ef60a7d
0.0,37235530,2,18617765.0,18617765.0,18579697,18655833,53836.3,PushPop,:batch=223431109b1143db9cc9b71ea373fe9c phase=decode requests=aaa729f093b64e2aaeeda0c4bda76f3d
0.0,37235260,2,18617630.0,18617630.0,18590373,18644887,38547.2,PushPop,":batch=a14301d04a174fd787cf3cd979d44815 phase=decode requests=399c9677f6e44195897e25ec5ce1daa1,422bf3769b9f45beb57c62f13989c6e8,3255e14c8cb54f1cbdd701ebd201f7b8,a8d52d0acece4573abce53495dc615f9"
0.0,37235233,2,18617616.5,18617616.5,18597987,18637246,27760.3,PushPop,":batch=aebe3c17e37e47e686afe81f4cb5bf10 phase=decode requests=7aa4ba8d31af45f58706a52eb0ad3328,baabce1b18024e189120c512bc680496,046f00cf0a7d4816a65a9b0acad7230b,46ac3b484ea545d181b2d3e8af73623f"
0.0,37235064,2,18617532.0,18617532.0,18603435,18631629,19936.2,PushPop,:batch=cf5e95a3f9714da99a73959791ba9bec phase=decode requests=8de7c5b04b184d1cbc3645195ef60a7d
0.0,37234981,2,18617490.5,18617490.5,18585879,18649102,44705.4,PushPop,":batch=9fd81213e61f4dd7b9141e3fe93d1810 phase=decode requests=399c9677f6e44195897e25ec5ce1daa1,422bf3769b9f45beb57c62f13989c6e8,3255e14c8cb54f1cbdd701ebd201f7b8,a8d52d0acece4573abce53495dc615f9"
0.0,37234839,2,18617419.5,18617419.5,18592697,18642142,34962.9,PushPop,:batch=db16ed43c5c04ac18e3896fca15b4016 phase=decode requests=8de7c5b04b184d1cbc3645195ef60a7d
0.0,37234749,2,18617374.5,18617374.5,18593502,18641247,33760.8,PushPop,:batch=b6073ad935944dbb8bf28b5a80edf489 phase=decode requests=8de7c5b04b184d1cbc3645195ef60a7d
0.0,37234631,2,18617315.5,18617315.5,18587742,18646889,41823.2,PushPop,:batch=99f60d5b3c7948ea82442c7aa6acc13b phase=decode requests=8de7c5b04b184d1cbc3645195ef60a7d
0.0,37234436,2,18617218.0,18617218.0,18591505,18642931,36363.7,PushPop,:batch=893e9f3e99534bf9bfafe07e43d8e0f1 phase=decode requests=8de7c5b04b184d1cbc3645195ef60a7d
0.0,37234012,2,18617006.0,18617006.0,18610766,18623246,8824.7,PushPop,:batch=602d70e2cf55470da109fa9b879dd844 phase=decode requests=8de7c5b04b184d1cbc3645195ef60a7d
0.0,37233976,2,18616988.0,18616988.0,18595315,18638661,30650.3,PushPop,:batch=33a5ec1188ed4e05a58ffea075360874 phase=decode requests=8de7c5b04b184d1cbc3645195ef60a7d
0.0,37233649,2,18616824.5,18616824.5,18609599,18624050,10218.4,PushPop,:batch=0409ec63f0b54414816e78f0b65aff29 phase=decode requests=8de7c5b04b184d1cbc3645195ef60a7d
0.0,37233540,2,18616770.0,18616770.0,18594968,18638572,30832.7,PushPop,:batch=9e4f2cecc5924bf8b0e712aca3137b59 phase=decode requests=8de7c5b04b184d1cbc3645195ef60a7d
0.0,37233472,2,18616736.0,18616736.0,18575167,18658305,58787.4,PushPop,":batch=3f32bb9e478644c6b729e5d7d5f39c99 phase=decode requests=7aa4ba8d31af45f58706a52eb0ad3328,baabce1b18024e189120c512bc680496,046f00cf0a7d4816a65a9b0acad7230b,46ac3b484ea545d181b2d3e8af73623f"
0.0,37233202,2,18616601.0,18616601.0,18614775,18618427,2582.4,PushPop,:batch=47a3effa22d74741a1c3073c53d710de phase=decode requests=8de7c5b04b184d1cbc3645195ef60a7d
0.0,37233061,2,18616530.5,18616530.5,18582780,18650281,47730.4,PushPop,":batch=48a23324cadd4e0b997435959b4fe05c phase=decode requests=7aa4ba8d31af45f58706a52eb0ad3328,baabce1b18024e189120c512bc680496,046f00cf0a7d4816a65a9b0acad7230b,46ac3b484ea545d181b2d3e8af73623f"
0.0,37232883,2,18616441.5,18616441.5,18589012,18643871,38791.2,PushPop,:batch=6f269ad430854585a36dfb1e35ff2ea3 phase=decode requests=aaa729f093b64e2aaeeda0c4bda76f3d
0.0,37232801,2,18616400.5,18616400.5,18614616,18618185,2523.7,PushPop,:batch=efedd8e49e6949b8b2dd6c067f8a65f2 phase=decode requests=8de7c5b04b184d1cbc3645195ef60a7d
0.0,37232581,2,18616290.5,18616290.5,18599519,18633062,23718.5,PushPop,:batch=f1068cb3808d421491abbcb9335f3dee phase=decode requests=8de7c5b04b184d1cbc3645195ef60a7d
0.0,37232491,2,18616245.5,18616245.5,18571095,18661396,63852.4,PushPop,":batch=2ccf2ce059e04c4c9241870717f55cd0 phase=decode requests=7aa4ba8d31af45f58706a52eb0ad3328,baabce1b18024e189120c512bc680496,046f00cf0a7d4816a65a9b0acad7230b,46ac3b484ea545d181b2d3e8af73623f"
0.0,37232295,2,18616147.5,18616147.5,18585890,18646405,42790.6,PushPop,":batch=133503230c9344cd846e84cf47b7c60f phase=decode requests=7aa4ba8d31af45f58706a52eb0ad3328,baabce1b18024e189120c512bc680496,046f00cf0a7d4816a65a9b0acad7230b,46ac3b484ea545d181b2d3e8af73623f"
0.0,37231725,2,18615862.5,18615862.5,18583492,18648233,45778.8,PushPop,":batch=5ac096312a1449378f5c6953d1df20c5 phase=decode requests=399c9677f6e44195897e25ec5ce1daa1,422bf3769b9f45beb57c62f13989c6e8,3255e14c8cb54f1cbdd701ebd201f7b8,a8d52d0acece4573abce53495dc615f9"
0.0,37231632,2,18615816.0,18615816.0,18587208,18644424,40457.8,PushPop,":batch=c2ea3a9b92ec4364b033078254054b01 phase=decode requests=7aa4ba8d31af45f58706a52eb0ad3328,baabce1b18024e189120c512bc680496,046f00cf0a7d4816a65a9b0acad7230b,46ac3b484ea545d181b2d3e8af73623f"
0.0,37231399,2,18615699.5,18615699.5,18604748,18626651,15487.8,PushPop,:batch=0718c4caa1fc4977a37abedb34580e5b phase=decode requests=8de7c5b04b184d1cbc3645195ef60a7d
0.0,37230974,2,18615487.0,18615487.0,18577476,18653498,53755.7,PushPop,":batch=b543fd23370e4f1f9a1f68d5ab46295e phase=decode requests=399c9677f6e44195897e25ec5ce1daa1,422bf3769b9f45beb57c62f13989c6e8,3255e14c8cb54f1cbdd701ebd201f7b8,a8d52d0acece4573abce53495dc615f9"
0.0,37230972,2,18615486.0,18615486.0,18605823,18625149,13665.5,PushPop,:batch=5d468262a2f1421d9e80101b03f42c91 phase=decode requests=8de7c5b04b184d1cbc3645195ef60a7d
0.0,37230760,2,18615380.0,18615380.0,18598528,18632232,23832.3,PushPop,:batch=9d60234d23ac41f98eb6a8cc4d059253 phase=decode requests=8de7c5b04b184d1cbc3645195ef60a7d
0.0,37230564,2,18615282.0,18615282.0,18579049,18651515,51241.2,PushPop,":batch=22a431192b7c4189871513da5fa83327 phase=decode requests=7aa4ba8d31af45f58706a52eb0ad3328,baabce1b18024e189120c512bc680496,046f00cf0a7d4816a65a9b0acad7230b,46ac3b484ea545d181b2d3e8af73623f"
0.0,37230353,2,18615176.5,18615176.5,18597070,18633283,25606.5,PushPop,:batch=228c687a620048439a56caea705c6381 phase=decode requests=8de7c5b04b184d1cbc3645195ef60a7d
0.0,37230078,2,18615039.0,18615039.0,18595369,18634709,27817.6,PushPop,:batch=e664ca288e2b47429d63bd25470d4692 phase=decode requests=8de7c5b04b184d1cbc3645195ef60a7d
0.0,37229831,2,18614915.5,18614915.5,18578895,18650936,50940.7,PushPop,":batch=fcf55d87b0114905843edb98ea685cbf phase=decode requests=399c9677f6e44195897e25ec5ce1daa1,422bf3769b9f45beb57c62f13989c6e8,3255e14c8cb54f1cbdd701ebd201f7b8,a8d52d0acece4573abce53495dc615f9"
0.0,37229650,2,18614825.0,18614825.0,18587741,18641909,38302.6,PushPop,:batch=a686cbc5b38e4b50872390d4c9c703e9 phase=decode requests=8de7c5b04b184d1cbc3645195ef60a7d
0.0,37229003,2,18614501.5,18614501.5,18588650,18640353,36559.5,PushPop,:batch=de1fc88ec93a4515a281c6adf0a30fc5 phase=decode requests=8de7c5b04b184d1cbc3645195ef60a7d
0.0,37228984,2,18614492.0,18614492.0,18585309,18643675,41271.0,PushPop,:batch=36bd28284070423c8ac161cfa904947f phase=decode requests=8de7c5b04b184d1cbc3645195ef60a7d
0.0,37228743,2,18614371.5,18614371.5,18568606,18660137,64722.2,PushPop,":batch=0db0a9d155cc4343838af9afdc0dd075 phase=decode requests=7aa4ba8d31af45f58706a52eb0ad3328,baabce1b18024e189120c512bc680496,046f00cf0a7d4816a65a9b0acad7230b,46ac3b484ea545d181b2d3e8af73623f"
0.0,37228714,2,18614357.0,18614357.0,18588187,18640527,37010.0,PushPop,:batch=be87d3f5bdaa40ff8fe29935d687f550 phase=decode requests=8de7c5b04b184d1cbc3645195ef60a7d
0.0,37228658,2,18614329.0,18614329.0,18587395,18641263,38090.4,PushPop,":batch=bb6f07ae663844ebb15e508c41980456 phase=decode requests=399c9677f6e44195897e25ec5ce1daa1,422bf3769b9f45beb57c62f13989c6e8,3255e14c8cb54f1cbdd701ebd201f7b8,a8d52d0acece4573abce53495dc615f9"
0.0,37228104,2,18614052.0,18614052.0,18600437,18627667,19254.5,PushPop,:batch=47803084976f4f8eabb003c65f5ca9a8 phase=decode requests=8de7c5b04b184d1cbc3645195ef60a7d
0.0,37227048,2,18613524.0,18613524.0,18581613,18645435,45129.0,PushPop,":batch=8ba2cc2a79444a32adbaa708362ebfeb phase=decode requests=399c9677f6e44195897e25ec5ce1daa1,422bf3769b9f45beb57c62f13989c6e8,3255e14c8cb54f1cbdd701ebd201f7b8,a8d52d0acece4573abce53495dc615f9"
0.0,37226998,2,18613499.0,18613499.0,18591123,18635875,31644.4,PushPop,:batch=0b9a3d7133a24c469b2e2ed3317faa4c phase=decode requests=8de7c5b04b184d1cbc3645195ef60a7d
0.0,37226814,2,18613407.0,18613407.0,18600928,18625886,17648.0,PushPop,:batch=3d17b58672b94277b4e9910a41d1b7ec phase=decode requests=8de7c5b04b184d1cbc3645195ef60a7d
0.0,37226432,2,18613216.0,18613216.0,18584752,18641680,40254.2,PushPop,:batch=c8436b3dd3c74d90ad29b392719f1fb5 phase=decode requests=8de7c5b04b184d1cbc3645195ef60a7d
0.0,37225790,2,18612895.0,18612895.0,18585498,18640292,38745.2,PushPop,":batch=0296455557b14dda94eae38523a159ba phase=decode requests=7aa4ba8d31af45f58706a52eb0ad3328,baabce1b18024e189120c512bc680496,046f00cf0a7d4816a65a9b0acad7230b,46ac3b484ea545d181b2d3e8af73623f"
0.0,37225643,2,18612821.5,18612821.5,18588344,18637299,34616.4,PushPop,:batch=62d8a83a794f4a84a995559bebe3ac9b phase=decode requests=8de7c5b04b184d1cbc3645195ef60a7d
0.0,37224709,2,18612354.5,18612354.5,18575188,18649521,52561.4,PushPop,:batch=de30a62600464f2d8b630560527b3a41 phase=decode requests=1cf8552479e145fd966a17841209a06f
0.0,37224668,2,18612334.0,18612334.0,18583165,18641503,41251.2,PushPop,":batch=d64b9ea2f70e403d99de722e6e135a80 phase=decode requests=7aa4ba8d31af45f58706a52eb0ad3328,baabce1b18024e189120c512bc680496,046f00cf0a7d4816a65a9b0acad7230b,46ac3b484ea545d181b2d3e8af73623f"
0.0,37223901,2,18611950.5,18611950.5,18584456,18639445,38883.1,PushPop,:batch=3fb09417a083436d904e5cb534e3aeb6 phase=decode requests=8de7c5b04b184d1cbc3645195ef60a7d
0.0,37223868,2,18611934.0,18611934.0,18588667,18635201,32904.5,PushPop,:batch=fa25630611954c6c99fddfee9bdea19e phase=decode requests=8de7c5b04b184d1cbc3645195ef60a7d
0.0,37223560,2,18611780.0,18611780.0,18564222,18659338,67257.2,PushPop,":batch=426165d5f20642728ad3a6e7583c8bd1 phase=decode requests=7aa4ba8d31af45f58706a52eb0ad3328,baabce1b18024e189120c512bc680496,046f00cf0a7d4816a65a9b0acad7230b,46ac3b484ea545d181b2d3e8af73623f"
0.0,37223379,2,18611689.5,18611689.5,18588830,18634549,32328.2,PushPop,:batch=9c34a341e7f94cf29433a73bda9b67fc phase=decode requests=8de7c5b04b184d1cbc3645195ef60a7d
0.0,37223322,2,18611661.0,18611661.0,18576346,18646976,49943.0,PushPop,":batch=996a3fad770f42b0846b18acf095c206 phase=decode requests=7aa4ba8d31af45f58706a52eb0ad3328,baabce1b18024e189120c512bc680496,046f00cf0a7d4816a65a9b0acad7230b,46ac3b484ea545d181b2d3e8af73623f"
0.0,37223313,2,18611656.5,18611656.5,18585585,18637728,36870.7,PushPop,":batch=7b546ead7fcd461f91681be615a70e10 phase=decode requests=399c9677f6e44195897e25ec5ce1daa1,422bf3769b9f45beb57c62f13989c6e8,3255e14c8cb54f1cbdd701ebd201f7b8,a8d52d0acece4573abce53495dc615f9"
0.0,37222129,2,18611064.5,18611064.5,18585013,18637116,36842.4,PushPop,:batch=96485c920ab8477bb3346028261dfde6 phase=decode requests=8de7c5b04b184d1cbc3645195ef60a7d
0.0,37221931,2,18610965.5,18610965.5,18600358,18621573,15001.3,PushPop,:batch=03a41cef56374c43832a7e67a645d0c1 phase=decode requests=8de7c5b04b184d1cbc3645195ef60a7d
0.0,37221518,2,18610759.0,18610759.0,18589661,18631857,29837.1,PushPop,":batch=4198e15af618479aac8ffd82ccce2c60 phase=decode requests=7aa4ba8d31af45f58706a52eb0ad3328,baabce1b18024e189120c512bc680496,046f00cf0a7d4816a65a9b0acad7230b,46ac3b484ea545d181b2d3e8af73623f"
0.0,37221514,2,18610757.0,18610757.0,18568471,18653043,59801.4,PushPop,":batch=1b68a1f01d7a4761a72805bd4359979d phase=decode requests=399c9677f6e44195897e25ec5ce1daa1,422bf3769b9f45beb57c62f13989c6e8,3255e14c8cb54f1cbdd701ebd201f7b8,a8d52d0acece4573abce53495dc615f9"
0.0,37221438,2,18610719.0,18610719.0,18584513,18636925,37060.9,PushPop,:batch=328665ff99ac401793418591f2f7b169 phase=decode requests=8de7c5b04b184d1cbc3645195ef60a7d
0.0,37221305,2,18610652.5,18610652.5,18594611,18626694,22686.1,PushPop,":batch=7eddb4ba5d224caabbd27296b92506aa phase=decode requests=399c9677f6e44195897e25ec5ce1daa1,422bf3769b9f45beb57c62f13989c6e8,3255e14c8cb54f1cbdd701ebd201f7b8,a8d52d0acece4573abce53495dc615f9"
0.0,37220363,2,18610181.5,18610181.5,18582492,18637871,39158.9,PushPop,":batch=ab2574955be14267a84b5f678db589c0 phase=decode requests=399c9677f6e44195897e25ec5ce1daa1,422bf3769b9f45beb57c62f13989c6e8,3255e14c8cb54f1cbdd701ebd201f7b8,a8d52d0acece4573abce53495dc615f9"
0.0,37220056,2,18610028.0,18610028.0,18578495,18641561,44594.4,PushPop,:batch=82e229291cec4902b40f44be55aa64a0 phase=decode requests=8de7c5b04b184d1cbc3645195ef60a7d
0.0,37219897,2,18609948.5,18609948.5,18580882,18639015,41106.2,PushPop,":batch=51ee29a532f346949a3fe9b13e158ba8 phase=decode requests=399c9677f6e44195897e25ec5ce1daa1,422bf3769b9f45beb57c62f13989c6e8,3255e14c8cb54f1cbdd701ebd201f7b8,a8d52d0acece4573abce53495dc615f9"
0.0,37219588,2,18609794.0,18609794.0,18591356,18628232,26075.3,PushPop,:batch=87181a9986964f0b82ed9ddb332e788d phase=decode requests=8de7c5b04b184d1cbc3645195ef60a7d
0.0,37219562,2,18609781.0,18609781.0,18596741,18622821,18441.3,PushPop,:batch=14622b28479a40a48bd364cfb821f647 phase=decode requests=8de7c5b04b184d1cbc3645195ef60a7d
0.0,37219031,2,18609515.5,18609515.5,18574314,18644717,49782.4,PushPop,":batch=c5b525a234024f3e8c91d6a25d314856 phase=decode requests=7aa4ba8d31af45f58706a52eb0ad3328,baabce1b18024e189120c512bc680496,046f00cf0a7d4816a65a9b0acad7230b,46ac3b484ea545d181b2d3e8af73623f"
0.0,37218356,2,18609178.0,18609178.0,18579123,18639233,42504.2,PushPop,":batch=5b25c3cdc6ba4e9495c8a0a5576d97c7 phase=decode requests=7aa4ba8d31af45f58706a52eb0ad3328,baabce1b18024e189120c512bc680496,046f00cf0a7d4816a65a9b0acad7230b,46ac3b484ea545d181b2d3e8af73623f"
0.0,37218199,2,18609099.5,18609099.5,18598817,18619382,14541.7,PushPop,:batch=00da6d9abdbe4f6fbc39c3f75982fc9b phase=decode requests=8de7c5b04b184d1cbc3645195ef60a7d
0.0,37218082,2,18609041.0,18609041.0,18603599,18614483,7696.2,PushPop,:batch=ed6dd41723524390aa0a13a13198e8f0 phase=decode requests=8de7c5b04b184d1cbc3645195ef60a7d
0.0,37217375,2,18608687.5,18608687.5,18583403,18633972,35757.7,PushPop,":batch=9cd3308228954484a7d4a3e9373a1ff5 phase=decode requests=399c9677f6e44195897e25ec5ce1daa1,422bf3769b9f45beb57c62f13989c6e8,3255e14c8cb54f1cbdd701ebd201f7b8,a8d52d0acece4573abce53495dc615f9"
0.0,37217356,2,18608678.0,18608678.0,18599065,18618291,13594.8,PushPop,:batch=ad16766b61c9466fa41a8047eb8d6a6c phase=decode requests=8de7c5b04b184d1cbc3645195ef60a7d
0.0,37217094,2,18608547.0,18608547.0,18584774,18632320,33620.1,PushPop,:batch=5ee83e22edc544b390f797b5d3e3f366 phase=decode requests=8de7c5b04b184d1cbc3645195ef60a7d
0.0,37216909,2,18608454.5,18608454.5,18584332,18632577,34114.4,PushPop,:batch=8bdd5ff3a4cb455a91d549436118f363 phase=decode requests=8de7c5b04b184d1cbc3645195ef60a7d
0.0,37216899,2,18608449.5,18608449.5,18594326,18622573,19973.6,PushPop,:batch=4141ef4fbf2c49a7adc429a1342dec7e phase=decode requests=8de7c5b04b184d1cbc3645195ef60a7d
0.0,37216658,2,18608329.0,18608329.0,18585057,18631601,32911.6,PushPop,:batch=e74eacac4493406fbe0c25a28874f2ff phase=decode requests=8de7c5b04b184d1cbc3645195ef60a7d
0.0,37216308,2,18608154.0,18608154.0,18583034,18633274,35525.0,PushPop,:batch=79df5a5dc7d94190a73773dbeb1c50de phase=decode requests=8de7c5b04b184d1cbc3645195ef60a7d
0.0,37215405,2,18607702.5,18607702.5,18584816,18630589,32366.4,PushPop,":batch=9fa504ff10d344c29983dad8c7693c43 phase=decode requests=399c9677f6e44195897e25ec5ce1daa1,422bf3769b9f45beb57c62f13989c6e8,3255e14c8cb54f1cbdd701ebd201f7b8,a8d52d0acece4573abce53495dc615f9"
0.0,37215330,2,18607665.0,18607665.0,18578150,18637180,41740.5,PushPop,":batch=033293bce3e04fef8b4463838d8f794b phase=decode requests=399c9677f6e44195897e25ec5ce1daa1,422bf3769b9f45beb57c62f13989c6e8,3255e14c8cb54f1cbdd701ebd201f7b8,a8d52d0acece4573abce53495dc615f9"
0.0,37214347,2,18607173.5,18607173.5,18576917,18637430,42789.2,PushPop,":batch=0c630a97e0b0470782a89ccf6543b530 phase=decode requests=399c9677f6e44195897e25ec5ce1daa1,422bf3769b9f45beb57c62f13989c6e8,3255e14c8cb54f1cbdd701ebd201f7b8,a8d52d0acece4573abce53495dc615f9"
0.0,37214181,2,18607090.5,18607090.5,18575747,18638434,44326.4,PushPop,:batch=25b28e71735348bf8add42ab94e1f428 phase=decode requests=aaa729f093b64e2aaeeda0c4bda76f3d
0.0,37213765,2,18606882.5,18606882.5,18579067,18634698,39337.1,PushPop,:batch=3c346e093a494ae48eab97021a5c64e9 phase=decode requests=8de7c5b04b184d1cbc3645195ef60a7d
0.0,37213549,2,18606774.5,18606774.5,18591889,18621660,21051.3,PushPop,:batch=d7a275d805ef45cb9b19cc442f6db759 phase=decode requests=8de7c5b04b184d1cbc3645195ef60a7d
0.0,37212527,2,18606263.5,18606263.5,18585582,18626945,29248.1,PushPop,:batch=e2ca6ab691da4f1eb9142774f9bb5dd2 phase=decode requests=8de7c5b04b184d1cbc3645195ef60a7d
0.0,37211297,2,18605648.5,18605648.5,18577305,18633992,40083.8,PushPop,":batch=1019fa7b752045e2b58716abe16c1ca0 phase=decode requests=399c9677f6e44195897e25ec5ce1daa1,422bf3769b9f45beb57c62f13989c6e8,3255e14c8cb54f1cbdd701ebd201f7b8,a8d52d0acece4573abce53495dc615f9"
0.0,37211264,2,18605632.0,18605632.0,18592457,18618807,18632.3,PushPop,:batch=3d939e52ec61423f9c3de2c71465fee9 phase=decode requests=8de7c5b04b184d1cbc3645195ef60a7d
0.0,37211008,2,18605504.0,18605504.0,18593738,18617270,16639.6,PushPop,:batch=a5fb54f313db419b8e7807dfcfd78b5d phase=decode requests=8de7c5b04b184d1cbc3645195ef60a7d
0.0,37210755,2,18605377.5,18605377.5,18574733,18636022,43337.9,PushPop,:batch=df2d0457e0684585953363619571b54e phase=decode requests=8de7c5b04b184d1cbc3645195ef60a7d
0.0,37210690,2,18605345.0,18605345.0,18577242,18633448,39743.6,PushPop,:batch=a0e858dca8aa48f19c8ad0e76d97b499 phase=decode requests=8de7c5b04b184d1cbc3645195ef60a7d
0.0,37210242,2,18605121.0,18605121.0,18592439,18617803,17935.1,PushPop,:batch=14113a06613b4ed28018e0a9afab62af phase=decode requests=8de7c5b04b184d1cbc3645195ef60a7d
0.0,37209535,2,18604767.5,18604767.5,18579796,18629739,35315.0,PushPop,:batch=65b6389d9c994ea195e03ee2297d360d phase=decode requests=8de7c5b04b184d1cbc3645195ef60a7d
0.0,37209459,2,18604729.5,18604729.5,18591842,18617617,18225.7,PushPop,:batch=5c20fc8c99ae40b6bd82e88c1adc14b5 phase=decode requests=8de7c5b04b184d1cbc3645195ef60a7d
0.0,37209092,2,18604546.0,18604546.0,18565097,18643995,55789.3,PushPop,":batch=05a67005909e4f7580bb9dece960714e phase=decode requests=7aa4ba8d31af45f58706a52eb0ad3328,baabce1b18024e189120c512bc680496,046f00cf0a7d4816a65a9b0acad7230b,46ac3b484ea545d181b2d3e8af73623f"
0.0,37208712,2,18604356.0,18604356.0,18567953,18640759,51481.6,PushPop,":batch=c352937713024b4b951473d0c7a3d0d2 phase=decode requests=7aa4ba8d31af45f58706a52eb0ad3328,baabce1b18024e189120c512bc680496,046f00cf0a7d4816a65a9b0acad7230b,46ac3b484ea545d181b2d3e8af73623f"
0.0,37208297,2,18604148.5,18604148.5,18581451,18626846,32099.1,PushPop,:batch=a4449b6b7e4e40b2a145a6780edf595b phase=decode requests=8de7c5b04b184d1cbc3645195ef60a7d
0.0,37208200,2,18604100.0,18604100.0,18600974,18607226,4420.8,PushPop,:batch=214ef11dbd744e87bd7aadb5cacc510c phase=decode requests=8de7c5b04b184d1cbc3645195ef60a7d
0.0,37208077,2,18604038.5,18604038.5,18565582,18642495,54385.7,PushPop,":batch=72b59bfc6cf44b03b4007349b0750108 phase=decode requests=399c9677f6e44195897e25ec5ce1daa1,422bf3769b9f45beb57c62f13989c6e8,3255e14c8cb54f1cbdd701ebd201f7b8,a8d52d0acece4573abce53495dc615f9"
0.0,37208042,2,18604021.0,18604021.0,18565938,18642104,53857.5,PushPop,":batch=cb0d0b167ee04b818a9ec04207e70152 phase=decode requests=399c9677f6e44195897e25ec5ce1daa1,422bf3769b9f45beb57c62f13989c6e8,3255e14c8cb54f1cbdd701ebd201f7b8,a8d52d0acece4573abce53495dc615f9"
0.0,37207859,2,18603929.5,18603929.5,18580088,18627771,33717.0,PushPop,":batch=1dc987e1911d48bf842a48fe20314d30 phase=decode requests=7aa4ba8d31af45f58706a52eb0ad3328,baabce1b18024e189120c512bc680496,046f00cf0a7d4816a65a9b0acad7230b,46ac3b484ea545d181b2d3e8af73623f"
0.0,37207418,2,18603709.0,18603709.0,18571888,18635530,45001.7,PushPop,":batch=abeedc4991f14746b05289091654c676 phase=decode requests=e4484b0df96d49f3a31426c909f9076d,bb52284fe1f1457c8a63320a61ffabbf,deac75ab269243019c9fd4ac2ecfc203,3e2830bc65ab4913904d6e72090a4fe3"
0.0,37207333,2,18603666.5,18603666.5,18583387,18623946,28679.5,PushPop,:batch=f5e4695157a942318ff3c42e99b77836 phase=decode requests=8de7c5b04b184d1cbc3645195ef60a7d
0.0,37207288,2,18603644.0,18603644.0,18573665,18633623,42396.7,PushPop,":batch=78d6d6fcf66d40519340a18d0fcc6c26 phase=decode requests=7aa4ba8d31af45f58706a52eb0ad3328,baabce1b18024e189120c512bc680496,046f00cf0a7d4816a65a9b0acad7230b,46ac3b484ea545d181b2d3e8af73623f"
0.0,37207245,2,18603622.5,18603622.5,18583297,18623948,28744.6,PushPop,":batch=4b563b57482e44dd97d02c76988d3cc1 phase=decode requests=7aa4ba8d31af45f58706a52eb0ad3328,baabce1b18024e189120c512bc680496,046f00cf0a7d4816a65a9b0acad7230b,46ac3b484ea545d181b2d3e8af73623f"
0.0,37207214,2,18603607.0,18603607.0,18588734,18618480,21033.6,PushPop,:batch=c9a0b0dea85c4bec93cf43f4128ad3dd phase=decode requests=8de7c5b04b184d1cbc3645195ef60a7d
0.0,37207210,2,18603605.0,18603605.0,18589406,18617804,20080.4,PushPop,:batch=3d7ef7c6b3e647128b2fa50458f8c953 phase=decode requests=8de7c5b04b184d1cbc3645195ef60a7d
0.0,37207105,2,18603552.5,18603552.5,18577740,18629365,36504.4,PushPop,:batch=75df4b2959ae4216a3a95de61bba57b9 phase=decode requests=8de7c5b04b184d1cbc3645195ef60a7d
0.0,37207006,2,18603503.0,18603503.0,18575512,18631494,39585.3,PushPop,":batch=94c47472fe3e4e288c636a4d2a971c23 phase=decode requests=399c9677f6e44195897e25ec5ce1daa1,422bf3769b9f45beb57c62f13989c6e8,3255e14c8cb54f1cbdd701ebd201f7b8,a8d52d0acece4573abce53495dc615f9"
0.0,37206399,2,18603199.5,18603199.5,18578877,18627522,34397.2,PushPop,:batch=6fa33e0e83a14f799544738c036eb480 phase=decode requests=8de7c5b04b184d1cbc3645195ef60a7d
0.0,37205567,2,18602783.5,18602783.5,18569096,18636471,47641.3,PushPop,:batch=7acfda0b9869476fa8ec54d52fc018ef phase=decode requests=8de7c5b04b184d1cbc3645195ef60a7d
0.0,37205009,2,18602504.5,18602504.5,18588390,18616619,19960.9,PushPop,:batch=ac5978ddb13c4b6b8afffc0d66582187 phase=decode requests=8de7c5b04b184d1cbc3645195ef60a7d
0.0,37204611,2,18602305.5,18602305.5,18586959,18617652,21703.2,PushPop,:batch=6a7fd37794bb46b1a8d3cf180265008f phase=decode requests=8de7c5b04b184d1cbc3645195ef60a7d
0.0,37204318,2,18602159.0,18602159.0,18590679,18613639,16235.2,PushPop,:batch=22c66ab41c294f05aa5ccaa5eced052a phase=decode requests=8de7c5b04b184d1cbc3645195ef60a7d
0.0,37204217,2,18602108.5,18602108.5,18559577,18644640,60148.6,PushPop,":batch=4bc4f8ed2bfb492e80e94e2a386460ca phase=decode requests=399c9677f6e44195897e25ec5ce1daa1,422bf3769b9f45beb57c62f13989c6e8,3255e14c8cb54f1cbdd701ebd201f7b8,a8d52d0acece4573abce53495dc615f9"
0.0,37204164,2,18602082.0,18602082.0,18572154,18632010,42324.6,PushPop,":batch=6045713741a94e088a6cce81e6d86d83 phase=decode requests=7aa4ba8d31af45f58706a52eb0ad3328,baabce1b18024e189120c512bc680496,046f00cf0a7d4816a65a9b0acad7230b,46ac3b484ea545d181b2d3e8af73623f"
0.0,37204126,2,18602063.0,18602063.0,18596202,18607924,8288.7,PushPop,:batch=61be265e778a4c719d1c4f2bd3448fd5 phase=decode requests=8de7c5b04b184d1cbc3645195ef60a7d
0.0,37203996,2,18601998.0,18601998.0,18580185,18623811,30848.2,PushPop,":batch=1cf53cba7cf24aaf8a29939ddfd3bdff phase=decode requests=399c9677f6e44195897e25ec5ce1daa1,422bf3769b9f45beb57c62f13989c6e8,3255e14c8cb54f1cbdd701ebd201f7b8,a8d52d0acece4573abce53495dc615f9"
0.0,37203906,2,18601953.0,18601953.0,18592193,18611713,13802.7,PushPop,:batch=aa6ce97f960b447b9692132871662c1e phase=decode requests=8de7c5b04b184d1cbc3645195ef60a7d
0.0,37203860,2,18601930.0,18601930.0,18592081,18611779,13928.6,PushPop,:batch=10297081ce5b4ef1a4cfc526de684471 phase=decode requests=8de7c5b04b184d1cbc3645195ef60a7d
0.0,37203717,2,18601858.5,18601858.5,18582218,18621499,27775.9,PushPop,:batch=a016deb227024f858f1b6d2585349dd9 phase=decode requests=8de7c5b04b184d1cbc3645195ef60a7d
0.0,37203487,2,18601743.5,18601743.5,18579944,18623543,30829.1,PushPop,:batch=50f611e6ca2745a58a39efa8ac1fc055 phase=decode requests=8de7c5b04b184d1cbc3645195ef60a7d
0.0,37203386,2,18601693.0,18601693.0,18574472,18628914,38496.3,PushPop,:batch=458ea6d88ed540f9a59afb600f842960 phase=decode requests=8de7c5b04b184d1cbc3645195ef60a7d
0.0,37203303,2,18601651.5,18601651.5,18584089,18619214,24837.1,PushPop,:batch=640c6ea5904543719c56e1fb5365fa53 phase=decode requests=8de7c5b04b184d1cbc3645195ef60a7d
0.0,37203103,2,18601551.5,18601551.5,18582390,18620713,27098.5,PushPop,:batch=fc93f90ab6d44e61a42e70285f5128f9 phase=decode requests=8de7c5b04b184d1cbc3645195ef60a7d
0.0,37202909,2,18601454.5,18601454.5,18581758,18621151,27855.1,PushPop,":batch=6e05be23fc2848ac92318aad9c0cf224 phase=decode requests=7aa4ba8d31af45f58706a52eb0ad3328,baabce1b18024e189120c512bc680496,046f00cf0a7d4816a65a9b0acad7230b,46ac3b484ea545d181b2d3e8af73623f"
0.0,37202888,2,18601444.0,18601444.0,18596254,18606634,7339.8,PushPop,:batch=e6dcce0662dd466e9ade2f862e43248c phase=decode requests=8de7c5b04b184d1cbc3645195ef60a7d
0.0,37202876,2,18601438.0,18601438.0,18594543,18608333,9751.0,PushPop,:batch=fdf5c8d0ba324794b76b16778e4bbcce phase=decode requests=8de7c5b04b184d1cbc3645195ef60a7d
0.0,37202444,2,18601222.0,18601222.0,18594882,18607562,8966.1,PushPop,:batch=608c6666f2134bbcbe7ece4064fa15cf phase=decode requests=8de7c5b04b184d1cbc3645195ef60a7d
0.0,37201999,2,18600999.5,18600999.5,18587752,18614247,18734.8,PushPop,:batch=9a10612cc5284a738610c89ff9743ce9 phase=decode requests=8de7c5b04b184d1cbc3645195ef60a7d
0.0,37201975,2,18600987.5,18600987.5,18571816,18630159,41254.7,PushPop,":batch=1ff526866b334f1ba448d0e35ba6999c phase=decode requests=399c9677f6e44195897e25ec5ce1daa1,422bf3769b9f45beb57c62f13989c6e8,3255e14c8cb54f1cbdd701ebd201f7b8,a8d52d0acece4573abce53495dc615f9"
0.0,37201554,2,18600777.0,18600777.0,18576245,18625309,34693.5,PushPop,":batch=79464adb750745ddbb88e6eafff07462 phase=decode requests=7aa4ba8d31af45f58706a52eb0ad3328,baabce1b18024e189120c512bc680496,046f00cf0a7d4816a65a9b0acad7230b,46ac3b484ea545d181b2d3e8af73623f"
0.0,37201303,2,18600651.5,18600651.5,18572240,18629063,40179.9,PushPop,":batch=37ef7f618cf64b82aca2936dacefeaaf phase=decode requests=399c9677f6e44195897e25ec5ce1daa1,422bf3769b9f45beb57c62f13989c6e8,3255e14c8cb54f1cbdd701ebd201f7b8,a8d52d0acece4573abce53495dc615f9"
0.0,37200939,2,18600469.5,18600469.5,18575242,18625697,35677.1,PushPop,:batch=273f51dd33654c11aa0cbe586c5fc665 phase=decode requests=8de7c5b04b184d1cbc3645195ef60a7d
0.0,37200608,2,18600304.0,18600304.0,18597727,18602881,3644.4,PushPop,:batch=66468a9c86cd46a2bd047ab74eaaca50 phase=decode requests=8de7c5b04b184d1cbc3645195ef60a7d
0.0,37200114,2,18600057.0,18600057.0,18576079,18624035,33910.0,PushPop,":batch=5947b74c3de74433927adc0f828a1524 phase=decode requests=399c9677f6e44195897e25ec5ce1daa1,422bf3769b9f45beb57c62f13989c6e8,3255e14c8cb54f1cbdd701ebd201f7b8,a8d52d0acece4573abce53495dc615f9"
0.0,37199822,2,18599911.0,18599911.0,18588434,18611388,16230.9,PushPop,:batch=e31d87cc9f404387a548f8b438866ac0 phase=decode requests=8de7c5b04b184d1cbc3645195ef60a7d
0.0,37199348,2,18599674.0,18599674.0,18575137,18624211,34700.6,PushPop,:batch=8782949304d340998ab45db9d0fcc73a phase=decode requests=8de7c5b04b184d1cbc3645195ef60a7d
0.0,37199009,2,18599504.5,18599504.5,18574814,18624195,34917.6,PushPop,:batch=c479d745bd7a491ea9d94c928ced61f0 phase=decode requests=8de7c5b04b184d1cbc3645195ef60a7d
0.0,37198883,2,18599441.5,18599441.5,18598563,18600320,1242.4,PushPop,:batch=cc98bfb0418249438ce83802dce439e0 phase=decode requests=8de7c5b04b184d1cbc3645195ef60a7d
0.0,37198882,2,18599441.0,18599441.0,18568028,18630854,44424.7,PushPop,:batch=3ba43949fd7541b5ab2451f17ca851ef phase=decode requests=8de7c5b04b184d1cbc3645195ef60a7d
0.0,37198655,2,18599327.5,18599327.5,18570239,18628416,41137.4,PushPop,":batch=047e9e32954341de801350c9243301ed phase=decode requests=7aa4ba8d31af45f58706a52eb0ad3328,baabce1b18024e189120c512bc680496,046f00cf0a7d4816a65a9b0acad7230b,46ac3b484ea545d181b2d3e8af73623f"
0.0,37198519,2,18599259.5,18599259.5,18570139,18628380,41182.6,PushPop,":batch=b98180d3588a4ec99c5ce2cab6ced196 phase=decode requests=7aa4ba8d31af45f58706a52eb0ad3328,baabce1b18024e189120c512bc680496,046f00cf0a7d4816a65a9b0acad7230b,46ac3b484ea545d181b2d3e8af73623f"
0.0,37198461,2,18599230.5,18599230.5,18565401,18633060,47842.1,PushPop,":batch=2547261abd0145789ef468bcda6f1854 phase=decode requests=399c9677f6e44195897e25ec5ce1daa1,422bf3769b9f45beb57c62f13989c6e8,3255e14c8cb54f1cbdd701ebd201f7b8,a8d52d0acece4573abce53495dc615f9"
0.0,37198218,2,18599109.0,18599109.0,18583744,18614474,21729.4,PushPop,":batch=7d6979e8f6bb438da5adc98bdd265461 phase=decode requests=399c9677f6e44195897e25ec5ce1daa1,422bf3769b9f45beb57c62f13989c6e8,3255e14c8cb54f1cbdd701ebd201f7b8,a8d52d0acece4573abce53495dc615f9"
0.0,37198195,2,18599097.5,18599097.5,18578644,18619551,28925.6,PushPop,":batch=0e550298af56418d8f01d95a1cc4a625 phase=decode requests=399c9677f6e44195897e25ec5ce1daa1,422bf3769b9f45beb57c62f13989c6e8,3255e14c8cb54f1cbdd701ebd201f7b8,a8d52d0acece4573abce53495dc615f9"
0.0,37197335,2,18598667.5,18598667.5,18573727,18623608,35271.2,PushPop,":batch=6fd3d7e0f0444fc6a62ff611be10706a phase=decode requests=399c9677f6e44195897e25ec5ce1daa1,422bf3769b9f45beb57c62f13989c6e8,3255e14c8cb54f1cbdd701ebd201f7b8,a8d52d0acece4573abce53495dc615f9"
0.0,37197319,2,18598659.5,18598659.5,18567406,18629913,44199.1,PushPop,:batch=d9aeb29688a445c4a5169f29ada12c04 phase=decode requests=8de7c5b04b184d1cbc3645195ef60a7d
0.0,37195306,2,18597653.0,18597653.0,18564466,18630840,46933.5,PushPop,":batch=627bb03b6abf44ff8dedb7c0a47ba4ed phase=decode requests=7aa4ba8d31af45f58706a52eb0ad3328,baabce1b18024e189120c512bc680496,046f00cf0a7d4816a65a9b0acad7230b,46ac3b484ea545d181b2d3e8af73623f"
0.0,37195211,2,18597605.5,18597605.5,18547871,18647340,70335.2,PushPop,":batch=dbbe73c9b85142a1a21f1f625f7099f4 phase=decode requests=7aa4ba8d31af45f58706a52eb0ad3328,baabce1b18024e189120c512bc680496,046f00cf0a7d4816a65a9b0acad7230b,46ac3b484ea545d181b2d3e8af73623f"
0.0,37194720,2,18597360.0,18597360.0,18569324,18625396,39648.9,PushPop,:batch=22054054554b4e3a993e661cba996ddb phase=decode requests=8de7c5b04b184d1cbc3645195ef60a7d
0.0,37194351,2,18597175.5,18597175.5,18553638,18640713,61571.3,PushPop,:batch=b61d0997dc4c498ab5a82e5cc558da61 phase=decode requests=c47f16e66de94d7ebc64adfc42386324
0.0,37194127,2,18597063.5,18597063.5,18565080,18629047,45231.5,PushPop,":batch=393990ea51d846b88c910b48f2216914 phase=decode requests=7aa4ba8d31af45f58706a52eb0ad3328,baabce1b18024e189120c512bc680496,046f00cf0a7d4816a65a9b0acad7230b,46ac3b484ea545d181b2d3e8af73623f"
0.0,37193803,2,18596901.5,18596901.5,18586337,18607466,14940.5,PushPop,:batch=276f1090579746ca870cac8b53556562 phase=decode requests=8de7c5b04b184d1cbc3645195ef60a7d
0.0,37193257,2,18596628.5,18596628.5,18562060,18631197,48887.2,PushPop,:batch=3a8fbaa79f3a4399a3b62fc5f3701488 phase=decode requests=8de7c5b04b184d1cbc3645195ef60a7d
0.0,37192737,2,18596368.5,18596368.5,18578798,18613939,24848.4,PushPop,:batch=fd16d89d061943f48a1ded52adc3a1ef phase=decode requests=8de7c5b04b184d1cbc3645195ef60a7d
0.0,37192618,2,18596309.0,18596309.0,18580302,18612316,22637.3,PushPop,:batch=5dd7a2014877456e898010b048482bb2 phase=decode requests=8de7c5b04b184d1cbc3645195ef60a7d
0.0,37192424,2,18596212.0,18596212.0,18563995,18628429,45561.7,PushPop,:batch=f101302c1cee4a01a251cc93eb7fd223 phase=decode requests=8de7c5b04b184d1cbc3645195ef60a7d
0.0,37192271,2,18596135.5,18596135.5,18554519,18637752,58854.6,PushPop,":batch=5cab4e14c2b844daa7ae1501d72686ee phase=decode requests=7aa4ba8d31af45f58706a52eb0ad3328,baabce1b18024e189120c512bc680496,046f00cf0a7d4816a65a9b0acad7230b,46ac3b484ea545d181b2d3e8af73623f"
0.0,37191583,2,18595791.5,18595791.5,18568551,18623032,38523.9,PushPop,:batch=a296001975724dd58fd3f812d7f5b460 phase=decode requests=c47f16e66de94d7ebc64adfc42386324
0.0,37191517,2,18595758.5,18595758.5,18567886,18623631,39417.7,PushPop,":batch=7782a45e8e9d4b9aa1c10e541551797b phase=decode requests=7aa4ba8d31af45f58706a52eb0ad3328,baabce1b18024e189120c512bc680496,046f00cf0a7d4816a65a9b0acad7230b,46ac3b484ea545d181b2d3e8af73623f"
0.0,37191228,2,18595614.0,18595614.0,18571807,18619421,33668.2,PushPop,:batch=d01c6b9d570e42c5a3e2a59e8b0db221 phase=decode requests=8de7c5b04b184d1cbc3645195ef60a7d
0.0,37191114,2,18595557.0,18595557.0,18565894,18625220,41949.8,PushPop,":batch=12ab1f7df4c34d6d92af5737605ae3a3 phase=decode requests=e4484b0df96d49f3a31426c909f9076d,bb52284fe1f1457c8a63320a61ffabbf,deac75ab269243019c9fd4ac2ecfc203,3e2830bc65ab4913904d6e72090a4fe3"
0.0,37191084,2,18595542.0,18595542.0,18557140,18633944,54308.6,PushPop,":batch=57315c3b33b44fb7b85377ee759a6bf1 phase=decode requests=7aa4ba8d31af45f58706a52eb0ad3328,baabce1b18024e189120c512bc680496,046f00cf0a7d4816a65a9b0acad7230b,46ac3b484ea545d181b2d3e8af73623f"
0.0,37190882,2,18595441.0,18595441.0,18582558,18608324,18219.3,PushPop,:batch=c8cb2ec6b3d847c0a4ac1f1013ebff84 phase=decode requests=8de7c5b04b184d1cbc3645195ef60a7d
0.0,37190738,2,18595369.0,18595369.0,18562205,18628533,46901.0,PushPop,:batch=26c97a9331214d60a0bd3389bd141803 phase=decode requests=8de7c5b04b184d1cbc3645195ef60a7d
0.0,37190685,2,18595342.5,18595342.5,18561296,18629389,48149.0,PushPop,":batch=cbd9cac083e94e19823b7e15063e6aa2 phase=decode requests=7aa4ba8d31af45f58706a52eb0ad3328,baabce1b18024e189120c512bc680496,046f00cf0a7d4816a65a9b0acad7230b,46ac3b484ea545d181b2d3e8af73623f"
0.0,37190312,2,18595156.0,18595156.0,18549623,18640689,64393.4,PushPop,:batch=84266736aba04ca1a666c04ff9cfcf16 phase=decode requests=8de7c5b04b184d1cbc3645195ef60a7d
0.0,37190268,2,18595134.0,18595134.0,18560393,18629875,49131.2,PushPop,":batch=d5514c1208e34ee19c6c5ad917cc07d0 phase=decode requests=7aa4ba8d31af45f58706a52eb0ad3328,baabce1b18024e189120c512bc680496,046f00cf0a7d4816a65a9b0acad7230b,46ac3b484ea545d181b2d3e8af73623f"
0.0,37189894,2,18594947.0,18594947.0,18576593,18613301,25956.5,PushPop,:batch=4bc77c6834734b7a91474302e75f6215 phase=decode requests=8de7c5b04b184d1cbc3645195ef60a7d
0.0,37189470,2,18594735.0,18594735.0,18587433,18602037,10326.6,PushPop,:batch=698dfd1fe94d4954b6260be974209101 phase=decode requests=8de7c5b04b184d1cbc3645195ef60a7d
0.0,37189107,2,18594553.5,18594553.5,18565035,18624072,41745.5,PushPop,:batch=61929c19263f42fba9a89360ac794266 phase=decode requests=8de7c5b04b184d1cbc3645195ef60a7d
0.0,37188894,2,18594447.0,18594447.0,18578453,18610441,22618.9,PushPop,:batch=9beecd69e1d7469590806cd08d210e0f phase=decode requests=8de7c5b04b184d1cbc3645195ef60a7d
0.0,37188611,2,18594305.5,18594305.5,18578026,18610585,23022.7,PushPop,:batch=b0d61a87228a4f50bf59d3f47adb2964 phase=decode requests=8de7c5b04b184d1cbc3645195ef60a7d
0.0,37187826,2,18593913.0,18593913.0,18571590,18616236,31569.5,PushPop,:batch=5f02a31ec34645a28305320a8a5a6e6f phase=decode requests=8de7c5b04b184d1cbc3645195ef60a7d
0.0,37186166,2,18593083.0,18593083.0,18569257,18616909,33695.1,PushPop,":batch=c28319bc3e57495fa4b3fcc1c25d2855 phase=decode requests=7aa4ba8d31af45f58706a52eb0ad3328,baabce1b18024e189120c512bc680496,046f00cf0a7d4816a65a9b0acad7230b,46ac3b484ea545d181b2d3e8af73623f"
0.0,37185797,2,18592898.5,18592898.5,18578387,18607410,20522.4,PushPop,:batch=c8b2e68f29ba4e778e66b25343da93a2 phase=decode requests=8de7c5b04b184d1cbc3645195ef60a7d
0.0,37185344,2,18592672.0,18592672.0,18577040,18608304,22107.0,PushPop,:batch=58fd98a16d534801b97d5e59ae4219ee phase=decode requests=8de7c5b04b184d1cbc3645195ef60a7d
0.0,37184872,2,18592436.0,18592436.0,18563075,18621797,41522.7,PushPop,":batch=752a520e4c6544fa8b64ce9f70722f5c phase=decode requests=7aa4ba8d31af45f58706a52eb0ad3328,baabce1b18024e189120c512bc680496,046f00cf0a7d4816a65a9b0acad7230b,46ac3b484ea545d181b2d3e8af73623f"
0.0,37184137,2,18592068.5,18592068.5,18574330,18609807,25086.0,PushPop,:batch=c53c5d49c3754a4892278b53b37b33bc phase=decode requests=8de7c5b04b184d1cbc3645195ef60a7d
0.0,37183441,2,18591720.5,18591720.5,18584716,18598725,9905.9,PushPop,:batch=a153a828924244ba88f5f106f0b9a021 phase=decode requests=8de7c5b04b184d1cbc3645195ef60a7d
0.0,37183202,2,18591601.0,18591601.0,18577798,18605404,19520.4,PushPop,:batch=7895634f2715482b8618a4e4a22c6949 phase=decode requests=8de7c5b04b184d1cbc3645195ef60a7d
0.0,37182655,2,18591327.5,18591327.5,18589604,18593051,2437.4,PushPop,:batch=54d9798451b2435ba06e8c80763769c9 phase=decode requests=8de7c5b04b184d1cbc3645195ef60a7d
0.0,37182620,2,18591310.0,18591310.0,18556165,18626455,49702.5,PushPop,":batch=e692a411803c4cd1ae8a0995b1146e1b phase=decode requests=399c9677f6e44195897e25ec5ce1daa1,422bf3769b9f45beb57c62f13989c6e8,3255e14c8cb54f1cbdd701ebd201f7b8,a8d52d0acece4573abce53495dc615f9"
0.0,37182065,2,18591032.5,18591032.5,18563040,18619025,39587.4,PushPop,:batch=0a7de23f7ea94da590149107e8a1c9b3 phase=decode requests=8de7c5b04b184d1cbc3645195ef60a7d
0.0,37181831,2,18590915.5,18590915.5,18560299,18621532,43298.3,PushPop,":batch=1d937e06540d4a3a9febaa11ae380c25 phase=decode requests=399c9677f6e44195897e25ec5ce1daa1,422bf3769b9f45beb57c62f13989c6e8,3255e14c8cb54f1cbdd701ebd201f7b8,a8d52d0acece4573abce53495dc615f9"
0.0,37181512,2,18590756.0,18590756.0,18571580,18609932,27119.0,PushPop,:batch=5b8d38fe8e5a44f89ac23907b98a8405 phase=decode requests=8de7c5b04b184d1cbc3645195ef60a7d
0.0,37181079,2,18590539.5,18590539.5,18564871,18616208,36300.7,PushPop,":batch=531d4ba2bdad42678b7b3852794e6281 phase=decode requests=399c9677f6e44195897e25ec5ce1daa1,422bf3769b9f45beb57c62f13989c6e8,3255e14c8cb54f1cbdd701ebd201f7b8,a8d52d0acece4573abce53495dc615f9"
0.0,37180905,2,18590452.5,18590452.5,18560406,18620499,42492.2,PushPop,":batch=fa9b0211ecff480f89585e94d7c3b09d phase=decode requests=399c9677f6e44195897e25ec5ce1daa1,422bf3769b9f45beb57c62f13989c6e8,3255e14c8cb54f1cbdd701ebd201f7b8,a8d52d0acece4573abce53495dc615f9"
0.0,37180779,2,18590389.5,18590389.5,18558444,18622335,45177.8,PushPop,":batch=83cfb67a00aa440d88f312ee30fc4bb6 phase=decode requests=7aa4ba8d31af45f58706a52eb0ad3328,baabce1b18024e189120c512bc680496,046f00cf0a7d4816a65a9b0acad7230b,46ac3b484ea545d181b2d3e8af73623f"
0.0,37180774,2,18590387.0,18590387.0,18570719,18610055,27814.8,PushPop,:batch=b0240461b9c646c49066f40364f6f309 phase=decode requests=8de7c5b04b184d1cbc3645195ef60a7d
0.0,37180393,2,18590196.5,18590196.5,18563961,18616432,37102.6,PushPop,:batch=275946b6032f4ac18bbfbf82ac77228c phase=decode requests=8de7c5b04b184d1cbc3645195ef60a7d
0.0,37180231,2,18590115.5,18590115.5,18564169,18616062,36693.9,PushPop,:batch=a6bc95f8bc90481c84ed3f233c4fc020 phase=decode requests=8de7c5b04b184d1cbc3645195ef60a7d
0.0,37179726,2,18589863.0,18589863.0,18576609,18603117,18744.0,PushPop,:batch=b06ec2779ec549a7b8a5e59003699de8 phase=decode requests=8de7c5b04b184d1cbc3645195ef60a7d
0.0,37179529,2,18589764.5,18589764.5,18566768,18612761,32522.0,PushPop,:batch=822eed2b57a047b9948e09879b115fdb phase=decode requests=8de7c5b04b184d1cbc3645195ef60a7d
0.0,37179388,2,18589694.0,18589694.0,18582543,18596845,10113.0,PushPop,:batch=f09e4cfce58e4777aabdc1d3de6ff524 phase=decode requests=8de7c5b04b184d1cbc3645195ef60a7d
0.0,37179174,2,18589587.0,18589587.0,18569815,18609359,27961.8,PushPop,:batch=5a9866afb14241dfbdc9c1a87bf45ece phase=decode requests=8de7c5b04b184d1cbc3645195ef60a7d
0.0,37178952,2,18589476.0,18589476.0,18564614,18614338,35160.2,PushPop,:batch=909403fadbb74e14910d0fa6ea761438 phase=decode requests=8de7c5b04b184d1cbc3645195ef60a7d
0.0,37178228,2,18589114.0,18589114.0,18571167,18607061,25380.9,PushPop,:batch=c28358274d0847e09369b29f02475089 phase=decode requests=8de7c5b04b184d1cbc3645195ef60a7d
0.0,37178177,2,18589088.5,18589088.5,18555052,18623125,48134.9,PushPop,":batch=48592433852c4a539f920d995e85af72 phase=decode requests=399c9677f6e44195897e25ec5ce1daa1,422bf3769b9f45beb57c62f13989c6e8,3255e14c8cb54f1cbdd701ebd201f7b8,a8d52d0acece4573abce53495dc615f9"
0.0,37178016,2,18589008.0,18589008.0,18575547,18602469,19036.7,PushPop,:batch=5da52a3331c54b1292a56c6fab55ddad phase=decode requests=8de7c5b04b184d1cbc3645195ef60a7d
0.0,37176661,2,18588330.5,18588330.5,18561464,18615197,37995.0,PushPop,":batch=fcbdcefc647b45ecad57338d53bc4357 phase=decode requests=7aa4ba8d31af45f58706a52eb0ad3328,baabce1b18024e189120c512bc680496,046f00cf0a7d4816a65a9b0acad7230b,46ac3b484ea545d181b2d3e8af73623f"
0.0,37175223,2,18587611.5,18587611.5,18546970,18628253,57475.8,PushPop,":batch=48d97ba27b324551a0d56c3ef167299f phase=decode requests=7aa4ba8d31af45f58706a52eb0ad3328,baabce1b18024e189120c512bc680496,046f00cf0a7d4816a65a9b0acad7230b,46ac3b484ea545d181b2d3e8af73623f"
0.0,37174908,2,18587454.0,18587454.0,18545355,18629553,59537.0,PushPop,:batch=bc668cebd0904fe1bcf8f8bf78f37fa7 phase=decode requests=1cf8552479e145fd966a17841209a06f
0.0,37174761,2,18587380.5,18587380.5,18531528,18643233,78987.4,PushPop,":batch=a4fa4c474d4b491b839c3797415d9e6c phase=decode requests=7aa4ba8d31af45f58706a52eb0ad3328,baabce1b18024e189120c512bc680496,046f00cf0a7d4816a65a9b0acad7230b,46ac3b484ea545d181b2d3e8af73623f"
0.0,37174037,2,18587018.5,18587018.5,18551053,18622984,50862.9,PushPop,":batch=ee624dbf2f8f446fb497febb7360e402 phase=decode requests=7aa4ba8d31af45f58706a52eb0ad3328,baabce1b18024e189120c512bc680496,046f00cf0a7d4816a65a9b0acad7230b,46ac3b484ea545d181b2d3e8af73623f"
0.0,37173577,2,18586788.5,18586788.5,18581214,18592363,7883.5,PushPop,:batch=160ae94eecde4f26a71c9f68aa83eaf6 phase=decode requests=8de7c5b04b184d1cbc3645195ef60a7d
0.0,37173265,2,18586632.5,18586632.5,18569171,18604094,24694.3,PushPop,":batch=6e83ead88dc2478d890ec341b4d37fa4 phase=decode requests=399c9677f6e44195897e25ec5ce1daa1,422bf3769b9f45beb57c62f13989c6e8,3255e14c8cb54f1cbdd701ebd201f7b8,a8d52d0acece4573abce53495dc615f9"
0.0,37173079,2,18586539.5,18586539.5,18558426,18614653,39758.5,PushPop,":batch=39ba48f9cd9947f391e327de167950f6 phase=decode requests=7aa4ba8d31af45f58706a52eb0ad3328,baabce1b18024e189120c512bc680496,046f00cf0a7d4816a65a9b0acad7230b,46ac3b484ea545d181b2d3e8af73623f"
0.0,37172989,2,18586494.5,18586494.5,18556499,18616490,42420.0,PushPop,":batch=47ff6fcf35fa4dc4b747b5779498a76c phase=decode requests=399c9677f6e44195897e25ec5ce1daa1,422bf3769b9f45beb57c62f13989c6e8,3255e14c8cb54f1cbdd701ebd201f7b8,a8d52d0acece4573abce53495dc615f9"
0.0,37172965,2,18586482.5,18586482.5,18562121,18610844,34452.4,PushPop,":batch=98ce7eeae5c445f5b27cc2ca5435b279 phase=decode requests=7aa4ba8d31af45f58706a52eb0ad3328,baabce1b18024e189120c512bc680496,046f00cf0a7d4816a65a9b0acad7230b,46ac3b484ea545d181b2d3e8af73623f"
0.0,37172850,2,18586425.0,18586425.0,18575776,18597074,15060.0,PushPop,:batch=d945be6eea114a1b819dab1977b71416 phase=decode requests=8de7c5b04b184d1cbc3645195ef60a7d
0.0,37172806,2,18586403.0,18586403.0,18556252,18616554,42640.0,PushPop,:batch=093e0cba836e422cbfd24243280bb0df phase=decode requests=8de7c5b04b184d1cbc3645195ef60a7d
0.0,37172658,2,18586329.0,18586329.0,18585398,18587260,1316.6,PushPop,:batch=b1bd680616564fe09d0021efb874323d phase=decode requests=8de7c5b04b184d1cbc3645195ef60a7d
0.0,37172631,2,18586315.5,18586315.5,18546027,18626604,56976.5,PushPop,":batch=a786c2b228c746e9adea96464f17bbb8 phase=decode requests=7aa4ba8d31af45f58706a52eb0ad3328,baabce1b18024e189120c512bc680496,046f00cf0a7d4816a65a9b0acad7230b,46ac3b484ea545d181b2d3e8af73623f"
0.0,37172430,2,18586215.0,18586215.0,18565640,18606790,29097.4,PushPop,":batch=f88be48f55e940569416c6008be33451 phase=decode requests=e4484b0df96d49f3a31426c909f9076d,bb52284fe1f1457c8a63320a61ffabbf,deac75ab269243019c9fd4ac2ecfc203,3e2830bc65ab4913904d6e72090a4fe3"
0.0,37172371,2,18586185.5,18586185.5,18559357,18613014,37941.2,PushPop,:batch=c1e061e1b73540a9b3876c5b44c0d6d7 phase=decode requests=8de7c5b04b184d1cbc3645195ef60a7d
0.0,37172359,2,18586179.5,18586179.5,18548732,18623627,52958.8,PushPop,":batch=00fafc66cf1247a88063acfd9848fac0 phase=decode requests=399c9677f6e44195897e25ec5ce1daa1,422bf3769b9f45beb57c62f13989c6e8,3255e14c8cb54f1cbdd701ebd201f7b8,a8d52d0acece4573abce53495dc615f9"
0.0,37172276,2,18586138.0,18586138.0,18572667,18599609,19050.9,PushPop,:batch=28d81825589f470aa90ea2969b754eba phase=decode requests=8de7c5b04b184d1cbc3645195ef60a7d
0.0,37172228,2,18586114.0,18586114.0,18573043,18599185,18485.2,PushPop,:batch=ff7e60b2351c41978345428eb88428cc phase=decode requests=8de7c5b04b184d1cbc3645195ef60a7d
0.0,37171486,2,18585743.0,18585743.0,18553174,18618312,46059.5,PushPop,":batch=9ca9cbdeb399462ea579427e38f499da phase=decode requests=7aa4ba8d31af45f58706a52eb0ad3328,baabce1b18024e189120c512bc680496,046f00cf0a7d4816a65a9b0acad7230b,46ac3b484ea545d181b2d3e8af73623f"
0.0,37171456,2,18585728.0,18585728.0,18549483,18621973,51258.2,PushPop,":batch=a9906ecfe0884ff2831f1179776ee639 phase=decode requests=e4484b0df96d49f3a31426c909f9076d,bb52284fe1f1457c8a63320a61ffabbf,deac75ab269243019c9fd4ac2ecfc203,3e2830bc65ab4913904d6e72090a4fe3"
0.0,37171354,2,18585677.0,18585677.0,18561468,18609886,34236.7,PushPop,:batch=ee57f8f832554f67b41ef17a933ee456 phase=decode requests=8de7c5b04b184d1cbc3645195ef60a7d
0.0,37171140,2,18585570.0,18585570.0,18565345,18605795,28602.5,PushPop,:batch=5f264004f1dc4bfeac75cdd9474fca2e phase=decode requests=8de7c5b04b184d1cbc3645195ef60a7d
0.0,37171139,2,18585569.5,18585569.5,18540767,18630372,63360.3,PushPop,":batch=0b43b4a9afbd4b9abc129b47800207b0 phase=decode requests=7aa4ba8d31af45f58706a52eb0ad3328,baabce1b18024e189120c512bc680496,046f00cf0a7d4816a65a9b0acad7230b,46ac3b484ea545d181b2d3e8af73623f"
0.0,37170517,2,18585258.5,18585258.5,18574000,18596517,15921.9,PushPop,:batch=b2903afd3ab44741af60dc6d089bcc87 phase=decode requests=8de7c5b04b184d1cbc3645195ef60a7d
0.0,37170362,2,18585181.0,18585181.0,18567312,18603050,25270.6,PushPop,":batch=9e055a50f64a4aecba872196ae1d17e4 phase=decode requests=7aa4ba8d31af45f58706a52eb0ad3328,baabce1b18024e189120c512bc680496,046f00cf0a7d4816a65a9b0acad7230b,46ac3b484ea545d181b2d3e8af73623f"
0.0,37170046,2,18585023.0,18585023.0,18552463,18617583,46046.8,PushPop,:batch=cfee8d2a43354914a7a6a7ff8cd477ef phase=decode requests=8de7c5b04b184d1cbc3645195ef60a7d
0.0,37168835,2,18584417.5,18584417.5,18578466,18590369,8416.7,PushPop,:batch=f31fdd0a75a84bee8c937c40121c8f7c phase=decode requests=8de7c5b04b184d1cbc3645195ef60a7d
0.0,37168596,2,18584298.0,18584298.0,18560272,18608324,33977.9,PushPop,:batch=c3bab388a8ae4bc6af92c4909eb5e757 phase=decode requests=8de7c5b04b184d1cbc3645195ef60a7d
0.0,37168280,2,18584140.0,18584140.0,18558002,18610278,36964.7,PushPop,":batch=1e3a32b428174ea4b0d6e23258922db6 phase=decode requests=399c9677f6e44195897e25ec5ce1daa1,422bf3769b9f45beb57c62f13989c6e8,3255e14c8cb54f1cbdd701ebd201f7b8,a8d52d0acece4573abce53495dc615f9"
0.0,37168118,2,18584059.0,18584059.0,18553606,18614512,43067.0,PushPop,:batch=3f0ddda219f3434ba286a89f657f5127 phase=decode requests=8de7c5b04b184d1cbc3645195ef60a7d
0.0,37167582,2,18583791.0,18583791.0,18563265,18604317,29028.1,PushPop,":batch=4330d940e14146debbef77df28ea61a3 phase=decode requests=7aa4ba8d31af45f58706a52eb0ad3328,baabce1b18024e189120c512bc680496,046f00cf0a7d4816a65a9b0acad7230b,46ac3b484ea545d181b2d3e8af73623f"
0.0,37167294,2,18583647.0,18583647.0,18544205,18623089,55779.4,PushPop,":batch=9cdf3f0697634f589a535946823cd02f phase=decode requests=399c9677f6e44195897e25ec5ce1daa1,422bf3769b9f45beb57c62f13989c6e8,3255e14c8cb54f1cbdd701ebd201f7b8,a8d52d0acece4573abce53495dc615f9"
0.0,37167191,2,18583595.5,18583595.5,18559023,18608168,34750.8,PushPop,":batch=cf40bfd3936c4ce88ef3052f491a5804 phase=decode requests=7aa4ba8d31af45f58706a52eb0ad3328,baabce1b18024e189120c512bc680496,046f00cf0a7d4816a65a9b0acad7230b,46ac3b484ea545d181b2d3e8af73623f"
0.0,37167152,2,18583576.0,18583576.0,18565766,18601386,25187.1,PushPop,:batch=851b19f13d37473fabb5254a44f71b1b phase=decode requests=8de7c5b04b184d1cbc3645195ef60a7d
0.0,37167069,2,18583534.5,18583534.5,18562773,18604296,29361.2,PushPop,":batch=c0f7ac92736645828deb45f0523e3a3c phase=decode requests=399c9677f6e44195897e25ec5ce1daa1,422bf3769b9f45beb57c62f13989c6e8,3255e14c8cb54f1cbdd701ebd201f7b8,a8d52d0acece4573abce53495dc615f9"
0.0,37167066,2,18583533.0,18583533.0,18542122,18624944,58564.0,PushPop,":batch=397def4efc91459682e3a329939a442d phase=decode requests=399c9677f6e44195897e25ec5ce1daa1,422bf3769b9f45beb57c62f13989c6e8,3255e14c8cb54f1cbdd701ebd201f7b8,a8d52d0acece4573abce53495dc615f9"
0.0,37167013,2,18583506.5,18583506.5,18566364,18600649,24243.2,PushPop,:batch=5c53519b38224e2cabc197ebcbad1a82 phase=decode requests=8de7c5b04b184d1cbc3645195ef60a7d
0.0,37166218,2,18583109.0,18583109.0,18566456,18599762,23550.9,PushPop,:batch=84784b534af84f248431ab77e904b178 phase=decode requests=8de7c5b04b184d1cbc3645195ef60a7d
0.0,37166040,2,18583020.0,18583020.0,18551436,18614604,44666.5,PushPop,":batch=59846b9fa762485f8105efb04f451079 phase=decode requests=7aa4ba8d31af45f58706a52eb0ad3328,baabce1b18024e189120c512bc680496,046f00cf0a7d4816a65a9b0acad7230b,46ac3b484ea545d181b2d3e8af73623f"
0.0,37165878,2,18582939.0,18582939.0,18576454,18589424,9171.2,PushPop,:batch=a2f328d0c9454f29bbe12c56fa87940b phase=decode requests=8de7c5b04b184d1cbc3645195ef60a7d
0.0,37165796,2,18582898.0,18582898.0,18557406,18608390,36051.1,PushPop,:batch=83f2b420b9304bbe845a09a2e19c153b phase=decode requests=8de7c5b04b184d1cbc3645195ef60a7d
0.0,37165553,2,18582776.5,18582776.5,18553938,18611615,40783.8,PushPop,:batch=77f46c0476e64c8485c1964df7067140 phase=decode requests=8de7c5b04b184d1cbc3645195ef60a7d
0.0,37165151,2,18582575.5,18582575.5,18554785,18610366,39301.7,PushPop,:batch=554ec9053af04b8bb32af16d7ead82b9 phase=decode requests=8de7c5b04b184d1cbc3645195ef60a7d
0.0,37164471,2,18582235.5,18582235.5,18547348,18617123,49338.4,PushPop,":batch=d4b89e36c2f54dafb2553aad9126f247 phase=decode requests=399c9677f6e44195897e25ec5ce1daa1,422bf3769b9f45beb57c62f13989c6e8,3255e14c8cb54f1cbdd701ebd201f7b8,a8d52d0acece4573abce53495dc615f9"
0.0,37163881,2,18581940.5,18581940.5,18547567,18616314,48611.5,PushPop,":batch=917565dccc644cdbbcb2f3a561362169 phase=decode requests=399c9677f6e44195897e25ec5ce1daa1,422bf3769b9f45beb57c62f13989c6e8,3255e14c8cb54f1cbdd701ebd201f7b8,a8d52d0acece4573abce53495dc615f9"
0.0,37163565,2,18581782.5,18581782.5,18550662,18612903,44011.0,PushPop,":batch=ed944579ee8b4b539f4587fc6f55e500 phase=decode requests=399c9677f6e44195897e25ec5ce1daa1,422bf3769b9f45beb57c62f13989c6e8,3255e14c8cb54f1cbdd701ebd201f7b8,a8d52d0acece4573abce53495dc615f9"
0.0,37163518,2,18581759.0,18581759.0,18556688,18606830,35455.7,PushPop,":batch=f99d8eddd0744cdca2ae8eb4ff686f50 phase=decode requests=399c9677f6e44195897e25ec5ce1daa1,422bf3769b9f45beb57c62f13989c6e8,3255e14c8cb54f1cbdd701ebd201f7b8,a8d52d0acece4573abce53495dc615f9"
0.0,37163437,2,18581718.5,18581718.5,18548308,18615129,47249.6,PushPop,:batch=3fd936ce4f2045319fcf0e06c6ba4f0e phase=decode requests=aaa729f093b64e2aaeeda0c4bda76f3d
0.0,37163221,2,18581610.5,18581610.5,18535395,18627826,65358.6,PushPop,":batch=0c00a949e1dd46e3be5c968c216e63d6 phase=decode requests=7aa4ba8d31af45f58706a52eb0ad3328,baabce1b18024e189120c512bc680496,046f00cf0a7d4816a65a9b0acad7230b,46ac3b484ea545d181b2d3e8af73623f"
0.0,37162952,2,18581476.0,18581476.0,18544060,18618892,52914.2,PushPop,":batch=0228871c14ca4e51a3ff03285c00c122 phase=decode requests=7aa4ba8d31af45f58706a52eb0ad3328,baabce1b18024e189120c512bc680496,046f00cf0a7d4816a65a9b0acad7230b,46ac3b484ea545d181b2d3e8af73623f"
0.0,37162720,2,18581360.0,18581360.0,18557056,18605664,34371.0,PushPop,":batch=d87c2bb1e7af463da95c2f2b99c818fa phase=decode requests=399c9677f6e44195897e25ec5ce1daa1,422bf3769b9f45beb57c62f13989c6e8,3255e14c8cb54f1cbdd701ebd201f7b8,a8d52d0acece4573abce53495dc615f9"
0.0,37161580,2,18580790.0,18580790.0,18555657,18605923,35543.4,PushPop,:batch=213c226e99344862865e9211055934c1 phase=decode requests=8de7c5b04b184d1cbc3645195ef60a7d
0.0,37161028,2,18580514.0,18580514.0,18558611,18602417,30975.5,PushPop,:batch=b310fb4e4c2d4d38a2a654bd17e0572e phase=decode requests=8de7c5b04b184d1cbc3645195ef60a7d
0.0,37160817,2,18580408.5,18580408.5,18557985,18602832,31711.6,PushPop,":batch=26dc135f65034eb38d9ccd8b8f731204 phase=decode requests=e4484b0df96d49f3a31426c909f9076d,bb52284fe1f1457c8a63320a61ffabbf,deac75ab269243019c9fd4ac2ecfc203,3e2830bc65ab4913904d6e72090a4fe3"
0.0,37160490,2,18580245.0,18580245.0,18549696,18610794,43202.8,PushPop,":batch=86a14df1b46e41debe963e3ffaf3af62 phase=decode requests=399c9677f6e44195897e25ec5ce1daa1,422bf3769b9f45beb57c62f13989c6e8,3255e14c8cb54f1cbdd701ebd201f7b8,a8d52d0acece4573abce53495dc615f9"
0.0,37159665,2,18579832.5,18579832.5,18544172,18615493,50431.6,PushPop,:batch=c60590b6814d4fd3ad1fc4436af75d57 phase=decode requests=8de7c5b04b184d1cbc3645195ef60a7d
0.0,37158778,2,18579389.0,18579389.0,18568026,18590752,16069.7,PushPop,:batch=bbdfdfe9e9a34103819b65d91fc846dc phase=decode requests=8de7c5b04b184d1cbc3645195ef60a7d
0.0,37158257,2,18579128.5,18579128.5,18553256,18605001,36589.2,PushPop,:batch=3e112a35b40544919a0458ffe4809c61 phase=decode requests=8de7c5b04b184d1cbc3645195ef60a7d
0.0,37158072,2,18579036.0,18579036.0,18547970,18610102,43934.0,PushPop,":batch=dc17d9679cf0406cb5f84e9f41531041 phase=decode requests=399c9677f6e44195897e25ec5ce1daa1,422bf3769b9f45beb57c62f13989c6e8,3255e14c8cb54f1cbdd701ebd201f7b8,a8d52d0acece4573abce53495dc615f9"
0.0,37157577,2,18578788.5,18578788.5,18550501,18607076,40004.6,PushPop,:batch=56e2c3dc71c14dcfb02725358bd808b4 phase=decode requests=8de7c5b04b184d1cbc3645195ef60a7d
0.0,37156880,2,18578440.0,18578440.0,18551836,18605044,37623.7,PushPop,:batch=4703143bae704b99b5e857bd45477ffa phase=decode requests=8de7c5b04b184d1cbc3645195ef60a7d
0.0,37156609,2,18578304.5,18578304.5,18565165,18591444,18582.1,PushPop,:batch=58b34412a6054450a102e4488fa9dbfd phase=decode requests=8de7c5b04b184d1cbc3645195ef60a7d
0.0,37155846,2,18577923.0,18577923.0,18372811,18783035,290072.2,PushPop,:batch=b147682f2e4649dab5cffb6355d81d70 phase=decode requests=aaa729f093b64e2aaeeda0c4bda76f3d
0.0,37155357,2,18577678.5,18577678.5,18545729,18609628,45183.4,PushPop,":batch=49d6e5806b6c461f913497366eaa8a60 phase=decode requests=399c9677f6e44195897e25ec5ce1daa1,422bf3769b9f45beb57c62f13989c6e8,3255e14c8cb54f1cbdd701ebd201f7b8,a8d52d0acece4573abce53495dc615f9"
0.0,37154578,2,18577289.0,18577289.0,18569965,18584613,10357.7,PushPop,:batch=3badbd418c544a509bb6b480343980f1 phase=decode requests=8de7c5b04b184d1cbc3645195ef60a7d
0.0,37153949,2,18576974.5,18576974.5,18533639,18620310,61285.7,PushPop,":batch=a2f20ebcc26943b5834b3f12d584d6ff phase=decode requests=7aa4ba8d31af45f58706a52eb0ad3328,baabce1b18024e189120c512bc680496,046f00cf0a7d4816a65a9b0acad7230b,46ac3b484ea545d181b2d3e8af73623f"
0.0,37153920,2,18576960.0,18576960.0,18552025,18601895,35263.4,PushPop,:batch=69596780ba304e13af3d9c812e2f8e7e phase=decode requests=8de7c5b04b184d1cbc3645195ef60a7d
0.0,37152661,2,18576330.5,18576330.5,18567814,18584847,12044.1,PushPop,:batch=cea16287481848949e86eeb11333bb0c phase=decode requests=8de7c5b04b184d1cbc3645195ef60a7d
0.0,37152392,2,18576196.0,18576196.0,18548154,18604238,39657.4,PushPop,:batch=b5490703b21b464ea800218244c88f48 phase=decode requests=1cf8552479e145fd966a17841209a06f
0.0,37151707,2,18575853.5,18575853.5,18542097,18609610,47738.9,PushPop,":batch=b21c902f6c26446492def97378cf6617 phase=decode requests=399c9677f6e44195897e25ec5ce1daa1,422bf3769b9f45beb57c62f13989c6e8,3255e14c8cb54f1cbdd701ebd201f7b8,a8d52d0acece4573abce53495dc615f9"
0.0,37151012,2,18575506.0,18575506.0,18556010,18595002,27571.5,PushPop,:batch=2b41df94bf384e98942064321f81fa99 phase=decode requests=8de7c5b04b184d1cbc3645195ef60a7d
0.0,37149891,2,18574945.5,18574945.5,18531734,18618157,61110.3,PushPop,":batch=92d8ae364b6e4c59ae88b83df04614f3 phase=decode requests=7aa4ba8d31af45f58706a52eb0ad3328,baabce1b18024e189120c512bc680496,046f00cf0a7d4816a65a9b0acad7230b,46ac3b484ea545d181b2d3e8af73623f"
0.0,37149346,2,18574673.0,18574673.0,18558157,18591189,23357.2,PushPop,:batch=3d10ecefb4614d30bb5c3db5cf7c334d phase=decode requests=8de7c5b04b184d1cbc3645195ef60a7d
0.0,37149120,2,18574560.0,18574560.0,18552921,18596199,30602.2,PushPop,:batch=fb166e849e664859841a8eca9771bf58 phase=decode requests=8de7c5b04b184d1cbc3645195ef60a7d
0.0,37148607,2,18574303.5,18574303.5,18539704,18608903,48931.1,PushPop,":batch=fa247719f7824a6386a49f21b3d11a6b phase=decode requests=7aa4ba8d31af45f58706a52eb0ad3328,baabce1b18024e189120c512bc680496,046f00cf0a7d4816a65a9b0acad7230b,46ac3b484ea545d181b2d3e8af73623f"
0.0,37148504,2,18574252.0,18574252.0,18542089,18606415,45485.4,PushPop,:batch=fc9ad0eb239441fb8a9b672b49e9a0b3 phase=decode requests=8de7c5b04b184d1cbc3645195ef60a7d
0.0,37147967,2,18573983.5,18573983.5,18550600,18597367,33069.3,PushPop,":batch=a9b6f3e0861c4f2182d3ff6712d1cf7b phase=decode requests=7aa4ba8d31af45f58706a52eb0ad3328,baabce1b18024e189120c512bc680496,046f00cf0a7d4816a65a9b0acad7230b,46ac3b484ea545d181b2d3e8af73623f"
0.0,37147882,2,18573941.0,18573941.0,18539380,18608502,48876.6,PushPop,":batch=966940799b5c4afdae6459ed29cfa0e0 phase=decode requests=399c9677f6e44195897e25ec5ce1daa1,422bf3769b9f45beb57c62f13989c6e8,3255e14c8cb54f1cbdd701ebd201f7b8,a8d52d0acece4573abce53495dc615f9"
0.0,37147665,2,18573832.5,18573832.5,18556915,18590750,23925.0,PushPop,":batch=55de4634ebb249c79f639f2c15da1fa2 phase=decode requests=7aa4ba8d31af45f58706a52eb0ad3328,baabce1b18024e189120c512bc680496,046f00cf0a7d4816a65a9b0acad7230b,46ac3b484ea545d181b2d3e8af73623f"
0.0,37147435,2,18573717.5,18573717.5,18558726,18588709,21201.2,PushPop,:batch=3c8fbb2261ef413b937538bbfb827af4 phase=decode requests=8de7c5b04b184d1cbc3645195ef60a7d
0.0,37146754,2,18573377.0,18573377.0,18561255,18585499,17143.1,PushPop,:batch=bc4a7d593f1f4fccb28c7c9f589ea29c phase=decode requests=8de7c5b04b184d1cbc3645195ef60a7d
0.0,37146467,2,18573233.5,18573233.5,18538322,18608145,49372.3,PushPop,":batch=177cf8eba0704bf591eb7497754c7ddb phase=decode requests=399c9677f6e44195897e25ec5ce1daa1,422bf3769b9f45beb57c62f13989c6e8,3255e14c8cb54f1cbdd701ebd201f7b8,a8d52d0acece4573abce53495dc615f9"
0.0,37146124,2,18573062.0,18573062.0,18534674,18611450,54288.8,PushPop,":batch=5e7723c2b4a146f8bad6aada3f8b917c phase=decode requests=7aa4ba8d31af45f58706a52eb0ad3328,baabce1b18024e189120c512bc680496,046f00cf0a7d4816a65a9b0acad7230b,46ac3b484ea545d181b2d3e8af73623f"
0.0,37144061,2,18572030.5,18572030.5,18547736,18596325,34357.6,PushPop,":batch=f896b32a12224101a702a7ecbf513bc4 phase=decode requests=7aa4ba8d31af45f58706a52eb0ad3328,baabce1b18024e189120c512bc680496,046f00cf0a7d4816a65a9b0acad7230b,46ac3b484ea545d181b2d3e8af73623f"
0.0,37144034,2,18572017.0,18572017.0,18553987,18590047,25498.3,PushPop,:batch=4295d009c128491b8588ce56e56e88a0 phase=decode requests=8de7c5b04b184d1cbc3645195ef60a7d
0.0,37143260,2,18571630.0,18571630.0,18567907,18575353,5265.1,PushPop,:batch=c6822729b7b34c44a46248ba4882be5a phase=decode requests=8de7c5b04b184d1cbc3645195ef60a7d
0.0,37141909,2,18570954.5,18570954.5,18543938,18597971,38207.1,PushPop,:batch=9b9088220273406bb071e77b6c85f79b phase=decode requests=8de7c5b04b184d1cbc3645195ef60a7d
0.0,37141318,2,18570659.0,18570659.0,18561007,18580311,13650.0,PushPop,:batch=b1db4ef6170f4a19be1091ffa3486a0d phase=decode requests=8de7c5b04b184d1cbc3645195ef60a7d
0.0,37141215,2,18570607.5,18570607.5,18542787,18598428,39344.1,PushPop,":batch=b5f62c30fbfc4e0bbc4760027a527013 phase=decode requests=7aa4ba8d31af45f58706a52eb0ad3328,baabce1b18024e189120c512bc680496,046f00cf0a7d4816a65a9b0acad7230b,46ac3b484ea545d181b2d3e8af73623f"
0.0,37139646,2,18569823.0,18569823.0,18533948,18605698,50734.9,PushPop,":batch=ceb7a444f3504670852ae57fbd637093 phase=decode requests=7aa4ba8d31af45f58706a52eb0ad3328,baabce1b18024e189120c512bc680496,046f00cf0a7d4816a65a9b0acad7230b,46ac3b484ea545d181b2d3e8af73623f"
0.0,37139018,2,18569509.0,18569509.0,18537893,18601125,44711.8,PushPop,":batch=b79273e65e47475eb7fe41818f6b736f phase=decode requests=399c9677f6e44195897e25ec5ce1daa1,422bf3769b9f45beb57c62f13989c6e8,3255e14c8cb54f1cbdd701ebd201f7b8,a8d52d0acece4573abce53495dc615f9"
0.0,37138828,2,18569414.0,18569414.0,18531517,18607311,53594.5,PushPop,":batch=f1fd987a465f4d748c69fdb916cf0f57 phase=decode requests=7aa4ba8d31af45f58706a52eb0ad3328,baabce1b18024e189120c512bc680496,046f00cf0a7d4816a65a9b0acad7230b,46ac3b484ea545d181b2d3e8af73623f"
0.0,37138518,2,18569259.0,18569259.0,18531757,18606761,53035.8,PushPop,":batch=09b306f18d1d465e80dde321fe27c514 phase=decode requests=7aa4ba8d31af45f58706a52eb0ad3328,baabce1b18024e189120c512bc680496,046f00cf0a7d4816a65a9b0acad7230b,46ac3b484ea545d181b2d3e8af73623f"
0.0,37137978,2,18568989.0,18568989.0,18539878,18598100,41169.2,PushPop,":batch=e40326776ee04b46ba7de6142e5cb19c phase=decode requests=399c9677f6e44195897e25ec5ce1daa1,422bf3769b9f45beb57c62f13989c6e8,3255e14c8cb54f1cbdd701ebd201f7b8,a8d52d0acece4573abce53495dc615f9"
0.0,37137424,2,18568712.0,18568712.0,18559992,18577432,12331.9,PushPop,:batch=56e3f4e3b955492f9f5379c43eaf7346 phase=decode requests=8de7c5b04b184d1cbc3645195ef60a7d
0.0,37137421,2,18568710.5,18568710.5,18554360,18583061,20294.7,PushPop,:batch=d6782421843f4ea6bc3e2e34a1634983 phase=decode requests=8de7c5b04b184d1cbc3645195ef60a7d
0.0,37136249,2,18568124.5,18568124.5,18528543,18607706,55976.7,PushPop,":batch=9f9b640224a946ae9021d8a0aa971d7e phase=decode requests=7aa4ba8d31af45f58706a52eb0ad3328,baabce1b18024e189120c512bc680496,046f00cf0a7d4816a65a9b0acad7230b,46ac3b484ea545d181b2d3e8af73623f"
0.0,37135323,2,18567661.5,18567661.5,18544028,18591295,33422.8,PushPop,:batch=5d9fb92b276a4c69a5ef2cee5dbdc8ee phase=decode requests=8de7c5b04b184d1cbc3645195ef60a7d
0.0,37134918,2,18567459.0,18567459.0,18554240,18580678,18694.5,PushPop,:batch=1270477de997411bb4ef53bc958a92fc phase=decode requests=8de7c5b04b184d1cbc3645195ef60a7d
0.0,37134908,2,18567454.0,18567454.0,18548231,18586677,27185.4,PushPop,:batch=aa33ab5003a54922b51ec415ec9c59a7 phase=decode requests=8de7c5b04b184d1cbc3645195ef60a7d
0.0,37134828,2,18567414.0,18567414.0,18536927,18597901,43115.1,PushPop,:batch=9398bce243cd4404830a31bc84985d8e phase=decode requests=c47f16e66de94d7ebc64adfc42386324
0.0,37134773,2,18567386.5,18567386.5,18531446,18603327,50827.5,PushPop,:batch=b72442f67b134d15b0ac4749a42dd0ba phase=decode requests=8de7c5b04b184d1cbc3645195ef60a7d
0.0,37134103,2,18567051.5,18567051.5,18536824,18597279,42748.1,PushPop,:batch=d8299f52518446639b550fab7d63c29b phase=decode requests=8de7c5b04b184d1cbc3645195ef60a7d
0.0,37134073,2,18567036.5,18567036.5,18533401,18600672,47567.8,PushPop,":batch=b9a9d17940a842c8bbc79ada46fda173 phase=decode requests=7aa4ba8d31af45f58706a52eb0ad3328,baabce1b18024e189120c512bc680496,046f00cf0a7d4816a65a9b0acad7230b,46ac3b484ea545d181b2d3e8af73623f"
0.0,37134037,2,18567018.5,18567018.5,18516693,18617344,71171.0,PushPop,":batch=0582b18ea9f7404d8fb5738f8fb9cfd7 phase=decode requests=399c9677f6e44195897e25ec5ce1daa1,422bf3769b9f45beb57c62f13989c6e8,3255e14c8cb54f1cbdd701ebd201f7b8,a8d52d0acece4573abce53495dc615f9"
0.0,37133797,2,18566898.5,18566898.5,18530853,18602944,50976.0,PushPop,":batch=6a8590c5a1f7434280397ea996af7746 phase=decode requests=399c9677f6e44195897e25ec5ce1daa1,422bf3769b9f45beb57c62f13989c6e8,3255e14c8cb54f1cbdd701ebd201f7b8,a8d52d0acece4573abce53495dc615f9"
0.0,37132006,2,18566003.0,18566003.0,18546084,18585922,28169.7,PushPop,:batch=30ec3484ac63489abf9610202023a15f phase=decode requests=8de7c5b04b184d1cbc3645195ef60a7d
0.0,37131492,2,18565746.0,18565746.0,18524046,18607446,58972.7,PushPop,":batch=835838ee567944888687150e0e800920 phase=decode requests=399c9677f6e44195897e25ec5ce1daa1,422bf3769b9f45beb57c62f13989c6e8,3255e14c8cb54f1cbdd701ebd201f7b8,a8d52d0acece4573abce53495dc615f9"
0.0,37131377,2,18565688.5,18565688.5,18549935,18581442,22278.8,PushPop,:batch=66804c8a3afc4ce4ba1c58ae6cd883ef phase=decode requests=8de7c5b04b184d1cbc3645195ef60a7d
0.0,37131293,2,18565646.5,18565646.5,18511542,18619751,76515.3,PushPop,":batch=676b79e25bdc485ebc4d6f487f7444aa phase=decode requests=7aa4ba8d31af45f58706a52eb0ad3328,baabce1b18024e189120c512bc680496,046f00cf0a7d4816a65a9b0acad7230b,46ac3b484ea545d181b2d3e8af73623f"
0.0,37131265,2,18565632.5,18565632.5,18528615,18602650,52350.7,PushPop,:batch=fb4fe6356b2f4959aab91affb97de125 phase=decode requests=c47f16e66de94d7ebc64adfc42386324
0.0,37129909,2,18564954.5,18564954.5,18558915,18570994,8541.1,PushPop,:batch=854cf1538f2940a4b3b40e05f728fa02 phase=decode requests=8de7c5b04b184d1cbc3645195ef60a7d
0.0,37129745,2,18564872.5,18564872.5,18534027,18595718,43622.1,PushPop,:batch=bf9c4392cb4c427c9934fef90f8ad388 phase=decode requests=8de7c5b04b184d1cbc3645195ef60a7d
0.0,37129677,2,18564838.5,18564838.5,18546709,18582968,25639.0,PushPop,:batch=9bdf1556b225407e86b2b0e243e1213a phase=decode requests=8de7c5b04b184d1cbc3645195ef60a7d
0.0,37129324,2,18564662.0,18564662.0,18535187,18594137,41683.9,PushPop,":batch=c591e458441646e592053fb7061c5bdb phase=decode requests=7aa4ba8d31af45f58706a52eb0ad3328,baabce1b18024e189120c512bc680496,046f00cf0a7d4816a65a9b0acad7230b,46ac3b484ea545d181b2d3e8af73623f"
0.0,37128421,2,18564210.5,18564210.5,18518571,18609850,64544.0,PushPop,":batch=a0afa0ad6abf4275813a1c8a07fbc455 phase=decode requests=7aa4ba8d31af45f58706a52eb0ad3328,baabce1b18024e189120c512bc680496,046f00cf0a7d4816a65a9b0acad7230b,46ac3b484ea545d181b2d3e8af73623f"
0.0,37128419,2,18564209.5,18564209.5,18540769,18587650,33149.9,PushPop,:batch=573175f87a0c4f51bf281f411ae06ecd phase=decode requests=8de7c5b04b184d1cbc3645195ef60a7d
0.0,37128381,2,18564190.5,18564190.5,18542999,18585382,29969.3,PushPop,:batch=7e83e6bf6f9f4fa58dd03651add723f2 phase=decode requests=8de7c5b04b184d1cbc3645195ef60a7d
0.0,37127567,2,18563783.5,18563783.5,18542751,18584816,29744.4,PushPop,":batch=9f46010381bf416c8c2a7af46a65486f phase=decode requests=7aa4ba8d31af45f58706a52eb0ad3328,baabce1b18024e189120c512bc680496,046f00cf0a7d4816a65a9b0acad7230b,46ac3b484ea545d181b2d3e8af73623f"
0.0,37127174,2,18563587.0,18563587.0,18527832,18599342,50565.2,PushPop,":batch=b3f29ca357a3498487d9e8faf03b45b8 phase=decode requests=7aa4ba8d31af45f58706a52eb0ad3328,baabce1b18024e189120c512bc680496,046f00cf0a7d4816a65a9b0acad7230b,46ac3b484ea545d181b2d3e8af73623f"
0.0,37126825,2,18563412.5,18563412.5,18558811,18568014,6507.5,PushPop,:batch=24aeec3946a24f3dba1c45f57d5b7a62 phase=decode requests=8de7c5b04b184d1cbc3645195ef60a7d
0.0,37126634,2,18563317.0,18563317.0,18547552,18579082,22295.1,PushPop,":batch=89ea7f34c7f545cb9ec4f607bc9678ed phase=decode requests=7aa4ba8d31af45f58706a52eb0ad3328,baabce1b18024e189120c512bc680496,046f00cf0a7d4816a65a9b0acad7230b,46ac3b484ea545d181b2d3e8af73623f"
0.0,37126240,2,18563120.0,18563120.0,18514065,18612175,69374.2,PushPop,":batch=020d083d8f2e45719d837baa43af1ddd phase=decode requests=7aa4ba8d31af45f58706a52eb0ad3328,baabce1b18024e189120c512bc680496,046f00cf0a7d4816a65a9b0acad7230b,46ac3b484ea545d181b2d3e8af73623f"
0.0,37126147,2,18563073.5,18563073.5,18529849,18596298,46986.5,PushPop,":batch=7ed5797479824f96804b0d16026c339f phase=decode requests=7aa4ba8d31af45f58706a52eb0ad3328,baabce1b18024e189120c512bc680496,046f00cf0a7d4816a65a9b0acad7230b,46ac3b484ea545d181b2d3e8af73623f"
0.0,37125908,2,18562954.0,18562954.0,18535247,18590661,39183.6,PushPop,:batch=cb22b782b45f4a2a8fa3f4eb55f93dbc phase=decode requests=8de7c5b04b184d1cbc3645195ef60a7d
0.0,37125517,2,18562758.5,18562758.5,18535434,18590083,38642.7,PushPop,":batch=1efcbc9af17a46d0853421c7cd436855 phase=decode requests=399c9677f6e44195897e25ec5ce1daa1,422bf3769b9f45beb57c62f13989c6e8,3255e14c8cb54f1cbdd701ebd201f7b8,a8d52d0acece4573abce53495dc615f9"
0.0,37125055,2,18562527.5,18562527.5,18533301,18591754,41332.5,PushPop,":batch=c6a351c08b0140e28ba0e0e2487882d4 phase=decode requests=7aa4ba8d31af45f58706a52eb0ad3328,baabce1b18024e189120c512bc680496,046f00cf0a7d4816a65a9b0acad7230b,46ac3b484ea545d181b2d3e8af73623f"
0.0,37124565,2,18562282.5,18562282.5,18531489,18593076,43548.6,PushPop,":batch=4ded8324a6004265bf0d963bb00c5b0a phase=decode requests=399c9677f6e44195897e25ec5ce1daa1,422bf3769b9f45beb57c62f13989c6e8,3255e14c8cb54f1cbdd701ebd201f7b8,a8d52d0acece4573abce53495dc615f9"
0.0,37124206,2,18562103.0,18562103.0,18532356,18591850,42068.6,PushPop,:batch=f26e781226ba4efba0c3b015b2e6cde7 phase=decode requests=8de7c5b04b184d1cbc3645195ef60a7d
0.0,37123419,2,18561709.5,18561709.5,18521175,18602244,57324.4,PushPop,":batch=eac242fc76f942fa89556a53882bce8b phase=decode requests=7aa4ba8d31af45f58706a52eb0ad3328,baabce1b18024e189120c512bc680496,046f00cf0a7d4816a65a9b0acad7230b,46ac3b484ea545d181b2d3e8af73623f"
0.0,37122965,2,18561482.5,18561482.5,18533434,18589531,39666.6,PushPop,:batch=1a5185294ccb4ae9ac66df81bca9a186 phase=decode requests=8de7c5b04b184d1cbc3645195ef60a7d
0.0,37122816,2,18561408.0,18561408.0,18531425,18591391,42402.4,PushPop,":batch=09805401d4704a78b3d7c696f3b67ed9 phase=decode requests=7aa4ba8d31af45f58706a52eb0ad3328,baabce1b18024e189120c512bc680496,046f00cf0a7d4816a65a9b0acad7230b,46ac3b484ea545d181b2d3e8af73623f"
0.0,37122616,2,18561308.0,18561308.0,18541570,18581046,27913.7,PushPop,:batch=ac328d5c5a2e43dd8a0222556b0a37bb phase=decode requests=8de7c5b04b184d1cbc3645195ef60a7d
0.0,37121190,2,18560595.0,18560595.0,18536519,18584671,34048.6,PushPop,:batch=a1cea71ea59a4c2b9a11e6e82afe4480 phase=decode requests=8de7c5b04b184d1cbc3645195ef60a7d
0.0,37121071,2,18560535.5,18560535.5,18538579,18582492,31051.2,PushPop,:batch=f179d68356b94555b9fe5de694895920 phase=decode requests=8de7c5b04b184d1cbc3645195ef60a7d
0.0,37121009,2,18560504.5,18560504.5,18534704,18586305,36487.4,PushPop,:batch=73cb8a32bf84482daa31146ef0d6f8d2 phase=decode requests=8de7c5b04b184d1cbc3645195ef60a7d
0.0,37120757,2,18560378.5,18560378.5,18533228,18587529,38396.6,PushPop,:batch=89b831e7d3c3462495e6978eead76100 phase=decode requests=8de7c5b04b184d1cbc3645195ef60a7d
0.0,37119324,2,18559662.0,18559662.0,18535157,18584167,34655.3,PushPop,":batch=1e0fd04c2d0f47b69f5403d3bfaf8257 phase=decode requests=7aa4ba8d31af45f58706a52eb0ad3328,baabce1b18024e189120c512bc680496,046f00cf0a7d4816a65a9b0acad7230b,46ac3b484ea545d181b2d3e8af73623f"
0.0,37118834,2,18559417.0,18559417.0,18535278,18583556,34137.7,PushPop,:batch=ea89fb60cd3d4b85bf196c5ecc2f73c9 phase=decode requests=8de7c5b04b184d1cbc3645195ef60a7d
0.0,37118389,2,18559194.5,18559194.5,18548653,18569736,14907.9,PushPop,:batch=11e86aaa0d5b4c7c96b8086bb28c7053 phase=decode requests=8de7c5b04b184d1cbc3645195ef60a7d
0.0,37118346,2,18559173.0,18559173.0,18545914,18572432,18751.1,PushPop,:batch=7a4209b58c8f4f54b44e9f2007e8ac3b phase=decode requests=8de7c5b04b184d1cbc3645195ef60a7d
0.0,37118244,2,18559122.0,18559122.0,18530282,18587962,40785.9,PushPop,":batch=ce1ed64cb0cd4600b7664213f5bd6941 phase=decode requests=399c9677f6e44195897e25ec5ce1daa1,422bf3769b9f45beb57c62f13989c6e8,3255e14c8cb54f1cbdd701ebd201f7b8,a8d52d0acece4573abce53495dc615f9"
0.0,37117797,2,18558898.5,18558898.5,18542780,18575017,22795.0,PushPop,:batch=8afc8c5f877b4a168100ceeeabd5ec19 phase=decode requests=aaa729f093b64e2aaeeda0c4bda76f3d
0.0,37117505,2,18558752.5,18558752.5,18510554,18606951,68163.0,PushPop,":batch=029c99b57d804d4b866ccd04ec4c3ebe phase=decode requests=7aa4ba8d31af45f58706a52eb0ad3328,baabce1b18024e189120c512bc680496,046f00cf0a7d4816a65a9b0acad7230b,46ac3b484ea545d181b2d3e8af73623f"
0.0,37117444,2,18558722.0,18558722.0,18543197,18574247,21955.7,PushPop,:batch=2ef3dc86cfa54166970bef89a45b6c54 phase=decode requests=8de7c5b04b184d1cbc3645195ef60a7d
0.0,37117205,2,18558602.5,18558602.5,18532553,18584652,36839.6,PushPop,":batch=f35b918c387a4ac8a5d76618e4c1b150 phase=decode requests=e4484b0df96d49f3a31426c909f9076d,bb52284fe1f1457c8a63320a61ffabbf,deac75ab269243019c9fd4ac2ecfc203,3e2830bc65ab4913904d6e72090a4fe3"
0.0,37116737,2,18558368.5,18558368.5,18529874,18586863,40297.3,PushPop,":batch=7ef528e37ef14ef4bbd94dcf5deee5e7 phase=decode requests=399c9677f6e44195897e25ec5ce1daa1,422bf3769b9f45beb57c62f13989c6e8,3255e14c8cb54f1cbdd701ebd201f7b8,a8d52d0acece4573abce53495dc615f9"
0.0,37116094,2,18558047.0,18558047.0,18542038,18574056,22640.1,PushPop,:batch=9bd689a690564bb79cae0611aaf3d97b phase=decode requests=8de7c5b04b184d1cbc3645195ef60a7d
0.0,37115827,2,18557913.5,18557913.5,18539613,18576214,25880.8,PushPop,:batch=754db4769e984777abef2c19d17046d1 phase=decode requests=8de7c5b04b184d1cbc3645195ef60a7d
0.0,37114491,2,18557245.5,18557245.5,18529482,18585009,39263.5,PushPop,":batch=ed658d789cb24803a79b4ad386cc8010 phase=decode requests=7aa4ba8d31af45f58706a52eb0ad3328,baabce1b18024e189120c512bc680496,046f00cf0a7d4816a65a9b0acad7230b,46ac3b484ea545d181b2d3e8af73623f"
0.0,37111951,2,18555975.5,18555975.5,18531572,18580379,34511.8,PushPop,":batch=b182fd48f24a4a50902c8097acdfb29f phase=decode requests=7aa4ba8d31af45f58706a52eb0ad3328,baabce1b18024e189120c512bc680496,046f00cf0a7d4816a65a9b0acad7230b,46ac3b484ea545d181b2d3e8af73623f"
0.0,37111350,2,18555675.0,18555675.0,18538109,18573241,24842.1,PushPop,:batch=a2639c76119a497cb29450c68928241b phase=decode requests=8de7c5b04b184d1cbc3645195ef60a7d
0.0,37110743,2,18555371.5,18555371.5,18535708,18575035,27808.4,PushPop,:batch=7a6d96c299e649a78bc655c16d64126c phase=decode requests=8de7c5b04b184d1cbc3645195ef60a7d
0.0,37109134,2,18554567.0,18554567.0,18544442,18564692,14318.9,PushPop,":batch=4d73ef6fa1f54c2e89a141817889e8cb phase=decode requests=7aa4ba8d31af45f58706a52eb0ad3328,baabce1b18024e189120c512bc680496,046f00cf0a7d4816a65a9b0acad7230b,46ac3b484ea545d181b2d3e8af73623f"
0.0,37108441,2,18554220.5,18554220.5,18515444,18592997,54838.3,PushPop,:batch=88727f6fd4a841c29cc44d9b735659fe phase=decode requests=c47f16e66de94d7ebc64adfc42386324
0.0,37108112,2,18554056.0,18554056.0,18538713,18569399,21698.3,PushPop,:batch=d53d3b6e69d545a68cc87db3835b0e3f phase=decode requests=8de7c5b04b184d1cbc3645195ef60a7d
0.0,37108041,2,18554020.5,18554020.5,18538513,18569528,21930.9,PushPop,:batch=982ef826085f4017846a754748141a1c phase=decode requests=8de7c5b04b184d1cbc3645195ef60a7d
0.0,37107243,2,18553621.5,18553621.5,18535119,18572124,26166.5,PushPop,":batch=7b628038fdae4e9b84e49ae6eb8926f6 phase=decode requests=399c9677f6e44195897e25ec5ce1daa1,422bf3769b9f45beb57c62f13989c6e8,3255e14c8cb54f1cbdd701ebd201f7b8,a8d52d0acece4573abce53495dc615f9"
0.0,37106182,2,18553091.0,18553091.0,18513827,18592355,55527.7,PushPop,":batch=f17ebcef486741dcbf2891b15cd769c7 phase=decode requests=399c9677f6e44195897e25ec5ce1daa1,422bf3769b9f45beb57c62f13989c6e8,3255e14c8cb54f1cbdd701ebd201f7b8,a8d52d0acece4573abce53495dc615f9"
0.0,37106150,2,18553075.0,18553075.0,18518140,18588010,49405.6,PushPop,":batch=f47c15ae022c4e079a20c26f0f0f7404 phase=decode requests=399c9677f6e44195897e25ec5ce1daa1,422bf3769b9f45beb57c62f13989c6e8,3255e14c8cb54f1cbdd701ebd201f7b8,a8d52d0acece4573abce53495dc615f9"
0.0,37105871,2,18552935.5,18552935.5,18513885,18591986,55225.7,PushPop,":batch=4b18e7f2b65c4bb88ca03ef11498f05e phase=decode requests=7aa4ba8d31af45f58706a52eb0ad3328,baabce1b18024e189120c512bc680496,046f00cf0a7d4816a65a9b0acad7230b,46ac3b484ea545d181b2d3e8af73623f"
0.0,37105195,2,18552597.5,18552597.5,18534055,18571140,26223.1,PushPop,:batch=bfa4410f4053473091ebe6dd6dd0c9af phase=decode requests=8de7c5b04b184d1cbc3645195ef60a7d
0.0,37104957,2,18552478.5,18552478.5,18535608,18569349,23858.5,PushPop,:batch=ee056a6086594862968a5262d25e5902 phase=decode requests=8de7c5b04b184d1cbc3645195ef60a7d
0.0,37104821,2,18552410.5,18552410.5,18523941,18580880,40262.0,PushPop,":batch=57a7bd51ab65463eb4c7e1fabbf5317e phase=decode requests=399c9677f6e44195897e25ec5ce1daa1,422bf3769b9f45beb57c62f13989c6e8,3255e14c8cb54f1cbdd701ebd201f7b8,a8d52d0acece4573abce53495dc615f9"
0.0,37103669,2,18551834.5,18551834.5,18512373,18591296,55807.0,PushPop,:batch=34f599f6c7144bcd995afcc869b85003 phase=decode requests=8de7c5b04b184d1cbc3645195ef60a7d
0.0,37103501,2,18551750.5,18551750.5,18520104,18583397,44754.9,PushPop,":batch=2a62e4d74a9141c6b0739d584d8fdfcf phase=decode requests=e4484b0df96d49f3a31426c909f9076d,bb52284fe1f1457c8a63320a61ffabbf,deac75ab269243019c9fd4ac2ecfc203,3e2830bc65ab4913904d6e72090a4fe3"
0.0,37103376,2,18551688.0,18551688.0,18534752,18568624,23951.1,PushPop,:batch=311993eb3475464895a1c2e2d1401bdb phase=decode requests=8de7c5b04b184d1cbc3645195ef60a7d
0.0,37103192,2,18551596.0,18551596.0,18535372,18567820,22944.2,PushPop,":batch=05d608b3f6d9445e8c4f0124819cfa6f phase=decode requests=7aa4ba8d31af45f58706a52eb0ad3328,baabce1b18024e189120c512bc680496,046f00cf0a7d4816a65a9b0acad7230b,46ac3b484ea545d181b2d3e8af73623f"
0.0,37102403,2,18551201.5,18551201.5,18517035,18585368,48318.7,PushPop,":batch=1b54510cebfb4cf48d7da45bfea16c5c phase=decode requests=399c9677f6e44195897e25ec5ce1daa1,422bf3769b9f45beb57c62f13989c6e8,3255e14c8cb54f1cbdd701ebd201f7b8,a8d52d0acece4573abce53495dc615f9"
0.0,37102168,2,18551084.0,18551084.0,18525783,18576385,35781.0,PushPop,:batch=7a3c1383ec1b48d89452e0a0397dace7 phase=decode requests=8de7c5b04b184d1cbc3645195ef60a7d
0.0,37102112,2,18551056.0,18551056.0,18516754,18585358,48510.4,PushPop,":batch=b97473daf0394cfe9775ada04a69b012 phase=decode requests=399c9677f6e44195897e25ec5ce1daa1,422bf3769b9f45beb57c62f13989c6e8,3255e14c8cb54f1cbdd701ebd201f7b8,a8d52d0acece4573abce53495dc615f9"
0.0,37101971,2,18550985.5,18550985.5,18514285,18587686,51902.3,PushPop,":batch=e1c3b6de895044c384f015daa47ba9e0 phase=decode requests=399c9677f6e44195897e25ec5ce1daa1,422bf3769b9f45beb57c62f13989c6e8,3255e14c8cb54f1cbdd701ebd201f7b8,a8d52d0acece4573abce53495dc615f9"
0.0,37100746,2,18550373.0,18550373.0,18516044,18584702,48548.5,PushPop,":batch=ba5d50a500dd453893b0d731494d1eca phase=decode requests=399c9677f6e44195897e25ec5ce1daa1,422bf3769b9f45beb57c62f13989c6e8,3255e14c8cb54f1cbdd701ebd201f7b8,a8d52d0acece4573abce53495dc615f9"
0.0,37100122,2,18550061.0,18550061.0,18523164,18576958,38038.1,PushPop,:batch=cc1c2e9ce4a24d3685c5a9172748b41f phase=decode requests=8de7c5b04b184d1cbc3645195ef60a7d
0.0,37099634,2,18549817.0,18549817.0,18526347,18573287,33191.6,PushPop,:batch=b608898e501c482da5221cddf9ae83f3 phase=decode requests=8de7c5b04b184d1cbc3645195ef60a7d
0.0,37099256,2,18549628.0,18549628.0,18528613,18570643,29719.7,PushPop,:batch=4839266fb1f04e00a8b8b6e41cf495bc phase=decode requests=8de7c5b04b184d1cbc3645195ef60a7d
0.0,37099079,2,18549539.5,18549539.5,18508387,18590692,58198.4,PushPop,:batch=c8a6a8c93d8346eca08770e62dc1efcd phase=decode requests=c47f16e66de94d7ebc64adfc42386324
0.0,37098043,2,18549021.5,18549021.5,18527889,18570154,29885.9,PushPop,:batch=7605537f6d1246d6abc2e3f8e5c878d7 phase=decode requests=aaa729f093b64e2aaeeda0c4bda76f3d
0.0,37097671,2,18548835.5,18548835.5,18531492,18566179,24527.4,PushPop,":batch=1a0b8c75072f41d29563881fb7b0f81e phase=decode requests=7aa4ba8d31af45f58706a52eb0ad3328,baabce1b18024e189120c512bc680496,046f00cf0a7d4816a65a9b0acad7230b,46ac3b484ea545d181b2d3e8af73623f"
0.0,37097287,2,18548643.5,18548643.5,18502856,18594431,64753.3,PushPop,":batch=587b4794fc29434a9925bb6bc4393321 phase=decode requests=7aa4ba8d31af45f58706a52eb0ad3328,baabce1b18024e189120c512bc680496,046f00cf0a7d4816a65a9b0acad7230b,46ac3b484ea545d181b2d3e8af73623f"
0.0,37097119,2,18548559.5,18548559.5,18523023,18574096,36114.1,PushPop,":batch=1b88353873bc4cf69cd9473ad2ae2661 phase=decode requests=7aa4ba8d31af45f58706a52eb0ad3328,baabce1b18024e189120c512bc680496,046f00cf0a7d4816a65a9b0acad7230b,46ac3b484ea545d181b2d3e8af73623f"
0.0,37094687,2,18547343.5,18547343.5,18500491,18594196,66259.4,PushPop,":batch=48494ee04948414fbd2f38d150dca8ac phase=decode requests=7aa4ba8d31af45f58706a52eb0ad3328,baabce1b18024e189120c512bc680496,046f00cf0a7d4816a65a9b0acad7230b,46ac3b484ea545d181b2d3e8af73623f"
0.0,37094458,2,18547229.0,18547229.0,18519979,18574479,38537.3,PushPop,:batch=b5864cf4a062446f8589bd607033c8d1 phase=decode requests=8de7c5b04b184d1cbc3645195ef60a7d
0.0,37093921,2,18546960.5,18546960.5,18516049,18577872,43715.5,PushPop,":batch=a1081d50b848472983e242fc806b9ea0 phase=decode requests=7aa4ba8d31af45f58706a52eb0ad3328,baabce1b18024e189120c512bc680496,046f00cf0a7d4816a65a9b0acad7230b,46ac3b484ea545d181b2d3e8af73623f"
0.0,37093318,2,18546659.0,18546659.0,18529896,18563422,23706.5,PushPop,:batch=6b0c4df9a0d8476987999354bd433532 phase=decode requests=8de7c5b04b184d1cbc3645195ef60a7d
0.0,37092890,2,18546445.0,18546445.0,18522081,18570809,34455.9,PushPop,:batch=0b1b466cb71c4d46925027508bfda891 phase=decode requests=8de7c5b04b184d1cbc3645195ef60a7d
0.0,37090571,2,18545285.5,18545285.5,18514838,18575733,43059.3,PushPop,:batch=5dbfb5fbc3c74478b251f7c8db721692 phase=decode requests=8de7c5b04b184d1cbc3645195ef60a7d
0.0,37089926,2,18544963.0,18544963.0,18507067,18582859,53593.0,PushPop,":batch=1fc43024fb444ae6897d4fe9ad1341ef phase=decode requests=399c9677f6e44195897e25ec5ce1daa1,422bf3769b9f45beb57c62f13989c6e8,3255e14c8cb54f1cbdd701ebd201f7b8,a8d52d0acece4573abce53495dc615f9"
0.0,37089493,2,18544746.5,18544746.5,18507192,18582301,53110.1,PushPop,":batch=62f97a2a02ee4b10965c3d3c90495a07 phase=decode requests=7aa4ba8d31af45f58706a52eb0ad3328,baabce1b18024e189120c512bc680496,046f00cf0a7d4816a65a9b0acad7230b,46ac3b484ea545d181b2d3e8af73623f"
0.0,37088981,2,18544490.5,18544490.5,18504110,18584871,57106.7,PushPop,":batch=44e5e0f2469945cc97ff746c22327710 phase=decode requests=7aa4ba8d31af45f58706a52eb0ad3328,baabce1b18024e189120c512bc680496,046f00cf0a7d4816a65a9b0acad7230b,46ac3b484ea545d181b2d3e8af73623f"
0.0,37087659,2,18543829.5,18543829.5,18525103,18562556,26483.3,PushPop,:batch=82269b0a246240f9add4757b57c941c0 phase=decode requests=8de7c5b04b184d1cbc3645195ef60a7d
0.0,37087609,2,18543804.5,18543804.5,18497104,18590505,66044.5,PushPop,":batch=d910927d7d1b4011820ab2ee43008c17 phase=decode requests=7aa4ba8d31af45f58706a52eb0ad3328,baabce1b18024e189120c512bc680496,046f00cf0a7d4816a65a9b0acad7230b,46ac3b484ea545d181b2d3e8af73623f"
0.0,37087387,2,18543693.5,18543693.5,18522305,18565082,30247.9,PushPop,:batch=3d586c6ab87d4ba890dc7c7133a0a88b phase=decode requests=8de7c5b04b184d1cbc3645195ef60a7d
0.0,37087069,2,18543534.5,18543534.5,18506402,18580667,52513.3,PushPop,":batch=a9cb2723a1d54534928073eea1c6410f phase=decode requests=7aa4ba8d31af45f58706a52eb0ad3328,baabce1b18024e189120c512bc680496,046f00cf0a7d4816a65a9b0acad7230b,46ac3b484ea545d181b2d3e8af73623f"
0.0,37087045,2,18543522.5,18543522.5,18520980,18566065,31879.9,PushPop,:batch=678e7cc9a4524827b1de745cb0b81365 phase=decode requests=8de7c5b04b184d1cbc3645195ef60a7d
0.0,37086975,2,18543487.5,18543487.5,18530090,18556885,18946.9,PushPop,:batch=06cd60010db040c6a340f33fc18defdd phase=decode requests=8de7c5b04b184d1cbc3645195ef60a7d
0.0,37086589,2,18543294.5,18543294.5,18498117,18588472,63890.6,PushPop,":batch=4768e6dbfe4243edba8eda03b1ea9bd2 phase=decode requests=399c9677f6e44195897e25ec5ce1daa1,422bf3769b9f45beb57c62f13989c6e8,3255e14c8cb54f1cbdd701ebd201f7b8,a8d52d0acece4573abce53495dc615f9"
0.0,37085643,2,18542821.5,18542821.5,18512264,18573379,43214.8,PushPop,":batch=5929614c6dff40cb9f017be124215ab1 phase=decode requests=7aa4ba8d31af45f58706a52eb0ad3328,baabce1b18024e189120c512bc680496,046f00cf0a7d4816a65a9b0acad7230b,46ac3b484ea545d181b2d3e8af73623f"
0.0,37085259,2,18542629.5,18542629.5,18516044,18569215,37597.6,PushPop,":batch=8a51c2d4d4434523bc8e729668b34467 phase=decode requests=7aa4ba8d31af45f58706a52eb0ad3328,baabce1b18024e189120c512bc680496,046f00cf0a7d4816a65a9b0acad7230b,46ac3b484ea545d181b2d3e8af73623f"
0.0,37085157,2,18542578.5,18542578.5,18532914,18552243,13667.7,PushPop,:batch=9327d0e4b09145f38ca2f6c746326446 phase=decode requests=8de7c5b04b184d1cbc3645195ef60a7d
0.0,37085086,2,18542543.0,18542543.0,18528500,18556586,19859.8,PushPop,:batch=89f1e09bea344e3a99bb265b9a0aa771 phase=decode requests=8de7c5b04b184d1cbc3645195ef60a7d
0.0,37082041,2,18541020.5,18541020.5,18499310,18582731,58987.6,PushPop,":batch=172ddafe3fc9445eac98b4cf1773ac0b phase=decode requests=7aa4ba8d31af45f58706a52eb0ad3328,baabce1b18024e189120c512bc680496,046f00cf0a7d4816a65a9b0acad7230b,46ac3b484ea545d181b2d3e8af73623f"
0.0,37081830,2,18540915.0,18540915.0,18527444,18554386,19050.9,PushPop,:batch=de874494653c42d6a0f2317e8f29fe33 phase=decode requests=8de7c5b04b184d1cbc3645195ef60a7d
0.0,37081673,2,18540836.5,18540836.5,18522061,18559612,26552.6,PushPop,":batch=a9526834ddc5461f92c960a5d05919a4 phase=decode requests=7aa4ba8d31af45f58706a52eb0ad3328,baabce1b18024e189120c512bc680496,046f00cf0a7d4816a65a9b0acad7230b,46ac3b484ea545d181b2d3e8af73623f"
0.0,37079080,2,18539540.0,18539540.0,18516780,18562300,32187.5,PushPop,:batch=495ec7e83b8a4e9f9818762610fd4108 phase=decode requests=8de7c5b04b184d1cbc3645195ef60a7d
0.0,37078333,2,18539166.5,18539166.5,18533686,18544647,7750.6,PushPop,:batch=ebbd2b142af54b3aafd92fe9237919ca phase=decode requests=8de7c5b04b184d1cbc3645195ef60a7d
0.0,37078041,2,18539020.5,18539020.5,18495536,18582505,61496.4,PushPop,":batch=a721f605dd9c4cab938c725f1b3fda46 phase=decode requests=399c9677f6e44195897e25ec5ce1daa1,422bf3769b9f45beb57c62f13989c6e8,3255e14c8cb54f1cbdd701ebd201f7b8,a8d52d0acece4573abce53495dc615f9"
0.0,37077621,2,18538810.5,18538810.5,18499863,18577758,55080.1,PushPop,":batch=bd93b1a286cd4e02bfff974a16aa1073 phase=decode requests=399c9677f6e44195897e25ec5ce1daa1,422bf3769b9f45beb57c62f13989c6e8,3255e14c8cb54f1cbdd701ebd201f7b8,a8d52d0acece4573abce53495dc615f9"
0.0,37077157,2,18538578.5,18538578.5,18505082,18572075,47371.2,PushPop,":batch=2bd974cedfa641aeb5bb56264f75cbce phase=decode requests=7aa4ba8d31af45f58706a52eb0ad3328,baabce1b18024e189120c512bc680496,046f00cf0a7d4816a65a9b0acad7230b,46ac3b484ea545d181b2d3e8af73623f"
0.0,37077020,2,18538510.0,18538510.0,18513773,18563247,34983.4,PushPop,:batch=ae7f1a4e9ba84cd3a061b8f8416a810b phase=decode requests=8de7c5b04b184d1cbc3645195ef60a7d
0.0,37076423,2,18538211.5,18538211.5,18517378,18559045,29463.0,PushPop,:batch=39351cc3ec4c4147976512a2765e95ad phase=decode requests=8de7c5b04b184d1cbc3645195ef60a7d
0.0,37076261,2,18538130.5,18538130.5,18496182,18580079,59324.1,PushPop,":batch=9784020d7d584aef82ab217be1054392 phase=decode requests=7aa4ba8d31af45f58706a52eb0ad3328,baabce1b18024e189120c512bc680496,046f00cf0a7d4816a65a9b0acad7230b,46ac3b484ea545d181b2d3e8af73623f"
0.0,37076120,2,18538060.0,18538060.0,18512759,18563361,35781.0,PushPop,:batch=f7de92a312e84c5b88f385ab298b207f phase=decode requests=8de7c5b04b184d1cbc3645195ef60a7d
0.0,37075518,2,18537759.0,18537759.0,18518785,18556733,26833.3,PushPop,:batch=39a30f97b2fd41b4aa41af27f9c3922e phase=decode requests=8de7c5b04b184d1cbc3645195ef60a7d
0.0,37075307,2,18537653.5,18537653.5,18521315,18553992,23106.1,PushPop,:batch=63cc5850f7ab4d8a8dc26260318440a1 phase=decode requests=8de7c5b04b184d1cbc3645195ef60a7d
0.0,37074824,2,18537412.0,18537412.0,18511783,18563041,36244.9,PushPop,":batch=4f7c2ca356eb4b32a08fd0c01578999d phase=decode requests=7aa4ba8d31af45f58706a52eb0ad3328,baabce1b18024e189120c512bc680496,046f00cf0a7d4816a65a9b0acad7230b,46ac3b484ea545d181b2d3e8af73623f"
0.0,37074628,2,18537314.0,18537314.0,18501162,18573466,51126.6,PushPop,":batch=483095bbb59b43a491d5f2f466c889a9 phase=decode requests=7aa4ba8d31af45f58706a52eb0ad3328,baabce1b18024e189120c512bc680496,046f00cf0a7d4816a65a9b0acad7230b,46ac3b484ea545d181b2d3e8af73623f"
0.0,37073364,2,18536682.0,18536682.0,18518946,18554418,25082.5,PushPop,:batch=2cb34bf1cf23420a8c09a0e7c5790cf4 phase=decode requests=8de7c5b04b184d1cbc3645195ef60a7d
0.0,37072749,2,18536374.5,18536374.5,18495080,18577669,58399.2,PushPop,:batch=49a146042f994621a8ae5e0a0e1ff96d phase=decode requests=aaa729f093b64e2aaeeda0c4bda76f3d
0.0,37072464,2,18536232.0,18536232.0,18504136,18568328,45390.6,PushPop,":batch=2fa2e88e9204407b9841e63c4f3dfdbc phase=decode requests=7aa4ba8d31af45f58706a52eb0ad3328,baabce1b18024e189120c512bc680496,046f00cf0a7d4816a65a9b0acad7230b,46ac3b484ea545d181b2d3e8af73623f"
0.0,37072220,2,18536110.0,18536110.0,18509847,18562373,37141.5,PushPop,":batch=1231ece75da1447f974b9697d88a7969 phase=decode requests=7aa4ba8d31af45f58706a52eb0ad3328,baabce1b18024e189120c512bc680496,046f00cf0a7d4816a65a9b0acad7230b,46ac3b484ea545d181b2d3e8af73623f"
0.0,37071221,2,18535610.5,18535610.5,18502329,18568892,47067.1,PushPop,":batch=b62eba13fc954cd585fd66b3d19b0263 phase=decode requests=399c9677f6e44195897e25ec5ce1daa1,422bf3769b9f45beb57c62f13989c6e8,3255e14c8cb54f1cbdd701ebd201f7b8,a8d52d0acece4573abce53495dc615f9"
0.0,37070689,2,18535344.5,18535344.5,18497213,18573476,53926.1,PushPop,":batch=00bb826c21764d5983823473b1e424b0 phase=decode requests=7aa4ba8d31af45f58706a52eb0ad3328,baabce1b18024e189120c512bc680496,046f00cf0a7d4816a65a9b0acad7230b,46ac3b484ea545d181b2d3e8af73623f"
0.0,37070590,2,18535295.0,18535295.0,18529454,18541136,8260.4,PushPop,:batch=294f1851fe2c461ea48caf6c78fae5e5 phase=decode requests=8de7c5b04b184d1cbc3645195ef60a7d
0.0,37070102,2,18535051.0,18535051.0,18487188,18582914,67688.5,PushPop,":batch=9112fd6627104f158d9f60dc77768922 phase=decode requests=7aa4ba8d31af45f58706a52eb0ad3328,baabce1b18024e189120c512bc680496,046f00cf0a7d4816a65a9b0acad7230b,46ac3b484ea545d181b2d3e8af73623f"
0.0,37069223,2,18534611.5,18534611.5,18499760,18569463,49287.5,PushPop,":batch=e5d4c8c2d9f447ffabd87c8be0ee233c phase=decode requests=7aa4ba8d31af45f58706a52eb0ad3328,baabce1b18024e189120c512bc680496,046f00cf0a7d4816a65a9b0acad7230b,46ac3b484ea545d181b2d3e8af73623f"
0.0,37068666,2,18534333.0,18534333.0,18524561,18544105,13819.7,PushPop,:batch=1364f48edae148d59d4b72a9e3ee5f0d phase=decode requests=8de7c5b04b184d1cbc3645195ef60a7d
0.0,37067675,2,18533837.5,18533837.5,18496826,18570849,52342.2,PushPop,:batch=1caccea2b30f4677b84f83f07d8ed757 phase=decode requests=8de7c5b04b184d1cbc3645195ef60a7d
0.0,37067069,2,18533534.5,18533534.5,18506904,18560165,37661.2,PushPop,":batch=b2421fae8161473ebdc4158af71b93b2 phase=decode requests=e4484b0df96d49f3a31426c909f9076d,bb52284fe1f1457c8a63320a61ffabbf,deac75ab269243019c9fd4ac2ecfc203,3e2830bc65ab4913904d6e72090a4fe3"
0.0,37066787,2,18533393.5,18533393.5,18522173,18544614,15868.2,PushPop,:batch=435aa6f1e3ef48f3aac16a722217b44d phase=decode requests=8de7c5b04b184d1cbc3645195ef60a7d
0.0,37065172,2,18532586.0,18532586.0,18503121,18562051,41669.8,PushPop,:batch=315a0d1ef6214eaa8208f8b00151bdd3 phase=decode requests=8de7c5b04b184d1cbc3645195ef60a7d
0.0,37064923,2,18532461.5,18532461.5,18529554,18535369,4111.8,PushPop,:batch=37ecee98b3ab4c5c84b8296e75b22ff5 phase=decode requests=8de7c5b04b184d1cbc3645195ef60a7d
0.0,37064834,2,18532417.0,18532417.0,18510912,18553922,30412.7,PushPop,:batch=ec58380b4dff4d24b66ec14c38680d30 phase=decode requests=8de7c5b04b184d1cbc3645195ef60a7d
0.0,37063537,2,18531768.5,18531768.5,18515352,18548185,23216.4,PushPop,:batch=6d7a2a2bd9db4b4e8187828a603e274f phase=decode requests=8de7c5b04b184d1cbc3645195ef60a7d
0.0,37063431,2,18531715.5,18531715.5,18500644,18562787,43941.7,PushPop,":batch=e1f6d138743d4e4cb0a7fd32e0b98b8f phase=decode requests=399c9677f6e44195897e25ec5ce1daa1,422bf3769b9f45beb57c62f13989c6e8,3255e14c8cb54f1cbdd701ebd201f7b8,a8d52d0acece4573abce53495dc615f9"
0.0,37063202,2,18531601.0,18531601.0,18492309,18570893,55567.3,PushPop,":batch=d892a01fee8b473fb30eac99dfa5d122 phase=decode requests=7aa4ba8d31af45f58706a52eb0ad3328,baabce1b18024e189120c512bc680496,046f00cf0a7d4816a65a9b0acad7230b,46ac3b484ea545d181b2d3e8af73623f"
0.0,37062949,2,18531474.5,18531474.5,18521868,18541081,13585.6,PushPop,:batch=83fb3618b9604e6b995b5cbc5e586e78 phase=decode requests=8de7c5b04b184d1cbc3645195ef60a7d
0.0,37062814,2,18531407.0,18531407.0,18504558,18558256,37970.2,PushPop,":batch=d56bb17cf5724748b60d99083d8015cd phase=decode requests=7aa4ba8d31af45f58706a52eb0ad3328,baabce1b18024e189120c512bc680496,046f00cf0a7d4816a65a9b0acad7230b,46ac3b484ea545d181b2d3e8af73623f"
0.0,37062123,2,18531061.5,18531061.5,18516863,18545260,20079.7,PushPop,:batch=e486e04221be410995e4c9ea7cea697d phase=decode requests=8de7c5b04b184d1cbc3645195ef60a7d
0.0,37061914,2,18530957.0,18530957.0,18498166,18563748,46373.5,PushPop,":batch=2913a74a141a4e31857bef0155a4d394 phase=decode requests=7aa4ba8d31af45f58706a52eb0ad3328,baabce1b18024e189120c512bc680496,046f00cf0a7d4816a65a9b0acad7230b,46ac3b484ea545d181b2d3e8af73623f"
0.0,37061120,2,18530560.0,18530560.0,18491119,18570001,55778.0,PushPop,":batch=baae0073491540cfbfadc1240ac20baa phase=decode requests=399c9677f6e44195897e25ec5ce1daa1,422bf3769b9f45beb57c62f13989c6e8,3255e14c8cb54f1cbdd701ebd201f7b8,a8d52d0acece4573abce53495dc615f9"
0.0,37061048,2,18530524.0,18530524.0,18499292,18561756,44168.7,PushPop,:batch=17bb50c5e80b4444a944fe70a57d211b phase=decode requests=8de7c5b04b184d1cbc3645195ef60a7d
0.0,37060875,2,18530437.5,18530437.5,18500201,18560674,42760.9,PushPop,:batch=bf847a8fce764ecfb6b30e16dee3b836 phase=decode requests=8de7c5b04b184d1cbc3645195ef60a7d
0.0,37060009,2,18530004.5,18530004.5,18509903,18550106,28427.8,PushPop,:batch=aec02277e78d490bbf170ee2a0d1ecd7 phase=decode requests=8de7c5b04b184d1cbc3645195ef60a7d
0.0,37059954,2,18529977.0,18529977.0,18498832,18561122,44045.7,PushPop,":batch=1946ed0239744e77bcc6e07270e2d487 phase=decode requests=399c9677f6e44195897e25ec5ce1daa1,422bf3769b9f45beb57c62f13989c6e8,3255e14c8cb54f1cbdd701ebd201f7b8,a8d52d0acece4573abce53495dc615f9"
0.0,37059110,2,18529555.0,18529555.0,18504572,18554538,35331.3,PushPop,":batch=799097d432774cf5890566658dba28b3 phase=decode requests=7aa4ba8d31af45f58706a52eb0ad3328,baabce1b18024e189120c512bc680496,046f00cf0a7d4816a65a9b0acad7230b,46ac3b484ea545d181b2d3e8af73623f"
0.0,37058951,2,18529475.5,18529475.5,18490262,18568689,55456.3,PushPop,":batch=009c796b86da4d6dbff4a69d1d06d796 phase=decode requests=7aa4ba8d31af45f58706a52eb0ad3328,baabce1b18024e189120c512bc680496,046f00cf0a7d4816a65a9b0acad7230b,46ac3b484ea545d181b2d3e8af73623f"
0.0,37058634,2,18529317.0,18529317.0,18503688,18554946,36244.9,PushPop,":batch=188fc74b8e8a45eb9b241573b5670daf phase=decode requests=7aa4ba8d31af45f58706a52eb0ad3328,baabce1b18024e189120c512bc680496,046f00cf0a7d4816a65a9b0acad7230b,46ac3b484ea545d181b2d3e8af73623f"
0.0,37056902,2,18528451.0,18528451.0,18476551,18580351,73397.7,PushPop,:batch=80a97529dde4448fb3a0335c8adae4b4 phase=decode requests=8de7c5b04b184d1cbc3645195ef60a7d
0.0,37056330,2,18528165.0,18528165.0,18510055,18546275,25611.4,PushPop,:batch=2d00da2683e841cf993d690c0c370404 phase=decode requests=8de7c5b04b184d1cbc3645195ef60a7d
0.0,37056046,2,18528023.0,18528023.0,18493689,18562357,48555.6,PushPop,":batch=59285f2db32243249b6a8d798d3b51bf phase=decode requests=399c9677f6e44195897e25ec5ce1daa1,422bf3769b9f45beb57c62f13989c6e8,3255e14c8cb54f1cbdd701ebd201f7b8,a8d52d0acece4573abce53495dc615f9"
0.0,37055173,2,18527586.5,18527586.5,18491056,18564117,51661.9,PushPop,":batch=94e2afd16ec8424998e6e21f5d59ad4a phase=decode requests=399c9677f6e44195897e25ec5ce1daa1,422bf3769b9f45beb57c62f13989c6e8,3255e14c8cb54f1cbdd701ebd201f7b8,a8d52d0acece4573abce53495dc615f9"
0.0,37054482,2,18527241.0,18527241.0,18517448,18537034,13849.4,PushPop,:batch=55ed351252c14282a5e733e86c236c60 phase=decode requests=8de7c5b04b184d1cbc3645195ef60a7d
0.0,37053336,2,18526668.0,18526668.0,18487037,18566299,56046.7,PushPop,":batch=a13a881f6a1b4d32a45247fa6973fb34 phase=decode requests=7aa4ba8d31af45f58706a52eb0ad3328,baabce1b18024e189120c512bc680496,046f00cf0a7d4816a65a9b0acad7230b,46ac3b484ea545d181b2d3e8af73623f"
0.0,37052481,2,18526240.5,18526240.5,18489807,18562674,51524.7,PushPop,:batch=f3fd51c189ea47a1baf96a52a0d061db phase=decode requests=8de7c5b04b184d1cbc3645195ef60a7d
0.0,37051449,2,18525724.5,18525724.5,18512131,18539318,19224.1,PushPop,:batch=ab187f26dcf04bdfac88c10c79401e9d phase=decode requests=8de7c5b04b184d1cbc3645195ef60a7d
0.0,37050988,2,18525494.0,18525494.0,18499677,18551311,36510.8,PushPop,:batch=a79f4005a1ff4a5e84a71a23b18d529f phase=decode requests=8de7c5b04b184d1cbc3645195ef60a7d
0.0,37050443,2,18525221.5,18525221.5,18485965,18564478,55517.1,PushPop,":batch=ec7040dec23d4206abd0777d2121aeb3 phase=decode requests=7aa4ba8d31af45f58706a52eb0ad3328,baabce1b18024e189120c512bc680496,046f00cf0a7d4816a65a9b0acad7230b,46ac3b484ea545d181b2d3e8af73623f"
0.0,37050120,2,18525060.0,18525060.0,18508120,18542000,23956.8,PushPop,:batch=100df4317b2846db8413fd72c1c98c22 phase=decode requests=8de7c5b04b184d1cbc3645195ef60a7d
0.0,37049396,2,18524698.0,18524698.0,18492046,18557350,46176.9,PushPop,":batch=946c836b695648caa58bdda27f0ac22a phase=decode requests=399c9677f6e44195897e25ec5ce1daa1,422bf3769b9f45beb57c62f13989c6e8,3255e14c8cb54f1cbdd701ebd201f7b8,a8d52d0acece4573abce53495dc615f9"
0.0,37049353,2,18524676.5,18524676.5,18513720,18535633,15494.8,PushPop,:batch=28fb8536c2dc46cd9523078fb4dd6b37 phase=decode requests=8de7c5b04b184d1cbc3645195ef60a7d
0.0,37048839,2,18524419.5,18524419.5,18506222,18542617,25735.2,PushPop,:batch=14f150e0c7ad488dbda998d4229d6a64 phase=decode requests=8de7c5b04b184d1cbc3645195ef60a7d
0.0,37047453,2,18523726.5,18523726.5,18496619,18550834,38335.8,PushPop,:batch=240c472e164349cd94395e0f1d74b66d phase=decode requests=8de7c5b04b184d1cbc3645195ef60a7d
0.0,37047178,2,18523589.0,18523589.0,18495157,18552021,40208.9,PushPop,:batch=62b3c0c6e61b4542a8ec8df27f39846f phase=decode requests=8de7c5b04b184d1cbc3645195ef60a7d
0.0,37047130,2,18523565.0,18523565.0,18500355,18546775,32823.9,PushPop,:batch=1d597265ddf242b6b2c5b4ace51acf30 phase=decode requests=8de7c5b04b184d1cbc3645195ef60a7d
0.0,37046457,2,18523228.5,18523228.5,18512411,18534046,15298.3,PushPop,:batch=e8d6b3ca143540c4841af03317c77738 phase=decode requests=8de7c5b04b184d1cbc3645195ef60a7d
0.0,37043183,2,18521591.5,18521591.5,18488916,18554267,46210.1,PushPop,:batch=385bbd413a35483b8e686683cfa9fb75 phase=decode requests=8de7c5b04b184d1cbc3645195ef60a7d
0.0,37042906,2,18521453.0,18521453.0,18487888,18555018,47468.1,PushPop,":batch=5e9d5eb3e6824d99bea1fa126bcd590a phase=decode requests=7aa4ba8d31af45f58706a52eb0ad3328,baabce1b18024e189120c512bc680496,046f00cf0a7d4816a65a9b0acad7230b,46ac3b484ea545d181b2d3e8af73623f"
0.0,37042395,2,18521197.5,18521197.5,18503279,18539116,25340.6,PushPop,:batch=a6b80aa22277424ab706b50f1bd40083 phase=decode requests=8de7c5b04b184d1cbc3645195ef60a7d
0.0,37040460,2,18520230.0,18520230.0,18481167,18559293,55243.4,PushPop,":batch=68d8e14778da4507bc601cadcafa236b phase=decode requests=7aa4ba8d31af45f58706a52eb0ad3328,baabce1b18024e189120c512bc680496,046f00cf0a7d4816a65a9b0acad7230b,46ac3b484ea545d181b2d3e8af73623f"
0.0,37037376,2,18518688.0,18518688.0,18490430,18546946,39962.8,PushPop,:batch=2130153f1cfa4e88bdb6129b42f7a3ba phase=decode requests=8de7c5b04b184d1cbc3645195ef60a7d
0.0,37037030,2,18518515.0,18518515.0,18474199,18562831,62672.3,PushPop,:batch=c02f71f4eb854b2095940ceea2696874 phase=decode requests=aaa729f093b64e2aaeeda0c4bda76f3d
0.0,37035002,2,18517501.0,18517501.0,18510972,18524030,9233.4,PushPop,:batch=c1d010babddf41d29dd8ea494c5493f8 phase=decode requests=8de7c5b04b184d1cbc3645195ef60a7d
0.0,37034718,2,18517359.0,18517359.0,18483869,18550849,47362.0,PushPop,:batch=095d6271ce8949c9ab6b00274a17940d phase=decode requests=8de7c5b04b184d1cbc3645195ef60a7d
0.0,37033917,2,18516958.5,18516958.5,18496474,18537443,28969.5,PushPop,":batch=45c8e8c7db964195b1107d268cf18ee8 phase=decode requests=7aa4ba8d31af45f58706a52eb0ad3328,baabce1b18024e189120c512bc680496,046f00cf0a7d4816a65a9b0acad7230b,46ac3b484ea545d181b2d3e8af73623f"
0.0,37033894,2,18516947.0,18516947.0,18509356,18524538,10735.3,PushPop,":batch=f57907230a9f49a29f9bc7af9a48f773 phase=decode requests=e4484b0df96d49f3a31426c909f9076d,bb52284fe1f1457c8a63320a61ffabbf,deac75ab269243019c9fd4ac2ecfc203,3e2830bc65ab4913904d6e72090a4fe3"
0.0,37033334,2,18516667.0,18516667.0,18477997,18555337,54687.6,PushPop,:batch=c91679a3d9714fdbb7bfbd816dcbca87 phase=decode requests=8de7c5b04b184d1cbc3645195ef60a7d
0.0,37027152,2,18513576.0,18513576.0,18476673,18550479,52188.7,PushPop,":batch=39817826bcd8425aa87511b75a3a9b57 phase=decode requests=399c9677f6e44195897e25ec5ce1daa1,422bf3769b9f45beb57c62f13989c6e8,3255e14c8cb54f1cbdd701ebd201f7b8,a8d52d0acece4573abce53495dc615f9"
0.0,37025339,2,18512669.5,18512669.5,18491774,18533565,29550.7,PushPop,:batch=cd22743d0e664d65bdd13469b22ea854 phase=decode requests=8de7c5b04b184d1cbc3645195ef60a7d
0.0,37023570,2,18511785.0,18511785.0,18482587,18540983,41292.2,PushPop,":batch=c7bcd82de30841e2968b4f9ee9660a61 phase=decode requests=399c9677f6e44195897e25ec5ce1daa1,422bf3769b9f45beb57c62f13989c6e8,3255e14c8cb54f1cbdd701ebd201f7b8,a8d52d0acece4573abce53495dc615f9"
0.0,37023504,2,18511752.0,18511752.0,18477018,18546486,49121.3,PushPop,":batch=32d9981529294307bb52efe21ac50663 phase=decode requests=399c9677f6e44195897e25ec5ce1daa1,422bf3769b9f45beb57c62f13989c6e8,3255e14c8cb54f1cbdd701ebd201f7b8,a8d52d0acece4573abce53495dc615f9"
0.0,37022865,2,18511432.5,18511432.5,18480300,18542565,44028.0,PushPop,":batch=02d5edb7545f40668ec1851d3d0b5ccd phase=decode requests=399c9677f6e44195897e25ec5ce1daa1,422bf3769b9f45beb57c62f13989c6e8,3255e14c8cb54f1cbdd701ebd201f7b8,a8d52d0acece4573abce53495dc615f9"
0.0,37021665,2,18510832.5,18510832.5,18490244,18531421,29116.5,PushPop,":batch=81381cdd442542ffbb8099e343f52fdd phase=decode requests=399c9677f6e44195897e25ec5ce1daa1,422bf3769b9f45beb57c62f13989c6e8,3255e14c8cb54f1cbdd701ebd201f7b8,a8d52d0acece4573abce53495dc615f9"
0.0,37019933,2,18509966.5,18509966.5,18506690,18513243,4633.7,PushPop,:batch=3522ed1a835c48d3af63e3d01bdcb93c phase=decode requests=8de7c5b04b184d1cbc3645195ef60a7d
0.0,37019885,2,18509942.5,18509942.5,18465186,18554699,63295.2,PushPop,":batch=ad0adec4e3af49b2af92e022e1ae7969 phase=decode requests=7aa4ba8d31af45f58706a52eb0ad3328,baabce1b18024e189120c512bc680496,046f00cf0a7d4816a65a9b0acad7230b,46ac3b484ea545d181b2d3e8af73623f"
0.0,37017996,2,18508998.0,18508998.0,18501533,18516463,10557.1,PushPop,:batch=db073ea9f4ba4a59a59275367df22068 phase=decode requests=8de7c5b04b184d1cbc3645195ef60a7d
0.0,37017686,2,18508843.0,18508843.0,18473810,18543876,49544.1,PushPop,:batch=6b6607acf0dc4a3cbab4d11a080611b5 phase=decode requests=aaa729f093b64e2aaeeda0c4bda76f3d
0.0,37016589,2,18508294.5,18508294.5,18478081,18538508,42728.3,PushPop,:batch=e25f0995d21645f0838995d752c5d13d phase=decode requests=8de7c5b04b184d1cbc3645195ef60a7d
0.0,37016430,2,18508215.0,18508215.0,18472326,18544104,50754.7,PushPop,":batch=c105e80f7ff84dc69824c8560cfc4deb phase=decode requests=e4484b0df96d49f3a31426c909f9076d,bb52284fe1f1457c8a63320a61ffabbf,deac75ab269243019c9fd4ac2ecfc203,3e2830bc65ab4913904d6e72090a4fe3"
0.0,37016296,2,18508148.0,18508148.0,18473455,18542841,49063.3,PushPop,":batch=0342c120a2434b0f94dc868da688a09d phase=decode requests=399c9677f6e44195897e25ec5ce1daa1,422bf3769b9f45beb57c62f13989c6e8,3255e14c8cb54f1cbdd701ebd201f7b8,a8d52d0acece4573abce53495dc615f9"
0.0,37015283,2,18507641.5,18507641.5,18477135,18538148,43142.7,PushPop,":batch=b389f7a5c6b641c7bf698898f8da30f6 phase=decode requests=7aa4ba8d31af45f58706a52eb0ad3328,baabce1b18024e189120c512bc680496,046f00cf0a7d4816a65a9b0acad7230b,46ac3b484ea545d181b2d3e8af73623f"
0.0,37014640,2,18507320.0,18507320.0,18474795,18539845,45997.3,PushPop,:batch=727416dfa9dc48df97a6c3c1ed11dcc6 phase=decode requests=8de7c5b04b184d1cbc3645195ef60a7d
0.0,37010888,2,18505444.0,18505444.0,18469555,18541333,50754.7,PushPop,":batch=6a7d0ad86e514007a7ed56a5aaab5c0b phase=decode requests=399c9677f6e44195897e25ec5ce1daa1,422bf3769b9f45beb57c62f13989c6e8,3255e14c8cb54f1cbdd701ebd201f7b8,a8d52d0acece4573abce53495dc615f9"
0.0,37009563,2,18504781.5,18504781.5,18485674,18523889,27022.1,PushPop,:batch=98f129e898df418eaa1c4f718e9815ed phase=decode requests=c47f16e66de94d7ebc64adfc42386324
0.0,37009046,2,18504523.0,18504523.0,18470240,18538806,48483.5,PushPop,:batch=018fc97d0af34388ad80eaa993f62766 phase=decode requests=c47f16e66de94d7ebc64adfc42386324
0.0,37006295,2,18503147.5,18503147.5,18465613,18540682,53081.8,PushPop,":batch=bf84a0e26f764555996f57347451527e phase=decode requests=7aa4ba8d31af45f58706a52eb0ad3328,baabce1b18024e189120c512bc680496,046f00cf0a7d4816a65a9b0acad7230b,46ac3b484ea545d181b2d3e8af73623f"
0.0,37005563,2,18502781.5,18502781.5,18465513,18540050,52705.6,PushPop,":batch=4cc3c0e0c2b744f58d239dd896542e39 phase=decode requests=7aa4ba8d31af45f58706a52eb0ad3328,baabce1b18024e189120c512bc680496,046f00cf0a7d4816a65a9b0acad7230b,46ac3b484ea545d181b2d3e8af73623f"
0.0,37005266,2,18502633.0,18502633.0,18467831,18537435,49217.5,PushPop,:batch=5a308f0d2dd04e29afac142bcb839337 phase=decode requests=8de7c5b04b184d1cbc3645195ef60a7d
0.0,37004771,2,18502385.5,18502385.5,18469887,18534884,45959.8,PushPop,:batch=fd2afbb2e9bd4bccb22ca1d45b6c34f5 phase=decode requests=8de7c5b04b184d1cbc3645195ef60a7d
0.0,37003249,2,18501624.5,18501624.5,18469723,18533526,45115.5,PushPop,:batch=b37ee56251fa4963921edb115acae353 phase=decode requests=8de7c5b04b184d1cbc3645195ef60a7d
0.0,37003216,2,18501608.0,18501608.0,18467727,18535489,47915.0,PushPop,":batch=cd462862a3ba48d497694c8c0978d3bc phase=decode requests=7aa4ba8d31af45f58706a52eb0ad3328,baabce1b18024e189120c512bc680496,046f00cf0a7d4816a65a9b0acad7230b,46ac3b484ea545d181b2d3e8af73623f"
0.0,37002797,2,18501398.5,18501398.5,18471778,18531019,41889.7,PushPop,":batch=96b95ebd63a64361b407ce77ef810fa8 phase=decode requests=7aa4ba8d31af45f58706a52eb0ad3328,baabce1b18024e189120c512bc680496,046f00cf0a7d4816a65a9b0acad7230b,46ac3b484ea545d181b2d3e8af73623f"
0.0,37002176,2,18501088.0,18501088.0,18461615,18540561,55823.3,PushPop,:batch=f46eba33942e4ea897ac1185f8845ef4 phase=decode requests=c47f16e66de94d7ebc64adfc42386324
0.0,37001597,2,18500798.5,18500798.5,18471314,18530283,41697.4,PushPop,:batch=1ba6b4ed3c3a4eb68eaf1a4440792d04 phase=decode requests=8de7c5b04b184d1cbc3645195ef60a7d
0.0,37000440,2,18500220.0,18500220.0,18467022,18533418,46949.1,PushPop,":batch=dbe7f4d088234eae8bb70d6ec3eed8a1 phase=decode requests=7aa4ba8d31af45f58706a52eb0ad3328,baabce1b18024e189120c512bc680496,046f00cf0a7d4816a65a9b0acad7230b,46ac3b484ea545d181b2d3e8af73623f"
0.0,37000382,2,18500191.0,18500191.0,18477310,18523072,32358.6,PushPop,:batch=d9f0c5d0617e49b6a073e6f89aa8154a phase=decode requests=8de7c5b04b184d1cbc3645195ef60a7d
0.0,36999399,2,18499699.5,18499699.5,18453746,18545653,64988.1,PushPop,":batch=cedcac4c077147c789a14da660d7fcef phase=decode requests=399c9677f6e44195897e25ec5ce1daa1,422bf3769b9f45beb57c62f13989c6e8,3255e14c8cb54f1cbdd701ebd201f7b8,a8d52d0acece4573abce53495dc615f9"
0.0,36998488,2,18499244.0,18499244.0,18468855,18529633,42976.5,PushPop,":batch=8c8d669ca88a46698239d4c79848fe3e phase=decode requests=7aa4ba8d31af45f58706a52eb0ad3328,baabce1b18024e189120c512bc680496,046f00cf0a7d4816a65a9b0acad7230b,46ac3b484ea545d181b2d3e8af73623f"
0.0,36998146,2,18499073.0,18499073.0,18470430,18527716,40507.3,PushPop,":batch=875be9863ef847329a0ec7f2a7374a27 phase=decode requests=399c9677f6e44195897e25ec5ce1daa1,422bf3769b9f45beb57c62f13989c6e8,3255e14c8cb54f1cbdd701ebd201f7b8,a8d52d0acece4573abce53495dc615f9"
0.0,36997019,2,18498509.5,18498509.5,18494037,18502982,6325.1,PushPop,:batch=3b39c618535c4376aa59b5e1328a015a phase=decode requests=8de7c5b04b184d1cbc3645195ef60a7d
0.0,36994865,2,18497432.5,18497432.5,18455797,18539068,58881.5,PushPop,":batch=3f3d386cb553424784e70d21c0ae630a phase=decode requests=399c9677f6e44195897e25ec5ce1daa1,422bf3769b9f45beb57c62f13989c6e8,3255e14c8cb54f1cbdd701ebd201f7b8,a8d52d0acece4573abce53495dc615f9"
0.0,36994730,2,18497365.0,18497365.0,18470140,18524590,38502.0,PushPop,:batch=4cac6c17ba834c318bad39c3283954c9 phase=decode requests=aaa729f093b64e2aaeeda0c4bda76f3d
0.0,36993739,2,18496869.5,18496869.5,18477751,18515988,27037.6,PushPop,:batch=db0f5fc8e40a407487e193b7ddbe7807 phase=decode requests=8de7c5b04b184d1cbc3645195ef60a7d
0.0,36993130,2,18496565.0,18496565.0,18458881,18534249,53293.2,PushPop,:batch=b7702ebe01654d85ab5f73d0cdb4fca1 phase=decode requests=8de7c5b04b184d1cbc3645195ef60a7d
0.0,36992940,2,18496470.0,18496470.0,18485017,18507923,16197.0,PushPop,:batch=9b50312b8df544178c4cbff4006bac77 phase=decode requests=8de7c5b04b184d1cbc3645195ef60a7d
0.0,36992601,2,18496300.5,18496300.5,18467124,18525477,41261.8,PushPop,":batch=908bdff5ac514b658dfd07d1ba0f9bea phase=decode requests=399c9677f6e44195897e25ec5ce1daa1,422bf3769b9f45beb57c62f13989c6e8,3255e14c8cb54f1cbdd701ebd201f7b8,a8d52d0acece4573abce53495dc615f9"
0.0,36992141,2,18496070.5,18496070.5,18486108,18506033,14089.1,PushPop,":batch=491a10b537df4c49bec859f92c8f4426 phase=decode requests=e4484b0df96d49f3a31426c909f9076d,bb52284fe1f1457c8a63320a61ffabbf,deac75ab269243019c9fd4ac2ecfc203,3e2830bc65ab4913904d6e72090a4fe3"
0.0,36992027,2,18496013.5,18496013.5,18456950,18535077,55244.1,PushPop,:batch=07125327de0e4370aa09b329b3f4d4ba phase=decode requests=8de7c5b04b184d1cbc3645195ef60a7d
0.0,36991284,2,18495642.0,18495642.0,18462974,18528310,46199.5,PushPop,:batch=0e7e467242884eeaaa033a0a4fb2ff78 phase=decode requests=c47f16e66de94d7ebc64adfc42386324
0.0,36990377,2,18495188.5,18495188.5,18448270,18542107,66352.8,PushPop,:batch=38d2eccf8f6c4e59be3e167f9e0322bd phase=decode requests=8de7c5b04b184d1cbc3645195ef60a7d
0.0,36988533,2,18494266.5,18494266.5,18466062,18522471,39887.2,PushPop,":batch=73bd09fb9bc7425bb4ec79aad11846f5 phase=decode requests=e4484b0df96d49f3a31426c909f9076d,bb52284fe1f1457c8a63320a61ffabbf,deac75ab269243019c9fd4ac2ecfc203,3e2830bc65ab4913904d6e72090a4fe3"
0.0,36988203,2,18494101.5,18494101.5,18456722,18531481,52862.6,PushPop,":batch=d4211751fb214e8dbeb5c6b3ddbe58a2 phase=decode requests=7aa4ba8d31af45f58706a52eb0ad3328,baabce1b18024e189120c512bc680496,046f00cf0a7d4816a65a9b0acad7230b,46ac3b484ea545d181b2d3e8af73623f"
0.0,36987494,2,18493747.0,18493747.0,18467686,18519808,36855.8,PushPop,":batch=959cb5fe295e44f2a4f6889bd6644a76 phase=decode requests=7aa4ba8d31af45f58706a52eb0ad3328,baabce1b18024e189120c512bc680496,046f00cf0a7d4816a65a9b0acad7230b,46ac3b484ea545d181b2d3e8af73623f"
0.0,36986683,2,18493341.5,18493341.5,18473396,18513287,28207.2,PushPop,":batch=be9cb992b37847ce8e9c94dad19d857a phase=decode requests=e4484b0df96d49f3a31426c909f9076d,bb52284fe1f1457c8a63320a61ffabbf,deac75ab269243019c9fd4ac2ecfc203,3e2830bc65ab4913904d6e72090a4fe3"
0.0,36985363,2,18492681.5,18492681.5,18465830,18519533,37973.8,PushPop,:batch=c87d8c1daf5645258d116f3514a040a6 phase=decode requests=c47f16e66de94d7ebc64adfc42386324
0.0,36985043,2,18492521.5,18492521.5,18452372,18532671,56780.0,PushPop,:batch=cdf9aa02124c42c3968ae6aa70b8611c phase=decode requests=aaa729f093b64e2aaeeda0c4bda76f3d
0.0,36984268,2,18492134.0,18492134.0,18463962,18520306,39841.2,PushPop,":batch=04779dc811b34771a7c2cd5ed6fc2fcf phase=decode requests=399c9677f6e44195897e25ec5ce1daa1,422bf3769b9f45beb57c62f13989c6e8,3255e14c8cb54f1cbdd701ebd201f7b8,a8d52d0acece4573abce53495dc615f9"
0.0,36982783,2,18491391.5,18491391.5,18450134,18532649,58346.9,PushPop,":batch=aa53291ab4b7416887077ff3fac01530 phase=decode requests=399c9677f6e44195897e25ec5ce1daa1,422bf3769b9f45beb57c62f13989c6e8,3255e14c8cb54f1cbdd701ebd201f7b8,a8d52d0acece4573abce53495dc615f9"
0.0,36981054,2,18490527.0,18490527.0,18455777,18525277,49143.9,PushPop,:batch=b5bace7190a04d9c9ce54d85067954a8 phase=decode requests=8de7c5b04b184d1cbc3645195ef60a7d
0.0,36979174,2,18489587.0,18489587.0,18449322,18529852,56943.3,PushPop,":batch=62b09845a2a845868ccb2c1b74617fac phase=decode requests=7aa4ba8d31af45f58706a52eb0ad3328,baabce1b18024e189120c512bc680496,046f00cf0a7d4816a65a9b0acad7230b,46ac3b484ea545d181b2d3e8af73623f"
0.0,36975742,2,18487871.0,18487871.0,18452299,18523443,50306.4,PushPop,":batch=ab927c56db6a45d2a564d6f7ed5538ae phase=decode requests=7aa4ba8d31af45f58706a52eb0ad3328,baabce1b18024e189120c512bc680496,046f00cf0a7d4816a65a9b0acad7230b,46ac3b484ea545d181b2d3e8af73623f"
0.0,36975534,2,18487767.0,18487767.0,18445917,18529617,59184.8,PushPop,:batch=f19e11699d0e40b69a6c4f30cb07f7d3 phase=decode requests=8de7c5b04b184d1cbc3645195ef60a7d
0.0,36971713,2,18485856.5,18485856.5,18459578,18512135,37163.4,PushPop,":batch=79ad64281b0a422aab857fb7853423ea phase=decode requests=7aa4ba8d31af45f58706a52eb0ad3328,baabce1b18024e189120c512bc680496,046f00cf0a7d4816a65a9b0acad7230b,46ac3b484ea545d181b2d3e8af73623f"
0.0,36971563,2,18485781.5,18485781.5,18444685,18526878,58119.2,PushPop,:batch=7b567f2a52cf4a058d7ad87502d7edf7 phase=decode requests=8de7c5b04b184d1cbc3645195ef60a7d
0.0,36971251,2,18485625.5,18485625.5,18465407,18505844,28593.3,PushPop,:batch=3d410300032d4053bbee8151a2350bd1 phase=decode requests=8de7c5b04b184d1cbc3645195ef60a7d
0.0,36970052,2,18485026.0,18485026.0,18452677,18517375,45748.4,PushPop,:batch=2b62c4fef7d74379af41a4496a49e2fa phase=decode requests=aaa729f093b64e2aaeeda0c4bda76f3d
0.0,36967445,2,18483722.5,18483722.5,18450704,18516741,46695.2,PushPop,":batch=0cf0053b349145b7af8fbd5da7c68ec5 phase=decode requests=7aa4ba8d31af45f58706a52eb0ad3328,baabce1b18024e189120c512bc680496,046f00cf0a7d4816a65a9b0acad7230b,46ac3b484ea545d181b2d3e8af73623f"
0.0,36964721,2,18482360.5,18482360.5,18458615,18506106,33581.2,PushPop,":batch=bf53282e7e6243ec8fb6edf756749f56 phase=decode requests=7aa4ba8d31af45f58706a52eb0ad3328,baabce1b18024e189120c512bc680496,046f00cf0a7d4816a65a9b0acad7230b,46ac3b484ea545d181b2d3e8af73623f"
0.0,36963816,2,18481908.0,18481908.0,18449803,18514013,45403.3,PushPop,":batch=d581868cfb3c49bb87c25620f7ee04a0 phase=decode requests=399c9677f6e44195897e25ec5ce1daa1,422bf3769b9f45beb57c62f13989c6e8,3255e14c8cb54f1cbdd701ebd201f7b8,a8d52d0acece4573abce53495dc615f9"
0.0,36963647,2,18481823.5,18481823.5,18467686,18495961,19993.4,PushPop,:batch=7004fda1c11e4ef38be7af0451c06de7 phase=decode requests=8de7c5b04b184d1cbc3645195ef60a7d
0.0,36960268,2,18480134.0,18480134.0,18469113,18491155,15586.0,PushPop,:batch=fc140b1202324dd5a3bb7b22905b7fae phase=decode requests=8de7c5b04b184d1cbc3645195ef60a7d
0.0,36959383,2,18479691.5,18479691.5,18458461,18500922,30024.5,PushPop,":batch=8089f61a30f9480ba43cbe0450c0b8c3 phase=decode requests=e4484b0df96d49f3a31426c909f9076d,bb52284fe1f1457c8a63320a61ffabbf,deac75ab269243019c9fd4ac2ecfc203,3e2830bc65ab4913904d6e72090a4fe3"
0.0,36950689,2,18475344.5,18475344.5,18441594,18509095,47730.4,PushPop,":batch=b6512b1e3fbb48a5a116a0840acd28ce phase=decode requests=e4484b0df96d49f3a31426c909f9076d,bb52284fe1f1457c8a63320a61ffabbf,deac75ab269243019c9fd4ac2ecfc203,3e2830bc65ab4913904d6e72090a4fe3"
0.0,36944786,2,18472393.0,18472393.0,18441101,18503685,44253.6,PushPop,":batch=004b5ff5f855460799a5d8dd2088669f phase=decode requests=7aa4ba8d31af45f58706a52eb0ad3328,baabce1b18024e189120c512bc680496,046f00cf0a7d4816a65a9b0acad7230b,46ac3b484ea545d181b2d3e8af73623f"
0.0,36943615,2,18471807.5,18471807.5,18429049,18514566,60469.7,PushPop,:batch=582c768b69bb4c328975f590b2760198 phase=decode requests=aaa729f093b64e2aaeeda0c4bda76f3d
0.0,36939686,2,18469843.0,18469843.0,18449493,18490193,28779.2,PushPop,:batch=ef8bd067221448b18bae09a95f3398fb phase=decode requests=1cf8552479e145fd966a17841209a06f
0.0,36937911,2,18468955.5,18468955.5,18444435,18493476,34677.2,PushPop,":batch=39b39d800e064d1c9dec8061e017a790 phase=decode requests=7aa4ba8d31af45f58706a52eb0ad3328,baabce1b18024e189120c512bc680496,046f00cf0a7d4816a65a9b0acad7230b,46ac3b484ea545d181b2d3e8af73623f"
0.0,36936409,2,18468204.5,18468204.5,18437204,18499205,43841.3,PushPop,":batch=9213f161966a450b849cb7d176970b2b phase=decode requests=7aa4ba8d31af45f58706a52eb0ad3328,baabce1b18024e189120c512bc680496,046f00cf0a7d4816a65a9b0acad7230b,46ac3b484ea545d181b2d3e8af73623f"
0.0,36934585,2,18467292.5,18467292.5,18446705,18487880,29115.1,PushPop,:batch=b414b5b7d6ad443892ad78696ba70d3b phase=decode requests=8de7c5b04b184d1cbc3645195ef60a7d
0.0,36933737,2,18466868.5,18466868.5,18438715,18495022,39815.1,PushPop,:batch=01162d5ac7674deba634bde0b00a3a2b phase=decode requests=8de7c5b04b184d1cbc3645195ef60a7d
0.0,36932401,2,18466200.5,18466200.5,18428687,18503714,53052.1,PushPop,:batch=7bcb5d2159a344138d611914d214331e phase=decode requests=aaa729f093b64e2aaeeda0c4bda76f3d
0.0,36930615,2,18465307.5,18465307.5,18438179,18492436,38365.5,PushPop,:batch=33fec758609a4c809d3342bde65326f1 phase=decode requests=8de7c5b04b184d1cbc3645195ef60a7d
0.0,36923341,2,18461670.5,18461670.5,18425357,18497984,51355.0,PushPop,:batch=ce348e6407424d8d9b0c5dda45dd3da9 phase=decode requests=aaa729f093b64e2aaeeda0c4bda76f3d
0.0,36922060,2,18461030.0,18461030.0,18436310,18485750,34959.4,PushPop,":batch=4cb708fd27d94c5883a60a4e9d372ceb phase=decode requests=7aa4ba8d31af45f58706a52eb0ad3328,baabce1b18024e189120c512bc680496,046f00cf0a7d4816a65a9b0acad7230b,46ac3b484ea545d181b2d3e8af73623f"
0.0,36920402,2,18460201.0,18460201.0,18434851,18485551,35850.3,PushPop,:batch=b9909df292504391aade7b0dda6f4c65 phase=decode requests=8de7c5b04b184d1cbc3645195ef60a7d
0.0,36919584,2,18459792.0,18459792.0,18436085,18483499,33526.8,PushPop,":batch=f762ee2fd32d4952813a39a61623ac6b phase=decode requests=e4484b0df96d49f3a31426c909f9076d,bb52284fe1f1457c8a63320a61ffabbf,deac75ab269243019c9fd4ac2ecfc203,3e2830bc65ab4913904d6e72090a4fe3"
0.0,36916849,2,18458424.5,18458424.5,18414544,18502305,62056.4,PushPop,:batch=4159c1caf4aa4f4f934bfb7ace630972 phase=decode requests=c47f16e66de94d7ebc64adfc42386324
0.0,36914199,2,18457099.5,18457099.5,18423378,18490821,47689.4,PushPop,:batch=eed7aecc6dc04761a73b7972503ac095 phase=decode requests=aaa729f093b64e2aaeeda0c4bda76f3d
0.0,36913672,2,18456836.0,18456836.0,18435491,18478181,30186.4,PushPop,:batch=2ae531c4a2b6478984e2f975e5c58e64 phase=decode requests=8de7c5b04b184d1cbc3645195ef60a7d
0.0,36913413,2,18456706.5,18456706.5,18424390,18489023,45702.4,PushPop,:batch=e2edfc42897d47df85674e79398e7664 phase=decode requests=aaa729f093b64e2aaeeda0c4bda76f3d
0.0,36913232,2,18456616.0,18456616.0,18282651,18630581,246023.7,PushPop,:batch=4e4bee46faeb424c80dabf79407662f6 phase=decode requests=8de7c5b04b184d1cbc3645195ef60a7d
0.0,36913175,2,18456587.5,18456587.5,18425577,18487598,43855.5,PushPop,:batch=67e68e0213f04d7fb0dbc16c2cb3072e phase=decode requests=8de7c5b04b184d1cbc3645195ef60a7d
0.0,36908534,2,18454267.0,18454267.0,18434825,18473709,27495.1,PushPop,:batch=ca6445f146ff4496b5af97e06097787c phase=decode requests=8de7c5b04b184d1cbc3645195ef60a7d
0.0,36902961,2,18451480.5,18451480.5,18422979,18479982,40307.2,PushPop,:batch=dc6756b2d85b41bb8edece90bdd1507f phase=decode requests=8de7c5b04b184d1cbc3645195ef60a7d
0.0,36901544,2,18450772.0,18450772.0,18416286,18485258,48770.6,PushPop,":batch=85f1f4bd775243a3a89d42bbcea31eb7 phase=decode requests=7aa4ba8d31af45f58706a52eb0ad3328,baabce1b18024e189120c512bc680496,046f00cf0a7d4816a65a9b0acad7230b,46ac3b484ea545d181b2d3e8af73623f"
0.0,36894260,2,18447130.0,18447130.0,18406810,18487450,57021.1,PushPop,:batch=d8b0865ba8d44dfb8d133bb60d1ab709 phase=decode requests=c47f16e66de94d7ebc64adfc42386324
0.0,36893747,2,18446873.5,18446873.5,18422601,18471146,34326.5,PushPop,:batch=1e63abee1c1346938e80bbb44411d311 phase=decode requests=1cf8552479e145fd966a17841209a06f
0.0,36893670,2,18446835.0,18446835.0,18406796,18486874,56623.7,PushPop,:batch=a2aa1f0baa7245628986a26533f75bad phase=decode requests=c47f16e66de94d7ebc64adfc42386324
0.0,36888488,2,18444244.0,18444244.0,18402931,18485557,58425.4,PushPop,":batch=d48cae2079eb4f2eb9dbc69df892ea75 phase=decode requests=e4484b0df96d49f3a31426c909f9076d,bb52284fe1f1457c8a63320a61ffabbf,deac75ab269243019c9fd4ac2ecfc203,3e2830bc65ab4913904d6e72090a4fe3"
0.0,36884266,2,18442133.0,18442133.0,18400902,18483364,58309.4,PushPop,:batch=a0886463b63743b09e7336fc8b680af1 phase=decode requests=aaa729f093b64e2aaeeda0c4bda76f3d
0.0,36883948,2,18441974.0,18441974.0,18418371,18465577,33379.7,PushPop,":batch=15dbcb8eebb5413e90ffe3af13fad161 phase=decode requests=e4484b0df96d49f3a31426c909f9076d,bb52284fe1f1457c8a63320a61ffabbf,deac75ab269243019c9fd4ac2ecfc203,3e2830bc65ab4913904d6e72090a4fe3"
0.0,36875290,2,18437645.0,18437645.0,18393078,18482212,63027.3,PushPop,":batch=026333edd9bf4aa1b1b131bf39823350 phase=decode requests=399c9677f6e44195897e25ec5ce1daa1,422bf3769b9f45beb57c62f13989c6e8,3255e14c8cb54f1cbdd701ebd201f7b8,a8d52d0acece4573abce53495dc615f9"
0.0,36874796,2,18437398.0,18437398.0,18408123,18466673,41401.1,PushPop,:batch=630ca28f35654925b3488650dd2e24c1 phase=decode requests=1cf8552479e145fd966a17841209a06f
0.0,36873925,2,18436962.5,18436962.5,18415638,18458287,30157.4,PushPop,:batch=76e54f25dd884398a2646aa25e0086b8 phase=decode requests=aaa729f093b64e2aaeeda0c4bda76f3d
0.0,36872133,2,18436066.5,18436066.5,18403042,18469091,46703.7,PushPop,:batch=95f2cb3c068746d9a5ab08e40767fd06 phase=decode requests=aaa729f093b64e2aaeeda0c4bda76f3d
0.0,36871812,2,18435906.0,18435906.0,18408979,18462833,38080.5,PushPop,:batch=c8eb0fdb9f9b4e04a5172e5f79af5059 phase=decode requests=8de7c5b04b184d1cbc3645195ef60a7d
0.0,36871591,2,18435795.5,18435795.5,18416719,18454872,26978.2,PushPop,":batch=5fe959e900934fdc8b6edd618924849e phase=decode requests=e4484b0df96d49f3a31426c909f9076d,bb52284fe1f1457c8a63320a61ffabbf,deac75ab269243019c9fd4ac2ecfc203,3e2830bc65ab4913904d6e72090a4fe3"
0.0,36870722,2,18435361.0,18435361.0,18404636,18466086,43451.7,PushPop,:batch=4c9a54328dfa47469401a7d902e3d989 phase=decode requests=aaa729f093b64e2aaeeda0c4bda76f3d
0.0,36866876,2,18433438.0,18433438.0,18390853,18476023,60224.3,PushPop,":batch=e643e46d4e3948c7a2222a01e465392d phase=decode requests=e4484b0df96d49f3a31426c909f9076d,bb52284fe1f1457c8a63320a61ffabbf,deac75ab269243019c9fd4ac2ecfc203,3e2830bc65ab4913904d6e72090a4fe3"
0.0,36865846,2,18432923.0,18432923.0,18400095,18465751,46425.8,PushPop,:batch=fb70ddbded734fa291542db04465aa58 phase=decode requests=c47f16e66de94d7ebc64adfc42386324
0.0,36861876,2,18430938.0,18430938.0,18395905,18465971,49544.1,PushPop,:batch=da7ac447c67a41adae403e1c7ce951e3 phase=decode requests=aaa729f093b64e2aaeeda0c4bda76f3d
0.0,36861526,2,18430763.0,18430763.0,18410881,18450645,28117.4,PushPop,:batch=86030512564348f0ae2feef1e683b669 phase=decode requests=8de7c5b04b184d1cbc3645195ef60a7d
0.0,36860147,2,18430073.5,18430073.5,18413013,18447134,24127.2,PushPop,:batch=be8f4b6cedc94ca480d721d50df3045c phase=decode requests=8de7c5b04b184d1cbc3645195ef60a7d
0.0,36859076,2,18429538.0,18429538.0,18388478,18470598,58067.6,PushPop,:batch=603a9066fae145cb895672f287f92f4e phase=decode requests=8de7c5b04b184d1cbc3645195ef60a7d
0.0,36858844,2,18429422.0,18429422.0,18412335,18446509,24164.7,PushPop,:batch=e68f1845b5614f20954f9f3305297121 phase=decode requests=8de7c5b04b184d1cbc3645195ef60a7d
0.0,36857702,2,18428851.0,18428851.0,18399973,18457729,40839.7,PushPop,:batch=ad78f5bb551d40be8eb16c63654024c8 phase=decode requests=8de7c5b04b184d1cbc3645195ef60a7d
0.0,36857649,2,18428824.5,18428824.5,18406582,18451067,31455.6,PushPop,:batch=cc81ff1d12674cf08402dbf7cd4b271e phase=decode requests=8de7c5b04b184d1cbc3645195ef60a7d
0.0,36857622,2,18428811.0,18428811.0,18397012,18460610,44970.6,PushPop,":batch=698802715e4449edb57234ebeda508d4 phase=decode requests=e4484b0df96d49f3a31426c909f9076d,bb52284fe1f1457c8a63320a61ffabbf,deac75ab269243019c9fd4ac2ecfc203,3e2830bc65ab4913904d6e72090a4fe3"
0.0,36856746,2,18428373.0,18428373.0,18393005,18463741,50017.9,PushPop,:batch=d84d21fb3cd54169bbca84b141160023 phase=decode requests=aaa729f093b64e2aaeeda0c4bda76f3d
0.0,36855082,2,18427541.0,18427541.0,18389701,18465381,53513.8,PushPop,":batch=6784482cd97f44c5b2347c997fba15ca phase=decode requests=7aa4ba8d31af45f58706a52eb0ad3328,baabce1b18024e189120c512bc680496,046f00cf0a7d4816a65a9b0acad7230b,46ac3b484ea545d181b2d3e8af73623f"
0.0,36854257,2,18427128.5,18427128.5,18397898,18456359,41338.2,PushPop,:batch=517d6d214a5d4e4c99896ddafb84e8de phase=decode requests=8de7c5b04b184d1cbc3645195ef60a7d
0.0,36854138,2,18427069.0,18427069.0,18403114,18451024,33877.5,PushPop,:batch=de994fc375ca4d1eb32f9b37546c3c4f phase=decode requests=8de7c5b04b184d1cbc3645195ef60a7d
0.0,36853651,2,18426825.5,18426825.5,18403855,18449796,32485.2,PushPop,:batch=807ca22ecc864e51808999c698e2a9f1 phase=decode requests=8de7c5b04b184d1cbc3645195ef60a7d
0.0,36849856,2,18424928.0,18424928.0,18403963,18445893,29649.0,PushPop,:batch=467a1be2f65545849151e98c4cc9665e phase=decode requests=8de7c5b04b184d1cbc3645195ef60a7d
0.0,36849490,2,18424745.0,18424745.0,18374385,18475105,71219.8,PushPop,:batch=2d3913299a004c14b6794986208eb832 phase=decode requests=aaa729f093b64e2aaeeda0c4bda76f3d
0.0,36849180,2,18424590.0,18424590.0,18389337,18459843,49855.3,PushPop,:batch=12d7eea1ff1a48e09010842835f78039 phase=decode requests=aaa729f093b64e2aaeeda0c4bda76f3d
0.0,36848683,2,18424341.5,18424341.5,18388819,18459864,50236.4,PushPop,":batch=90e9451384a8440888f0132392150bb2 phase=decode requests=e4484b0df96d49f3a31426c909f9076d,bb52284fe1f1457c8a63320a61ffabbf,deac75ab269243019c9fd4ac2ecfc203,3e2830bc65ab4913904d6e72090a4fe3"
0.0,36847602,2,18423801.0,18423801.0,18388399,18459203,50066.0,PushPop,:batch=d4af5435bc89444a996a1472662b42c3 phase=decode requests=c47f16e66de94d7ebc64adfc42386324
0.0,36846304,2,18423152.0,18423152.0,18386336,18459968,52065.7,PushPop,:batch=e7a1bf1a12f448c9bc53087b3bb875f2 phase=decode requests=1cf8552479e145fd966a17841209a06f
0.0,36845772,2,18422886.0,18422886.0,18391551,18454221,44314.4,PushPop,:batch=7c9251750af14ac7b67a469ac9f18512 phase=decode requests=aaa729f093b64e2aaeeda0c4bda76f3d
0.0,36845758,2,18422879.0,18422879.0,18381232,18464526,58897.8,PushPop,:batch=439c9a75b1a040ca8754aa19424dad60 phase=decode requests=aaa729f093b64e2aaeeda0c4bda76f3d
0.0,36843554,2,18421777.0,18421777.0,18401347,18442207,28892.4,PushPop,:batch=82b0e9f9354e4500914ed6c9287c3d48 phase=decode requests=c47f16e66de94d7ebc64adfc42386324
0.0,36841683,2,18420841.5,18420841.5,18398462,18443221,31649.4,PushPop,":batch=66e6544ec8894e0781dba9873fe35aab phase=decode requests=7aa4ba8d31af45f58706a52eb0ad3328,baabce1b18024e189120c512bc680496,046f00cf0a7d4816a65a9b0acad7230b,46ac3b484ea545d181b2d3e8af73623f"
0.0,36841564,2,18420782.0,18420782.0,18396689,18444875,34072.6,PushPop,:batch=a2ec23fc86d640a2b70282e08e71444f phase=decode requests=8de7c5b04b184d1cbc3645195ef60a7d
0.0,36839852,2,18419926.0,18419926.0,18396565,18443287,33037.4,PushPop,":batch=ba0681fe9bb946d98e1ea41f5858a015 phase=decode requests=e4484b0df96d49f3a31426c909f9076d,bb52284fe1f1457c8a63320a61ffabbf,deac75ab269243019c9fd4ac2ecfc203,3e2830bc65ab4913904d6e72090a4fe3"
0.0,36839751,2,18419875.5,18419875.5,18403266,18436485,23489.4,PushPop,":batch=b5ec6ad9700e40d5b27559510edc5e0f phase=decode requests=e4484b0df96d49f3a31426c909f9076d,bb52284fe1f1457c8a63320a61ffabbf,deac75ab269243019c9fd4ac2ecfc203,3e2830bc65ab4913904d6e72090a4fe3"
0.0,36839467,2,18419733.5,18419733.5,18394608,18444859,35532.8,PushPop,:batch=49043656978346e2b6783825b8f37cdb phase=decode requests=8de7c5b04b184d1cbc3645195ef60a7d
0.0,36839043,2,18419521.5,18419521.5,18391974,18447069,38958.0,PushPop,:batch=72404f51fce44571b32ec4c3135ad782 phase=decode requests=aaa729f093b64e2aaeeda0c4bda76f3d
0.0,36838047,2,18419023.5,18419023.5,18407055,18430992,16926.0,PushPop,":batch=ecd3865631e14f899d494e8c1e2a5a73 phase=decode requests=e4484b0df96d49f3a31426c909f9076d,bb52284fe1f1457c8a63320a61ffabbf,deac75ab269243019c9fd4ac2ecfc203,3e2830bc65ab4913904d6e72090a4fe3"
0.0,36837800,2,18418900.0,18418900.0,18394847,18442953,34016.1,PushPop,:batch=668f8968a2114093b5a793b727c29f68 phase=decode requests=8de7c5b04b184d1cbc3645195ef60a7d
0.0,36836748,2,18418374.0,18418374.0,18383632,18453116,49132.6,PushPop,:batch=7e7a57d44e594da59232b14fabdab633 phase=decode requests=1cf8552479e145fd966a17841209a06f
0.0,36833980,2,18416990.0,18416990.0,18398218,18435762,26547.6,PushPop,:batch=b3980a24fa7c4488bf4f02ed47a8fc50 phase=decode requests=8de7c5b04b184d1cbc3645195ef60a7d
0.0,36833667,2,18416833.5,18416833.5,18393337,18440330,33229.1,PushPop,:batch=11c26a5975eb4542b87372959e37adcf phase=decode requests=8de7c5b04b184d1cbc3645195ef60a7d
0.0,36831857,2,18415928.5,18415928.5,18408573,18423284,10402.2,PushPop,:batch=36f29208ef4e4480bba52df0bdb91243 phase=decode requests=c47f16e66de94d7ebc64adfc42386324
0.0,36828856,2,18414428.0,18414428.0,18385052,18443804,41543.9,PushPop,:batch=d4563a929e1e410da7a88c55c64f458a phase=decode requests=8de7c5b04b184d1cbc3645195ef60a7d
0.0,36825929,2,18412964.5,18412964.5,18370240,18455689,60421.6,PushPop,:batch=45d255f2a5264232be959d030499ffa8 phase=decode requests=c47f16e66de94d7ebc64adfc42386324
0.0,36822085,2,18411042.5,18411042.5,18392388,18429697,26381.4,PushPop,:batch=e6416f9392e7449aa7266c224f3bfd5a phase=decode requests=8de7c5b04b184d1cbc3645195ef60a7d
0.0,36821094,2,18410547.0,18410547.0,18377477,18443617,46768.0,PushPop,:batch=de4731f12da14261bd3e97919a21e18b phase=decode requests=8de7c5b04b184d1cbc3645195ef60a7d
0.0,36819447,2,18409723.5,18409723.5,18386145,18433302,33345.0,PushPop,:batch=c4f0a41ea12d45e19602e8ac218a3976 phase=decode requests=8de7c5b04b184d1cbc3645195ef60a7d
0.0,36818548,2,18409274.0,18409274.0,18382544,18436004,37801.9,PushPop,:batch=528a1ce37c0740a1906296841b456c40 phase=decode requests=8de7c5b04b184d1cbc3645195ef60a7d
0.0,36818528,2,18409264.0,18409264.0,18384627,18433901,34842.0,PushPop,:batch=193939884b8447d582a0742b778c7f59 phase=decode requests=8de7c5b04b184d1cbc3645195ef60a7d
0.0,36818322,2,18409161.0,18409161.0,18373811,18444511,49992.4,PushPop,":batch=773fef1fd8e74683a3b03649df33e3a7 phase=decode requests=7aa4ba8d31af45f58706a52eb0ad3328,baabce1b18024e189120c512bc680496,046f00cf0a7d4816a65a9b0acad7230b,46ac3b484ea545d181b2d3e8af73623f"
0.0,36818071,2,18409035.5,18409035.5,18399040,18419031,14135.8,PushPop,:batch=a85d662f24dd408fb4085d2627d4f6d5 phase=decode requests=8de7c5b04b184d1cbc3645195ef60a7d
0.0,36817984,2,18408992.0,18408992.0,18370233,18447751,54813.5,PushPop,:batch=8b759f27149146acba60d7dd2332594c phase=decode requests=c47f16e66de94d7ebc64adfc42386324
0.0,36814056,2,18407028.0,18407028.0,18364876,18449180,59611.9,PushPop,":batch=3ed10b04167a4424881e94ac592dcbde phase=decode requests=e4484b0df96d49f3a31426c909f9076d,bb52284fe1f1457c8a63320a61ffabbf,deac75ab269243019c9fd4ac2ecfc203,3e2830bc65ab4913904d6e72090a4fe3"
0.0,36813264,2,18406632.0,18406632.0,18369050,18444214,53149.0,PushPop,:batch=8d46b95d351b40a9a9641d1f66db2ee3 phase=decode requests=c47f16e66de94d7ebc64adfc42386324
0.0,36812373,2,18406186.5,18406186.5,18377848,18434525,40076.7,PushPop,:batch=bfdb1381ee0f4818966a7dea1649e6b1 phase=decode requests=aaa729f093b64e2aaeeda0c4bda76f3d
0.0,36812308,2,18406154.0,18406154.0,18385636,18426672,29016.8,PushPop,:batch=84946e05a26e480f832ecf57d5c0f357 phase=decode requests=8de7c5b04b184d1cbc3645195ef60a7d
0.0,36811843,2,18405921.5,18405921.5,18384768,18427075,29915.6,PushPop,:batch=3dc3bdbc2b1b443aa83c6d870fb6cb5c phase=decode requests=8de7c5b04b184d1cbc3645195ef60a7d
0.0,36811646,2,18405823.0,18405823.0,18383867,18427779,31050.5,PushPop,:batch=d25aede1053f436e8ea90e63d6e8bfb6 phase=decode requests=8de7c5b04b184d1cbc3645195ef60a7d
0.0,36809754,2,18404877.0,18404877.0,18374877,18434877,42426.4,PushPop,:batch=2169d2c77838428c937d4078f003740f phase=decode requests=c47f16e66de94d7ebc64adfc42386324
0.0,36809545,2,18404772.5,18404772.5,18377278,18432267,38883.1,PushPop,:batch=9dfc9dd10f0c4829856cf2f31b158dfe phase=decode requests=8de7c5b04b184d1cbc3645195ef60a7d
0.0,36808045,2,18404022.5,18404022.5,18362522,18445523,58690.6,PushPop,:batch=7279211b0cf34fec82c3844a4529327e phase=decode requests=c47f16e66de94d7ebc64adfc42386324
0.0,36806516,2,18403258.0,18403258.0,18377884,18428632,35884.3,PushPop,:batch=0243a678e39949c89cbec6c511b0cc0b phase=decode requests=aaa729f093b64e2aaeeda0c4bda76f3d
0.0,36805339,2,18402669.5,18402669.5,18362019,18443320,57488.5,PushPop,:batch=00ba1e9a0018486ba1ee860a92f9ab23 phase=decode requests=aaa729f093b64e2aaeeda0c4bda76f3d
0.0,36804369,2,18402184.5,18402184.5,18373466,18430903,40614.1,PushPop,:batch=a4dd9faefd5040758750c7f5ff44c790 phase=decode requests=aaa729f093b64e2aaeeda0c4bda76f3d
0.0,36804297,2,18402148.5,18402148.5,18375117,18429180,38228.3,PushPop,:batch=f1789ec7a986421f8d53ca501a943175 phase=decode requests=8de7c5b04b184d1cbc3645195ef60a7d
0.0,36804108,2,18402054.0,18402054.0,18374396,18429712,39114.3,PushPop,":batch=839eb82fd44b41299e8c52f27bc2b8e0 phase=decode requests=e4484b0df96d49f3a31426c909f9076d,bb52284fe1f1457c8a63320a61ffabbf,deac75ab269243019c9fd4ac2ecfc203,3e2830bc65ab4913904d6e72090a4fe3"
0.0,36803434,2,18401717.0,18401717.0,18379444,18423990,31498.8,PushPop,":batch=5e22a348c6db46d99ca988c0899b916a phase=decode requests=e4484b0df96d49f3a31426c909f9076d,bb52284fe1f1457c8a63320a61ffabbf,deac75ab269243019c9fd4ac2ecfc203,3e2830bc65ab4913904d6e72090a4fe3"
0.0,36802545,2,18401272.5,18401272.5,18396547,18405998,6682.9,PushPop,:batch=3dbffd416a604dc8b248588b24e5d0ca phase=decode requests=aaa729f093b64e2aaeeda0c4bda76f3d
0.0,36801212,2,18400606.0,18400606.0,18372461,18428751,39803.0,PushPop,":batch=f82ceabbda9e445aab2400b3f3a46b65 phase=decode requests=e4484b0df96d49f3a31426c909f9076d,bb52284fe1f1457c8a63320a61ffabbf,deac75ab269243019c9fd4ac2ecfc203,3e2830bc65ab4913904d6e72090a4fe3"
0.0,36800327,2,18400163.5,18400163.5,18377104,18423223,32611.1,PushPop,:batch=244b83696a9745b880df2185a7e95ec8 phase=decode requests=aaa729f093b64e2aaeeda0c4bda76f3d
0.0,36798719,2,18399359.5,18399359.5,18372308,18426411,38256.6,PushPop,:batch=179e28caff244183937c8dea42c48b2e phase=decode requests=c47f16e66de94d7ebc64adfc42386324
0.0,36798366,2,18399183.0,18399183.0,18369387,18428979,42137.9,PushPop,:batch=0337f0ace9894e23a9133118dc589060 phase=decode requests=8de7c5b04b184d1cbc3645195ef60a7d
0.0,36797255,2,18398627.5,18398627.5,18370643,18426612,39576.1,PushPop,:batch=2e3cef0e10384b6f8a26fc7714540450 phase=decode requests=8de7c5b04b184d1cbc3645195ef60a7d
0.0,36795220,2,18397610.0,18397610.0,18364220,18431000,47220.6,PushPop,:batch=7bc813f28ef8465bb0eab1ab93acc18a phase=decode requests=8de7c5b04b184d1cbc3645195ef60a7d
0.0,36793349,2,18396674.5,18396674.5,18360849,18432500,50664.9,PushPop,:batch=e57f299b739849c0845cc30758f520af phase=decode requests=8de7c5b04b184d1cbc3645195ef60a7d
0.0,36793068,2,18396534.0,18396534.0,18377770,18415298,26536.3,PushPop,:batch=2a5484bfa57d443e903963f5c0b79552 phase=decode requests=8de7c5b04b184d1cbc3645195ef60a7d
0.0,36792926,2,18396463.0,18396463.0,18357228,18435698,55486.7,PushPop,:batch=96d8829dafdd4813a513374ff77e4a88 phase=decode requests=aaa729f093b64e2aaeeda0c4bda76f3d
0.0,36792900,2,18396450.0,18396450.0,18366611,18426289,42198.7,PushPop,:batch=6268e6fe9563408e98526742639afbc2 phase=decode requests=aaa729f093b64e2aaeeda0c4bda76f3d
0.0,36790753,2,18395376.5,18395376.5,18369891,18420862,36041.9,PushPop,:batch=40c110e0573646d2b54779ded86aafc8 phase=decode requests=1cf8552479e145fd966a17841209a06f
0.0,36789548,2,18394774.0,18394774.0,18367859,18421689,38063.6,PushPop,:batch=41d9d642a89b48a59cc11d9bd8cb4a2a phase=decode requests=8de7c5b04b184d1cbc3645195ef60a7d
0.0,36786862,2,18393431.0,18393431.0,18349984,18436878,61443.3,PushPop,:batch=c9749eb057e44d49b34da82b01f396b5 phase=decode requests=aaa729f093b64e2aaeeda0c4bda76f3d
0.0,36786569,2,18393284.5,18393284.5,18364522,18422047,40676.3,PushPop,:batch=38bd8b0a2c4245888071cfcba9a29e71 phase=decode requests=aaa729f093b64e2aaeeda0c4bda76f3d
0.0,36785753,2,18392876.5,18392876.5,18369679,18416074,32806.2,PushPop,":batch=90b2481fe7f343d38128b58bb5e55628 phase=decode requests=e4484b0df96d49f3a31426c909f9076d,bb52284fe1f1457c8a63320a61ffabbf,deac75ab269243019c9fd4ac2ecfc203,3e2830bc65ab4913904d6e72090a4fe3"
0.0,36785180,2,18392590.0,18392590.0,18364038,18421142,40378.6,PushPop,":batch=795ed50d8f80426d90204768e5180a7b phase=decode requests=e4484b0df96d49f3a31426c909f9076d,bb52284fe1f1457c8a63320a61ffabbf,deac75ab269243019c9fd4ac2ecfc203,3e2830bc65ab4913904d6e72090a4fe3"
0.0,36784919,2,18392459.5,18392459.5,18367393,18417526,35449.4,PushPop,:batch=9f5dbe43ff544f2eb64a11b998aefae1 phase=decode requests=8de7c5b04b184d1cbc3645195ef60a7d
0.0,36784420,2,18392210.0,18392210.0,18355570,18428850,51816.8,PushPop,:batch=1ebd170daff1413b88f0d75ea4f10422 phase=decode requests=aaa729f093b64e2aaeeda0c4bda76f3d
0.0,36784106,2,18392053.0,18392053.0,18374688,18409418,24557.8,PushPop,:batch=3e8e7fe35fb040a584942b3e15f9755d phase=decode requests=8de7c5b04b184d1cbc3645195ef60a7d
0.0,36783900,2,18391950.0,18391950.0,18354554,18429346,52885.9,PushPop,:batch=ae49616132314199975e7ff3557ae936 phase=decode requests=8de7c5b04b184d1cbc3645195ef60a7d
0.0,36783021,2,18391510.5,18391510.5,18367740,18415281,33616.6,PushPop,:batch=a37f86b7eb5f40b38a0e35d36be61668 phase=decode requests=8de7c5b04b184d1cbc3645195ef60a7d
0.0,36779628,2,18389814.0,18389814.0,18363445,18416183,37291.4,PushPop,:batch=4633ba443371445d8119a7817ba34968 phase=decode requests=c47f16e66de94d7ebc64adfc42386324
0.0,36778767,2,18389383.5,18389383.5,18358829,18419938,43210.6,PushPop,":batch=c91c404fb31d42d590b699a6be14d5a6 phase=decode requests=e4484b0df96d49f3a31426c909f9076d,bb52284fe1f1457c8a63320a61ffabbf,deac75ab269243019c9fd4ac2ecfc203,3e2830bc65ab4913904d6e72090a4fe3"
0.0,36778568,2,18389284.0,18389284.0,18358808,18419760,43099.6,PushPop,:batch=b9db1cd4056b49658c8b9df0ba260860 phase=decode requests=8de7c5b04b184d1cbc3645195ef60a7d
0.0,36778376,2,18389188.0,18389188.0,18358060,18420316,44021.6,PushPop,:batch=e017c07c7de14ab5b83638a01ea5a5cd phase=decode requests=8de7c5b04b184d1cbc3645195ef60a7d
0.0,36777620,2,18388810.0,18388810.0,18369100,18408520,27874.1,PushPop,":batch=d42df52870ac412993e7b0c7ffc803fb phase=decode requests=e4484b0df96d49f3a31426c909f9076d,bb52284fe1f1457c8a63320a61ffabbf,deac75ab269243019c9fd4ac2ecfc203,3e2830bc65ab4913904d6e72090a4fe3"
0.0,36777107,2,18388553.5,18388553.5,18362858,18414249,36338.9,PushPop,":batch=0b304817d1434392a039e05abc83b70c phase=decode requests=e4484b0df96d49f3a31426c909f9076d,bb52284fe1f1457c8a63320a61ffabbf,deac75ab269243019c9fd4ac2ecfc203,3e2830bc65ab4913904d6e72090a4fe3"
0.0,36776612,2,18388306.0,18388306.0,18366160,18410452,31319.2,PushPop,:batch=891f19e348c043f6b1df8292fde3997d phase=decode requests=8de7c5b04b184d1cbc3645195ef60a7d
0.0,36775660,2,18387830.0,18387830.0,18358699,18416961,41197.5,PushPop,:batch=6fd9809498a644d2b09759be0ba763c3 phase=decode requests=aaa729f093b64e2aaeeda0c4bda76f3d
0.0,36774336,2,18387168.0,18387168.0,18375254,18399082,16848.9,PushPop,:batch=d40899f476cf43b598c323753c3bca3f phase=decode requests=8de7c5b04b184d1cbc3645195ef60a7d
0.0,36774285,2,18387142.5,18387142.5,18363122,18411163,33970.1,PushPop,:batch=6dcc2a0bd4fd446c9f357da0b8d98073 phase=decode requests=8de7c5b04b184d1cbc3645195ef60a7d
0.0,36772780,2,18386390.0,18386390.0,18376489,18396291,14002.1,PushPop,:batch=067072b8859c44c2adc4cd731189b8d8 phase=decode requests=8de7c5b04b184d1cbc3645195ef60a7d
0.0,36772550,2,18386275.0,18386275.0,18346382,18426168,56417.2,PushPop,":batch=b42181c276d74c238bfc0d645110bbf8 phase=decode requests=7aa4ba8d31af45f58706a52eb0ad3328,baabce1b18024e189120c512bc680496,046f00cf0a7d4816a65a9b0acad7230b,46ac3b484ea545d181b2d3e8af73623f"
0.0,36771666,2,18385833.0,18385833.0,18371270,18400396,20595.2,PushPop,:batch=c97f4e556fd140c2900ef0280378faa1 phase=decode requests=8de7c5b04b184d1cbc3645195ef60a7d
0.0,36771592,2,18385796.0,18385796.0,18363713,18407879,31230.1,PushPop,:batch=5639d57fb301483ca763a7e708576b9e phase=decode requests=8de7c5b04b184d1cbc3645195ef60a7d
0.0,36771063,2,18385531.5,18385531.5,18360032,18411031,36061.7,PushPop,:batch=390352ce09044d63902e9562839e48ec phase=decode requests=aaa729f093b64e2aaeeda0c4bda76f3d
0.0,36770397,2,18385198.5,18385198.5,18352977,18417420,45568.1,PushPop,:batch=d3943366727249619df96319a9e40f8f phase=decode requests=8de7c5b04b184d1cbc3645195ef60a7d
0.0,36770343,2,18385171.5,18385171.5,18343619,18426724,58764.1,PushPop,":batch=6af097679f244eb3a45fe144c4a7f4c2 phase=decode requests=e4484b0df96d49f3a31426c909f9076d,bb52284fe1f1457c8a63320a61ffabbf,deac75ab269243019c9fd4ac2ecfc203,3e2830bc65ab4913904d6e72090a4fe3"
0.0,36769930,2,18384965.0,18384965.0,18368172,18401758,23748.9,PushPop,:batch=5419d99e3d664317b232220e30e3ee89 phase=decode requests=c47f16e66de94d7ebc64adfc42386324
0.0,36769891,2,18384945.5,18384945.5,18341823,18428068,60984.4,PushPop,:batch=cf626246fcb94da7ab3b7d15548a4fa5 phase=decode requests=8de7c5b04b184d1cbc3645195ef60a7d
0.0,36769285,2,18384642.5,18384642.5,18358475,18410810,37006.4,PushPop,:batch=c6a7a1dc4de643faa794a4de337de456 phase=decode requests=8de7c5b04b184d1cbc3645195ef60a7d
0.0,36768080,2,18384040.0,18384040.0,18343787,18424293,56926.3,PushPop,":batch=ad240a985d18447982e2b985448c3b74 phase=decode requests=e4484b0df96d49f3a31426c909f9076d,bb52284fe1f1457c8a63320a61ffabbf,deac75ab269243019c9fd4ac2ecfc203,3e2830bc65ab4913904d6e72090a4fe3"
0.0,36765739,2,18382869.5,18382869.5,18350050,18415689,46413.8,PushPop,:batch=19dd1167b55b43bb9fa24511dba4a50c phase=decode requests=8de7c5b04b184d1cbc3645195ef60a7d
0.0,36765520,2,18382760.0,18382760.0,18363675,18401845,26990.3,PushPop,:batch=276f193cebb446c284f8c5d3c85fc7cc phase=decode requests=c47f16e66de94d7ebc64adfc42386324
0.0,36765421,2,18382710.5,18382710.5,18348765,18416656,48006.2,PushPop,:batch=5ec6b938f51f42b6bd36fe88237f978f phase=decode requests=8de7c5b04b184d1cbc3645195ef60a7d
0.0,36765254,2,18382627.0,18382627.0,18357529,18407725,35493.9,PushPop,:batch=f239555a51c24a909e6dbf4520d55665 phase=decode requests=8de7c5b04b184d1cbc3645195ef60a7d
0.0,36765124,2,18382562.0,18382562.0,18358982,18406142,33347.2,PushPop,:batch=23824c5d1a3840d787a0b742aa03a476 phase=decode requests=8de7c5b04b184d1cbc3645195ef60a7d
0.0,36764608,2,18382304.0,18382304.0,18352701,18411907,41865.0,PushPop,:batch=adbedda3676d45ab872dac3449b00bf0 phase=decode requests=aaa729f093b64e2aaeeda0c4bda76f3d
0.0,36764085,2,18382042.5,18382042.5,18354832,18409253,38481.5,PushPop,:batch=04d62722c7294458aa22b64713500e47 phase=decode requests=8de7c5b04b184d1cbc3645195ef60a7d
0.0,36763958,2,18381979.0,18381979.0,18351716,18412242,42798.3,PushPop,:batch=9c1ecdbe86484ad69532e7a811d949bb phase=decode requests=8de7c5b04b184d1cbc3645195ef60a7d
0.0,36763919,2,18381959.5,18381959.5,18369642,18394277,17419.6,PushPop,:batch=aff6a3882d6441399908a5835788f88d phase=decode requests=8de7c5b04b184d1cbc3645195ef60a7d
0.0,36763083,2,18381541.5,18381541.5,18358919,18404164,31993.0,PushPop,:batch=3397dc350ffe4803ac49ba64deae0616 phase=decode requests=8de7c5b04b184d1cbc3645195ef60a7d
0.0,36762907,2,18381453.5,18381453.5,18339553,18423354,59256.3,PushPop,:batch=0cb9bf0345d14efeb1273cd9ce6b847c phase=decode requests=8de7c5b04b184d1cbc3645195ef60a7d
0.0,36761253,2,18380626.5,18380626.5,18355896,18405357,34974.2,PushPop,:batch=a948ff9ea94e4f8fbdfd51a6395e0499 phase=decode requests=aaa729f093b64e2aaeeda0c4bda76f3d
0.0,36761155,2,18380577.5,18380577.5,18352777,18408378,39315.8,PushPop,:batch=073c8364602f4ba68f7ff02ec128ced7 phase=decode requests=8de7c5b04b184d1cbc3645195ef60a7d
0.0,36760482,2,18380241.0,18380241.0,18351927,18408555,40042.0,PushPop,:batch=348212987e9f476ebdd72fb800dd0cc9 phase=decode requests=aaa729f093b64e2aaeeda0c4bda76f3d
0.0,36760276,2,18380138.0,18380138.0,18355592,18404684,34713.3,PushPop,":batch=4f06ae0708984d2bb57723dab905f7d8 phase=decode requests=e4484b0df96d49f3a31426c909f9076d,bb52284fe1f1457c8a63320a61ffabbf,deac75ab269243019c9fd4ac2ecfc203,3e2830bc65ab4913904d6e72090a4fe3"
0.0,36760260,2,18380130.0,18380130.0,18359417,18400843,29292.6,PushPop,:batch=680e4a7b6bd445aa8f04e6c59d7389e8 phase=decode requests=8de7c5b04b184d1cbc3645195ef60a7d
0.0,36759691,2,18379845.5,18379845.5,18349534,18410157,42866.9,PushPop,:batch=f82a1c1c8f704a108a09d8d0ec011a4e phase=decode requests=aaa729f093b64e2aaeeda0c4bda76f3d
0.0,36759129,2,18379564.5,18379564.5,18352980,18406149,37596.2,PushPop,:batch=6129d2bacde24014a98c42c53f1f38c6 phase=decode requests=8de7c5b04b184d1cbc3645195ef60a7d
0.0,36758769,2,18379384.5,18379384.5,18342373,18416396,52342.2,PushPop,:batch=4721499fc2594a0297ccaacd172eb82f phase=decode requests=aaa729f093b64e2aaeeda0c4bda76f3d
0.0,36758701,2,18379350.5,18379350.5,18340999,18417702,54237.2,PushPop,":batch=b069252f5a5d4e02bd47945a58a9f8da phase=decode requests=e4484b0df96d49f3a31426c909f9076d,bb52284fe1f1457c8a63320a61ffabbf,deac75ab269243019c9fd4ac2ecfc203,3e2830bc65ab4913904d6e72090a4fe3"
0.0,36758670,2,18379335.0,18379335.0,18355809,18402861,33270.8,PushPop,:batch=33ce3ff0edc14c38834754be34d87238 phase=decode requests=aaa729f093b64e2aaeeda0c4bda76f3d
0.0,36758481,2,18379240.5,18379240.5,18355963,18402518,32919.4,PushPop,:batch=2e2e1e65bea7475ebfdbcf9e626ecef4 phase=decode requests=1cf8552479e145fd966a17841209a06f
0.0,36758465,2,18379232.5,18379232.5,18350837,18407628,40157.3,PushPop,:batch=775e4b7b1a5144859e524631d2618b27 phase=decode requests=8de7c5b04b184d1cbc3645195ef60a7d
0.0,36757396,2,18378698.0,18378698.0,18339810,18417586,54995.9,PushPop,":batch=e7f4088f7ab749faa3d71a9663d499aa phase=decode requests=7aa4ba8d31af45f58706a52eb0ad3328,baabce1b18024e189120c512bc680496,046f00cf0a7d4816a65a9b0acad7230b,46ac3b484ea545d181b2d3e8af73623f"
0.0,36756609,2,18378304.5,18378304.5,18357332,18399277,29659.6,PushPop,":batch=023504f0317048d4b33fadb0f8dbd1c4 phase=decode requests=e4484b0df96d49f3a31426c909f9076d,bb52284fe1f1457c8a63320a61ffabbf,deac75ab269243019c9fd4ac2ecfc203,3e2830bc65ab4913904d6e72090a4fe3"
0.0,36755864,2,18377932.0,18377932.0,18341189,18414675,51962.4,PushPop,":batch=4ea873738ad6444587fc7c4abec41fe8 phase=decode requests=e4484b0df96d49f3a31426c909f9076d,bb52284fe1f1457c8a63320a61ffabbf,deac75ab269243019c9fd4ac2ecfc203,3e2830bc65ab4913904d6e72090a4fe3"
0.0,36755427,2,18377713.5,18377713.5,18337568,18417859,56774.3,PushPop,:batch=e25bd37bd55f48529c9e74897a7ab667 phase=decode requests=aaa729f093b64e2aaeeda0c4bda76f3d
0.0,36754231,2,18377115.5,18377115.5,18357922,18396309,27143.7,PushPop,":batch=534e8ab21c0a447bb6ac9c9b00070dca phase=decode requests=e4484b0df96d49f3a31426c909f9076d,bb52284fe1f1457c8a63320a61ffabbf,deac75ab269243019c9fd4ac2ecfc203,3e2830bc65ab4913904d6e72090a4fe3"
0.0,36754176,2,18377088.0,18377088.0,18337139,18417037,56496.4,PushPop,:batch=25b53973f9fb4df3be2035dff03ed078 phase=decode requests=aaa729f093b64e2aaeeda0c4bda76f3d
0.0,36752381,2,18376190.5,18376190.5,18352307,18400074,33776.4,PushPop,:batch=ab2365f902d347cfb0d7967741fa751b phase=decode requests=8de7c5b04b184d1cbc3645195ef60a7d
0.0,36751873,2,18375936.5,18375936.5,18350634,18401239,35783.1,PushPop,:batch=51e3381731234e64b2798f215f4953e4 phase=decode requests=aaa729f093b64e2aaeeda0c4bda76f3d
0.0,36751556,2,18375778.0,18375778.0,18344468,18407088,44279.0,PushPop,:batch=47e143a4d2b746efb5b4130f79c59e5c phase=decode requests=c47f16e66de94d7ebc64adfc42386324
0.0,36751192,2,18375596.0,18375596.0,18350084,18401108,36079.4,PushPop,:batch=f34fefa0f55246faa7ded96d28487593 phase=decode requests=aaa729f093b64e2aaeeda0c4bda76f3d
0.0,36750491,2,18375245.5,18375245.5,18348275,18402216,38142.0,PushPop,:batch=bb87d50f37f345659e6d1096e51cd35c phase=decode requests=8de7c5b04b184d1cbc3645195ef60a7d
0.0,36750321,2,18375160.5,18375160.5,18309330,18440991,93098.4,PushPop,:batch=980898940e4e4513ba93aa55d58a1603 phase=decode requests=aaa729f093b64e2aaeeda0c4bda76f3d
0.0,36750176,2,18375088.0,18375088.0,18335547,18414629,55919.4,PushPop,:batch=8a60ba469937407ab79d5bfe86832310 phase=decode requests=aaa729f093b64e2aaeeda0c4bda76f3d
0.0,36748251,2,18374125.5,18374125.5,18343933,18404318,42698.6,PushPop,:batch=22958fbf66404b19911db5d0512d9678 phase=decode requests=aaa729f093b64e2aaeeda0c4bda76f3d
0.0,36747898,2,18373949.0,18373949.0,18352855,18395043,29831.4,PushPop,:batch=376a94e6794a4180b6c91a4edb963592 phase=decode requests=8de7c5b04b184d1cbc3645195ef60a7d
0.0,36747691,2,18373845.5,18373845.5,18343969,18403722,42251.8,PushPop,:batch=2559bacfa1c1488e9bbb664727c60ef8 phase=decode requests=8de7c5b04b184d1cbc3645195ef60a7d
0.0,36746424,2,18373212.0,18373212.0,18346743,18399681,37432.8,PushPop,:batch=583f4b80dac84272b513f8f8ac3b3587 phase=decode requests=8de7c5b04b184d1cbc3645195ef60a7d
0.0,36745096,2,18372548.0,18372548.0,18346724,18398372,36520.7,PushPop,:batch=e32cacba43384f1b8bca953f7b914078 phase=decode requests=8de7c5b04b184d1cbc3645195ef60a7d
0.0,36744791,2,18372395.5,18372395.5,18343395,18401396,41012.9,PushPop,:batch=c2f552282706415b9401af6043957bd4 phase=decode requests=c47f16e66de94d7ebc64adfc42386324
0.0,36744770,2,18372385.0,18372385.0,18349532,18395238,32319.0,PushPop,:batch=18272ac3e063466a8315936e51b765b1 phase=decode requests=8de7c5b04b184d1cbc3645195ef60a7d
0.0,36743491,2,18371745.5,18371745.5,18346559,18396932,35619.1,PushPop,:batch=a1431cc5ffe54f26a65bb3fd5b8ce289 phase=decode requests=aaa729f093b64e2aaeeda0c4bda76f3d
0.0,36742912,2,18371456.0,18371456.0,18349439,18393473,31136.7,PushPop,:batch=69ce15cb5b85488eb5a029d8c70e2915 phase=decode requests=8de7c5b04b184d1cbc3645195ef60a7d
0.0,36742399,2,18371199.5,18371199.5,18330031,18412368,58221.1,PushPop,:batch=fec2461fc86c4aa59663f0f133130ef0 phase=decode requests=8de7c5b04b184d1cbc3645195ef60a7d
0.0,36742178,2,18371089.0,18371089.0,18329415,18412763,58935.9,PushPop,":batch=6a6a27e810654442a7f4fa9ec8b0422a phase=decode requests=e4484b0df96d49f3a31426c909f9076d,bb52284fe1f1457c8a63320a61ffabbf,deac75ab269243019c9fd4ac2ecfc203,3e2830bc65ab4913904d6e72090a4fe3"
0.0,36742136,2,18371068.0,18371068.0,18341473,18400663,41853.7,PushPop,:batch=75aaed72b2564e0396e2431bbfa346bd phase=decode requests=8de7c5b04b184d1cbc3645195ef60a7d
0.0,36741614,2,18370807.0,18370807.0,18330271,18411343,57326.6,PushPop,":batch=a4873ebd6e3e4bb1891f541dbe40d40a phase=decode requests=e4484b0df96d49f3a31426c909f9076d,bb52284fe1f1457c8a63320a61ffabbf,deac75ab269243019c9fd4ac2ecfc203,3e2830bc65ab4913904d6e72090a4fe3"
0.0,36741263,2,18370631.5,18370631.5,18342184,18399079,40230.8,PushPop,:batch=76b7eede012b4ee99269573e4ede79f7 phase=decode requests=aaa729f093b64e2aaeeda0c4bda76f3d
0.0,36740512,2,18370256.0,18370256.0,18339361,18401151,43692.1,PushPop,:batch=6161f948928a40b0b459a9df74f86edc phase=decode requests=8de7c5b04b184d1cbc3645195ef60a7d
0.0,36740439,2,18370219.5,18370219.5,18348576,18391863,30608.5,PushPop,:batch=c1b255135ac64d479e23710f45af62f4 phase=decode requests=8de7c5b04b184d1cbc3645195ef60a7d
0.0,36740024,2,18370012.0,18370012.0,18347147,18392877,32336.0,PushPop,:batch=156595ea3b85462daff5d4ce9ed08938 phase=decode requests=8de7c5b04b184d1cbc3645195ef60a7d
0.0,36739171,2,18369585.5,18369585.5,18338775,18400396,43572.6,PushPop,:batch=12ebd7413d7346fcb8a1be1d7657296c phase=decode requests=8de7c5b04b184d1cbc3645195ef60a7d
0.0,36739138,2,18369569.0,18369569.0,18337042,18402096,46000.1,PushPop,":batch=a0301319b90848e98b78feb35e117dea phase=decode requests=e4484b0df96d49f3a31426c909f9076d,bb52284fe1f1457c8a63320a61ffabbf,deac75ab269243019c9fd4ac2ecfc203,3e2830bc65ab4913904d6e72090a4fe3"
0.0,36738903,2,18369451.5,18369451.5,18346224,18392679,32848.6,PushPop,:batch=f3714579d83340a3add93ec5f54d41a2 phase=decode requests=c47f16e66de94d7ebc64adfc42386324
0.0,36738225,2,18369112.5,18369112.5,18343944,18394281,35593.6,PushPop,":batch=5a378f5e783a452e84883a1afe3b7d1d phase=decode requests=e4484b0df96d49f3a31426c909f9076d,bb52284fe1f1457c8a63320a61ffabbf,deac75ab269243019c9fd4ac2ecfc203,3e2830bc65ab4913904d6e72090a4fe3"
0.0,36738186,2,18369093.0,18369093.0,18323056,18415130,65106.1,PushPop,:batch=4f6b318940864ef18acb0a39a3647823 phase=decode requests=c47f16e66de94d7ebc64adfc42386324
0.0,36737370,2,18368685.0,18368685.0,18343919,18393451,35024.4,PushPop,":batch=c9c0bdfc8fdb4b4f9c8f36a43e8d8316 phase=decode requests=e4484b0df96d49f3a31426c909f9076d,bb52284fe1f1457c8a63320a61ffabbf,deac75ab269243019c9fd4ac2ecfc203,3e2830bc65ab4913904d6e72090a4fe3"
0.0,36736196,2,18368098.0,18368098.0,18367067,18369129,1458.1,PushPop,:batch=62ffaa9651ac4236ac6be9c231b557f8 phase=decode requests=aaa729f093b64e2aaeeda0c4bda76f3d
0.0,36735212,2,18367606.0,18367606.0,18353548,18381664,19881.0,PushPop,:batch=9e0380b309dc4f8d8ab9a0535f50437c phase=decode requests=8de7c5b04b184d1cbc3645195ef60a7d
0.0,36734701,2,18367350.5,18367350.5,18342506,18392195,35135.4,PushPop,:batch=8e74c95f13d64ec1aa695873e2f44561 phase=decode requests=aaa729f093b64e2aaeeda0c4bda76f3d
0.0,36733984,2,18366992.0,18366992.0,18335645,18398339,44331.4,PushPop,:batch=85fe670dabe64b6297ead28d9d61da8d phase=decode requests=8de7c5b04b184d1cbc3645195ef60a7d
0.0,36732216,2,18366108.0,18366108.0,18330410,18401806,50484.6,PushPop,:batch=215d3a92e6c3463ea6b7baa75b77dcc2 phase=decode requests=aaa729f093b64e2aaeeda0c4bda76f3d
0.0,36730706,2,18365353.0,18365353.0,18327449,18403257,53604.4,PushPop,:batch=ac5d102dea534b368c08b495c0cdaff4 phase=decode requests=8de7c5b04b184d1cbc3645195ef60a7d
0.0,36730445,2,18365222.5,18365222.5,18338584,18391861,37672.5,PushPop,:batch=7657bd2ec24d4ac3a29e2cc2934e886d phase=decode requests=aaa729f093b64e2aaeeda0c4bda76f3d
0.0,36730125,2,18365062.5,18365062.5,18351313,18378812,19444.7,PushPop,:batch=d5e4a62107024cadbfb79c6b834ceeb7 phase=decode requests=8de7c5b04b184d1cbc3645195ef60a7d
0.0,36729707,2,18364853.5,18364853.5,18345458,18384249,27429.4,PushPop,:batch=b0f02f830baf45d6b61b7a482720049c phase=decode requests=8de7c5b04b184d1cbc3645195ef60a7d
0.0,36727901,2,18363950.5,18363950.5,18343719,18384182,28611.7,PushPop,:batch=3e79e3d5fffb4e7e9c11889871406a3b phase=decode requests=aaa729f093b64e2aaeeda0c4bda76f3d
0.0,36727687,2,18363843.5,18363843.5,18330175,18397512,47614.4,PushPop,:batch=cf97f087bb1041c4b6ac4d3c6bc34af8 phase=decode requests=aaa729f093b64e2aaeeda0c4bda76f3d
0.0,36726875,2,18363437.5,18363437.5,18340112,18386763,32987.2,PushPop,:batch=dd5d14547ca04258afeef0422981acdb phase=decode requests=8de7c5b04b184d1cbc3645195ef60a7d
0.0,36726838,2,18363419.0,18363419.0,18329289,18397549,48267.1,PushPop,:batch=f178af12fead467ab6155d9a1a461c67 phase=decode requests=aaa729f093b64e2aaeeda0c4bda76f3d
0.0,36726530,2,18363265.0,18363265.0,18322893,18403637,57094.6,PushPop,:batch=0b4a81acc84743688b9de29067f3817a phase=decode requests=aaa729f093b64e2aaeeda0c4bda76f3d
0.0,36724973,2,18362486.5,18362486.5,18336745,18388228,36404.0,PushPop,:batch=978614bb3f204d939ece67ed4e48bece phase=decode requests=c47f16e66de94d7ebc64adfc42386324
0.0,36723755,2,18361877.5,18361877.5,18340079,18383676,30827.7,PushPop,:batch=1fda4ba118ae432bbdf5e9ec512640c7 phase=decode requests=8de7c5b04b184d1cbc3645195ef60a7d
0.0,36723556,2,18361778.0,18361778.0,18327860,18395696,47967.3,PushPop,:batch=3f8eeee4822d45b7951147e290fc3cd2 phase=decode requests=c47f16e66de94d7ebc64adfc42386324
0.0,36723481,2,18361740.5,18361740.5,18331628,18391853,42585.5,PushPop,:batch=a972e417199243d095f6bb21147313a3 phase=decode requests=aaa729f093b64e2aaeeda0c4bda76f3d
0.0,36722981,2,18361490.5,18361490.5,18328067,18394914,47268.0,PushPop,:batch=63eccec757374d21a0f501ac39528730 phase=decode requests=8de7c5b04b184d1cbc3645195ef60a7d
0.0,36722831,2,18361415.5,18361415.5,18328896,18393935,45989.5,PushPop,:batch=cb32d3313bc64f199abe57991eedb66c phase=decode requests=aaa729f093b64e2aaeeda0c4bda76f3d
0.0,36722596,2,18361298.0,18361298.0,18322709,18399887,54573.1,PushPop,:batch=ce2b35e5ab1d415d99422ed8c0992d52 phase=decode requests=aaa729f093b64e2aaeeda0c4bda76f3d
0.0,36722351,2,18361175.5,18361175.5,18329125,18393226,45326.3,PushPop,:batch=15b57c85f4fc4f0fac80aa63ee4dc829 phase=decode requests=8de7c5b04b184d1cbc3645195ef60a7d
0.0,36721572,2,18360786.0,18360786.0,18331605,18389967,41268.2,PushPop,:batch=1c7ec2dc4a3a4c789d0a4bd72135a40f phase=decode requests=aaa729f093b64e2aaeeda0c4bda76f3d
0.0,36719502,2,18359751.0,18359751.0,18334129,18385373,36235.0,PushPop,:batch=a70ed062a7f7438f85718774e3030ea1 phase=decode requests=8de7c5b04b184d1cbc3645195ef60a7d
0.0,36719363,2,18359681.5,18359681.5,18328602,18390761,43953.1,PushPop,:batch=933945b371084a0d9a535f51a6a89f9a phase=decode requests=aaa729f093b64e2aaeeda0c4bda76f3d
0.0,36718644,2,18359322.0,18359322.0,18321437,18397207,53577.5,PushPop,:batch=e4b27695edc947e5b7e83733cc265dad phase=decode requests=1cf8552479e145fd966a17841209a06f
0.0,36718565,2,18359282.5,18359282.5,18330554,18388011,40628.2,PushPop,:batch=7240be88b62046d69904ac0357d6b691 phase=decode requests=8de7c5b04b184d1cbc3645195ef60a7d
0.0,36718348,2,18359174.0,18359174.0,18326647,18391701,46000.1,PushPop,:batch=83d4995e7a7a4846b448c605db4e6e10 phase=decode requests=aaa729f093b64e2aaeeda0c4bda76f3d
0.0,36717886,2,18358943.0,18358943.0,18271064,18446822,124279.7,PushPop,:batch=c6628b55339445788cea7c1d10aa5fa9 phase=decode requests=c47f16e66de94d7ebc64adfc42386324
0.0,36717274,2,18358637.0,18358637.0,18338121,18379153,29014.0,PushPop,:batch=05c56f6d821b4b6185052395c7b56ffe phase=decode requests=aaa729f093b64e2aaeeda0c4bda76f3d
0.0,36716585,2,18358292.5,18358292.5,18342293,18374292,22626.7,PushPop,:batch=2d71750bc7c549bc81b6fa6714ddcd21 phase=decode requests=c47f16e66de94d7ebc64adfc42386324
0.0,36715768,2,18357884.0,18357884.0,18324905,18390863,46639.3,PushPop,:batch=ccfe05c1f83d42a2843692c827c8cf04 phase=decode requests=8de7c5b04b184d1cbc3645195ef60a7d
0.0,36715096,2,18357548.0,18357548.0,18322296,18392800,49853.9,PushPop,:batch=b46b9968549f407ab425e4ee3d89aed0 phase=decode requests=aaa729f093b64e2aaeeda0c4bda76f3d
0.0,36714601,2,18357300.5,18357300.5,18309096,18405505,68171.5,PushPop,":batch=5404ba14de0b4792b1b0a30950d8bf0c phase=decode requests=e4484b0df96d49f3a31426c909f9076d,bb52284fe1f1457c8a63320a61ffabbf,deac75ab269243019c9fd4ac2ecfc203,3e2830bc65ab4913904d6e72090a4fe3"
0.0,36713657,2,18356828.5,18356828.5,18314930,18398727,59253.4,PushPop,:batch=52861fe983524696bca7b0b87d02a5e1 phase=decode requests=aaa729f093b64e2aaeeda0c4bda76f3d
0.0,36713614,2,18356807.0,18356807.0,18317139,18396475,56099.0,PushPop,:batch=fe252c59035c4a83bd7dd6fb811497d7 phase=decode requests=8de7c5b04b184d1cbc3645195ef60a7d
0.0,36713206,2,18356603.0,18356603.0,18347313,18365893,13138.0,PushPop,:batch=db40fef21d8b4943947bd9581c893bbe phase=decode requests=aaa729f093b64e2aaeeda0c4bda76f3d
0.0,36712911,2,18356455.5,18356455.5,18334046,18378865,31691.8,PushPop,:batch=0bcedaf111974657b2acaf5a92e7609e phase=decode requests=aaa729f093b64e2aaeeda0c4bda76f3d
0.0,36711227,2,18355613.5,18355613.5,18328973,18382254,37675.4,PushPop,:batch=3375198ee14b4edcba502610b3a05b56 phase=decode requests=aaa729f093b64e2aaeeda0c4bda76f3d
0.0,36710865,2,18355432.5,18355432.5,18323130,18387735,45682.6,PushPop,:batch=b7ae95f94ba749f98113295f0c060095 phase=decode requests=8de7c5b04b184d1cbc3645195ef60a7d
0.0,36710066,2,18355033.0,18355033.0,18325327,18384739,42010.6,PushPop,:batch=27576c2ec71544d8a0cc957360ecb3a5 phase=decode requests=8de7c5b04b184d1cbc3645195ef60a7d
0.0,36709562,2,18354781.0,18354781.0,18331652,18377910,32709.3,PushPop,:batch=a34ec46ddb294b0e8503a00e2cbd61ed phase=decode requests=8de7c5b04b184d1cbc3645195ef60a7d
0.0,36708705,2,18354352.5,18354352.5,18306204,18402501,68092.3,PushPop,:batch=092635c7418d42d1bd254bfa3acae829 phase=decode requests=aaa729f093b64e2aaeeda0c4bda76f3d
0.0,36707130,2,18353565.0,18353565.0,18325520,18381610,39661.6,PushPop,:batch=57bbc579dc564d3481e0ffd326aee2a8 phase=decode requests=aaa729f093b64e2aaeeda0c4bda76f3d
0.0,36705931,2,18352965.5,18352965.5,18322629,18383302,42902.3,PushPop,:batch=fa9c1b4078e9485a9868942473a9ab9f phase=decode requests=aaa729f093b64e2aaeeda0c4bda76f3d
0.0,36705899,2,18352949.5,18352949.5,18329772,18376127,32777.9,PushPop,:batch=ed71dc7db7114262a5104d2000bbdffb phase=decode requests=8de7c5b04b184d1cbc3645195ef60a7d
0.0,36705660,2,18352830.0,18352830.0,18324656,18381004,39844.1,PushPop,:batch=f3076d8d473241a6b790dfac539c14a3 phase=decode requests=8de7c5b04b184d1cbc3645195ef60a7d
0.0,36705258,2,18352629.0,18352629.0,18323109,18382149,41747.6,PushPop,:batch=dc91decf1463452c836cdb710b22fad6 phase=decode requests=8de7c5b04b184d1cbc3645195ef60a7d
0.0,36704099,2,18352049.5,18352049.5,18326276,18377823,36449.2,PushPop,:batch=327a0e7d2a784a5a964aa031dd32bfa3 phase=decode requests=8de7c5b04b184d1cbc3645195ef60a7d
0.0,36701604,2,18350802.0,18350802.0,18319508,18382096,44256.4,PushPop,:batch=0df247a720ac4096af14aa4d32281875 phase=decode requests=aaa729f093b64e2aaeeda0c4bda76f3d
0.0,36700942,2,18350471.0,18350471.0,18310066,18390876,57141.3,PushPop,:batch=f7c287eb78114e2ba146b996900d4f26 phase=decode requests=8de7c5b04b184d1cbc3645195ef60a7d
0.0,36700041,2,18350020.5,18350020.5,18316872,18383169,46879.1,PushPop,:batch=0ec7fff8bd5841b7b69d55b0ff1a4e11 phase=decode requests=aaa729f093b64e2aaeeda0c4bda76f3d
0.0,36699610,2,18349805.0,18349805.0,18323509,18376101,37188.2,PushPop,:batch=458d87f07a5a465fa5baf32ebf7e4e3b phase=decode requests=c47f16e66de94d7ebc64adfc42386324
0.0,36699147,2,18349573.5,18349573.5,18318693,18380454,43671.6,PushPop,:batch=f7604d89f15f4472b03d74f7619bdc7b phase=decode requests=8de7c5b04b184d1cbc3645195ef60a7d
0.0,36698868,2,18349434.0,18349434.0,18317379,18381489,45332.6,PushPop,:batch=fb6145906a544a6aae39d1ccd59c56c7 phase=decode requests=c47f16e66de94d7ebc64adfc42386324
0.0,36698777,2,18349388.5,18349388.5,18321812,18376965,38999.1,PushPop,:batch=9d18e1acc7c0429d813e1ed677b66caf phase=decode requests=8de7c5b04b184d1cbc3645195ef60a7d
0.0,36698260,2,18349130.0,18349130.0,18314926,18383334,48371.8,PushPop,:batch=33d24e99dd45495780acf57e261e367b phase=decode requests=aaa729f093b64e2aaeeda0c4bda76f3d
0.0,36698180,2,18349090.0,18349090.0,18322680,18375500,37349.4,PushPop,:batch=89132c42e0514956acecda3f23764d9d phase=decode requests=8de7c5b04b184d1cbc3645195ef60a7d
0.0,36697558,2,18348779.0,18348779.0,18317208,18380350,44648.1,PushPop,:batch=7e28f8de65d4475eb767cedecdf2241c phase=decode requests=aaa729f093b64e2aaeeda0c4bda76f3d
0.0,36697436,2,18348718.0,18348718.0,18324322,18373114,34501.2,PushPop,:batch=268f303fffe3417a998bd46253a91f2b phase=decode requests=8de7c5b04b184d1cbc3645195ef60a7d
0.0,36697333,2,18348666.5,18348666.5,18317501,18379832,44074.7,PushPop,:batch=0e16ab156aff467688b889e0d725a511 phase=decode requests=aaa729f093b64e2aaeeda0c4bda76f3d
0.0,36697123,2,18348561.5,18348561.5,18323407,18373716,35573.8,PushPop,:batch=7eb34914d8aa4b29b61e420e81cd2e51 phase=decode requests=8de7c5b04b184d1cbc3645195ef60a7d
0.0,36696684,2,18348342.0,18348342.0,18328130,18368554,28584.1,PushPop,":batch=47f7ca4dd1534a1b9f1f68d0efc8a4e2 phase=decode requests=e4484b0df96d49f3a31426c909f9076d,bb52284fe1f1457c8a63320a61ffabbf,deac75ab269243019c9fd4ac2ecfc203,3e2830bc65ab4913904d6e72090a4fe3"
0.0,36695384,2,18347692.0,18347692.0,18316580,18378804,43999.0,PushPop,:batch=6cf01a54415d4068b8d3c27d591a6c5e phase=decode requests=aaa729f093b64e2aaeeda0c4bda76f3d
0.0,36694578,2,18347289.0,18347289.0,18326420,18368158,29513.2,PushPop,:batch=b3ed20a296ce42f69e040d19463279fe phase=decode requests=c47f16e66de94d7ebc64adfc42386324
0.0,36694297,2,18347148.5,18347148.5,18322868,18371429,34337.8,PushPop,:batch=8cd3cf0b86614593a131c3c9ab1db56f phase=decode requests=8de7c5b04b184d1cbc3645195ef60a7d
0.0,36693932,2,18346966.0,18346966.0,18310884,18383048,51027.7,PushPop,:batch=3519a347c103493b8cab7dac769d143b phase=decode requests=aaa729f093b64e2aaeeda0c4bda76f3d
0.0,36693170,2,18346585.0,18346585.0,18310773,18382397,50645.8,PushPop,:batch=e2bb47f455ac475db2949f86836b5118 phase=decode requests=aaa729f093b64e2aaeeda0c4bda76f3d
0.0,36692068,2,18346034.0,18346034.0,18309441,18382627,51750.3,PushPop,:batch=4f458baeaa6d4349a0e9681373b5f500 phase=decode requests=8de7c5b04b184d1cbc3645195ef60a7d
0.0,36691982,2,18345991.0,18345991.0,18302607,18389375,61354.2,PushPop,:batch=0f624f056843419785e39f8774394c34 phase=decode requests=aaa729f093b64e2aaeeda0c4bda76f3d
0.0,36691202,2,18345601.0,18345601.0,18306949,18384253,54662.2,PushPop,:batch=22e58b49eeea4bf38567120a6352d68b phase=decode requests=c47f16e66de94d7ebc64adfc42386324
0.0,36690574,2,18345287.0,18345287.0,18319481,18371093,36495.2,PushPop,:batch=daa021ee35dd4b27a4eda2998b3e4905 phase=decode requests=8de7c5b04b184d1cbc3645195ef60a7d
0.0,36690133,2,18345066.5,18345066.5,18328569,18361564,23331.0,PushPop,:batch=39550c2199ac4dd4bea15ff9c205ddd9 phase=decode requests=8de7c5b04b184d1cbc3645195ef60a7d
0.0,36689577,2,18344788.5,18344788.5,18315446,18374131,41496.6,PushPop,:batch=0df50c8bc6ab4bbdba39d28db6024110 phase=decode requests=aaa729f093b64e2aaeeda0c4bda76f3d
0.0,36689203,2,18344601.5,18344601.5,18308201,18381002,51478.1,PushPop,:batch=1efe0d35e6104581b715bf5c75ecd379 phase=decode requests=aaa729f093b64e2aaeeda0c4bda76f3d
0.0,36689004,2,18344502.0,18344502.0,18319723,18369281,35042.8,PushPop,:batch=fb35fb9336ef4ba98acfad751e0d2f53 phase=decode requests=8de7c5b04b184d1cbc3645195ef60a7d
0.0,36688426,2,18344213.0,18344213.0,18323367,18365059,29480.7,PushPop,:batch=6a6f8880e568478ea57ae50327767044 phase=decode requests=8de7c5b04b184d1cbc3645195ef60a7d
0.0,36688216,2,18344108.0,18344108.0,18324863,18363353,27216.5,PushPop,:batch=661df8227a364ebe9742f1211965b509 phase=decode requests=c47f16e66de94d7ebc64adfc42386324
0.0,36687651,2,18343825.5,18343825.5,18316363,18371288,38837.8,PushPop,:batch=312d277eec1d40fb86dfeac38ecd57f5 phase=decode requests=8de7c5b04b184d1cbc3645195ef60a7d
0.0,36687427,2,18343713.5,18343713.5,18309277,18378150,48700.6,PushPop,:batch=3449047c291843e58e9f2ff3922ea541 phase=decode requests=aaa729f093b64e2aaeeda0c4bda76f3d
0.0,36686596,2,18343298.0,18343298.0,18306870,18379726,51517.0,PushPop,":batch=fd3fef20532140b497d2b37e308b6301 phase=decode requests=e4484b0df96d49f3a31426c909f9076d,bb52284fe1f1457c8a63320a61ffabbf,deac75ab269243019c9fd4ac2ecfc203,3e2830bc65ab4913904d6e72090a4fe3"
0.0,36684173,2,18342086.5,18342086.5,18319979,18364194,31264.7,PushPop,:batch=4bed0b2c66484acfbf59fad6393ec634 phase=decode requests=c47f16e66de94d7ebc64adfc42386324
0.0,36684053,2,18342026.5,18342026.5,18324271,18359782,25110.1,PushPop,:batch=573e93cf46c74fdeb2f889ce0fdd3ede phase=decode requests=8de7c5b04b184d1cbc3645195ef60a7d
0.0,36683966,2,18341983.0,18341983.0,18313877,18370089,39747.9,PushPop,:batch=3a06bf8e518f4cafbad02d215b81afee phase=decode requests=aaa729f093b64e2aaeeda0c4bda76f3d
0.0,36683055,2,18341527.5,18341527.5,18303471,18379584,53820.0,PushPop,:batch=3f35f84f8f634e1cb12943f222593e57 phase=decode requests=1cf8552479e145fd966a17841209a06f
0.0,36682332,2,18341166.0,18341166.0,18321401,18360931,27951.9,PushPop,:batch=f3bb27c65f4a4929929f61cdaffc327a phase=decode requests=aaa729f093b64e2aaeeda0c4bda76f3d
0.0,36681439,2,18340719.5,18340719.5,18308606,18372833,45415.3,PushPop,:batch=7baf8f2740f845acb115410df819eefb phase=decode requests=aaa729f093b64e2aaeeda0c4bda76f3d
0.0,36681243,2,18340621.5,18340621.5,18316389,18364854,34269.9,PushPop,:batch=412557af0253402298349399dae59afe phase=decode requests=8de7c5b04b184d1cbc3645195ef60a7d
0.0,36681242,2,18340621.0,18340621.0,18303659,18377583,52272.2,PushPop,:batch=f379f2c26dab4e57be7f91fa38b99125 phase=decode requests=8de7c5b04b184d1cbc3645195ef60a7d
0.0,36680860,2,18340430.0,18340430.0,18312674,18368186,39252.9,PushPop,:batch=f4f2a338a64649bbbac60ee90524f55b phase=decode requests=8de7c5b04b184d1cbc3645195ef60a7d
0.0,36677676,2,18338838.0,18338838.0,18302782,18374894,50990.9,PushPop,:batch=47ed5880fafa4219a462a51b856590b2 phase=decode requests=8de7c5b04b184d1cbc3645195ef60a7d
0.0,36677365,2,18338682.5,18338682.5,18301724,18375641,52267.2,PushPop,:batch=585c94dc15f94064bc014be6cb59f9c7 phase=decode requests=8de7c5b04b184d1cbc3645195ef60a7d
0.0,36675317,2,18337658.5,18337658.5,18304480,18370837,46921.5,PushPop,:batch=d945b8a325244c14891d04b0d2e7e7f1 phase=decode requests=c47f16e66de94d7ebc64adfc42386324
0.0,36674701,2,18337350.5,18337350.5,18300304,18374397,52391.7,PushPop,:batch=e5989cc3c2b54701bee3fe58dda123be phase=decode requests=aaa729f093b64e2aaeeda0c4bda76f3d
0.0,36674150,2,18337075.0,18337075.0,18314605,18359545,31777.4,PushPop,:batch=92f85ddc198242c0853673e2a8c15815 phase=decode requests=aaa729f093b64e2aaeeda0c4bda76f3d
0.0,36673820,2,18336910.0,18336910.0,18294877,18378943,59443.6,PushPop,:batch=b791e124c471409081822f345acce9bc phase=decode requests=aaa729f093b64e2aaeeda0c4bda76f3d
0.0,36673252,2,18336626.0,18336626.0,18309442,18363810,38444.0,PushPop,:batch=b582d5cae416432b8f3eb5a655317ff2 phase=decode requests=aaa729f093b64e2aaeeda0c4bda76f3d
0.0,36673163,2,18336581.5,18336581.5,18312927,18360236,33452.5,PushPop,:batch=2a33662ecee343caa419830749f0cbe1 phase=decode requests=c47f16e66de94d7ebc64adfc42386324
0.0,36672767,2,18336383.5,18336383.5,18304313,18368454,45354.5,PushPop,:batch=c85b6c9590e9446eb8fa01e66ea4f4d3 phase=decode requests=8de7c5b04b184d1cbc3645195ef60a7d
0.0,36672673,2,18336336.5,18336336.5,18307097,18365576,41350.9,PushPop,:batch=5ba658a4af644bb6882460f66c9b99d3 phase=decode requests=8de7c5b04b184d1cbc3645195ef60a7d
0.0,36672047,2,18336023.5,18336023.5,18319864,18352183,22853.0,PushPop,":batch=ef3a0db0b99d44468b00b12966abb441 phase=decode requests=e4484b0df96d49f3a31426c909f9076d,bb52284fe1f1457c8a63320a61ffabbf,deac75ab269243019c9fd4ac2ecfc203,3e2830bc65ab4913904d6e72090a4fe3"
0.0,36671803,2,18335901.5,18335901.5,18294924,18376879,57950.9,PushPop,:batch=f212e965469b4ab983079f9e554a59cb phase=decode requests=aaa729f093b64e2aaeeda0c4bda76f3d
0.0,36671730,2,18335865.0,18335865.0,18302469,18369261,47229.1,PushPop,:batch=2a0e5c3727084e6ab6f5da329b310cbb phase=decode requests=8de7c5b04b184d1cbc3645195ef60a7d
0.0,36671086,2,18335543.0,18335543.0,18310195,18360891,35847.5,PushPop,:batch=865136abc56f44c7b9df3dace0a35392 phase=decode requests=aaa729f093b64e2aaeeda0c4bda76f3d
0.0,36670498,2,18335249.0,18335249.0,18298214,18372284,52375.4,PushPop,:batch=2735cf97e98e4f909134cf88756cc0e0 phase=decode requests=aaa729f093b64e2aaeeda0c4bda76f3d
0.0,36670488,2,18335244.0,18335244.0,18310444,18360044,35072.5,PushPop,:batch=017ed45a65ea40428adab60dfb1c25d7 phase=decode requests=aaa729f093b64e2aaeeda0c4bda76f3d
0.0,36669733,2,18334866.5,18334866.5,18310196,18359537,34889.4,PushPop,:batch=19e5731b76c84cca8bfbcbdd1fab1a87 phase=decode requests=aaa729f093b64e2aaeeda0c4bda76f3d
0.0,36669604,2,18334802.0,18334802.0,18303417,18366187,44385.1,PushPop,:batch=ff9e05f812084850b6200fb1bca7d68a phase=decode requests=8de7c5b04b184d1cbc3645195ef60a7d
0.0,36669275,2,18334637.5,18334637.5,18311263,18358012,33056.5,PushPop,:batch=546b79817d50416daeae89d11bd84375 phase=decode requests=8de7c5b04b184d1cbc3645195ef60a7d
0.0,36669019,2,18334509.5,18334509.5,18300005,18369014,48796.7,PushPop,:batch=a12d261fa8474bac82c524fddb737061 phase=decode requests=c47f16e66de94d7ebc64adfc42386324
0.0,36669013,2,18334506.5,18334506.5,18301875,18367138,46147.9,PushPop,:batch=d86711b68f584ebf94ad985cfc584a59 phase=decode requests=aaa729f093b64e2aaeeda0c4bda76f3d
0.0,36668720,2,18334360.0,18334360.0,18306398,18362322,39544.2,PushPop,:batch=09bfd3de88c346a2ba29888a701725d6 phase=decode requests=8de7c5b04b184d1cbc3645195ef60a7d
0.0,36666330,2,18333165.0,18333165.0,18299718,18366612,47301.2,PushPop,:batch=8538fb5a910f4c08aaf7715e23057fc3 phase=decode requests=aaa729f093b64e2aaeeda0c4bda76f3d
0.0,36666129,2,18333064.5,18333064.5,18313540,18352589,27611.8,PushPop,":batch=fd986172fdc34e6a99025b11001e4c10 phase=decode requests=e4484b0df96d49f3a31426c909f9076d,bb52284fe1f1457c8a63320a61ffabbf,deac75ab269243019c9fd4ac2ecfc203,3e2830bc65ab4913904d6e72090a4fe3"
0.0,36665901,2,18332950.5,18332950.5,18306010,18359891,38099.6,PushPop,:batch=850c1da6ff6f480a80ce3b2599efcaf9 phase=decode requests=aaa729f093b64e2aaeeda0c4bda76f3d
0.0,36665809,2,18332904.5,18332904.5,18306007,18359802,38038.8,PushPop,:batch=d339b00944564b618f237899cecf6123 phase=decode requests=8de7c5b04b184d1cbc3645195ef60a7d
0.0,36665289,2,18332644.5,18332644.5,18289945,18375344,60386.2,PushPop,:batch=50e41285f66d4e958d933beefe532412 phase=decode requests=aaa729f093b64e2aaeeda0c4bda76f3d
0.0,36664866,2,18332433.0,18332433.0,18286360,18378506,65157.1,PushPop,:batch=294111f9ecee409ea572c9b8fb6a3120 phase=decode requests=aaa729f093b64e2aaeeda0c4bda76f3d
0.0,36664334,2,18332167.0,18332167.0,18303343,18360991,40763.3,PushPop,:batch=cc8c6a597b4443bba1fce965c6b4be0a phase=decode requests=aaa729f093b64e2aaeeda0c4bda76f3d
0.0,36664187,2,18332093.5,18332093.5,18292651,18371536,55780.1,PushPop,:batch=44d89585d13944c1b8143525d86b7bee phase=decode requests=8de7c5b04b184d1cbc3645195ef60a7d
0.0,36663395,2,18331697.5,18331697.5,18302037,18361358,41946.3,PushPop,:batch=6bbc49fa09274d699914d9beee1924c7 phase=decode requests=8de7c5b04b184d1cbc3645195ef60a7d
0.0,36662353,2,18331176.5,18331176.5,18295491,18366862,50466.9,PushPop,:batch=2613c223032f40cebefb4ee2d3a14a48 phase=decode requests=aaa729f093b64e2aaeeda0c4bda76f3d
0.0,36662344,2,18331172.0,18331172.0,18305585,18356759,36185.5,PushPop,:batch=feda316306f446a7a6436723c4899425 phase=decode requests=aaa729f093b64e2aaeeda0c4bda76f3d
0.0,36661909,2,18330954.5,18330954.5,18296673,18365236,48481.4,PushPop,:batch=22de90fba1334d02a17fc4fa42fc5a3b phase=decode requests=c47f16e66de94d7ebc64adfc42386324
0.0,36661774,2,18330887.0,18330887.0,18297222,18364552,47609.5,PushPop,:batch=9f56184cce744e17ad9b7103d1054749 phase=decode requests=aaa729f093b64e2aaeeda0c4bda76f3d
0.0,36661606,2,18330803.0,18330803.0,18286895,18374711,62095.3,PushPop,:batch=c13f4d8959644c0a85beefe5802b9be2 phase=decode requests=aaa729f093b64e2aaeeda0c4bda76f3d
0.0,36660690,2,18330345.0,18330345.0,18296630,18364060,47680.2,PushPop,:batch=ce174a26cc474ff18254fe5bcd4fefd9 phase=decode requests=aaa729f093b64e2aaeeda0c4bda76f3d
0.0,36660516,2,18330258.0,18330258.0,18306173,18354343,34061.3,PushPop,":batch=9b2195c6d9544ea799080b5726345230 phase=decode requests=e4484b0df96d49f3a31426c909f9076d,bb52284fe1f1457c8a63320a61ffabbf,deac75ab269243019c9fd4ac2ecfc203,3e2830bc65ab4913904d6e72090a4fe3"
0.0,36659560,2,18329780.0,18329780.0,18302818,18356742,38130.0,PushPop,:batch=6a0ceb58331845708e040740b1656357 phase=decode requests=8de7c5b04b184d1cbc3645195ef60a7d
0.0,36658395,2,18329197.5,18329197.5,18297050,18361345,45463.4,PushPop,:batch=dfa4282093924f8fadc09aa31861932f phase=decode requests=1cf8552479e145fd966a17841209a06f
0.0,36657871,2,18328935.5,18328935.5,18295589,18362282,47159.1,PushPop,:batch=0388c5a968624e8ebe09ee81de6c0eca phase=decode requests=aaa729f093b64e2aaeeda0c4bda76f3d
0.0,36657672,2,18328836.0,18328836.0,18297262,18360410,44652.4,PushPop,:batch=2d0c0baa9b094fde977290fd8dacae85 phase=decode requests=aaa729f093b64e2aaeeda0c4bda76f3d
0.0,36656829,2,18328414.5,18328414.5,18301034,18355795,38721.9,PushPop,:batch=956522a775e74294ab8b10dc1de21bc1 phase=decode requests=aaa729f093b64e2aaeeda0c4bda76f3d
0.0,36656768,2,18328384.0,18328384.0,18297703,18359065,43389.5,PushPop,:batch=65a9d25568c04dd38ff4c94f16aacda0 phase=decode requests=aaa729f093b64e2aaeeda0c4bda76f3d
0.0,36655865,2,18327932.5,18327932.5,18302405,18353460,36101.3,PushPop,:batch=ec6003a4fabe466cb792d7242649752f phase=decode requests=8de7c5b04b184d1cbc3645195ef60a7d
0.0,36655579,2,18327789.5,18327789.5,18296650,18358929,44037.9,PushPop,:batch=c593047508a04d8fa529430862be4865 phase=decode requests=8de7c5b04b184d1cbc3645195ef60a7d
0.0,36654547,2,18327273.5,18327273.5,18283855,18370692,61403.0,PushPop,:batch=2c420785a1744540a3091e01486d242e phase=decode requests=aaa729f093b64e2aaeeda0c4bda76f3d
0.0,36654375,2,18327187.5,18327187.5,18306157,18348218,29741.6,PushPop,:batch=13ec2561383b4d749f050c0b8a54db6c phase=decode requests=aaa729f093b64e2aaeeda0c4bda76f3d
0.0,36654356,2,18327178.0,18327178.0,18310577,18343779,23477.4,PushPop,:batch=22b19337b9cd4529b6b6b1372e2270fd phase=decode requests=8de7c5b04b184d1cbc3645195ef60a7d
0.0,36653675,2,18326837.5,18326837.5,18299936,18353739,38044.5,PushPop,:batch=77d6ffaf68054a8fb99e838e8eac98a9 phase=decode requests=aaa729f093b64e2aaeeda0c4bda76f3d
0.0,36653161,2,18326580.5,18326580.5,18214601,18438560,158362.9,PushPop,:batch=00db5b5d233d4ddcaa8b5761d11a65bc phase=decode requests=8de7c5b04b184d1cbc3645195ef60a7d
0.0,36651995,2,18325997.5,18325997.5,18285925,18366070,56671.1,PushPop,:batch=88d324c7d044450e8a98e8571ec0be19 phase=decode requests=8de7c5b04b184d1cbc3645195ef60a7d
0.0,36651503,2,18325751.5,18325751.5,18303246,18348257,31827.6,PushPop,":batch=4263d5fcf9d44254873fec38bad7c8e9 phase=decode requests=e4484b0df96d49f3a31426c909f9076d,bb52284fe1f1457c8a63320a61ffabbf,deac75ab269243019c9fd4ac2ecfc203,3e2830bc65ab4913904d6e72090a4fe3"
0.0,36651463,2,18325731.5,18325731.5,18297775,18353688,39536.5,PushPop,:batch=6e219797de764e7db55743e6ec009cd4 phase=decode requests=aaa729f093b64e2aaeeda0c4bda76f3d
0.0,36651033,2,18325516.5,18325516.5,18290258,18360775,49863.0,PushPop,:batch=ef1f8b6e9ff04d05ac9239f46f8a02da phase=decode requests=aaa729f093b64e2aaeeda0c4bda76f3d
0.0,36650469,2,18325234.5,18325234.5,18313855,18336614,16093.0,PushPop,:batch=2bffe06849f64514907f56bd20fd9aaa phase=decode requests=8de7c5b04b184d1cbc3645195ef60a7d
0.0,36650212,2,18325106.0,18325106.0,18295458,18354754,41928.6,PushPop,:batch=0655423967cb42359bfd199e6f7dbdf4 phase=decode requests=aaa729f093b64e2aaeeda0c4bda76f3d
0.0,36648907,2,18324453.5,18324453.5,18285682,18363225,54831.2,PushPop,:batch=c9576199f72047928e0ca6f2f52e836f phase=decode requests=c47f16e66de94d7ebc64adfc42386324
0.0,36648820,2,18324410.0,18324410.0,18280361,18368459,62294.7,PushPop,:batch=a8ce3e5c11514cde86c5d72b296e5bc6 phase=decode requests=c47f16e66de94d7ebc64adfc42386324
0.0,36648793,2,18324396.5,18324396.5,18298175,18350618,37082.8,PushPop,:batch=cda07c9123f14c698f4ee9ff7530f550 phase=decode requests=aaa729f093b64e2aaeeda0c4bda76f3d
0.0,36648734,2,18324367.0,18324367.0,18290307,18358427,48168.1,PushPop,:batch=d80da1f432e6494abff16621f0adfeec phase=decode requests=c47f16e66de94d7ebc64adfc42386324
0.0,36648483,2,18324241.5,18324241.5,18297603,18350880,37672.5,PushPop,:batch=d91008204ba14ffa9a27d044835b13f2 phase=decode requests=8de7c5b04b184d1cbc3645195ef60a7d
0.0,36648307,2,18324153.5,18324153.5,18294330,18353977,42176.8,PushPop,:batch=0ad1466baf024f00a4c5ea61cb05b60e phase=decode requests=c47f16e66de94d7ebc64adfc42386324
0.0,36648282,2,18324141.0,18324141.0,18297312,18350970,37941.9,PushPop,:batch=7b85749c689546f584d1827d2fec20e0 phase=decode requests=aaa729f093b64e2aaeeda0c4bda76f3d
0.0,36648250,2,18324125.0,18324125.0,18288620,18359630,50211.7,PushPop,:batch=401442d2b6e64f09adc7d9ab57b72c88 phase=decode requests=aaa729f093b64e2aaeeda0c4bda76f3d
0.0,36647752,2,18323876.0,18323876.0,18301077,18346675,32242.7,PushPop,":batch=643b38dd03c2408d891bc1d42367f715 phase=decode requests=e4484b0df96d49f3a31426c909f9076d,bb52284fe1f1457c8a63320a61ffabbf,deac75ab269243019c9fd4ac2ecfc203,3e2830bc65ab4913904d6e72090a4fe3"
0.0,36646884,2,18323442.0,18323442.0,18300834,18346050,31972.5,PushPop,:batch=cc7e64a6562a4389837b764e382ea3d2 phase=decode requests=c47f16e66de94d7ebc64adfc42386324
0.0,36646550,2,18323275.0,18323275.0,18285406,18361144,53554.9,PushPop,:batch=6dd7a3e70cdf4709b31617812031605e phase=decode requests=8de7c5b04b184d1cbc3645195ef60a7d
0.0,36645836,2,18322918.0,18322918.0,18296894,18348942,36803.5,PushPop,:batch=539cdf7ab531420599ccd630ceb10855 phase=decode requests=aaa729f093b64e2aaeeda0c4bda76f3d
0.0,36645160,2,18322580.0,18322580.0,18290771,18354389,44984.7,PushPop,:batch=d55bad87d1234d58b5dc21be56b283ac phase=decode requests=c47f16e66de94d7ebc64adfc42386324
0.0,36644916,2,18322458.0,18322458.0,18280766,18364150,58961.4,PushPop,:batch=29c0ff5216b64bd9860f2b572921ba3b phase=decode requests=8de7c5b04b184d1cbc3645195ef60a7d
0.0,36644843,2,18322421.5,18322421.5,18286979,18357864,50123.3,PushPop,:batch=9de6f92a71144bbea5ac795cc7c9fb67 phase=decode requests=c47f16e66de94d7ebc64adfc42386324
0.0,36644285,2,18322142.5,18322142.5,18300579,18343706,30495.4,PushPop,:batch=7ae91384bde545128479b16358151cb2 phase=decode requests=8de7c5b04b184d1cbc3645195ef60a7d
0.0,36644150,2,18322075.0,18322075.0,18292622,18351528,41652.8,PushPop,:batch=78812470bdc24b49ba174a4ff5aa5381 phase=decode requests=aaa729f093b64e2aaeeda0c4bda76f3d
0.0,36643787,2,18321893.5,18321893.5,18295162,18348625,37804.0,PushPop,:batch=1aa783fa9d564c4786e2f83edccab23f phase=decode requests=aaa729f093b64e2aaeeda0c4bda76f3d
0.0,36642848,2,18321424.0,18321424.0,18300738,18342110,29254.4,PushPop,:batch=560bb20877dc4c89bd4bcb11c4e4a957 phase=decode requests=8de7c5b04b184d1cbc3645195ef60a7d
0.0,36642562,2,18321281.0,18321281.0,18291929,18350633,41510.0,PushPop,:batch=8bdab15037ec447a9a3ae304dabfaddc phase=decode requests=c47f16e66de94d7ebc64adfc42386324
0.0,36641585,2,18320792.5,18320792.5,18293784,18347801,38195.8,PushPop,:batch=2aaa0a8c97cd48b094f5ea59b717b809 phase=decode requests=8de7c5b04b184d1cbc3645195ef60a7d
0.0,36640894,2,18320447.0,18320447.0,18277531,18363363,60692.4,PushPop,:batch=375b8013425046d48e3021224f804412 phase=decode requests=c47f16e66de94d7ebc64adfc42386324
0.0,36640503,2,18320251.5,18320251.5,18286747,18353756,47382.5,PushPop,:batch=099510144e4d46cc873ffe9025cb4310 phase=decode requests=c47f16e66de94d7ebc64adfc42386324
0.0,36640015,2,18320007.5,18320007.5,18296119,18343896,33783.4,PushPop,:batch=5b766ac80f4847d8b9d1f1572e8de382 phase=decode requests=8de7c5b04b184d1cbc3645195ef60a7d
0.0,36639334,2,18319667.0,18319667.0,18295233,18344101,34554.9,PushPop,:batch=69bdcbbe624043698e0a22ea02b90c20 phase=decode requests=8de7c5b04b184d1cbc3645195ef60a7d
0.0,36638889,2,18319444.5,18319444.5,18280996,18357893,54374.4,PushPop,":batch=e84d2bd6566c407393a66f1fb12e54fe phase=decode requests=e4484b0df96d49f3a31426c909f9076d,bb52284fe1f1457c8a63320a61ffabbf,deac75ab269243019c9fd4ac2ecfc203,3e2830bc65ab4913904d6e72090a4fe3"
0.0,36638793,2,18319396.5,18319396.5,18296574,18342219,32275.9,PushPop,:batch=90c6b47f1f054fc4acff69de7e2269f6 phase=decode requests=8de7c5b04b184d1cbc3645195ef60a7d
0.0,36638756,2,18319378.0,18319378.0,18287485,18351271,45103.5,PushPop,:batch=5be6c01f39e8435c81578b85adb179f8 phase=decode requests=8de7c5b04b184d1cbc3645195ef60a7d
0.0,36638606,2,18319303.0,18319303.0,18287109,18351497,45529.2,PushPop,:batch=a5f7594215f14e7087897d27129158b2 phase=decode requests=8de7c5b04b184d1cbc3645195ef60a7d
0.0,36638570,2,18319285.0,18319285.0,18296831,18341739,31754.8,PushPop,:batch=3331655867cd4c20aacf572c8fa2b86c phase=decode requests=8de7c5b04b184d1cbc3645195ef60a7d
0.0,36638391,2,18319195.5,18319195.5,18296422,18341969,32206.6,PushPop,:batch=13d2f95e015340819b7e82287427f9da phase=decode requests=8de7c5b04b184d1cbc3645195ef60a7d
0.0,36637922,2,18318961.0,18318961.0,18278662,18359260,56991.4,PushPop,:batch=4ba059af97464770b45cd5dbcf464afd phase=decode requests=8de7c5b04b184d1cbc3645195ef60a7d
0.0,36637901,2,18318950.5,18318950.5,18286132,18351769,46412.4,PushPop,:batch=cff832fec2e0429788d98d1ed6f8f5ec phase=decode requests=aaa729f093b64e2aaeeda0c4bda76f3d
0.0,36636685,2,18318342.5,18318342.5,18279315,18357370,55193.2,PushPop,:batch=126927107d5a4380b43a6735812b5824 phase=decode requests=aaa729f093b64e2aaeeda0c4bda76f3d
0.0,36636145,2,18318072.5,18318072.5,18284475,18351670,47514.0,PushPop,:batch=76871555a7d248ab8b681cac5d4500a8 phase=decode requests=aaa729f093b64e2aaeeda0c4bda76f3d
0.0,36635763,2,18317881.5,18317881.5,18294156,18341607,33552.9,PushPop,:batch=6004bb9213394b8fadbebf077533533a phase=decode requests=aaa729f093b64e2aaeeda0c4bda76f3d
0.0,36635757,2,18317878.5,18317878.5,18283780,18351977,48222.6,PushPop,:batch=db0eaec948384ab5adc00bb2e58edd10 phase=decode requests=8de7c5b04b184d1cbc3645195ef60a7d
0.0,36635673,2,18317836.5,18317836.5,18285614,18350059,45569.5,PushPop,:batch=061df383fec74f9aa9b3da8e2afcabda phase=decode requests=aaa729f093b64e2aaeeda0c4bda76f3d
0.0,36635589,2,18317794.5,18317794.5,18288235,18347354,41803.4,PushPop,:batch=3e2aca2dcdb745f2ada4ea1d67be6543 phase=decode requests=8de7c5b04b184d1cbc3645195ef60a7d
0.0,36635339,2,18317669.5,18317669.5,18274123,18361216,61584.1,PushPop,:batch=b1d7d24a411649e3b2435282e70e59f1 phase=decode requests=aaa729f093b64e2aaeeda0c4bda76f3d
0.0,36635112,2,18317556.0,18317556.0,18286499,18348613,43921.2,PushPop,:batch=55213f5d72a5440d94fcdae66fc110a4 phase=decode requests=8de7c5b04b184d1cbc3645195ef60a7d
0.0,36632282,2,18316141.0,18316141.0,18280505,18351777,50396.9,PushPop,:batch=5e3fc7b376004706ac28e6c3ba8ec2e4 phase=decode requests=8de7c5b04b184d1cbc3645195ef60a7d
0.0,36628137,2,18314068.5,18314068.5,18298451,18329686,22086.5,PushPop,:batch=d225e59fe3d049c7964b75a288c6c153 phase=decode requests=8de7c5b04b184d1cbc3645195ef60a7d
0.0,36626678,2,18313339.0,18313339.0,18287809,18338869,36104.9,PushPop,:batch=dfd160c3d96045c8aed554ed30b2d780 phase=decode requests=1cf8552479e145fd966a17841209a06f
0.0,36624928,2,18312464.0,18312464.0,18290905,18334023,30489.0,PushPop,:batch=52408dcb82f142cc9c179d55531cfa34 phase=decode requests=8de7c5b04b184d1cbc3645195ef60a7d
0.0,36624802,2,18312401.0,18312401.0,18280628,18344174,44933.8,PushPop,:batch=09b8005983fd49148eabe7fbe044239c phase=decode requests=8de7c5b04b184d1cbc3645195ef60a7d
0.0,36624341,2,18312170.5,18312170.5,18281010,18343331,44067.6,PushPop,:batch=153f82f9cc6846459a00224e87baba6b phase=decode requests=c47f16e66de94d7ebc64adfc42386324
0.0,36623672,2,18311836.0,18311836.0,18272826,18350846,55168.5,PushPop,:batch=18eee5d9bc8549a88b8f536d00218c32 phase=decode requests=aaa729f093b64e2aaeeda0c4bda76f3d
0.0,36622844,2,18311422.0,18311422.0,18265105,18357739,65502.1,PushPop,:batch=d681859736de42b28426f3123ca5ed6e phase=decode requests=aaa729f093b64e2aaeeda0c4bda76f3d
0.0,36622648,2,18311324.0,18311324.0,18277933,18344715,47222.0,PushPop,:batch=70236c56cc9a4b9abb9c00df850e57ad phase=decode requests=aaa729f093b64e2aaeeda0c4bda76f3d
0.0,36620800,2,18310400.0,18310400.0,18287748,18333052,32034.8,PushPop,:batch=ab815fc9466c401fae608c6efb86bb09 phase=decode requests=aaa729f093b64e2aaeeda0c4bda76f3d
0.0,36620282,2,18310141.0,18310141.0,18281419,18338863,40619.0,PushPop,:batch=8f89e02b7c014e73bf16026d02d392c0 phase=decode requests=c47f16e66de94d7ebc64adfc42386324
0.0,36619796,2,18309898.0,18309898.0,18268420,18351376,58658.8,PushPop,:batch=1f0b8886f31040939f5f7b6df0a0f071 phase=decode requests=c47f16e66de94d7ebc64adfc42386324
0.0,36617719,2,18308859.5,18308859.5,18285266,18332453,33366.2,PushPop,:batch=453af091edfe4372b0ec1a6fe535c944 phase=decode requests=c47f16e66de94d7ebc64adfc42386324
0.0,36616559,2,18308279.5,18308279.5,18260599,18355960,67430.4,PushPop,:batch=eef611c6a6754932be270966f04bff76 phase=decode requests=aaa729f093b64e2aaeeda0c4bda76f3d
0.0,36616424,2,18308212.0,18308212.0,18281990,18334434,37083.5,PushPop,:batch=c40462205a3b4825821a2910375c13cc phase=decode requests=8de7c5b04b184d1cbc3645195ef60a7d
0.0,36616417,2,18308208.5,18308208.5,18287094,18329323,29860.4,PushPop,:batch=b95fada35a9c401d9c5b239001ea5036 phase=decode requests=8de7c5b04b184d1cbc3645195ef60a7d
0.0,36616029,2,18308014.5,18308014.5,18278835,18337194,41266.0,PushPop,:batch=6e9916a4283a4a0898b086448c3a8789 phase=decode requests=8de7c5b04b184d1cbc3645195ef60a7d
0.0,36615876,2,18307938.0,18307938.0,18273873,18342003,48175.2,PushPop,:batch=94d500d2bef84f028308ffff987089b0 phase=decode requests=8de7c5b04b184d1cbc3645195ef60a7d
0.0,36615817,2,18307908.5,18307908.5,18280750,18335067,38407.9,PushPop,:batch=6d6026e1f94e4084ad92c6d2eba0f074 phase=decode requests=8de7c5b04b184d1cbc3645195ef60a7d
0.0,36615385,2,18307692.5,18307692.5,18279553,18335832,39795.3,PushPop,":batch=3e7092ceeda34161bccad54cf9f814d1 phase=decode requests=e4484b0df96d49f3a31426c909f9076d,bb52284fe1f1457c8a63320a61ffabbf,deac75ab269243019c9fd4ac2ecfc203,3e2830bc65ab4913904d6e72090a4fe3"
0.0,36614766,2,18307383.0,18307383.0,18271654,18343112,50528.4,PushPop,:batch=59d45fb00f6b4a18851e4a8ef8fd5a59 phase=decode requests=c47f16e66de94d7ebc64adfc42386324
0.0,36614700,2,18307350.0,18307350.0,18273192,18341508,48306.7,PushPop,:batch=5d00fb3526c44d6aa5440fbcad293fce phase=decode requests=aaa729f093b64e2aaeeda0c4bda76f3d
0.0,36614049,2,18307024.5,18307024.5,18282682,18331367,34425.5,PushPop,:batch=f02fc21642e44f0e9a5cbcceca133907 phase=decode requests=aaa729f093b64e2aaeeda0c4bda76f3d
0.0,36613559,2,18306779.5,18306779.5,18269188,18344371,53162.4,PushPop,:batch=d561cf3765c84a02880850c806830e19 phase=decode requests=8de7c5b04b184d1cbc3645195ef60a7d
0.0,36613447,2,18306723.5,18306723.5,18279125,18334322,39030.2,PushPop,:batch=dd54d827d7d54f7880811e998b524bea phase=decode requests=aaa729f093b64e2aaeeda0c4bda76f3d
0.0,36613070,2,18306535.0,18306535.0,18277975,18335095,40389.9,PushPop,:batch=43fa2d80720c478bb6a176d4728b9d53 phase=decode requests=aaa729f093b64e2aaeeda0c4bda76f3d
0.0,36612732,2,18306366.0,18306366.0,18271296,18341436,49596.5,PushPop,:batch=8522dfd67c3c43498ea2fc51eb1dcb8e phase=decode requests=c47f16e66de94d7ebc64adfc42386324
0.0,36612244,2,18306122.0,18306122.0,18252411,18359833,75958.8,PushPop,:batch=bc796de2dbf241c0b15924e2f3ea795d phase=decode requests=c47f16e66de94d7ebc64adfc42386324
0.0,36611507,2,18305753.5,18305753.5,18291865,18319642,19641.3,PushPop,":batch=44167e09e5834c5f97129db5c3fc5d56 phase=decode requests=e4484b0df96d49f3a31426c909f9076d,bb52284fe1f1457c8a63320a61ffabbf,deac75ab269243019c9fd4ac2ecfc203,3e2830bc65ab4913904d6e72090a4fe3"
0.0,36611042,2,18305521.0,18305521.0,18283648,18327394,30933.1,PushPop,:batch=7a5fd8f96c894404861b54b6cd5a4901 phase=decode requests=8de7c5b04b184d1cbc3645195ef60a7d
0.0,36610540,2,18305270.0,18305270.0,18273284,18337256,45235.0,PushPop,:batch=008fe8fc0c3b427b89036194b4e79e42 phase=decode requests=aaa729f093b64e2aaeeda0c4bda76f3d
0.0,36610476,2,18305238.0,18305238.0,18267157,18343319,53854.7,PushPop,:batch=b936fd83de25456f87485acb03e8ed4f phase=decode requests=c47f16e66de94d7ebc64adfc42386324
0.0,36609580,2,18304790.0,18304790.0,18276691,18332889,39738.0,PushPop,":batch=d4b9e2f47db14b10af77e79a2263e4f8 phase=decode requests=e4484b0df96d49f3a31426c909f9076d,bb52284fe1f1457c8a63320a61ffabbf,deac75ab269243019c9fd4ac2ecfc203,3e2830bc65ab4913904d6e72090a4fe3"
0.0,36609552,2,18304776.0,18304776.0,18267665,18341887,52482.9,PushPop,:batch=961af6c2395d44428df6ad5b4e6d35b9 phase=decode requests=c47f16e66de94d7ebc64adfc42386324
0.0,36609411,2,18304705.5,18304705.5,18281005,18328406,33517.6,PushPop,:batch=8b5c1628b423405bafd1097f710107b7 phase=decode requests=c47f16e66de94d7ebc64adfc42386324
0.0,36608634,2,18304317.0,18304317.0,18260156,18348478,62453.1,PushPop,:batch=4c971ab99cee4a7790d5430b931edd77 phase=decode requests=aaa729f093b64e2aaeeda0c4bda76f3d
0.0,36607913,2,18303956.5,18303956.5,18272844,18335069,43999.7,PushPop,:batch=de4d45dc7c43439b9444a4e7d0098df0 phase=decode requests=8de7c5b04b184d1cbc3645195ef60a7d
0.0,36607753,2,18303876.5,18303876.5,18260288,18347465,61643.4,PushPop,:batch=fb2c209170f34e6ea21e1132eaafe47f phase=decode requests=aaa729f093b64e2aaeeda0c4bda76f3d
0.0,36607350,2,18303675.0,18303675.0,18272951,18334399,43450.3,PushPop,:batch=7f3a17b4d4ed434b80ebf1d644a05bfb phase=decode requests=c47f16e66de94d7ebc64adfc42386324
0.0,36606007,2,18303003.5,18303003.5,18260150,18345857,60604.0,PushPop,:batch=e0a0ff0a06d04ade97d92bd9ef3e0d0e phase=decode requests=c47f16e66de94d7ebc64adfc42386324
0.0,36605252,2,18302626.0,18302626.0,18283516,18321736,27025.6,PushPop,:batch=909294f9a4a3403383c31f635d4a642d phase=decode requests=8de7c5b04b184d1cbc3645195ef60a7d
0.0,36605223,2,18302611.5,18302611.5,18270457,18334766,45473.3,PushPop,:batch=0ed66106f2f84598b8b58d96947037a1 phase=decode requests=aaa729f093b64e2aaeeda0c4bda76f3d
0.0,36605116,2,18302558.0,18302558.0,18274202,18330914,40101.4,PushPop,:batch=1c7f6f44401e4eba9105014b4e5e6b0d phase=decode requests=8de7c5b04b184d1cbc3645195ef60a7d
0.0,36605110,2,18302555.0,18302555.0,18257073,18348037,64321.3,PushPop,:batch=9ac456c5267849cba1aa43d21eb15af5 phase=decode requests=c47f16e66de94d7ebc64adfc42386324
0.0,36604695,2,18302347.5,18302347.5,18273658,18331037,40573.1,PushPop,:batch=7ddcc36176f548f4a5a98cdbb18a2531 phase=decode requests=8de7c5b04b184d1cbc3645195ef60a7d
0.0,36604557,2,18302278.5,18302278.5,18270234,18334323,45317.8,PushPop,:batch=c728463f07504acf97b0978f73d3f271 phase=decode requests=8de7c5b04b184d1cbc3645195ef60a7d
0.0,36603902,2,18301951.0,18301951.0,18253369,18350533,68705.3,PushPop,:batch=c3392d903f3b41358f991ac45c6eb61f phase=decode requests=c47f16e66de94d7ebc64adfc42386324
0.0,36603801,2,18301900.5,18301900.5,18276748,18327053,35571.0,PushPop,:batch=d362b3be2d6b402b8f5d0403aee43dc4 phase=decode requests=c47f16e66de94d7ebc64adfc42386324
0.0,36603280,2,18301640.0,18301640.0,18276889,18326391,35003.2,PushPop,:batch=b2909e601d3e4cf0a1653a5ec9f8e9da phase=decode requests=8de7c5b04b184d1cbc3645195ef60a7d
0.0,36602814,2,18301407.0,18301407.0,18266476,18336338,49399.9,PushPop,:batch=bbe9f08343fb4702894eb13356a409f3 phase=decode requests=aaa729f093b64e2aaeeda0c4bda76f3d
0.0,36602790,2,18301395.0,18301395.0,18263103,18339687,54153.1,PushPop,:batch=c08ca72f259c434b8aca21189f0d4380 phase=decode requests=c47f16e66de94d7ebc64adfc42386324
0.0,36602558,2,18301279.0,18301279.0,18273478,18329080,39316.6,PushPop,:batch=4ad1426d95414e55b65591d6d066326b phase=decode requests=aaa729f093b64e2aaeeda0c4bda76f3d
0.0,36602286,2,18301143.0,18301143.0,18267381,18334905,47746.7,PushPop,":batch=2d58a0173f8b48439fcacbee7fa1144a phase=decode requests=e4484b0df96d49f3a31426c909f9076d,bb52284fe1f1457c8a63320a61ffabbf,deac75ab269243019c9fd4ac2ecfc203,3e2830bc65ab4913904d6e72090a4fe3"
0.0,36602160,2,18301080.0,18301080.0,18267978,18334182,46813.3,PushPop,:batch=1f85be88c5dc48a2a6a752bbe8b6d38d phase=decode requests=c47f16e66de94d7ebc64adfc42386324
0.0,36602053,2,18301026.5,18301026.5,18282322,18319731,26452.2,PushPop,":batch=d38f2bb8da4d412e8c00b842ec83b070 phase=decode requests=e4484b0df96d49f3a31426c909f9076d,bb52284fe1f1457c8a63320a61ffabbf,deac75ab269243019c9fd4ac2ecfc203,3e2830bc65ab4913904d6e72090a4fe3"
0.0,36601996,2,18300998.0,18300998.0,18272836,18329160,39827.1,PushPop,:batch=c778c26fe93f45d084e36a9ba067522c phase=decode requests=aaa729f093b64e2aaeeda0c4bda76f3d
0.0,36601700,2,18300850.0,18300850.0,18274697,18327003,36985.9,PushPop,:batch=a6f55880ebf64f67bbf9d1603f5baee4 phase=decode requests=c47f16e66de94d7ebc64adfc42386324
0.0,36601545,2,18300772.5,18300772.5,18269046,18332499,44868.0,PushPop,":batch=7bf3a77a9d9046be895bf62667e4e91a phase=decode requests=e4484b0df96d49f3a31426c909f9076d,bb52284fe1f1457c8a63320a61ffabbf,deac75ab269243019c9fd4ac2ecfc203,3e2830bc65ab4913904d6e72090a4fe3"
0.0,36601428,2,18300714.0,18300714.0,18260335,18341093,57104.5,PushPop,:batch=09ad43804bde4c56b95ba78fff5cbd0f phase=decode requests=c47f16e66de94d7ebc64adfc42386324
0.0,36601235,2,18300617.5,18300617.5,18275957,18325278,34875.2,PushPop,:batch=9b1876e659cb410f9ec06a5f06f46302 phase=decode requests=aaa729f093b64e2aaeeda0c4bda76f3d
0.0,36601164,2,18300582.0,18300582.0,18266130,18335034,48722.5,PushPop,:batch=92e4fd78dcff482aa59961ff3d897d5a phase=decode requests=aaa729f093b64e2aaeeda0c4bda76f3d
0.0,36601114,2,18300557.0,18300557.0,18269952,18331162,43282.0,PushPop,:batch=aad278119ff74abe92f4db3fd7736571 phase=decode requests=aaa729f093b64e2aaeeda0c4bda76f3d
0.0,36600228,2,18300114.0,18300114.0,18269833,18330395,42823.8,PushPop,:batch=911b9259c0534972b95b9b1fb3d2ee50 phase=decode requests=c47f16e66de94d7ebc64adfc42386324
0.0,36599607,2,18299803.5,18299803.5,18269812,18329795,42414.4,PushPop,:batch=8b101d4d492f4edf957c31a9b3b97154 phase=decode requests=aaa729f093b64e2aaeeda0c4bda76f3d
0.0,36597930,2,18298965.0,18298965.0,18272872,18325058,36901.1,PushPop,:batch=a3d42194484244a7bbd1ab8de708b42c phase=decode requests=c47f16e66de94d7ebc64adfc42386324
0.0,36595179,2,18297589.5,18297589.5,18269149,18326030,40220.9,PushPop,:batch=2376bb7ac4c04b26b711a8eb4508ef72 phase=decode requests=8de7c5b04b184d1cbc3645195ef60a7d
0.0,36594903,2,18297451.5,18297451.5,18270105,18324798,38673.8,PushPop,:batch=97a6d1467c5b40fea70c080a3ad89b57 phase=decode requests=aaa729f093b64e2aaeeda0c4bda76f3d
0.0,36594486,2,18297243.0,18297243.0,18262778,18331708,48740.9,PushPop,:batch=45c9195fbc734030b525b6a596e77518 phase=decode requests=8de7c5b04b184d1cbc3645195ef60a7d
0.0,36593905,2,18296952.5,18296952.5,18275943,18317962,29711.9,PushPop,":batch=def11f484d93408eb09dbf99a1260923 phase=decode requests=e4484b0df96d49f3a31426c909f9076d,bb52284fe1f1457c8a63320a61ffabbf,deac75ab269243019c9fd4ac2ecfc203,3e2830bc65ab4913904d6e72090a4fe3"
0.0,36593600,2,18296800.0,18296800.0,18264723,18328877,45363.7,PushPop,:batch=58336831a71f4401aa7b70f5864f578b phase=decode requests=c47f16e66de94d7ebc64adfc42386324
0.0,36593053,2,18296526.5,18296526.5,18273003,18320050,33267.3,PushPop,:batch=875c21ec35654e1a95fa275ddf7f189a phase=decode requests=8de7c5b04b184d1cbc3645195ef60a7d
0.0,36593002,2,18296501.0,18296501.0,18255184,18337818,58431.1,PushPop,:batch=fa104e50ae1641f683fd44fc766669e2 phase=decode requests=c47f16e66de94d7ebc64adfc42386324
0.0,36592977,2,18296488.5,18296488.5,18268494,18324483,39590.2,PushPop,:batch=2ee2daab704e4b2393734aa8a4796ab3 phase=decode requests=aaa729f093b64e2aaeeda0c4bda76f3d
0.0,36591608,2,18295804.0,18295804.0,18265116,18326492,43399.4,PushPop,:batch=df7bad146ee5420f98c96af8af54e409 phase=decode requests=c47f16e66de94d7ebc64adfc42386324
0.0,36591209,2,18295604.5,18295604.5,18253829,18337380,59079.5,PushPop,:batch=dbb985a294a24e75b6e62487606d7b07 phase=decode requests=c47f16e66de94d7ebc64adfc42386324
0.0,36589979,2,18294989.5,18294989.5,18259360,18330619,50387.7,PushPop,":batch=197f9a92b5c94df6be3b2722ae112600 phase=decode requests=e4484b0df96d49f3a31426c909f9076d,bb52284fe1f1457c8a63320a61ffabbf,deac75ab269243019c9fd4ac2ecfc203,3e2830bc65ab4913904d6e72090a4fe3"
0.0,36589575,2,18294787.5,18294787.5,18270859,18318716,33840.0,PushPop,:batch=0fcd72da60f44a5faab2aa3e8a3e262f phase=decode requests=aaa729f093b64e2aaeeda0c4bda76f3d
0.0,36589263,2,18294631.5,18294631.5,18255650,18333613,55128.2,PushPop,:batch=02d229ef8ce243abaa69fe112152f83c phase=decode requests=aaa729f093b64e2aaeeda0c4bda76f3d
0.0,36589234,2,18294617.0,18294617.0,18258008,18331226,51772.9,PushPop,:batch=400b0ed96d424d46b1a43da5b11ac3f2 phase=decode requests=8de7c5b04b184d1cbc3645195ef60a7d
0.0,36589109,2,18294554.5,18294554.5,18267133,18321976,38779.9,PushPop,":batch=fee31955e9b84bfc9d13f3cbfc8c3843 phase=decode requests=e4484b0df96d49f3a31426c909f9076d,bb52284fe1f1457c8a63320a61ffabbf,deac75ab269243019c9fd4ac2ecfc203,3e2830bc65ab4913904d6e72090a4fe3"
0.0,36588301,2,18294150.5,18294150.5,18267200,18321101,38113.8,PushPop,:batch=7005987207c444d49ebe082b99ecd810 phase=decode requests=c47f16e66de94d7ebc64adfc42386324
0.0,36587964,2,18293982.0,18293982.0,18267652,18320312,37236.2,PushPop,:batch=79701b7b080c46f785dbe60ce9a14eb7 phase=decode requests=aaa729f093b64e2aaeeda0c4bda76f3d
0.0,36585022,2,18292511.0,18292511.0,18261011,18324011,44547.7,PushPop,:batch=867329c75c564350b984597652ed316b phase=decode requests=8de7c5b04b184d1cbc3645195ef60a7d
0.0,36584919,2,18292459.5,18292459.5,18260108,18324811,45751.9,PushPop,:batch=2fa90dc2279c427fb4370470d936d360 phase=decode requests=c47f16e66de94d7ebc64adfc42386324
0.0,36584063,2,18292031.5,18292031.5,18272414,18311649,27743.3,PushPop,:batch=bd2242511ea54485a3bae096af212ed5 phase=decode requests=8de7c5b04b184d1cbc3645195ef60a7d
0.0,36583751,2,18291875.5,18291875.5,18249427,18334324,60031.2,PushPop,:batch=973610fc88184ecd9b514bec703f483d phase=decode requests=8de7c5b04b184d1cbc3645195ef60a7d
0.0,36583508,2,18291754.0,18291754.0,18250370,18333138,58525.8,PushPop,:batch=02fdb83bdc9b404c8cb8d94d2a652da1 phase=decode requests=1cf8552479e145fd966a17841209a06f
0.0,36583395,2,18291697.5,18291697.5,18261666,18321729,42471.0,PushPop,:batch=af6285f2c1b64e84805651ce27505526 phase=decode requests=aaa729f093b64e2aaeeda0c4bda76f3d
0.0,36583245,2,18291622.5,18291622.5,18248980,18334265,60305.6,PushPop,:batch=907fca1f5b3b48448166ee0636f73257 phase=decode requests=c47f16e66de94d7ebc64adfc42386324
0.0,36583160,2,18291580.0,18291580.0,18263648,18319512,39501.8,PushPop,:batch=d93b807c8900487b99222144852ddbfe phase=decode requests=8de7c5b04b184d1cbc3645195ef60a7d
0.0,36582886,2,18291443.0,18291443.0,18254068,18328818,52856.2,PushPop,:batch=04577bc2068b492484743915f2cfc01a phase=decode requests=c47f16e66de94d7ebc64adfc42386324
0.0,36581990,2,18290995.0,18290995.0,18265264,18316726,36389.1,PushPop,:batch=ebe48ead2fe247c8b2a68268f84283eb phase=decode requests=aaa729f093b64e2aaeeda0c4bda76f3d
0.0,36581826,2,18290913.0,18290913.0,18279581,18302245,16025.9,PushPop,":batch=a35f0230e11d44d091f8f355fbbfdee0 phase=decode requests=e4484b0df96d49f3a31426c909f9076d,bb52284fe1f1457c8a63320a61ffabbf,deac75ab269243019c9fd4ac2ecfc203,3e2830bc65ab4913904d6e72090a4fe3"
0.0,36581744,2,18290872.0,18290872.0,18259771,18321973,43983.5,PushPop,:batch=e4a19eb19d7c4b65ab02cbb19d7b2062 phase=decode requests=8de7c5b04b184d1cbc3645195ef60a7d
0.0,36581732,2,18290866.0,18290866.0,18253323,18328409,53093.8,PushPop,:batch=cfa0819d60bf41fea286e9bf3963697a phase=decode requests=aaa729f093b64e2aaeeda0c4bda76f3d
0.0,36581501,2,18290750.5,18290750.5,18256325,18325176,48685.0,PushPop,:batch=009b1f3e4c3749a5bb570983bb735dc2 phase=decode requests=c47f16e66de94d7ebc64adfc42386324
0.0,36581378,2,18290689.0,18290689.0,18267598,18313780,32655.6,PushPop,:batch=f9e450179ee940439a7ff7d1f4c77aa1 phase=decode requests=8de7c5b04b184d1cbc3645195ef60a7d
0.0,36581358,2,18290679.0,18290679.0,18258485,18322873,45529.2,PushPop,:batch=7cf55739eef0433fa6d76535e5fd5b59 phase=decode requests=8de7c5b04b184d1cbc3645195ef60a7d
0.0,36581244,2,18290622.0,18290622.0,18243929,18337315,66033.9,PushPop,:batch=e190915df82047169a4c3538deb06849 phase=decode requests=aaa729f093b64e2aaeeda0c4bda76f3d
0.0,36581005,2,18290502.5,18290502.5,18260679,18320326,42176.8,PushPop,:batch=1d368a3a40c74d0f8de511952b2000bc phase=decode requests=8de7c5b04b184d1cbc3645195ef60a7d
0.0,36580725,2,18290362.5,18290362.5,18260574,18320151,42127.3,PushPop,:batch=a839e1e4f03641a49d345e95fb40a6ea phase=decode requests=c47f16e66de94d7ebc64adfc42386324
0.0,36580255,2,18290127.5,18290127.5,18261387,18318868,40645.2,PushPop,:batch=e8c335cd573e49f5b4e2d24c88144239 phase=decode requests=c47f16e66de94d7ebc64adfc42386324
0.0,36580167,2,18290083.5,18290083.5,18264308,18315859,36452.1,PushPop,:batch=1f5e417a17aa4bf3bd8b3feb769cbfe5 phase=decode requests=c47f16e66de94d7ebc64adfc42386324
0.0,36578749,2,18289374.5,18289374.5,18250114,18328635,55522.7,PushPop,:batch=49433a1ad0304c6e931b704b712c0740 phase=decode requests=aaa729f093b64e2aaeeda0c4bda76f3d
0.0,36578556,2,18289278.0,18289278.0,18256321,18322235,46608.2,PushPop,:batch=8682baaad8fa4934b93befda57bda31d phase=decode requests=8de7c5b04b184d1cbc3645195ef60a7d
0.0,36578516,2,18289258.0,18289258.0,18243049,18335467,65349.4,PushPop,:batch=c1ce10d2385448a3b19ba211e74c4e4a phase=decode requests=c47f16e66de94d7ebc64adfc42386324
0.0,36578442,2,18289221.0,18289221.0,18263258,18315184,36717.2,PushPop,:batch=fec1d6031cc14a78858e8e1a106034d8 phase=decode requests=8de7c5b04b184d1cbc3645195ef60a7d
0.0,36578222,2,18289111.0,18289111.0,18251423,18326799,53298.9,PushPop,:batch=c941332e54774383b6868101fecdb479 phase=decode requests=8de7c5b04b184d1cbc3645195ef60a7d
0.0,36577901,2,18288950.5,18288950.5,18251399,18326502,53105.8,PushPop,:batch=5a67813f82dd4934b7dfc5e0de8b07e8 phase=decode requests=c47f16e66de94d7ebc64adfc42386324
0.0,36577360,2,18288680.0,18288680.0,18257285,18320075,44399.2,PushPop,:batch=b6502aaaff6347e89da08d43d250ecb8 phase=decode requests=c47f16e66de94d7ebc64adfc42386324
0.0,36576552,2,18288276.0,18288276.0,18260054,18316498,39911.9,PushPop,:batch=898d3209dd314cee8f477809d348808e phase=decode requests=8de7c5b04b184d1cbc3645195ef60a7d
0.0,36576459,2,18288229.5,18288229.5,18266208,18310251,31143.1,PushPop,:batch=107076e116fe4c919e776bbd7bf3216d phase=decode requests=aaa729f093b64e2aaeeda0c4bda76f3d
0.0,36574849,2,18287424.5,18287424.5,18246442,18328407,57958.0,PushPop,:batch=1e2da83d85ec41d682332f1fa001ee85 phase=decode requests=c47f16e66de94d7ebc64adfc42386324
0.0,36574643,2,18287321.5,18287321.5,18247983,18326660,55633.0,PushPop,:batch=be70c1663aea4cf08015b28690f949c4 phase=decode requests=aaa729f093b64e2aaeeda0c4bda76f3d
0.0,36573407,2,18286703.5,18286703.5,18245884,18327523,57727.5,PushPop,:batch=db753d8bec814ef1acce35b241e9b45e phase=decode requests=aaa729f093b64e2aaeeda0c4bda76f3d
0.0,36572072,2,18286036.0,18286036.0,18255757,18316315,42821.0,PushPop,:batch=6483f1e054f84708bf9bda1a8102d769 phase=decode requests=aaa729f093b64e2aaeeda0c4bda76f3d
0.0,36571930,2,18285965.0,18285965.0,18254517,18317413,44474.2,PushPop,:batch=ae9d7c74c0504595b6c95e48bb839fbf phase=decode requests=8de7c5b04b184d1cbc3645195ef60a7d
0.0,36571808,2,18285904.0,18285904.0,18265641,18306167,28656.2,PushPop,:batch=1692a64790eb4300a5c5963f38fb14aa phase=decode requests=8de7c5b04b184d1cbc3645195ef60a7d
0.0,36571753,2,18285876.5,18285876.5,18249894,18321859,50886.9,PushPop,:batch=e5eeae822894482a97b3b073f3d03236 phase=decode requests=1cf8552479e145fd966a17841209a06f
0.0,36571644,2,18285822.0,18285822.0,18259097,18312547,37794.9,PushPop,:batch=f342c661beba4c2ca94d4d43f562c734 phase=decode requests=8de7c5b04b184d1cbc3645195ef60a7d
0.0,36571506,2,18285753.0,18285753.0,18250487,18321019,49873.7,PushPop,:batch=14979b1a7fb44f1b96c9058737466983 phase=decode requests=aaa729f093b64e2aaeeda0c4bda76f3d
0.0,36571504,2,18285752.0,18285752.0,18247326,18324178,54342.6,PushPop,:batch=7a8a63423984449da83f4fe20a39ad1b phase=decode requests=8de7c5b04b184d1cbc3645195ef60a7d
0.0,36571499,2,18285749.5,18285749.5,18257896,18313603,39390.8,PushPop,:batch=2ccb7586b8df43e1b1f3d197b2016dce phase=decode requests=aaa729f093b64e2aaeeda0c4bda76f3d
0.0,36570779,2,18285389.5,18285389.5,18257906,18312873,38867.5,PushPop,:batch=622f9eee3df34245b3375d0d5a79b95d phase=decode requests=8de7c5b04b184d1cbc3645195ef60a7d
0.0,36570777,2,18285388.5,18285388.5,18241876,18328901,61536.0,PushPop,:batch=0525fc06f1624faab4cf6d057fbcc551 phase=decode requests=aaa729f093b64e2aaeeda0c4bda76f3d
0.0,36570568,2,18285284.0,18285284.0,18255831,18314737,41652.8,PushPop,:batch=f5d87fa3f9d14c9c9e7f94f79e5c1435 phase=decode requests=8de7c5b04b184d1cbc3645195ef60a7d
0.0,36569961,2,18284980.5,18284980.5,18247435,18322526,53097.4,PushPop,:batch=b9067529186f4cc9ab02a9ca98f308d1 phase=decode requests=8de7c5b04b184d1cbc3645195ef60a7d
0.0,36569643,2,18284821.5,18284821.5,18262146,18307497,32068.0,PushPop,:batch=891caf49af8b481599fe5ed3a81d3a2e phase=decode requests=c47f16e66de94d7ebc64adfc42386324
0.0,36569203,2,18284601.5,18284601.5,18255883,18313320,40614.1,PushPop,:batch=1ddd7177766c47bba6f0a33f187cdf40 phase=decode requests=8de7c5b04b184d1cbc3645195ef60a7d
0.0,36569182,2,18284591.0,18284591.0,18256024,18313158,40399.8,PushPop,:batch=024bd3867d9f4beab4f50ce9c624ab04 phase=decode requests=aaa729f093b64e2aaeeda0c4bda76f3d
0.0,36569040,2,18284520.0,18284520.0,18259521,18309519,35353.9,PushPop,:batch=3a1c02d547f343cabd5074f588b136f5 phase=decode requests=8de7c5b04b184d1cbc3645195ef60a7d
0.0,36567160,2,18283580.0,18283580.0,18243582,18323578,56565.7,PushPop,:batch=0607e44ab96146588272e45e59a91f87 phase=decode requests=c47f16e66de94d7ebc64adfc42386324
0.0,36567123,2,18283561.5,18283561.5,18256667,18310456,38034.6,PushPop,:batch=94a0844cee1a471ea1e42038eccc00ad phase=decode requests=8de7c5b04b184d1cbc3645195ef60a7d
0.0,36566734,2,18283367.0,18283367.0,18249315,18317419,48156.8,PushPop,:batch=d61fbbce8daf447fa35747ee24efe4ab phase=decode requests=c47f16e66de94d7ebc64adfc42386324
0.0,36566483,2,18283241.5,18283241.5,18257213,18309270,36809.9,PushPop,:batch=3d4fa7bc23a24140b5def2716985f981 phase=decode requests=c47f16e66de94d7ebc64adfc42386324
0.0,36566438,2,18283219.0,18283219.0,18248080,18318358,49694.1,PushPop,:batch=6a7cb90c473641e5b1bb0fec14e0e66c phase=decode requests=8de7c5b04b184d1cbc3645195ef60a7d
0.0,36565744,2,18282872.0,18282872.0,18251372,18314372,44547.7,PushPop,:batch=6947a9c258904d27864e1d4ce0b19244 phase=decode requests=aaa729f093b64e2aaeeda0c4bda76f3d
0.0,36565373,2,18282686.5,18282686.5,18246004,18319369,51876.9,PushPop,":batch=9666636bb36545038c84a7bc9ead66a6 phase=decode requests=e4484b0df96d49f3a31426c909f9076d,bb52284fe1f1457c8a63320a61ffabbf,deac75ab269243019c9fd4ac2ecfc203,3e2830bc65ab4913904d6e72090a4fe3"
0.0,36565267,2,18282633.5,18282633.5,18262825,18302442,28013.4,PushPop,:batch=e083a1d1b42f4d90934b7af16e789363 phase=decode requests=aaa729f093b64e2aaeeda0c4bda76f3d
0.0,36565161,2,18282580.5,18282580.5,18249819,18315342,46331.8,PushPop,:batch=464c15209fde4572b66e41f1007db2e5 phase=decode requests=8de7c5b04b184d1cbc3645195ef60a7d
0.0,36565141,2,18282570.5,18282570.5,18254927,18310214,39093.8,PushPop,:batch=d56b7b8c7f89425c9924c0fed1387c0a phase=decode requests=8de7c5b04b184d1cbc3645195ef60a7d
0.0,36564771,2,18282385.5,18282385.5,18249837,18314934,46030.5,PushPop,:batch=03a8b7350d4a49048a6e34db1eb546b3 phase=decode requests=c47f16e66de94d7ebc64adfc42386324
0.0,36563986,2,18281993.0,18281993.0,18257486,18306500,34658.1,PushPop,":batch=89a6815a37954fbda06d7e602c460ff8 phase=decode requests=e4484b0df96d49f3a31426c909f9076d,bb52284fe1f1457c8a63320a61ffabbf,deac75ab269243019c9fd4ac2ecfc203,3e2830bc65ab4913904d6e72090a4fe3"
0.0,36563985,2,18281992.5,18281992.5,18243810,18320175,53998.2,PushPop,:batch=6e16f64cda6245b793d5de5218016e6f phase=decode requests=aaa729f093b64e2aaeeda0c4bda76f3d
0.0,36563797,2,18281898.5,18281898.5,18252791,18311006,41164.2,PushPop,:batch=2ae35b3b22dc4eeda645447fcf761383 phase=decode requests=aaa729f093b64e2aaeeda0c4bda76f3d
0.0,36563738,2,18281869.0,18281869.0,18242520,18321218,55647.9,PushPop,:batch=6cbc6e7fd89d4b2789044ea6a7e16542 phase=decode requests=8de7c5b04b184d1cbc3645195ef60a7d
0.0,36563360,2,18281680.0,18281680.0,18246234,18317126,50128.2,PushPop,:batch=6e791b937ed1457b8bbb6aabb3b0f41a phase=decode requests=8de7c5b04b184d1cbc3645195ef60a7d
0.0,36563130,2,18281565.0,18281565.0,18260011,18303119,30482.0,PushPop,:batch=85275b1a1e4c4d36a2e01421c4719e66 phase=decode requests=c47f16e66de94d7ebc64adfc42386324
0.0,36563058,2,18281529.0,18281529.0,18256961,18306097,34744.4,PushPop,:batch=d58e23abdfae4ad2b8a6616c5fa7d1e9 phase=decode requests=aaa729f093b64e2aaeeda0c4bda76f3d
0.0,36562664,2,18281332.0,18281332.0,18255620,18307044,36362.3,PushPop,:batch=9d5e054ee75348d09fe5472670854698 phase=decode requests=8de7c5b04b184d1cbc3645195ef60a7d
0.0,36562640,2,18281320.0,18281320.0,18250971,18311669,42920.0,PushPop,:batch=5f87df68153c49b5bd0a0d97cb602041 phase=decode requests=aaa729f093b64e2aaeeda0c4bda76f3d
0.0,36562261,2,18281130.5,18281130.5,18258989,18303272,31312.8,PushPop,:batch=e12db819c3eb41c0a88eb43e0f1cc318 phase=decode requests=c47f16e66de94d7ebc64adfc42386324
0.0,36562199,2,18281099.5,18281099.5,18249276,18312923,45005.2,PushPop,:batch=c1415e1003074f9796bff2a22ddbcf00 phase=decode requests=8de7c5b04b184d1cbc3645195ef60a7d
0.0,36561555,2,18280777.5,18280777.5,18257281,18304274,33229.1,PushPop,:batch=2afc8adf47e44a729e5880789c04a0f5 phase=decode requests=1cf8552479e145fd966a17841209a06f
0.0,36560832,2,18280416.0,18280416.0,18247066,18313766,47164.0,PushPop,:batch=f9ac88a527424121b481afff7a9fa16c phase=decode requests=8de7c5b04b184d1cbc3645195ef60a7d
0.0,36560823,2,18280411.5,18280411.5,18250072,18310751,42906.5,PushPop,:batch=170c89be6cb1481b9739ec9229eaa16c phase=decode requests=c47f16e66de94d7ebc64adfc42386324
0.0,36560809,2,18280404.5,18280404.5,18244628,18316181,50595.6,PushPop,:batch=ca24a44001be4ef7bb236599c69dfaab phase=decode requests=8de7c5b04b184d1cbc3645195ef60a7d
0.0,36560517,2,18280258.5,18280258.5,18238527,18321990,59017.3,PushPop,:batch=92cf40beddd24e18bcfb4351811ff1e6 phase=decode requests=aaa729f093b64e2aaeeda0c4bda76f3d
0.0,36560256,2,18280128.0,18280128.0,18250853,18309403,41401.1,PushPop,:batch=57d12f472aa54ec1ac8a6f121cdb625c phase=decode requests=c47f16e66de94d7ebc64adfc42386324
0.0,36560174,2,18280087.0,18280087.0,18257340,18302834,32169.1,PushPop,:batch=9c0b6355705941eeb262786d638caae9 phase=decode requests=8de7c5b04b184d1cbc3645195ef60a7d
0.0,36559897,2,18279948.5,18279948.5,18246916,18312981,46715.0,PushPop,:batch=c6bd612345f34225846acdf29984813d phase=decode requests=aaa729f093b64e2aaeeda0c4bda76f3d
0.0,36559549,2,18279774.5,18279774.5,18277694,18281855,2942.3,PushPop,:batch=1f978e09133342888c015eb4272920c6 phase=decode requests=c47f16e66de94d7ebc64adfc42386324
0.0,36559430,2,18279715.0,18279715.0,18254583,18304847,35542.0,PushPop,:batch=bf17483962784db686bb35e8eff173fc phase=decode requests=8de7c5b04b184d1cbc3645195ef60a7d
0.0,36559227,2,18279613.5,18279613.5,18259979,18299248,27767.4,PushPop,:batch=a5a8e0b5c58f4b39a570e018f8c4428a phase=decode requests=8de7c5b04b184d1cbc3645195ef60a7d
0.0,36559153,2,18279576.5,18279576.5,18245324,18313829,48440.4,PushPop,:batch=0f04dd132ba246dd81a61056171abb85 phase=decode requests=8de7c5b04b184d1cbc3645195ef60a7d
0.0,36557834,2,18278917.0,18278917.0,18261689,18296145,24364.1,PushPop,:batch=0ea909e31fab41229bc85b0865a4d10f phase=decode requests=c47f16e66de94d7ebc64adfc42386324
0.0,36557455,2,18278727.5,18278727.5,18244145,18313310,48907.0,PushPop,:batch=3301ec641d4e48d4bf70df56142771f7 phase=decode requests=c47f16e66de94d7ebc64adfc42386324
0.0,36556652,2,18278326.0,18278326.0,18249505,18307147,40759.0,PushPop,:batch=f358e5c51c794596a2e15fe6aa836c4e phase=decode requests=aaa729f093b64e2aaeeda0c4bda76f3d
0.0,36556533,2,18278266.5,18278266.5,18240829,18315704,52944.6,PushPop,:batch=eb2a65fb9f494716b96fcb48530934fb phase=decode requests=aaa729f093b64e2aaeeda0c4bda76f3d
0.0,36556429,2,18278214.5,18278214.5,18239902,18316527,54182.1,PushPop,:batch=91e07bb018894e93a0bec0a8ff85a394 phase=decode requests=c47f16e66de94d7ebc64adfc42386324
0.0,36556347,2,18278173.5,18278173.5,18243875,18312472,48505.4,PushPop,:batch=96865850bf8947079f88df3f8bf962c0 phase=decode requests=8de7c5b04b184d1cbc3645195ef60a7d
0.0,36556011,2,18278005.5,18278005.5,18247087,18308924,43725.4,PushPop,:batch=f7263a3dbb2240dba86b9c526e3f478b phase=decode requests=8de7c5b04b184d1cbc3645195ef60a7d
0.0,36555568,2,18277784.0,18277784.0,18251121,18304447,37707.2,PushPop,:batch=616eaaa97da34251afda02e482dd6dc7 phase=decode requests=aaa729f093b64e2aaeeda0c4bda76f3d
0.0,36554464,2,18277232.0,18277232.0,18243908,18310556,47127.3,PushPop,:batch=3c6fac0b4d5d45aca28c8d9b52fe4229 phase=decode requests=c47f16e66de94d7ebc64adfc42386324
0.0,36554102,2,18277051.0,18277051.0,18252811,18301291,34280.5,PushPop,:batch=ddb35fea8267432580d54e9e30820826 phase=decode requests=c47f16e66de94d7ebc64adfc42386324
0.0,36553162,2,18276581.0,18276581.0,18250417,18302745,37001.5,PushPop,:batch=4f542ff9c94b463dbb511f26339cfbbb phase=decode requests=8de7c5b04b184d1cbc3645195ef60a7d
0.0,36553029,2,18276514.5,18276514.5,18242805,18310224,47672.4,PushPop,:batch=55e7cbba8a9f4d949096bfba3039991b phase=decode requests=8de7c5b04b184d1cbc3645195ef60a7d
0.0,36552717,2,18276358.5,18276358.5,18244022,18308695,45730.7,PushPop,:batch=2d16c23c83a84f81b6ecb9c210159817 phase=decode requests=aaa729f093b64e2aaeeda0c4bda76f3d
0.0,36552022,2,18276011.0,18276011.0,18245204,18306818,43567.7,PushPop,:batch=a5df6c2625b54bbf8d2d267ec7e5f35d phase=decode requests=8de7c5b04b184d1cbc3645195ef60a7d
0.0,36551633,2,18275816.5,18275816.5,18236521,18315112,55572.2,PushPop,:batch=03db271ea9774cc6a847946c0b552c1b phase=decode requests=c47f16e66de94d7ebc64adfc42386324
0.0,36551536,2,18275768.0,18275768.0,18244186,18307350,44663.7,PushPop,:batch=940fbd8bf8194b5ba13324016044198d phase=decode requests=aaa729f093b64e2aaeeda0c4bda76f3d
0.0,36551235,2,18275617.5,18275617.5,18245371,18305864,42775.0,PushPop,:batch=669952251ac14c119b8faa23903d9a72 phase=decode requests=8de7c5b04b184d1cbc3645195ef60a7d
0.0,36550084,2,18275042.0,18275042.0,18240384,18309700,49013.8,PushPop,:batch=33fac5f6dd7342e4bc137207a159fc7e phase=decode requests=aaa729f093b64e2aaeeda0c4bda76f3d
0.0,36549325,2,18274662.5,18274662.5,18258335,18290990,23090.6,PushPop,:batch=b2fca06527ce41b6ba332380bb89efec phase=decode requests=c47f16e66de94d7ebc64adfc42386324
0.0,36547354,2,18273677.0,18273677.0,18238558,18308796,49665.8,PushPop,:batch=4bf096a94bdc4d0fb52d41fbc2e9e16b phase=decode requests=aaa729f093b64e2aaeeda0c4bda76f3d
0.0,36547215,2,18273607.5,18273607.5,18241196,18306019,45836.8,PushPop,:batch=0f5adbfefbbb471b8cece040e4a76af1 phase=decode requests=aaa729f093b64e2aaeeda0c4bda76f3d
0.0,36546579,2,18273289.5,18273289.5,18250063,18296516,32847.2,PushPop,:batch=19e96eb1ad0f43a8a57c600dd6251418 phase=decode requests=8de7c5b04b184d1cbc3645195ef60a7d
0.0,36545850,2,18272925.0,18272925.0,18251487,18294363,30317.9,PushPop,:batch=a1910dae70334e0b85178e3da14dc93c phase=decode requests=c47f16e66de94d7ebc64adfc42386324
0.0,36544625,2,18272312.5,18272312.5,18254043,18290582,25837.0,PushPop,:batch=913a118838234e79a60c6744825ff18d phase=decode requests=8de7c5b04b184d1cbc3645195ef60a7d
0.0,36543952,2,18271976.0,18271976.0,18225859,18318093,65219.3,PushPop,:batch=1473b97bc9384aceabfaeafbef6a0707 phase=decode requests=c47f16e66de94d7ebc64adfc42386324
0.0,36543069,2,18271534.5,18271534.5,18236737,18306332,49211.1,PushPop,:batch=2ed5cfcc51694fe880df5096941afd9b phase=decode requests=c47f16e66de94d7ebc64adfc42386324
0.0,36542515,2,18271257.5,18271257.5,18244304,18298211,38118.0,PushPop,:batch=e232e8feab4f480e8eae420e05af47de phase=decode requests=aaa729f093b64e2aaeeda0c4bda76f3d
0.0,36542472,2,18271236.0,18271236.0,18250741,18291731,28984.3,PushPop,:batch=c7e2fd74514c48328ed1f6bdf1e32f87 phase=decode requests=8de7c5b04b184d1cbc3645195ef60a7d
0.0,36542458,2,18271229.0,18271229.0,18233462,18308996,53410.6,PushPop,:batch=6ddbacb098c34a5b85ee6e8e62a7689c phase=decode requests=8de7c5b04b184d1cbc3645195ef60a7d
0.0,36541800,2,18270900.0,18270900.0,18233969,18307831,52228.3,PushPop,:batch=81c1e4fe7efe49ba959d5b4ec074c58b phase=decode requests=8de7c5b04b184d1cbc3645195ef60a7d
0.0,36541727,2,18270863.5,18270863.5,18233369,18308358,53025.2,PushPop,:batch=596bc60ab4904f6a81754e67eee37f57 phase=decode requests=c47f16e66de94d7ebc64adfc42386324
0.0,36540591,2,18270295.5,18270295.5,18234195,18306396,51053.8,PushPop,:batch=6c3da77d300944b3a20bae86c680847b phase=decode requests=aaa729f093b64e2aaeeda0c4bda76f3d
0.0,36540018,2,18270009.0,18270009.0,18246378,18293640,33419.3,PushPop,:batch=f7d8a2f3e0c24aba89854f5692468265 phase=decode requests=8de7c5b04b184d1cbc3645195ef60a7d
0.0,36539775,2,18269887.5,18269887.5,18229941,18309834,56492.9,PushPop,:batch=bd2ec7dc0a5b4622aaff77f495fc1b08 phase=decode requests=aaa729f093b64e2aaeeda0c4bda76f3d
0.0,36539659,2,18269829.5,18269829.5,18236236,18303423,47508.4,PushPop,:batch=d70811f5bfe04673a4e91ed2f4e303f0 phase=decode requests=8de7c5b04b184d1cbc3645195ef60a7d
0.0,36539076,2,18269538.0,18269538.0,18262190,18276886,10391.6,PushPop,:batch=f31961d967c24ba5b3b074ece348b422 phase=decode requests=1cf8552479e145fd966a17841209a06f
0.0,36538083,2,18269041.5,18269041.5,18234689,18303394,48581.8,PushPop,:batch=eb3ca27a09584232968de9b8ea0d1b55 phase=decode requests=c47f16e66de94d7ebc64adfc42386324
0.0,36537403,2,18268701.5,18268701.5,18233524,18303879,49748.5,PushPop,:batch=ca87644b70144faa909c4ab359eea836 phase=decode requests=aaa729f093b64e2aaeeda0c4bda76f3d
0.0,36536669,2,18268334.5,18268334.5,18237196,18299473,44036.5,PushPop,:batch=5b638bde44fc4241b939ec4abf334a05 phase=decode requests=aaa729f093b64e2aaeeda0c4bda76f3d
0.0,36536639,2,18268319.5,18268319.5,18245899,18290740,31707.4,PushPop,:batch=f4a368d958284141b4abd15f05257545 phase=decode requests=aaa729f093b64e2aaeeda0c4bda76f3d
0.0,36533615,2,18266807.5,18266807.5,18227187,18306428,56031.8,PushPop,:batch=0bc5ebe051e1488d9fe7a1f9a01a0133 phase=decode requests=8de7c5b04b184d1cbc3645195ef60a7d
0.0,36531740,2,18265870.0,18265870.0,18226382,18305358,55844.5,PushPop,:batch=e4e40fce89f04a02818e1f44f903d5c5 phase=decode requests=c47f16e66de94d7ebc64adfc42386324
0.0,36531573,2,18265786.5,18265786.5,18217112,18314461,68836.1,PushPop,:batch=cca2f027a2834060b32191855996b98d phase=decode requests=c47f16e66de94d7ebc64adfc42386324
0.0,36529687,2,18264843.5,18264843.5,18228281,18301406,51707.2,PushPop,:batch=ce00a98f611b4bafb54173d46199d305 phase=decode requests=8de7c5b04b184d1cbc3645195ef60a7d
0.0,36528676,2,18264338.0,18264338.0,18226989,18301687,52819.5,PushPop,:batch=83b1b47b57cb43fda29ca9518d5e7d7f phase=decode requests=8de7c5b04b184d1cbc3645195ef60a7d
0.0,36528385,2,18264192.5,18264192.5,18237931,18290454,37139.4,PushPop,:batch=067960ca63c54a359600c1839feca2cf phase=decode requests=aaa729f093b64e2aaeeda0c4bda76f3d
0.0,36527682,2,18263841.0,18263841.0,18239578,18288104,34313.1,PushPop,:batch=4c347a5c32a34e30b3a460ef50f4d312 phase=decode requests=8de7c5b04b184d1cbc3645195ef60a7d
0.0,36526646,2,18263323.0,18263323.0,18227383,18299263,50826.8,PushPop,:batch=450e43e73e984e59878be580eb9bd51b phase=decode requests=aaa729f093b64e2aaeeda0c4bda76f3d
0.0,36526491,2,18263245.5,18263245.5,18227322,18299169,50803.5,PushPop,:batch=04a6bb3f2a2646288e427a8fc1c8a702 phase=decode requests=c47f16e66de94d7ebc64adfc42386324
0.0,36525936,2,18262968.0,18262968.0,18225418,18300518,53103.7,PushPop,:batch=88e2e605b97e4fa3972888c7c3768d66 phase=decode requests=c47f16e66de94d7ebc64adfc42386324
0.0,36525024,2,18262512.0,18262512.0,18247023,18278001,21904.8,PushPop,:batch=f9a396fa7b504d10bb2f4e8ffcd8dda4 phase=decode requests=8de7c5b04b184d1cbc3645195ef60a7d
0.0,36523646,2,18261823.0,18261823.0,18227815,18295831,48094.6,PushPop,:batch=ad048a2ec38d4cb5bb64f381b7ef4c43 phase=decode requests=c47f16e66de94d7ebc64adfc42386324
0.0,36522695,2,18261347.5,18261347.5,18242177,18280518,27111.2,PushPop,:batch=c179a710ac0f4982b04b5f6e6037be7f phase=decode requests=aaa729f093b64e2aaeeda0c4bda76f3d
0.0,36521423,2,18260711.5,18260711.5,18225258,18296165,50138.8,PushPop,:batch=b5ea5ba3ed0a40f0aee6033149be95f2 phase=decode requests=c47f16e66de94d7ebc64adfc42386324
0.0,36521051,2,18260525.5,18260525.5,18237869,18283182,32041.1,PushPop,:batch=96b6895cb0f547ff97d0cf99610603f9 phase=decode requests=8de7c5b04b184d1cbc3645195ef60a7d
0.0,36520274,2,18260137.0,18260137.0,18231971,18288303,39832.7,PushPop,:batch=857d191f2de44ce5b998c71040b74561 phase=decode requests=c47f16e66de94d7ebc64adfc42386324
0.0,36519110,2,18259555.0,18259555.0,18214997,18304113,63014.5,PushPop,:batch=823c6d68e3eb4e0fa61c8efd15c28df7 phase=decode requests=c47f16e66de94d7ebc64adfc42386324
0.0,36518673,2,18259336.5,18259336.5,18228441,18290232,43692.8,PushPop,:batch=328f36bcd83047c2a3ddfac5a31b95f9 phase=decode requests=8de7c5b04b184d1cbc3645195ef60a7d
0.0,36517754,2,18258877.0,18258877.0,18227250,18290504,44727.3,PushPop,:batch=fa39b6daf4c34e0f8bb1cd0aaed24acf phase=decode requests=1cf8552479e145fd966a17841209a06f
0.0,36517139,2,18258569.5,18258569.5,18231213,18285926,38687.9,PushPop,:batch=f27010a1a1854a9596ef9dfa3bf388fb phase=decode requests=aaa729f093b64e2aaeeda0c4bda76f3d
0.0,36516155,2,18258077.5,18258077.5,18226148,18290007,45155.1,PushPop,:batch=36bbff682bfc4a8c8124a463ffbfb71a phase=decode requests=8de7c5b04b184d1cbc3645195ef60a7d
0.0,36515824,2,18257912.0,18257912.0,18213222,18302602,63201.2,PushPop,:batch=fdb37ccc634f4f798998d3e0ce818ac9 phase=decode requests=aaa729f093b64e2aaeeda0c4bda76f3d
0.0,36515082,2,18257541.0,18257541.0,18219146,18295936,54298.7,PushPop,:batch=22b7baf10c114a45bde49d1ec4c36fbe phase=decode requests=aaa729f093b64e2aaeeda0c4bda76f3d
0.0,36513972,2,18256986.0,18256986.0,18215424,18298548,58777.5,PushPop,:batch=e05f94bf80c5496789c679ef850f9e7d phase=decode requests=1cf8552479e145fd966a17841209a06f
0.0,36512415,2,18256207.5,18256207.5,18214916,18297499,58395.0,PushPop,:batch=ed0b01c4082b4f1b8d611719b4a80838 phase=decode requests=c47f16e66de94d7ebc64adfc42386324
0.0,36510978,2,18255489.0,18255489.0,18218418,18292560,52426.3,PushPop,:batch=c07b0008e58d422881efee3e26c01f80 phase=decode requests=c47f16e66de94d7ebc64adfc42386324
0.0,36510540,2,18255270.0,18255270.0,18215337,18295203,56473.8,PushPop,:batch=69b65f0e0c674777b8c3230b2cc9eee5 phase=decode requests=aaa729f093b64e2aaeeda0c4bda76f3d
0.0,36510303,2,18255151.5,18255151.5,18220572,18289731,48902.8,PushPop,:batch=8936c9f322e641b2a030157baabe41ac phase=decode requests=c47f16e66de94d7ebc64adfc42386324
0.0,36508118,2,18254059.0,18254059.0,18224483,18283635,41826.8,PushPop,:batch=45184a852baa47439b09029a3873286a phase=decode requests=1cf8552479e145fd966a17841209a06f
0.0,36507799,2,18253899.5,18253899.5,18231864,18275935,31162.9,PushPop,:batch=a866ebf2f2bd42a5be02e283b207920c phase=decode requests=aaa729f093b64e2aaeeda0c4bda76f3d
0.0,36507380,2,18253690.0,18253690.0,18228366,18279014,35813.5,PushPop,:batch=52300421f65c44149b19fdeb8538c017 phase=decode requests=aaa729f093b64e2aaeeda0c4bda76f3d
0.0,36506432,2,18253216.0,18253216.0,18223872,18282560,41498.7,PushPop,:batch=92d14207d82e4c2290fb19ca20555091 phase=decode requests=c47f16e66de94d7ebc64adfc42386324
0.0,36502900,2,18251450.0,18251450.0,18219563,18283337,45095.0,PushPop,:batch=b549873349e544c9a8a01f4319f48ef2 phase=decode requests=c47f16e66de94d7ebc64adfc42386324
0.0,36501211,2,18250605.5,18250605.5,18220729,18280482,42251.8,PushPop,:batch=5fd5ca8dad254e1381f4d23c80301d4e phase=decode requests=aaa729f093b64e2aaeeda0c4bda76f3d
0.0,36500752,2,18250376.0,18250376.0,18204288,18296464,65178.3,PushPop,:batch=65d0df1631b24c51b0cf362b2b6b8dc1 phase=decode requests=c47f16e66de94d7ebc64adfc42386324
0.0,36499449,2,18249724.5,18249724.5,18214877,18284572,49281.8,PushPop,:batch=131c7f1ef65440ee969d7b387e9df620 phase=decode requests=c47f16e66de94d7ebc64adfc42386324
0.0,36498752,2,18249376.0,18249376.0,18220421,18278331,40948.6,PushPop,:batch=8cb314e18ec548ff8f6ffae513c8ae20 phase=decode requests=1cf8552479e145fd966a17841209a06f
0.0,36498512,2,18249256.0,18249256.0,18221048,18277464,39892.1,PushPop,:batch=11f26334310940daa2bfe910bfbd9bed phase=decode requests=aaa729f093b64e2aaeeda0c4bda76f3d
0.0,36498035,2,18249017.5,18249017.5,18222919,18275116,36908.9,PushPop,:batch=ccc1e3d203134652bb35df6ce9055f6d phase=decode requests=aaa729f093b64e2aaeeda0c4bda76f3d
0.0,36497942,2,18248971.0,18248971.0,18220241,18277701,40630.4,PushPop,:batch=f4e738e4f019458bb45f8a67bdb126ed phase=decode requests=aaa729f093b64e2aaeeda0c4bda76f3d
0.0,36497411,2,18248705.5,18248705.5,18213209,18284202,50199.6,PushPop,:batch=88d2d6f12674431a89e4fb16b866a92d phase=decode requests=aaa729f093b64e2aaeeda0c4bda76f3d
0.0,36497089,2,18248544.5,18248544.5,18221213,18275876,38652.6,PushPop,:batch=f1ad8174410b4b3786073b043252b27f phase=decode requests=8de7c5b04b184d1cbc3645195ef60a7d
0.0,36495478,2,18247739.0,18247739.0,18225316,18270162,31710.9,PushPop,:batch=6ee0d819f3fe438eb0aa0894839406fb phase=decode requests=8de7c5b04b184d1cbc3645195ef60a7d
0.0,36495467,2,18247733.5,18247733.5,18235222,18260245,17693.9,PushPop,:batch=43a309ec98d44440931ed8e2cbef6098 phase=decode requests=8de7c5b04b184d1cbc3645195ef60a7d
0.0,36495385,2,18247692.5,18247692.5,18231646,18263739,22693.2,PushPop,:batch=022b38c169ff4a2e977d1347e62ed4c5 phase=decode requests=8de7c5b04b184d1cbc3645195ef60a7d
0.0,36494435,2,18247217.5,18247217.5,18215296,18279139,45143.8,PushPop,:batch=df78d6f689214c18ae1a75aa7c90244e phase=decode requests=8de7c5b04b184d1cbc3645195ef60a7d
0.0,36492848,2,18246424.0,18246424.0,18212798,18280050,47554.3,PushPop,:batch=20a0c55f54114fb2a7f02f9da3a89996 phase=decode requests=c47f16e66de94d7ebc64adfc42386324
0.0,36490079,2,18245039.5,18245039.5,18213808,18276271,44168.0,PushPop,:batch=9738817d14d849c98a35ee09c7e05323 phase=decode requests=c47f16e66de94d7ebc64adfc42386324
0.0,36488927,2,18244463.5,18244463.5,18200377,18288550,62347.7,PushPop,:batch=63555e74d34b475ab5363d4a235e7459 phase=decode requests=c47f16e66de94d7ebc64adfc42386324
0.0,36487854,2,18243927.0,18243927.0,18202706,18285148,58295.3,PushPop,:batch=c6e578aae6874d7fa18348b4c79cb451 phase=decode requests=aaa729f093b64e2aaeeda0c4bda76f3d
0.0,36487430,2,18243715.0,18243715.0,18209957,18277473,47741.0,PushPop,:batch=52711c3d0d5e4085bdc22ce849100e4a phase=decode requests=8de7c5b04b184d1cbc3645195ef60a7d
0.0,36487018,2,18243509.0,18243509.0,18207729,18279289,50600.6,PushPop,:batch=61fff74cb94a4e14ae9c2e6652f2513f phase=decode requests=aaa729f093b64e2aaeeda0c4bda76f3d
0.0,36486448,2,18243224.0,18243224.0,18218362,18268086,35160.2,PushPop,:batch=440fb70275d84759b7d463d3ebeba8ba phase=decode requests=8de7c5b04b184d1cbc3645195ef60a7d
0.0,36485856,2,18242928.0,18242928.0,18191178,18294678,73185.6,PushPop,:batch=99e7c5751a284a0a87e3bdc7af54adaa phase=decode requests=aaa729f093b64e2aaeeda0c4bda76f3d
0.0,36480643,2,18240321.5,18240321.5,18214013,18266630,37205.8,PushPop,:batch=d5c105e18bde451eb34d5ff4860c8eeb phase=decode requests=8de7c5b04b184d1cbc3645195ef60a7d
0.0,36480600,2,18240300.0,18240300.0,18210559,18270041,42060.1,PushPop,:batch=3c266562617e40a29d704b17f52a0040 phase=decode requests=aaa729f093b64e2aaeeda0c4bda76f3d
0.0,36480559,2,18240279.5,18240279.5,18207101,18273458,46921.5,PushPop,:batch=c08424e144a54399a2d426c8b3acc81e phase=decode requests=c47f16e66de94d7ebc64adfc42386324
0.0,36479413,2,18239706.5,18239706.5,18217242,18262171,31769.6,PushPop,:batch=96fea520675245d3af0c705675f11ec5 phase=decode requests=c47f16e66de94d7ebc64adfc42386324
0.0,36478890,2,18239445.0,18239445.0,18210309,18268581,41204.5,PushPop,:batch=6a29e6a84b384798a00b072e3993e00d phase=decode requests=aaa729f093b64e2aaeeda0c4bda76f3d
0.0,36478552,2,18239276.0,18239276.0,18196701,18281851,60210.1,PushPop,:batch=67520f7c06d14d0291fa5a6f3ed54bc8 phase=decode requests=1cf8552479e145fd966a17841209a06f
0.0,36478399,2,18239199.5,18239199.5,18210490,18267909,40601.4,PushPop,:batch=478b2c3d28424210853e91ec58438ea3 phase=decode requests=aaa729f093b64e2aaeeda0c4bda76f3d
0.0,36477499,2,18238749.5,18238749.5,18212347,18265152,37338.8,PushPop,:batch=d102cfa320574b06a928733eeae67a0a phase=decode requests=c47f16e66de94d7ebc64adfc42386324
0.0,36475935,2,18237967.5,18237967.5,18209147,18266788,40758.3,PushPop,:batch=bd001c9bda1a458f97619b865a70f511 phase=decode requests=c47f16e66de94d7ebc64adfc42386324
0.0,36475780,2,18237890.0,18237890.0,18205796,18269984,45387.8,PushPop,:batch=d03d4d69b9d04c8e946b8fa5cfc3bcf0 phase=decode requests=aaa729f093b64e2aaeeda0c4bda76f3d
0.0,36475421,2,18237710.5,18237710.5,18204535,18270886,46917.2,PushPop,:batch=e9dcf610cac94d5e8c8e137d6c5e39e6 phase=decode requests=8de7c5b04b184d1cbc3645195ef60a7d
0.0,36474061,2,18237030.5,18237030.5,18206166,18267895,43649.0,PushPop,:batch=9b4ffc144475471fa3be688446d71df3 phase=decode requests=1cf8552479e145fd966a17841209a06f
0.0,36473162,2,18236581.0,18236581.0,18202231,18270931,48578.2,PushPop,:batch=30c62a4d1b3b4a559ec7f6ab613264a7 phase=decode requests=8de7c5b04b184d1cbc3645195ef60a7d
0.0,36470696,2,18235348.0,18235348.0,18201807,18268889,47434.1,PushPop,:batch=d0d667144d7c4d0983b888acac1e5c43 phase=decode requests=c47f16e66de94d7ebc64adfc42386324
0.0,36470402,2,18235201.0,18235201.0,18210689,18259713,34665.2,PushPop,:batch=9bba06ab59fb41fc848274020afa8abd phase=decode requests=8de7c5b04b184d1cbc3645195ef60a7d
0.0,36467529,2,18233764.5,18233764.5,18199349,18268180,48670.9,PushPop,:batch=bfd0ecf190d34f44b1e77c5c9e50a4ea phase=decode requests=aaa729f093b64e2aaeeda0c4bda76f3d
0.0,36467461,2,18233730.5,18233730.5,18216253,18251208,24716.9,PushPop,:batch=41402a6fced74674967b522762336a5d phase=decode requests=c47f16e66de94d7ebc64adfc42386324
0.0,36467069,2,18233534.5,18233534.5,18197305,18269764,51236.3,PushPop,:batch=3178c4acd6174ba0a93dc98e6d221778 phase=decode requests=1cf8552479e145fd966a17841209a06f
0.0,36465660,2,18232830.0,18232830.0,18196191,18269469,51815.4,PushPop,:batch=359c6f67252848879a13bd6f0f7bc8b4 phase=decode requests=aaa729f093b64e2aaeeda0c4bda76f3d
0.0,36465423,2,18232711.5,18232711.5,18196233,18269190,51588.4,PushPop,:batch=cb02bb488a1c46669c75bccbe9ff0791 phase=decode requests=c47f16e66de94d7ebc64adfc42386324
0.0,36465295,2,18232647.5,18232647.5,18204106,18261189,40363.8,PushPop,:batch=e5f974b1251743ab847dbe00a1c4329e phase=decode requests=c47f16e66de94d7ebc64adfc42386324
0.0,36464535,2,18232267.5,18232267.5,18195282,18269253,52305.4,PushPop,:batch=1d3aeaa8682e498ea93cf105e9dcf02a phase=decode requests=8de7c5b04b184d1cbc3645195ef60a7d
0.0,36464481,2,18232240.5,18232240.5,18204236,18260245,39604.3,PushPop,:batch=d3de12e4eee643a5b39c01222155024b phase=decode requests=8de7c5b04b184d1cbc3645195ef60a7d
0.0,36460582,2,18230291.0,18230291.0,18194988,18265594,49926.0,PushPop,:batch=a3bafa31f9d64fb292c4090d81430dbb phase=decode requests=aaa729f093b64e2aaeeda0c4bda76f3d
0.0,36458812,2,18229406.0,18229406.0,18203823,18254989,36179.8,PushPop,:batch=b7d8b658dd5e4460a2c31429ce7de464 phase=decode requests=8de7c5b04b184d1cbc3645195ef60a7d
0.0,36458101,2,18229050.5,18229050.5,18200849,18257252,39882.9,PushPop,:batch=d45586b2fb4b429699a95dc79db2f49f phase=decode requests=8de7c5b04b184d1cbc3645195ef60a7d
0.0,36456572,2,18228286.0,18228286.0,18210731,18245841,24826.5,PushPop,:batch=210f4f2bf66e4763a79909ad09a49be2 phase=decode requests=8de7c5b04b184d1cbc3645195ef60a7d
0.0,36453868,2,18226934.0,18226934.0,18192207,18261661,49111.4,PushPop,:batch=d1b1ffdfaf004ff5b6004114cfbc9585 phase=decode requests=c47f16e66de94d7ebc64adfc42386324
0.0,36452383,2,18226191.5,18226191.5,18186966,18265417,55473.2,PushPop,:batch=0b58c57cbb04423a89cad3f1da242428 phase=decode requests=c47f16e66de94d7ebc64adfc42386324
0.0,36448111,2,18224055.5,18224055.5,18189262,18258849,49205.4,PushPop,:batch=612ae22519ee491d84fa1ef197844ef4 phase=decode requests=1cf8552479e145fd966a17841209a06f
0.0,36446411,2,18223205.5,18223205.5,18192677,18253734,43173.8,PushPop,:batch=49dac80348bd41ed84be02ed61a105f1 phase=decode requests=c47f16e66de94d7ebc64adfc42386324
0.0,36446245,2,18223122.5,18223122.5,18209612,18236633,19106.7,PushPop,:batch=e6f7f7fe1d40479fb538dcf89df7c944 phase=decode requests=c47f16e66de94d7ebc64adfc42386324
0.0,36446139,2,18223069.5,18223069.5,18212495,18233644,14954.6,PushPop,:batch=f3adeebd29d0408ba5e8b136ac1582ca phase=decode requests=c47f16e66de94d7ebc64adfc42386324
0.0,36443301,2,18221650.5,18221650.5,18190872,18252429,43527.4,PushPop,:batch=712ccd50ca2c477b8eea920ba69f3fb2 phase=decode requests=c47f16e66de94d7ebc64adfc42386324
0.0,36443164,2,18221582.0,18221582.0,18183325,18259839,54103.6,PushPop,:batch=d3e5126e5ec047c98898c4268d3b5001 phase=decode requests=aaa729f093b64e2aaeeda0c4bda76f3d
0.0,36442887,2,18221443.5,18221443.5,18184284,18258603,52551.5,PushPop,:batch=9f9e4990e0804287b9cbced9b4935a2a phase=decode requests=aaa729f093b64e2aaeeda0c4bda76f3d
0.0,36442746,2,18221373.0,18221373.0,18186670,18256076,49077.5,PushPop,:batch=804d3ff0438a4adf928dbf7cacf88851 phase=decode requests=c47f16e66de94d7ebc64adfc42386324
0.0,36442004,2,18221002.0,18221002.0,18181665,18260339,55630.9,PushPop,:batch=3785f0c5f7ab4b58a463faf15d3288fb phase=decode requests=aaa729f093b64e2aaeeda0c4bda76f3d
0.0,36441270,2,18220635.0,18220635.0,18184366,18256904,51292.1,PushPop,:batch=c883d5b108ea4614b988ffcf7db309b1 phase=decode requests=c47f16e66de94d7ebc64adfc42386324
0.0,36439874,2,18219937.0,18219937.0,18214877,18224997,7155.9,PushPop,:batch=a2104254e8024278a31946d2b9a22a4f phase=decode requests=1cf8552479e145fd966a17841209a06f
0.0,36439055,2,18219527.5,18219527.5,18177783,18261272,59035.6,PushPop,:batch=c4706a37b3cc4392b7608a8c531b0d39 phase=decode requests=c47f16e66de94d7ebc64adfc42386324
0.0,36437465,2,18218732.5,18218732.5,18182137,18255328,51753.9,PushPop,:batch=e2a477bd88034c2bbec7ab20290d37e3 phase=decode requests=c47f16e66de94d7ebc64adfc42386324
0.0,36436215,2,18218107.5,18218107.5,18183042,18253173,49590.1,PushPop,:batch=0c9b80268a31447b815c4b86605220ee phase=decode requests=aaa729f093b64e2aaeeda0c4bda76f3d
0.0,36434666,2,18217333.0,18217333.0,18178065,18256601,55533.3,PushPop,:batch=b0d821863eca4bb69a280e4f25f5f955 phase=decode requests=c47f16e66de94d7ebc64adfc42386324
0.0,36431574,2,18215787.0,18215787.0,18190246,18241328,36120.4,PushPop,:batch=65662ef01eea4e48874346f7e9395f89 phase=decode requests=c47f16e66de94d7ebc64adfc42386324
0.0,36430570,2,18215285.0,18215285.0,18176009,18254561,55544.7,PushPop,:batch=1ad67576196c4ed1957dbc68e982fc49 phase=decode requests=1cf8552479e145fd966a17841209a06f
0.0,36428584,2,18214292.0,18214292.0,18172399,18256185,59245.6,PushPop,:batch=ced489f301e74aa7bdd73808a8f3600c phase=decode requests=8de7c5b04b184d1cbc3645195ef60a7d
0.0,36426246,2,18213123.0,18213123.0,18184084,18242162,41067.3,PushPop,:batch=091b8ecb18e44cc38decef116f21f108 phase=decode requests=1cf8552479e145fd966a17841209a06f
0.0,36425358,2,18212679.0,18212679.0,18178026,18247332,49006.7,PushPop,:batch=9e120249f3a84d468ccd184592a3e514 phase=decode requests=aaa729f093b64e2aaeeda0c4bda76f3d
0.0,36425243,2,18212621.5,18212621.5,18174203,18251040,54332.0,PushPop,:batch=8dc1f030428c4e4f82e469a3b4890939 phase=decode requests=aaa729f093b64e2aaeeda0c4bda76f3d
0.0,36424154,2,18212077.0,18212077.0,18183328,18240826,40657.2,PushPop,:batch=77aeadaa57b24848bf06badd32035778 phase=decode requests=aaa729f093b64e2aaeeda0c4bda76f3d
0.0,36423109,2,18211554.5,18211554.5,18172236,18250873,55604.8,PushPop,:batch=bd42fc2d269e4da7a1dff950e8073013 phase=decode requests=1cf8552479e145fd966a17841209a06f
0.0,36422941,2,18211470.5,18211470.5,18174356,18248585,52487.8,PushPop,:batch=1b1491a626ac4b1fb16c64ac7cb35a5d phase=decode requests=aaa729f093b64e2aaeeda0c4bda76f3d
0.0,36421802,2,18210901.0,18210901.0,18182185,18239617,40610.6,PushPop,:batch=247ee425a7e44598b2e11e05b20f4777 phase=decode requests=1cf8552479e145fd966a17841209a06f
0.0,36417721,2,18208860.5,18208860.5,18173114,18244607,50553.2,PushPop,:batch=5661f100d2ed4881925b67a45105ca07 phase=decode requests=c47f16e66de94d7ebc64adfc42386324
0.0,36412464,2,18206232.0,18206232.0,18179848,18232616,37312.6,PushPop,:batch=816b4725057b4b02982aeabdb6ac8a77 phase=decode requests=8de7c5b04b184d1cbc3645195ef60a7d
0.0,36409224,2,18204612.0,18204612.0,18172592,18236632,45283.1,PushPop,:batch=cc50dded93054fdb9e3bff77c14ca639 phase=decode requests=c47f16e66de94d7ebc64adfc42386324
0.0,36408298,2,18204149.0,18204149.0,18167799,18240499,51406.7,PushPop,:batch=8627c26af7cf4827bf73a04cd9020859 phase=decode requests=c47f16e66de94d7ebc64adfc42386324
0.0,36404775,2,18202387.5,18202387.5,18173525,18231250,40817.7,PushPop,:batch=7ebd0001e8504ede92b256198065734c phase=decode requests=8de7c5b04b184d1cbc3645195ef60a7d
0.0,36404158,2,18202079.0,18202079.0,18174635,18229523,38811.7,PushPop,:batch=b59d75ad458b41038485174e3359ce76 phase=decode requests=c47f16e66de94d7ebc64adfc42386324
0.0,36402834,2,18201417.0,18201417.0,18172256,18230578,41239.9,PushPop,:batch=37b934b1ac154aa59d3117c5e8992047 phase=decode requests=aaa729f093b64e2aaeeda0c4bda76f3d
0.0,36402832,2,18201416.0,18201416.0,18180981,18221851,28899.5,PushPop,:batch=b55c8f78bf9f4c4d8309d27083083270 phase=decode requests=c47f16e66de94d7ebc64adfc42386324
0.0,36401731,2,18200865.5,18200865.5,18171837,18229894,41052.5,PushPop,:batch=0b930cb6cd2e457c90ec129a8eb54789 phase=decode requests=aaa729f093b64e2aaeeda0c4bda76f3d
0.0,36400756,2,18200378.0,18200378.0,18161772,18238984,54597.1,PushPop,:batch=99061f39f0cd4f158f2a4df8518cf8c9 phase=decode requests=c47f16e66de94d7ebc64adfc42386324
0.0,36400023,2,18200011.5,18200011.5,18159716,18240307,56986.4,PushPop,:batch=996eb2cc423d4e77b768cc7bd3c3ef27 phase=decode requests=c47f16e66de94d7ebc64adfc42386324
0.0,36399370,2,18199685.0,18199685.0,18169727,18229643,42367.0,PushPop,:batch=22bdfa1433a34ec883207ac55acb25e2 phase=decode requests=8de7c5b04b184d1cbc3645195ef60a7d
0.0,36397736,2,18198868.0,18198868.0,18149552,18248184,69743.4,PushPop,:batch=a335af9ab5f945368bfbedadd4895b4f phase=decode requests=aaa729f093b64e2aaeeda0c4bda76f3d
0.0,36391743,2,18195871.5,18195871.5,18163357,18228386,45982.4,PushPop,:batch=b241da2940ab43cc96c5940a1a609bcd phase=decode requests=1cf8552479e145fd966a17841209a06f
0.0,36390101,2,18195050.5,18195050.5,18164817,18225284,42756.6,PushPop,:batch=3b5446737d854e84834ebf1fb7bc6a03 phase=decode requests=1cf8552479e145fd966a17841209a06f
0.0,36389959,2,18194979.5,18194979.5,18166698,18223261,39996.1,PushPop,:batch=a2d925affff34118bea13b11d1696b68 phase=decode requests=c47f16e66de94d7ebc64adfc42386324
0.0,36387905,2,18193952.5,18193952.5,18166895,18221010,38265.1,PushPop,:batch=85a85a0679e1433db895d7e2bae97d07 phase=decode requests=c47f16e66de94d7ebc64adfc42386324
0.0,36387531,2,18193765.5,18193765.5,18168305,18219226,36006.6,PushPop,:batch=20a17bbf00374fa9b920d5b91bec09a7 phase=decode requests=c47f16e66de94d7ebc64adfc42386324
0.0,36386116,2,18193058.0,18193058.0,18153935,18232181,55328.3,PushPop,:batch=6b354ff3b6ba4e50a314428c2c1dc13f phase=decode requests=8de7c5b04b184d1cbc3645195ef60a7d
0.0,36384851,2,18192425.5,18192425.5,18163673,18221178,40662.2,PushPop,:batch=7a9d670a30a944c39b2f35a2bc86267b phase=decode requests=c47f16e66de94d7ebc64adfc42386324
0.0,36382586,2,18191293.0,18191293.0,18153456,18229130,53509.6,PushPop,:batch=d61d084f1895434782f0d5155e57b74a phase=decode requests=c47f16e66de94d7ebc64adfc42386324
0.0,36382026,2,18191013.0,18191013.0,18169181,18212845,30875.1,PushPop,:batch=30f8a8dbdf1b47df80223474595abc69 phase=decode requests=8de7c5b04b184d1cbc3645195ef60a7d
0.0,36379822,2,18189911.0,18189911.0,18150739,18229083,55397.6,PushPop,:batch=94a9b1eea9b04f96942aa822c1600547 phase=decode requests=c47f16e66de94d7ebc64adfc42386324
0.0,36379311,2,18189655.5,18189655.5,18146803,18232508,60602.6,PushPop,:batch=a3f62da862c14b03a8b361f661a6bc6d phase=decode requests=c47f16e66de94d7ebc64adfc42386324
0.0,36374079,2,18187039.5,18187039.5,18144076,18230003,60759.6,PushPop,:batch=79ee7ec8a91649fa89c2c625a5f7209d phase=decode requests=1cf8552479e145fd966a17841209a06f
0.0,36372989,2,18186494.5,18186494.5,18158090,18214899,40170.0,PushPop,:batch=21f4486a6ef0489cb391a1ab6f2e0401 phase=decode requests=1cf8552479e145fd966a17841209a06f
0.0,36371771,2,18185885.5,18185885.5,18157080,18214691,40737.1,PushPop,:batch=390bdb4fc72f4ba0a9a2c55f00540659 phase=decode requests=c47f16e66de94d7ebc64adfc42386324
0.0,36371224,2,18185612.0,18185612.0,18154794,18216430,43583.2,PushPop,:batch=f7d07e332bab40af872c2dbd380872e0 phase=decode requests=c47f16e66de94d7ebc64adfc42386324
0.0,36370323,2,18185161.5,18185161.5,18156039,18214284,41185.4,PushPop,:batch=290f1957fc91449facbe4d2f12ec46a8 phase=decode requests=c47f16e66de94d7ebc64adfc42386324
0.0,36368582,2,18184291.0,18184291.0,18142751,18225831,58746.4,PushPop,:batch=53ba8a7b0d8c4424b2d37ed2277645e8 phase=decode requests=aaa729f093b64e2aaeeda0c4bda76f3d
0.0,36367017,2,18183508.5,18183508.5,18140509,18226508,60810.5,PushPop,:batch=77e186d73dbd430b90b3982a2b8b7a09 phase=decode requests=8de7c5b04b184d1cbc3645195ef60a7d
0.0,36363663,2,18181831.5,18181831.5,18155635,18208028,37047.4,PushPop,:batch=6dd55000f0e94f838079dc823e26a8b1 phase=decode requests=c47f16e66de94d7ebc64adfc42386324
0.0,36358744,2,18179372.0,18179372.0,18147080,18211664,45667.8,PushPop,:batch=83304c2ce0a2474d80f5d0e51a660017 phase=decode requests=1cf8552479e145fd966a17841209a06f
0.0,36355539,2,18177769.5,18177769.5,18169817,18185722,11246.5,PushPop,:batch=1fb83c5a22b64cc1ac45ef82b6faad35 phase=decode requests=1cf8552479e145fd966a17841209a06f
0.0,36352944,2,18176472.0,18176472.0,18149139,18203805,38654.7,PushPop,:batch=35cc2b1bbca54f8b8390930d470a0b94 phase=decode requests=c47f16e66de94d7ebc64adfc42386324
0.0,36350276,2,18175138.0,18175138.0,18131970,18218306,61048.8,PushPop,:batch=86ecb36f52404ca887a9655e84686aa5 phase=decode requests=c47f16e66de94d7ebc64adfc42386324
0.0,36348278,2,18174139.0,18174139.0,18142452,18205826,44812.2,PushPop,:batch=d05f7797388249ac8346eb5cea523e9d phase=decode requests=c47f16e66de94d7ebc64adfc42386324
0.0,36346883,2,18173441.5,18173441.5,18144319,18202564,41185.4,PushPop,:batch=87a3f718868946f7b6c9e46a0c82b674 phase=decode requests=c47f16e66de94d7ebc64adfc42386324
0.0,36341626,2,18170813.0,18170813.0,18139390,18202236,44438.8,PushPop,:batch=6bead00c3cda41cbb88eca046dcdf02a phase=decode requests=8de7c5b04b184d1cbc3645195ef60a7d
0.0,36341361,2,18170680.5,18170680.5,18140435,18200926,42773.6,PushPop,:batch=d463e21e228c40d28ee148088f8183e8 phase=decode requests=1cf8552479e145fd966a17841209a06f
0.0,36341113,2,18170556.5,18170556.5,18141045,18200068,41735.6,PushPop,:batch=cc2a53804d0b4ccb920ffb8a6530c3b5 phase=decode requests=1cf8552479e145fd966a17841209a06f
0.0,36337579,2,18168789.5,18168789.5,18126790,18210789,59396.3,PushPop,:batch=cfe7934eb4f647099df6a1139900ad09 phase=decode requests=c47f16e66de94d7ebc64adfc42386324
0.0,36335590,2,18167795.0,18167795.0,18146375,18189215,30292.5,PushPop,:batch=7739159fafd84c45a6fe20d929d05856 phase=decode requests=c47f16e66de94d7ebc64adfc42386324
0.0,36332181,2,18166090.5,18166090.5,18138026,18194155,39689.2,PushPop,:batch=7bbaa7d0afcb45268af52179121ad025 phase=decode requests=c47f16e66de94d7ebc64adfc42386324
0.0,36332008,2,18166004.0,18166004.0,18148924,18183084,24154.8,PushPop,:batch=1b04896ee26742cc8601623e15336ad2 phase=decode requests=1cf8552479e145fd966a17841209a06f
0.0,36331083,2,18165541.5,18165541.5,18137497,18193586,39660.9,PushPop,:batch=728785d0a70f4daf975fe4abef391454 phase=decode requests=1cf8552479e145fd966a17841209a06f
0.0,36331007,2,18165503.5,18165503.5,18142104,18188903,33091.9,PushPop,:batch=fe075c5c606247059b06934d8655c3ea phase=decode requests=c47f16e66de94d7ebc64adfc42386324
0.0,36330386,2,18165193.0,18165193.0,18126093,18204293,55295.8,PushPop,:batch=b3de6c6b6f7b43a2b9350097e1a308c0 phase=decode requests=c47f16e66de94d7ebc64adfc42386324
0.0,36326564,2,18163282.0,18163282.0,18130540,18196024,46304.2,PushPop,:batch=43a91fe064bb4b4a9da6bba3f471f376 phase=decode requests=c47f16e66de94d7ebc64adfc42386324
0.0,36325746,2,18162873.0,18162873.0,18127269,18198477,50351.7,PushPop,:batch=7c792b81ea064accbf9a3e8c23b39e83 phase=decode requests=c47f16e66de94d7ebc64adfc42386324
0.0,36322139,2,18161069.5,18161069.5,18135319,18186820,36416.7,PushPop,:batch=77bf8a3efb044e79b8f361f12c9ee874 phase=decode requests=1cf8552479e145fd966a17841209a06f
0.0,36319342,2,18159671.0,18159671.0,18134904,18184438,35025.8,PushPop,:batch=a728c0a88ab64f88aa00fdd582c2c917 phase=decode requests=1cf8552479e145fd966a17841209a06f
0.0,36318989,2,18159494.5,18159494.5,18134673,18184316,35102.9,PushPop,:batch=7fed76884ebe4d96a75fd124a4d01a7c phase=decode requests=c47f16e66de94d7ebc64adfc42386324
0.0,36318908,2,18159454.0,18159454.0,18125363,18193545,48212.0,PushPop,:batch=3212c946d045418d8a68b375dc74e0ce phase=decode requests=c47f16e66de94d7ebc64adfc42386324
0.0,36318299,2,18159149.5,18159149.5,18120949,18197350,54023.7,PushPop,:batch=e063ffb82313484393af08dd5a83a86d phase=decode requests=c47f16e66de94d7ebc64adfc42386324
0.0,36314268,2,18157134.0,18157134.0,18117259,18197009,56391.8,PushPop,:batch=ba4c589836674c5ab71cbad77562ad01 phase=decode requests=aaa729f093b64e2aaeeda0c4bda76f3d
0.0,36313607,2,18156803.5,18156803.5,18124438,18189169,45771.7,PushPop,:batch=0b57a7094c604814850142ebe506bffa phase=decode requests=c47f16e66de94d7ebc64adfc42386324
0.0,36307888,2,18153944.0,18153944.0,18128658,18179230,35759.8,PushPop,:batch=e9b7d9d1b5be49d997c4a04f272370cc phase=decode requests=c47f16e66de94d7ebc64adfc42386324
0.0,36307683,2,18153841.5,18153841.5,18123088,18184595,43492.0,PushPop,:batch=9d768b9aec6d45ddaffb640d72e7002b phase=decode requests=aaa729f093b64e2aaeeda0c4bda76f3d
0.0,36306998,2,18153499.0,18153499.0,18131702,18175296,30825.6,PushPop,:batch=b84c43e2adc24d55bbcb9fc2c33b8e75 phase=decode requests=c47f16e66de94d7ebc64adfc42386324
0.0,36303283,2,18151641.5,18151641.5,18134127,18169156,24769.2,PushPop,:batch=2438a9962e164fbf9035d818d7493c49 phase=decode requests=c47f16e66de94d7ebc64adfc42386324
0.0,36295620,2,18147810.0,18147810.0,18115475,18180145,45728.6,PushPop,:batch=4ab913f21b034af787391e12b06c8319 phase=decode requests=c47f16e66de94d7ebc64adfc42386324
0.0,36292358,2,18146179.0,18146179.0,18110085,18182273,51044.6,PushPop,:batch=87f5a643abe247b8ab09d70961b6f90f phase=decode requests=c47f16e66de94d7ebc64adfc42386324
0.0,36290111,2,18145055.5,18145055.5,18127114,18162997,25373.1,PushPop,:batch=efb93c65febf4258a9a57778978786fb phase=decode requests=c47f16e66de94d7ebc64adfc42386324
0.0,36286597,2,18143298.5,18143298.5,18103279,18183318,56596.1,PushPop,:batch=bd6c04b5425a46abb561d009c65c162b phase=decode requests=1cf8552479e145fd966a17841209a06f
0.0,36285391,2,18142695.5,18142695.5,18098186,18187205,62945.9,PushPop,:batch=30646fd565f44ddf8e6e64dbf2c4c1f8 phase=decode requests=1cf8552479e145fd966a17841209a06f
0.0,36284249,2,18142124.5,18142124.5,18116111,18168138,36788.6,PushPop,:batch=00f1f9c4109a4bea856e3877191b8d7e phase=decode requests=c47f16e66de94d7ebc64adfc42386324
0.0,36284101,2,18142050.5,18142050.5,18099907,18184194,59599.9,PushPop,:batch=2c5a2ddf1de94ef6a77b99852966460f phase=decode requests=8de7c5b04b184d1cbc3645195ef60a7d
0.0,36282387,2,18141193.5,18141193.5,18112836,18169551,40103.6,PushPop,:batch=f1d4fdc320214b99ad716512a1bc64a5 phase=decode requests=c47f16e66de94d7ebc64adfc42386324
0.0,36281270,2,18140635.0,18140635.0,18125596,18155674,21268.4,PushPop,:batch=186fde173ec64147b1f08d84254ff4bd phase=decode requests=c47f16e66de94d7ebc64adfc42386324
0.0,36277544,2,18138772.0,18138772.0,18106212,18171332,46046.8,PushPop,:batch=9ab74b33d1fe44dbbf95448de9758d2c phase=decode requests=c47f16e66de94d7ebc64adfc42386324
0.0,36277243,2,18138621.5,18138621.5,18092777,18184466,64833.9,PushPop,:batch=8e2fd2b9fb8f4f4dbfdf523ee954b5a4 phase=decode requests=aaa729f093b64e2aaeeda0c4bda76f3d
0.0,36268748,2,18134374.0,18134374.0,18107642,18161106,37804.8,PushPop,:batch=279e82ec7a88423faaa39c9375726d01 phase=decode requests=c47f16e66de94d7ebc64adfc42386324
0.0,36263752,2,18131876.0,18131876.0,18107995,18155757,33772.8,PushPop,:batch=f0539c7dea8d4e1383a81cf6d9ebddc6 phase=decode requests=c47f16e66de94d7ebc64adfc42386324
0.0,36261858,2,18130929.0,18130929.0,18117425,18144433,19097.5,PushPop,:batch=f4c4d4f293db432d9811ab1b9f45938f phase=decode requests=1cf8552479e145fd966a17841209a06f
0.0,36260631,2,18130315.5,18130315.5,18089955,18170676,57078.4,PushPop,:batch=9740c4abd3ec4cc6b1b4cee7419d1705 phase=decode requests=1cf8552479e145fd966a17841209a06f
0.0,36255568,2,18127784.0,18127784.0,18101753,18153815,36813.4,PushPop,:batch=7e4092bb7971475897ae38fed975a0ec phase=decode requests=c47f16e66de94d7ebc64adfc42386324
0.0,36254403,2,18127201.5,18127201.5,18104348,18150055,32319.7,PushPop,:batch=adaefca2e0ad4d248b28a6854126de93 phase=decode requests=c47f16e66de94d7ebc64adfc42386324
0.0,36253610,2,18126805.0,18126805.0,18106502,18147108,28712.8,PushPop,:batch=65698dcb4a924cd8b813aa1cf48549d4 phase=decode requests=c47f16e66de94d7ebc64adfc42386324
0.0,36249757,2,18124878.5,18124878.5,18085716,18164041,55384.1,PushPop,:batch=98b18361298c4639b72ddced975e3602 phase=decode requests=c47f16e66de94d7ebc64adfc42386324
0.0,36248786,2,18124393.0,18124393.0,18088478,18160308,50791.5,PushPop,:batch=b441f40a1478422693a6f1868523c933 phase=decode requests=1cf8552479e145fd966a17841209a06f
0.0,36244687,2,18122343.5,18122343.5,18084606,18160081,53368.9,PushPop,:batch=dbec173872fe425eb6a46960b69c4219 phase=decode requests=c47f16e66de94d7ebc64adfc42386324
0.0,36244545,2,18122272.5,18122272.5,18079333,18165212,60725.6,PushPop,:batch=168c63b5d6794f7db87bcb00ca0184e3 phase=decode requests=1cf8552479e145fd966a17841209a06f
0.0,36241532,2,18120766.0,18120766.0,18082861,18158671,53605.8,PushPop,:batch=cdc8900e54234a8b8d0dc10b91c8ff94 phase=decode requests=1cf8552479e145fd966a17841209a06f
0.0,36238393,2,18119196.5,18119196.5,18094095,18144298,35498.9,PushPop,:batch=d268519b344847e49929abfbeb34d408 phase=decode requests=c47f16e66de94d7ebc64adfc42386324
0.0,36236610,2,18118305.0,18118305.0,18087714,18148896,43262.2,PushPop,:batch=685144e3c5bc446db3fadd13e0028781 phase=decode requests=1cf8552479e145fd966a17841209a06f
0.0,36236240,2,18118120.0,18118120.0,18076773,18159467,58473.5,PushPop,:batch=eee389ad0e974bc7a64b0536ea1d3335 phase=decode requests=1cf8552479e145fd966a17841209a06f
0.0,36231238,2,18115619.0,18115619.0,18068099,18163139,67203.4,PushPop,:batch=6e5ef2809c8948c09a695eb0d6739dcc phase=decode requests=c47f16e66de94d7ebc64adfc42386324
0.0,36229688,2,18114844.0,18114844.0,18083570,18146118,44228.1,PushPop,:batch=ef5f4bf200b14220b4a1e3afbb36ed88 phase=decode requests=1cf8552479e145fd966a17841209a06f
0.0,36226209,2,18113104.5,18113104.5,18080062,18146147,46729.2,PushPop,:batch=99511f645a2f4e268f444acbb3c8dadb phase=decode requests=1cf8552479e145fd966a17841209a06f
0.0,36224193,2,18112096.5,18112096.5,18082745,18141448,41509.3,PushPop,:batch=4f19242c88a649ea82f2a67f5a411eaa phase=decode requests=c47f16e66de94d7ebc64adfc42386324
0.0,36222671,2,18111335.5,18111335.5,18087546,18135125,33643.4,PushPop,:batch=35667427e266426dbdeb6a45e89734f1 phase=decode requests=1cf8552479e145fd966a17841209a06f
0.0,36221597,2,18110798.5,18110798.5,18072598,18148999,54023.7,PushPop,:batch=247dd7b0e5ee4a0cb22b8e0dba03290f phase=decode requests=1cf8552479e145fd966a17841209a06f
0.0,36212705,2,18106352.5,18106352.5,18078545,18134160,39325.7,PushPop,:batch=9b0361e8e32a4a4b8c567c9bcbedc03a phase=decode requests=c47f16e66de94d7ebc64adfc42386324
0.0,36210107,2,18105053.5,18105053.5,18086498,18123609,26241.4,PushPop,:batch=81f9164f2511435f86802b91cd928aad phase=decode requests=c47f16e66de94d7ebc64adfc42386324
0.0,36209431,2,18104715.5,18104715.5,18059902,18149529,63375.9,PushPop,:batch=b2325ef36a1c4fc6b4b1ff4f83788ec4 phase=decode requests=1cf8552479e145fd966a17841209a06f
0.0,36209084,2,18104542.0,18104542.0,18076292,18132792,39951.5,PushPop,:batch=7756e5bb47df4bb2a8e3fa4ad3ada9b8 phase=decode requests=1cf8552479e145fd966a17841209a06f
0.0,36207999,2,18103999.5,18103999.5,18082907,18125092,29829.3,PushPop,:batch=566a1b7a759c4bffa27f5ebb503b826b phase=decode requests=c47f16e66de94d7ebc64adfc42386324
0.0,36204549,2,18102274.5,18102274.5,18062578,18141971,56139.3,PushPop,:batch=fbeba991e4754eac88c0e934d146b4ec phase=decode requests=1cf8552479e145fd966a17841209a06f
0.0,36204032,2,18102016.0,18102016.0,18063069,18140963,55079.4,PushPop,:batch=bc818c9549414581b390e59820d2840c phase=decode requests=c47f16e66de94d7ebc64adfc42386324
0.0,36203894,2,18101947.0,18101947.0,18071101,18132793,43622.8,PushPop,:batch=4da9ec7ea55747c4a7e0d94f6decfe36 phase=decode requests=1cf8552479e145fd966a17841209a06f
0.0,36203326,2,18101663.0,18101663.0,18070342,18132984,44294.6,PushPop,:batch=09df1e396ce54f9f8953bffb294d1f85 phase=decode requests=1cf8552479e145fd966a17841209a06f
0.0,36199282,2,18099641.0,18099641.0,18061381,18137901,54107.8,PushPop,:batch=17ece060d69e4bb0bd33d1da6a1b7001 phase=decode requests=1cf8552479e145fd966a17841209a06f
0.0,36192042,2,18096021.0,18096021.0,18067210,18124832,40744.9,PushPop,:batch=8ed6affd1be6413eb842dade9931bda8 phase=decode requests=1cf8552479e145fd966a17841209a06f
0.0,36189269,2,18094634.5,18094634.5,18057492,18131777,52527.4,PushPop,:batch=3b4479225a704aa9ab38927ee8e6be7f phase=decode requests=c47f16e66de94d7ebc64adfc42386324
0.0,36189191,2,18094595.5,18094595.5,17991367,18197824,145987.1,PushPop,:batch=6f1de8793bf843b2a9d98d18e0e58411 phase=decode requests=1cf8552479e145fd966a17841209a06f
0.0,36188596,2,18094298.0,18094298.0,18064858,18123738,41634.4,PushPop,:batch=7b5c8367dd954d3c8a9dc584ab2075b4 phase=decode requests=c47f16e66de94d7ebc64adfc42386324
0.0,36188471,2,18094235.5,18094235.5,18052339,18136132,59250.6,PushPop,:batch=42c17401cb544c8284dbc275e7254bc3 phase=decode requests=1cf8552479e145fd966a17841209a06f
0.0,36188110,2,18094055.0,18094055.0,18058950,18129160,49646.0,PushPop,:batch=a00d085e1dd347d1a7828673f9ca1401 phase=decode requests=c47f16e66de94d7ebc64adfc42386324
0.0,36185298,2,18092649.0,18092649.0,18068332,18116966,34389.4,PushPop,:batch=1c621f17198943f8b264b78f41e06a88 phase=decode requests=c47f16e66de94d7ebc64adfc42386324
0.0,36184296,2,18092148.0,18092148.0,18072641,18111655,27587.1,PushPop,:batch=42ade67fc31e4a35b2a1d6ee78611032 phase=decode requests=c47f16e66de94d7ebc64adfc42386324
0.0,36180596,2,18090298.0,18090298.0,18061263,18119333,41061.7,PushPop,:batch=4da2ac8f06f44d5d9e1abd47407619e7 phase=decode requests=c47f16e66de94d7ebc64adfc42386324
0.0,36180574,2,18090287.0,18090287.0,18054367,18126207,50798.6,PushPop,:batch=443e5d802d35454f88fcda0e47d3d615 phase=decode requests=1cf8552479e145fd966a17841209a06f
0.0,36179185,2,18089592.5,18089592.5,18061285,18117900,40032.9,PushPop,:batch=0da5fa03a7d0497781382ae3adb99ff0 phase=decode requests=c47f16e66de94d7ebc64adfc42386324
0.0,36176089,2,18088044.5,18088044.5,18055918,18120171,45433.7,PushPop,:batch=672649c488174a0b9054a35e8125afcd phase=decode requests=1cf8552479e145fd966a17841209a06f
0.0,36175585,2,18087792.5,18087792.5,18052057,18123528,50537.6,PushPop,:batch=418929fde2714ac1b29671d6e34145ee phase=decode requests=1cf8552479e145fd966a17841209a06f
0.0,36173986,2,18086993.0,18086993.0,18060666,18113320,37232.0,PushPop,:batch=9e30445b8a944bab8700761090e67c97 phase=decode requests=c47f16e66de94d7ebc64adfc42386324
0.0,36171536,2,18085768.0,18085768.0,18064152,18107384,30569.6,PushPop,:batch=e771fd1c3ae543dcb0dfb2d03c90466b phase=decode requests=c47f16e66de94d7ebc64adfc42386324
0.0,36164824,2,18082412.0,18082412.0,18054919,18109905,38881.0,PushPop,:batch=2a8405236a32470386aabfdcfe119812 phase=decode requests=c47f16e66de94d7ebc64adfc42386324
0.0,36164186,2,18082093.0,18082093.0,18041172,18123014,57871.0,PushPop,:batch=a4627eb294904a83851abd2643a5af2b phase=decode requests=1cf8552479e145fd966a17841209a06f
0.0,36161829,2,18080914.5,18080914.5,18045274,18116555,50403.3,PushPop,:batch=393ef2492e124b2db47563f946ffa8f8 phase=decode requests=1cf8552479e145fd966a17841209a06f
0.0,36160037,2,18080018.5,18080018.5,18054634,18105403,35899.1,PushPop,:batch=7387e0e200544818a3ee0fcd7e4cdce7 phase=decode requests=c47f16e66de94d7ebc64adfc42386324
0.0,36155080,2,18077540.0,18077540.0,18034968,18120112,60205.9,PushPop,:batch=9c44cb82911f498f844956d94e9b7f69 phase=decode requests=1cf8552479e145fd966a17841209a06f
0.0,36153487,2,18076743.5,18076743.5,18033074,18120413,61758.0,PushPop,:batch=07aec8bc60cf4f619ad79a86600ccd32 phase=decode requests=1cf8552479e145fd966a17841209a06f
0.0,36152043,2,18076021.5,18076021.5,18034975,18117068,58048.5,PushPop,:batch=9c80ca3d82dc4be59ce4092084e0f00e phase=decode requests=1cf8552479e145fd966a17841209a06f
0.0,36145456,2,18072728.0,18072728.0,18031720,18113736,57994.1,PushPop,:batch=16df27f00943489aac3a7bf7aa1cbdd8 phase=decode requests=1cf8552479e145fd966a17841209a06f
0.0,36144241,2,18072120.5,18072120.5,18040108,18104133,45272.5,PushPop,:batch=28cda7a4deac4b59bcb184ef7919b6d5 phase=decode requests=c47f16e66de94d7ebc64adfc42386324
0.0,36143231,2,18071615.5,18071615.5,18042379,18100852,41346.7,PushPop,:batch=579534ed6ed74ed5b160b483c9215eac phase=decode requests=c47f16e66de94d7ebc64adfc42386324
0.0,36142996,2,18071498.0,18071498.0,18020495,18122501,72129.1,PushPop,:batch=51959d5218b1499d9e8fed56a17ae4ea phase=decode requests=1cf8552479e145fd966a17841209a06f
0.0,36141560,2,18070780.0,18070780.0,18044354,18097206,37372.0,PushPop,:batch=99c0d61051aa44a7bdc8894aaed88062 phase=decode requests=c47f16e66de94d7ebc64adfc42386324
0.0,36138114,2,18069057.0,18069057.0,18037570,18100544,44529.3,PushPop,:batch=b61cd2eeb5c74d77a5e51c92e0d4ee2c phase=decode requests=1cf8552479e145fd966a17841209a06f
0.0,36137899,2,18068949.5,18068949.5,18031169,18106730,53429.7,PushPop,:batch=05aee7bfebae4ce5a85f6cf2548c5806 phase=decode requests=1cf8552479e145fd966a17841209a06f
0.0,36134891,2,18067445.5,18067445.5,18035997,18098894,44474.9,PushPop,:batch=24b35b18133146d8b5e3600d4fe53d56 phase=decode requests=1cf8552479e145fd966a17841209a06f
0.0,36130360,2,18065180.0,18065180.0,18038890,18091470,37179.7,PushPop,:batch=c05a72edcc47482fb8ece869049bfc0b phase=decode requests=c47f16e66de94d7ebc64adfc42386324
0.0,36126392,2,18063196.0,18063196.0,18023590,18102802,56011.3,PushPop,:batch=cb5759e21e024c3fb44b91b879b0dd3e phase=decode requests=c47f16e66de94d7ebc64adfc42386324
0.0,36124273,2,18062136.5,18062136.5,18030231,18094042,45121.2,PushPop,:batch=fcaf89a9f70b453da366f4fec7d912c4 phase=decode requests=1cf8552479e145fd966a17841209a06f
0.0,36120779,2,18060389.5,18060389.5,18032370,18088409,39625.6,PushPop,:batch=e592d327e8794476914dc8b83b2df143 phase=decode requests=c47f16e66de94d7ebc64adfc42386324
0.0,36119786,2,18059893.0,18059893.0,18031196,18088590,40583.7,PushPop,:batch=0e87c37a97374e3885ae7766b76362bd phase=decode requests=c47f16e66de94d7ebc64adfc42386324
0.0,36119198,2,18059599.0,18059599.0,18025083,18094115,48813.0,PushPop,:batch=9cf26faa3b454d59bde5fb8dd12ba7fb phase=decode requests=c47f16e66de94d7ebc64adfc42386324
0.0,36116502,2,18058251.0,18058251.0,18021068,18095434,52584.7,PushPop,:batch=d7cc995b2466424e93a2408fee24001e phase=decode requests=1cf8552479e145fd966a17841209a06f
0.0,36114332,2,18057166.0,18057166.0,18027681,18086651,41698.1,PushPop,:batch=71d553c9bbe745789a999e0b6b1ee7a0 phase=decode requests=1cf8552479e145fd966a17841209a06f
0.0,36112302,2,18056151.0,18056151.0,18032938,18079364,32828.1,PushPop,:batch=f1053afafa584f6fb60b63bf0e8d707f phase=decode requests=1cf8552479e145fd966a17841209a06f
0.0,36111911,2,18055955.5,18055955.5,18013057,18098854,60667.6,PushPop,:batch=171c276169ff4f1fac469fd5ead5d7e4 phase=decode requests=1cf8552479e145fd966a17841209a06f
0.0,36110833,2,18055416.5,18055416.5,18036084,18074749,27340.3,PushPop,:batch=9ec1ec63f77743c7a61e502b29c3f58e phase=decode requests=c47f16e66de94d7ebc64adfc42386324
0.0,36106659,2,18053329.5,18053329.5,18007840,18098819,64331.9,PushPop,:batch=187f43e776654c97b204f6fb24f377d5 phase=decode requests=1cf8552479e145fd966a17841209a06f
0.0,36105956,2,18052978.0,18052978.0,18034376,18071580,26307.2,PushPop,:batch=a128003fcfba46b394c9ec0781f68af9 phase=decode requests=1cf8552479e145fd966a17841209a06f
0.0,36101492,2,18050746.0,18050746.0,18014305,18087187,51535.4,PushPop,:batch=c9a32c71066e45eeba1c01c8c1d6884a phase=decode requests=c47f16e66de94d7ebc64adfc42386324
0.0,36100291,2,18050145.5,18050145.5,18016618,18083673,47415.0,PushPop,:batch=3807c5f4460b4721a2f368589f561fbb phase=decode requests=1cf8552479e145fd966a17841209a06f
0.0,36098323,2,18049161.5,18049161.5,17998605,18099718,71497.7,PushPop,:batch=d55d5641b2b74e03a63a33b170a16393 phase=decode requests=1cf8552479e145fd966a17841209a06f
0.0,36091563,2,18045781.5,18045781.5,18024033,18067530,30757.0,PushPop,:batch=dc5c81eb9aca410c9b35807072221427 phase=decode requests=c47f16e66de94d7ebc64adfc42386324
0.0,36085940,2,18042970.0,18042970.0,18024891,18061049,25567.6,PushPop,:batch=ba18dd52eda54f1084f023126bb1a5ae phase=decode requests=c47f16e66de94d7ebc64adfc42386324
0.0,36083801,2,18041900.5,18041900.5,18022150,18061651,27931.4,PushPop,:batch=e545edb1780b462b9205169ff0fbe5c3 phase=decode requests=c47f16e66de94d7ebc64adfc42386324
0.0,36080740,2,18040370.0,18040370.0,18009947,18070793,43024.6,PushPop,:batch=224feec22fdd48d3b2b67e8539c1f908 phase=decode requests=1cf8552479e145fd966a17841209a06f
0.0,36078728,2,18039364.0,18039364.0,18010644,18068084,40616.2,PushPop,:batch=61619766cbf640afbcc71e989108c00d phase=decode requests=1cf8552479e145fd966a17841209a06f
0.0,36078364,2,18039182.0,18039182.0,18007065,18071299,45420.3,PushPop,:batch=89ea1f75cb8e48aea8c600ae4a1a0a79 phase=decode requests=1cf8552479e145fd966a17841209a06f
0.0,36062617,2,18031308.5,18031308.5,17987642,18074975,61753.8,PushPop,:batch=bd4332cd94e24cbcb3060e1f7fe01711 phase=decode requests=1cf8552479e145fd966a17841209a06f
0.0,36054526,2,18027263.0,18027263.0,17993043,18061483,48394.4,PushPop,:batch=ccecfcec22f94dc9b8fa15386fa3f9d3 phase=decode requests=1cf8552479e145fd966a17841209a06f
0.0,36053047,2,18026523.5,18026523.5,17988493,18064554,53783.2,PushPop,:batch=799366460a4e4c6a9f7f58a2d1388c3c phase=decode requests=1cf8552479e145fd966a17841209a06f
0.0,36046057,2,18023028.5,18023028.5,17990709,18055348,45706.7,PushPop,:batch=8b6e30a43b7c4f899517c64656937ad9 phase=decode requests=1cf8552479e145fd966a17841209a06f
0.0,36040732,2,18020366.0,18020366.0,17999127,18041605,30036.5,PushPop,:batch=228a11f237c54bfeb4036e708a5933dd phase=decode requests=1cf8552479e145fd966a17841209a06f
0.0,36038060,2,18019030.0,18019030.0,17990301,18047759,40628.9,PushPop,:batch=ed97d0eb68cc43f195a1410c133ce18c phase=decode requests=1cf8552479e145fd966a17841209a06f
0.0,36032215,2,18016107.5,18016107.5,17971174,18061041,63545.6,PushPop,:batch=a37fcd6f09ee473fab4575c9c047241d phase=decode requests=1cf8552479e145fd966a17841209a06f
0.0,36021735,2,18010867.5,18010867.5,17979247,18042488,44718.1,PushPop,:batch=a5483f45f64e4839a75d5a2898248170 phase=decode requests=1cf8552479e145fd966a17841209a06f
0.0,36013255,2,18006627.5,18006627.5,17979517,18033738,38340.0,PushPop,:batch=109999c6f93e462e9b4ed783040da551 phase=decode requests=1cf8552479e145fd966a17841209a06f
0.0,36011915,2,18005957.5,18005957.5,17962662,18049253,61229.1,PushPop,:batch=eef70b2f33054c6a8e85d29b21ebc7bc phase=decode requests=1cf8552479e145fd966a17841209a06f
0.0,36007348,2,18003674.0,18003674.0,17969413,18037935,48452.4,PushPop,:batch=91637bebf2714113922f5d3259c24702 phase=decode requests=1cf8552479e145fd966a17841209a06f
0.0,36005870,2,18002935.0,18002935.0,17979704,18026166,32853.6,PushPop,:batch=4d95753074064ec99dc1b79739d0268a phase=decode requests=1cf8552479e145fd966a17841209a06f
0.0,35999820,2,17999910.0,17999910.0,17994442,18005378,7732.9,PushPop,:batch=87fc76590b1a428eaa9a3f285b9621e5 phase=decode requests=1cf8552479e145fd966a17841209a06f
0.0,35996451,2,17998225.5,17998225.5,17981890,18014561,23101.9,PushPop,:batch=60405607e7f346bdba9977997f15a665 phase=decode requests=c47f16e66de94d7ebc64adfc42386324
0.0,35990086,2,17995043.0,17995043.0,17969037,18021049,36778.0,PushPop,:batch=15715016f1a240729f05cb8ffd4a3653 phase=decode requests=1cf8552479e145fd966a17841209a06f
0.0,35986377,2,17993188.5,17993188.5,17964198,18022179,40998.8,PushPop,:batch=4333c68b2b464282a420a3b676fb35ce phase=decode requests=1cf8552479e145fd966a17841209a06f
0.0,35979012,2,17989506.0,17989506.0,17948235,18030777,58366.0,PushPop,:batch=b5a9d415245e403bbf70feca69eb93a2 phase=decode requests=1cf8552479e145fd966a17841209a06f
0.0,35978762,2,17989381.0,17989381.0,17958873,18019889,43144.8,PushPop,:batch=89dff303cd0e4dbdbdb001b4c6233774 phase=decode requests=1cf8552479e145fd966a17841209a06f
0.0,35977668,2,17988834.0,17988834.0,17955209,18022459,47552.9,PushPop,:batch=c065910b6f824424b78b479b482dfb1a phase=decode requests=1cf8552479e145fd966a17841209a06f
0.0,35977532,2,17988766.0,17988766.0,17960340,18017192,40200.4,PushPop,:batch=81a0ccfd470b439a97d51243ed4151e6 phase=decode requests=c47f16e66de94d7ebc64adfc42386324
0.0,35971468,2,17985734.0,17985734.0,17947688,18023780,53805.2,PushPop,:batch=f6a058fd37c94950a6f2ca37a266f23e phase=decode requests=1cf8552479e145fd966a17841209a06f
0.0,35968195,2,17984097.5,17984097.5,17945377,18022818,54759.1,PushPop,:batch=70bc4d1d63ef4b41b20da6380af46408 phase=decode requests=1cf8552479e145fd966a17841209a06f
0.0,35964368,2,17982184.0,17982184.0,17954266,18010102,39482.0,PushPop,:batch=e61c2fec43f3474ca3b8ae438c916c98 phase=decode requests=1cf8552479e145fd966a17841209a06f
0.0,35954719,2,17977359.5,17977359.5,17941597,18013122,50575.8,PushPop,:batch=4f6563035820490287e4f3a54a9092b0 phase=decode requests=1cf8552479e145fd966a17841209a06f
0.0,35953952,2,17976976.0,17976976.0,17932043,18021909,63544.9,PushPop,:batch=2a2b723cad534b7c9042e8a8d050d7c6 phase=decode requests=1cf8552479e145fd966a17841209a06f
0.0,35945041,2,17972520.5,17972520.5,17934918,18010123,53178.0,PushPop,:batch=b1e60d38d3b84c8bbd3f0e20e2e0d75c phase=decode requests=1cf8552479e145fd966a17841209a06f
0.0,35940639,2,17970319.5,17970319.5,17944033,17996606,37174.7,PushPop,:batch=483469b812dc43f3b133ef7cee5b0037 phase=decode requests=1cf8552479e145fd966a17841209a06f
0.0,35867616,2,17933808.0,17933808.0,17880701,17986915,75104.6,PushPop,:batch=977184991b5a4cc2af4901e7e7ed5b75 phase=decode requests=1cf8552479e145fd966a17841209a06f
0.0,35838889,2,17919444.5,17919444.5,17885345,17953544,48224.0,PushPop,:batch=96595e1a516c45b18c9c38b385b3dc1e phase=decode requests=1cf8552479e145fd966a17841209a06f
0.0,35781919,2,17890959.5,17890959.5,17859016,17922903,45174.9,PushPop,:batch=787eafe3758e412cae4015b740141f1e phase=decode requests=1cf8552479e145fd966a17841209a06f
0.0,35759049,2,17879524.5,17879524.5,17850240,17908809,41414.5,PushPop,:batch=8abea509e2614fc0b99f54817332866d phase=decode requests=1cf8552479e145fd966a17841209a06f
