Time (%),Total Time (ns),Instances,Avg (ns),Med (ns),Min (ns),Max (ns),StdDev (ns),Style,Range
44.6,120670325522,6640,18173241.8,18096624.5,17567857,26264839,478932.9,PushPop,:cloud_middle_decode
3.5,9458727777,360720,26221.8,25393.0,21134,2308635,5789.2,PushPop,NCCL:ncclAllReduce
2.5,6880091594,40,172002289.8,101641876.0,26535834,459221480,169195833.9,PushPop,:cloud_middle_prefill
0.9,2444779652,6680,365985.0,290596.5,227431,79862638,1921294.8,PushPop,:cloud_receive
0.4,1033007353,2,516503676.5,516503676.5,498225904,534781449,25848673.8,PushPop,:batch=c88207df67d24c4da42d45c8bcebc59c phase=prefill requests=04a26fdd847647a5a094bbafb63bc469
0.4,1032854543,2,516427271.5,516427271.5,502981694,529872849,19014918.1,PushPop,:batch=04999e5db17646f381f8d12e5ba42b89 phase=prefill requests=f613ba29e5e3458d8e63b0275b98ac68
0.4,1025759506,2,512879753.0,512879753.0,499631365,526128141,18736050.0,PushPop,:batch=67817480f9894f60bd669484733c604b phase=prefill requests=1811f6ebf58e4b0ea2292b35146cd35f
0.4,1021134332,2,510567166.0,510567166.0,499086565,522047767,16236021.6,PushPop,:batch=fec6ce2958354b9dad7bc35b9b7679d7 phase=prefill requests=5f8f2308efff494a9a6a2fa3d4ecc35c
0.4,1006147982,2,503073991.0,503073991.0,494049357,512098625,12762759.8,PushPop,:batch=1e7fcf524a0a4e98b5c9f0771b994b75 phase=prefill requests=612ab6a155ee43be83ea6696bd5b8b7f
0.1,372893668,13360,27911.2,29905.5,17372,113683,7377.7,PushPop,NCCL:ncclBroadcast
0.1,220939302,2,110469651.0,110469651.0,106644013,114295289,5410269.1,PushPop,:batch=c24738ca850d4c5b8100104b46fc6e47 phase=prefill requests=e6255778e8534404ac5ca8451b4d8752
0.1,220192463,2,110096231.5,110096231.5,108760098,111432365,1889578.1,PushPop,:batch=2218d27b6d73493383b5a51749d431ba phase=prefill requests=25de90a8b4234cdd9f459bf44de5f72b
0.1,218910926,2,109455463.0,109455463.0,106152156,112758770,4671581.6,PushPop,:batch=8a1c6d6e901047319a57f77f273a1e07 phase=prefill requests=7b15763fe2a348b4bded9b891807f3b3
0.1,217143520,2,108571760.0,108571760.0,104644271,112499249,5554308.2,PushPop,:batch=948fcdf7e01042f8a0d311c1871c21d1 phase=prefill requests=1d3635c1d1b8417da02febe5bb56858c
0.1,216580744,2,108290372.0,108290372.0,104577074,112003670,5251396.4,PushPop,:batch=d6fc10f48c114fd291c2d6b76b7878ff phase=prefill requests=1b90b5029a8e4095a0953f707b492bc0
0.1,214320317,2,107160158.5,107160158.5,104939651,109380666,3140271.8,PushPop,:batch=5e270a3fd858422d9d0df27ed5f169e7 phase=prefill requests=dfa53ed7b1db427c979733175e83eed5
0.1,212541230,2,106270615.0,106270615.0,105566391,106974839,995923.1,PushPop,:batch=9f9dabe46c194782b50f3bdc50726c97 phase=prefill requests=fd7f18ee548942ab846676d2fc7a354e
0.1,211107695,2,105553847.5,105553847.5,105394718,105712977,225043.1,PushPop,:batch=522b524891224a5aa5d236dc58624621 phase=prefill requests=b57ae4d5f220486d9e686230c8c5382e
0.1,210314317,2,105157158.5,105157158.5,104594214,105720103,796123.7,PushPop,:batch=3fa2b3b554a04cdfad39d804a0491f94 phase=prefill requests=b86f7835c80b433ab4e1c625067d0f3c
0.1,207674723,2,103837361.5,103837361.5,103248053,104426670,833408.1,PushPop,:batch=80181fb8b78f46218763701f9599e99f phase=prefill requests=2b642560cfbc46a3b415e89ad3a03675
0.0,76083186,2,38041593.0,38041593.0,37812704,38270482,323697.9,PushPop,:batch=134bedeb96eb45efaf9d95577f668857 phase=prefill requests=268bc1a668514718addc6aee590d0f20
0.0,57514977,2,28757488.5,28757488.5,28015404,29499573,1049466.0,PushPop,:batch=ecbc0f688cb94273a623d04cba579102 phase=prefill requests=4eba997a613d41f1b98e92a342465594
0.0,56265582,2,28132791.0,28132791.0,28091225,28174357,58783.2,PushPop,:batch=74f586c7b8ae49938bd652fc322034b3 phase=prefill requests=2c91d8351bd845e18b1e6646cd0b5f4b
0.0,55971374,2,27985687.0,27985687.0,27840951,28130423,204687.6,PushPop,:batch=97a167334f914ce683895ddd16210452 phase=prefill requests=eef2914bac744c1ea29ede0988703e4c
0.0,55935628,2,27967814.0,27967814.0,27787958,28147670,254354.8,PushPop,:batch=3fb2c359f19342018723f262ed7d94e1 phase=prefill requests=91919f5803e44b6faa967b57bddb81bd
0.0,53707986,2,26853993.0,26853993.0,26825322,26882664,40546.9,PushPop,":batch=1f57995116a24f35856362f0ac2863da phase=decode requests=dfa53ed7b1db427c979733175e83eed5,1b90b5029a8e4095a0953f707b492bc0,2b642560cfbc46a3b415e89ad3a03675,1d3635c1d1b8417da02febe5bb56858c"
0.0,53648293,2,26824146.5,26824146.5,26781832,26866461,59841.7,PushPop,":batch=1f5f757c47094bea945b481aa03a1eb3 phase=decode requests=dfa53ed7b1db427c979733175e83eed5,1b90b5029a8e4095a0953f707b492bc0,2b642560cfbc46a3b415e89ad3a03675,1d3635c1d1b8417da02febe5bb56858c"
0.0,51369457,2,25684728.5,25684728.5,25667973,25701484,23695.9,PushPop,":batch=755db9cada3a4e9db454a93ca1ce4dc8 phase=decode requests=fd7f18ee548942ab846676d2fc7a354e,7b15763fe2a348b4bded9b891807f3b3,b57ae4d5f220486d9e686230c8c5382e,b86f7835c80b433ab4e1c625067d0f3c"
0.0,50567971,2,25283985.5,25283985.5,25235533,25332438,68522.2,PushPop,:batch=92a3570c87ba45f9ae8f09f496ac652a phase=decode requests=25de90a8b4234cdd9f459bf44de5f72b
0.0,47414333,2,23707166.5,23707166.5,23677760,23736573,41587.1,PushPop,":batch=d7bf7da4d75845a784261851c631265a phase=decode requests=fd7f18ee548942ab846676d2fc7a354e,7b15763fe2a348b4bded9b891807f3b3,b57ae4d5f220486d9e686230c8c5382e,b86f7835c80b433ab4e1c625067d0f3c"
0.0,45340872,2,22670436.0,22670436.0,22589206,22751666,114876.6,PushPop,":batch=ea67e372f79741a08feec3197b51cafa phase=decode requests=fd7f18ee548942ab846676d2fc7a354e,7b15763fe2a348b4bded9b891807f3b3,b57ae4d5f220486d9e686230c8c5382e,b86f7835c80b433ab4e1c625067d0f3c"
0.0,45112212,2,22556106.0,22556106.0,22525590,22586622,43156.1,PushPop,:batch=2e9d72f65ae44b5cb3d6b85911bd7cbe phase=decode requests=25de90a8b4234cdd9f459bf44de5f72b
0.0,45010252,2,22505126.0,22505126.0,22462653,22547599,60065.9,PushPop,":batch=24119b7cae3d42a0942d64a1ce183015 phase=decode requests=eef2914bac744c1ea29ede0988703e4c,91919f5803e44b6faa967b57bddb81bd,4eba997a613d41f1b98e92a342465594,2c91d8351bd845e18b1e6646cd0b5f4b"
0.0,43345019,2,21672509.5,21672509.5,21634850,21710169,53258.6,PushPop,:batch=7a7c5357b5fd4a3b996a9d3ec63854c5 phase=decode requests=268bc1a668514718addc6aee590d0f20
0.0,43275490,2,21637745.0,21637745.0,21598942,21676548,54875.7,PushPop,:batch=6b69149b62ce4b6cac22d95d4530db8d phase=decode requests=268bc1a668514718addc6aee590d0f20
0.0,42886632,2,21443316.0,21443316.0,21409933,21476699,47210.7,PushPop,:batch=7e21232280884debb98063ac669029ab phase=decode requests=268bc1a668514718addc6aee590d0f20
0.0,42345278,2,21172639.0,21172639.0,20803236,21542042,522414.7,PushPop,:batch=8dd0a3f455e14678bef4836b8f0ec94a phase=decode requests=268bc1a668514718addc6aee590d0f20
0.0,41901584,2,20950792.0,20950792.0,20915338,20986246,50139.5,PushPop,":batch=2cad80f7b19747f19b18e3b93d884c35 phase=decode requests=eef2914bac744c1ea29ede0988703e4c,91919f5803e44b6faa967b57bddb81bd,4eba997a613d41f1b98e92a342465594,2c91d8351bd845e18b1e6646cd0b5f4b"
0.0,41500096,2,20750048.0,20750048.0,20723307,20776789,37817.5,PushPop,:batch=d028129529324faf8033cf73945b2eb0 phase=decode requests=25de90a8b4234cdd9f459bf44de5f72b
0.0,41475173,2,20737586.5,20737586.5,20680375,20794798,80909.3,PushPop,:batch=16d64caa5cac4262973aadaa36b54ee2 phase=decode requests=268bc1a668514718addc6aee590d0f20
0.0,41273945,2,20636972.5,20636972.5,20610401,20663544,37577.8,PushPop,":batch=f6018fd159ef4c278b39d51e2e5a01d2 phase=decode requests=dfa53ed7b1db427c979733175e83eed5,1b90b5029a8e4095a0953f707b492bc0,2b642560cfbc46a3b415e89ad3a03675,1d3635c1d1b8417da02febe5bb56858c"
0.0,41254063,2,20627031.5,20627031.5,20598394,20655669,40499.5,PushPop,":batch=913c0af957974c709a19952705e1855d phase=decode requests=dfa53ed7b1db427c979733175e83eed5,1b90b5029a8e4095a0953f707b492bc0,2b642560cfbc46a3b415e89ad3a03675,1d3635c1d1b8417da02febe5bb56858c"
0.0,41166559,2,20583279.5,20583279.5,20566285,20600274,24033.9,PushPop,":batch=132b23f688674d0898742a41d015c876 phase=decode requests=eef2914bac744c1ea29ede0988703e4c,91919f5803e44b6faa967b57bddb81bd,4eba997a613d41f1b98e92a342465594,2c91d8351bd845e18b1e6646cd0b5f4b"
0.0,41091440,2,20545720.0,20545720.0,20520826,20570614,35205.4,PushPop,":batch=4261148102d046d98665667eb0699c48 phase=decode requests=eef2914bac744c1ea29ede0988703e4c,91919f5803e44b6faa967b57bddb81bd,4eba997a613d41f1b98e92a342465594,2c91d8351bd845e18b1e6646cd0b5f4b"
0.0,41002801,2,20501400.5,20501400.5,20478702,20524099,32100.5,PushPop,":batch=3159df9cedcd4371a719ae9c63219c9b phase=decode requests=eef2914bac744c1ea29ede0988703e4c,91919f5803e44b6faa967b57bddb81bd,4eba997a613d41f1b98e92a342465594,2c91d8351bd845e18b1e6646cd0b5f4b"
0.0,40914366,2,20457183.0,20457183.0,20402024,20512342,78006.6,PushPop,:batch=fc2e48b8c7cd4a5487250334346ea064 phase=decode requests=268bc1a668514718addc6aee590d0f20
0.0,40786773,2,20393386.5,20393386.5,20357199,20429574,51176.9,PushPop,":batch=5b5efece9f4d403f82dc251d28434935 phase=decode requests=dfa53ed7b1db427c979733175e83eed5,1b90b5029a8e4095a0953f707b492bc0,2b642560cfbc46a3b415e89ad3a03675,1d3635c1d1b8417da02febe5bb56858c"
0.0,40777177,2,20388588.5,20388588.5,20352556,20424621,50957.7,PushPop,":batch=27106abf2a304c0dacd61cc1a72c8a2b phase=decode requests=fd7f18ee548942ab846676d2fc7a354e,7b15763fe2a348b4bded9b891807f3b3,b57ae4d5f220486d9e686230c8c5382e,b86f7835c80b433ab4e1c625067d0f3c"
0.0,40754318,2,20377159.0,20377159.0,20341482,20412836,50454.9,PushPop,":batch=97205e7ac75f4b929f8d2cf471924116 phase=decode requests=fd7f18ee548942ab846676d2fc7a354e,7b15763fe2a348b4bded9b891807f3b3,b57ae4d5f220486d9e686230c8c5382e,b86f7835c80b433ab4e1c625067d0f3c"
0.0,40482455,2,20241227.5,20241227.5,20210290,20272165,43752.2,PushPop,":batch=17dde942b0554d5ebc4f4e372c6d87dc phase=decode requests=eef2914bac744c1ea29ede0988703e4c,91919f5803e44b6faa967b57bddb81bd,4eba997a613d41f1b98e92a342465594,2c91d8351bd845e18b1e6646cd0b5f4b"
0.0,40463481,2,20231740.5,20231740.5,19470631,20992850,1076371.4,PushPop,:batch=f0d496772cb2490b9d68521f29a3bf66 phase=decode requests=25de90a8b4234cdd9f459bf44de5f72b
0.0,40410591,2,20205295.5,20205295.5,20175463,20235128,42189.5,PushPop,:batch=32f6110a24af4ef8a412dd6c6f12fa27 phase=decode requests=268bc1a668514718addc6aee590d0f20
0.0,40343713,2,20171856.5,20171856.5,20149505,20194208,31609.8,PushPop,":batch=c596d3d16072416b8a1cfc8d5801729a phase=decode requests=eef2914bac744c1ea29ede0988703e4c,91919f5803e44b6faa967b57bddb81bd,4eba997a613d41f1b98e92a342465594,2c91d8351bd845e18b1e6646cd0b5f4b"
0.0,40176094,2,20088047.0,20088047.0,20081089,20095005,9840.1,PushPop,:batch=26088c099ad94488a72d281f707ea29c phase=decode requests=268bc1a668514718addc6aee590d0f20
0.0,40166201,2,20083100.5,20083100.5,19613291,20552910,664411.0,PushPop,:batch=08074c9c68bf4d15aff09b9da22f1ee4 phase=decode requests=f613ba29e5e3458d8e63b0275b98ac68
0.0,40158447,2,20079223.5,20079223.5,18638108,21520339,2038045.1,PushPop,":batch=729d162e486f4c6aa4f2fbc6cf18838a phase=decode requests=eef2914bac744c1ea29ede0988703e4c,91919f5803e44b6faa967b57bddb81bd,4eba997a613d41f1b98e92a342465594,2c91d8351bd845e18b1e6646cd0b5f4b"
0.0,40150207,2,20075103.5,20075103.5,20052945,20097262,31336.9,PushPop,":batch=5255c2c0b56343cfb362e3413330f4ec phase=decode requests=fd7f18ee548942ab846676d2fc7a354e,7b15763fe2a348b4bded9b891807f3b3,b57ae4d5f220486d9e686230c8c5382e,b86f7835c80b433ab4e1c625067d0f3c"
0.0,40137098,2,20068549.0,20068549.0,19583442,20553656,686044.9,PushPop,":batch=b8e0ce5632994f16b59cff624263f9dc phase=decode requests=dfa53ed7b1db427c979733175e83eed5,1b90b5029a8e4095a0953f707b492bc0,2b642560cfbc46a3b415e89ad3a03675,1d3635c1d1b8417da02febe5bb56858c"
0.0,40048260,2,20024130.0,20024130.0,19565302,20482958,648880.8,PushPop,:batch=b5576e01b9c04c13abe1f57501a92eac phase=decode requests=f613ba29e5e3458d8e63b0275b98ac68
0.0,39996379,2,19998189.5,19998189.5,19926384,20069995,101548.3,PushPop,":batch=8f9c5f8bc2224f368d5e5f3dc2fca9c5 phase=decode requests=1811f6ebf58e4b0ea2292b35146cd35f,612ab6a155ee43be83ea6696bd5b8b7f,04a26fdd847647a5a094bbafb63bc469,5f8f2308efff494a9a6a2fa3d4ecc35c"
0.0,39995937,2,19997968.5,19997968.5,19971245,20024692,37792.7,PushPop,":batch=7f9bd706c089465dbf8f18bd36ff1532 phase=decode requests=eef2914bac744c1ea29ede0988703e4c,91919f5803e44b6faa967b57bddb81bd,4eba997a613d41f1b98e92a342465594,2c91d8351bd845e18b1e6646cd0b5f4b"
0.0,39978338,2,19989169.0,19989169.0,19579715,20398623,579055.4,PushPop,":batch=e1cf34715b77441f858531205d2836a6 phase=decode requests=dfa53ed7b1db427c979733175e83eed5,1b90b5029a8e4095a0953f707b492bc0,2b642560cfbc46a3b415e89ad3a03675,1d3635c1d1b8417da02febe5bb56858c"
0.0,39965492,2,19982746.0,19982746.0,19946475,20019017,51294.9,PushPop,":batch=cfa7efc2215745beaa77d95c3a8dde52 phase=decode requests=fd7f18ee548942ab846676d2fc7a354e,7b15763fe2a348b4bded9b891807f3b3,b57ae4d5f220486d9e686230c8c5382e,b86f7835c80b433ab4e1c625067d0f3c"
0.0,39875000,2,19937500.0,19937500.0,19396028,20478972,765757.0,PushPop,":batch=1cda1a7ed035411fa55ac6ade9f84472 phase=decode requests=1811f6ebf58e4b0ea2292b35146cd35f,612ab6a155ee43be83ea6696bd5b8b7f,04a26fdd847647a5a094bbafb63bc469,5f8f2308efff494a9a6a2fa3d4ecc35c"
0.0,39863269,2,19931634.5,19931634.5,19847719,20015550,118674.4,PushPop,":batch=57ea5aa037eb490c8d371a6f5980d482 phase=decode requests=fd7f18ee548942ab846676d2fc7a354e,7b15763fe2a348b4bded9b891807f3b3,b57ae4d5f220486d9e686230c8c5382e,b86f7835c80b433ab4e1c625067d0f3c"
0.0,39824808,2,19912404.0,19912404.0,19496820,20327988,587724.5,PushPop,":batch=ae25209b398f41bab3b9733aef66f5e7 phase=decode requests=1811f6ebf58e4b0ea2292b35146cd35f,612ab6a155ee43be83ea6696bd5b8b7f,04a26fdd847647a5a094bbafb63bc469,5f8f2308efff494a9a6a2fa3d4ecc35c"
0.0,39822895,2,19911447.5,19911447.5,19450767,20372128,651500.6,PushPop,":batch=0cb5c0cb994e467fb7de1acdce432ec6 phase=decode requests=fd7f18ee548942ab846676d2fc7a354e,7b15763fe2a348b4bded9b891807f3b3,b57ae4d5f220486d9e686230c8c5382e,b86f7835c80b433ab4e1c625067d0f3c"
0.0,39717753,2,19858876.5,19858876.5,19810294,19907459,68706.0,PushPop,":batch=80784a2ffffe4fdab6d784226af16931 phase=decode requests=1811f6ebf58e4b0ea2292b35146cd35f,612ab6a155ee43be83ea6696bd5b8b7f,04a26fdd847647a5a094bbafb63bc469,5f8f2308efff494a9a6a2fa3d4ecc35c"
0.0,39616406,2,19808203.0,19808203.0,19481680,20134726,461773.3,PushPop,:batch=e4b46ef9aaeb4b41bc74391ccc89f4c5 phase=decode requests=f613ba29e5e3458d8e63b0275b98ac68
0.0,39558130,2,19779065.0,19779065.0,19265962,20292168,725637.2,PushPop,":batch=e4a8ccdec6864799aef7bbc7e88830fd phase=decode requests=fd7f18ee548942ab846676d2fc7a354e,7b15763fe2a348b4bded9b891807f3b3,b57ae4d5f220486d9e686230c8c5382e,b86f7835c80b433ab4e1c625067d0f3c"
0.0,39550253,2,19775126.5,19775126.5,19291921,20258332,683355.8,PushPop,":batch=eb18576e75644439bb97e74c6849d120 phase=decode requests=dfa53ed7b1db427c979733175e83eed5,1b90b5029a8e4095a0953f707b492bc0,2b642560cfbc46a3b415e89ad3a03675,1d3635c1d1b8417da02febe5bb56858c"
0.0,39532439,2,19766219.5,19766219.5,19751462,19780977,20870.3,PushPop,:batch=10602f4faec24888a2a983333de36051 phase=decode requests=f613ba29e5e3458d8e63b0275b98ac68
0.0,39526301,2,19763150.5,19763150.5,19728869,19797432,48481.4,PushPop,":batch=c9e0a7d5d2cc4c8bb28f4a2f9ad91127 phase=decode requests=dfa53ed7b1db427c979733175e83eed5,1b90b5029a8e4095a0953f707b492bc0,2b642560cfbc46a3b415e89ad3a03675,1d3635c1d1b8417da02febe5bb56858c"
0.0,39505313,2,19752656.5,19752656.5,19720288,19785025,45776.0,PushPop,":batch=48f79d0e61ea44f39e96fb0f2b3f12bd phase=decode requests=eef2914bac744c1ea29ede0988703e4c,91919f5803e44b6faa967b57bddb81bd,4eba997a613d41f1b98e92a342465594,2c91d8351bd845e18b1e6646cd0b5f4b"
0.0,39501785,2,19750892.5,19750892.5,19303505,20198280,632701.5,PushPop,":batch=8ab564cae8824abfac3e89363a9bd920 phase=decode requests=1811f6ebf58e4b0ea2292b35146cd35f,612ab6a155ee43be83ea6696bd5b8b7f,04a26fdd847647a5a094bbafb63bc469,5f8f2308efff494a9a6a2fa3d4ecc35c"
0.0,39473964,2,19736982.0,19736982.0,19723200,19750764,19490.7,PushPop,":batch=279044bf773f4073ad6eb3b58e527d24 phase=decode requests=1811f6ebf58e4b0ea2292b35146cd35f,612ab6a155ee43be83ea6696bd5b8b7f,04a26fdd847647a5a094bbafb63bc469,5f8f2308efff494a9a6a2fa3d4ecc35c"
0.0,39453866,2,19726933.0,19726933.0,19656938,19796928,98987.9,PushPop,":batch=d13d351bbe2e497f86a88c514b49cdbe phase=decode requests=1811f6ebf58e4b0ea2292b35146cd35f,612ab6a155ee43be83ea6696bd5b8b7f,04a26fdd847647a5a094bbafb63bc469,5f8f2308efff494a9a6a2fa3d4ecc35c"
0.0,39436038,2,19718019.0,19718019.0,19706069,19729969,16899.9,PushPop,":batch=fb27361e4e014b91a7cd092f8832c736 phase=decode requests=fd7f18ee548942ab846676d2fc7a354e,7b15763fe2a348b4bded9b891807f3b3,b57ae4d5f220486d9e686230c8c5382e,b86f7835c80b433ab4e1c625067d0f3c"
0.0,39433088,2,19716544.0,19716544.0,19660294,19772794,79549.5,PushPop,:batch=90ca1faa9451408db049fac73f491f95 phase=decode requests=e6255778e8534404ac5ca8451b4d8752
0.0,39401622,2,19700811.0,19700811.0,19230514,20171108,665100.4,PushPop,":batch=262e6fa3d61c4febb1e73c27256dba99 phase=decode requests=fd7f18ee548942ab846676d2fc7a354e,7b15763fe2a348b4bded9b891807f3b3,b57ae4d5f220486d9e686230c8c5382e,b86f7835c80b433ab4e1c625067d0f3c"
0.0,39398355,2,19699177.5,19699177.5,19676284,19722071,32376.3,PushPop,":batch=b8d387ca17a64e3f9f5b0a1ff98bf8a1 phase=decode requests=dfa53ed7b1db427c979733175e83eed5,1b90b5029a8e4095a0953f707b492bc0,2b642560cfbc46a3b415e89ad3a03675,1d3635c1d1b8417da02febe5bb56858c"
0.0,39376757,2,19688378.5,19688378.5,19232505,20144252,644702.5,PushPop,":batch=6472282290064830bf92c65c98e6c94c phase=decode requests=eef2914bac744c1ea29ede0988703e4c,91919f5803e44b6faa967b57bddb81bd,4eba997a613d41f1b98e92a342465594,2c91d8351bd845e18b1e6646cd0b5f4b"
0.0,39370764,2,19685382.0,19685382.0,19623077,19747687,88112.6,PushPop,:batch=808e659aaaea438cba161cf942c37480 phase=decode requests=25de90a8b4234cdd9f459bf44de5f72b
0.0,39363810,2,19681905.0,19681905.0,19659439,19704371,31771.7,PushPop,":batch=e2b0f6f0b9d84a1395e0a82213469042 phase=decode requests=eef2914bac744c1ea29ede0988703e4c,91919f5803e44b6faa967b57bddb81bd,4eba997a613d41f1b98e92a342465594,2c91d8351bd845e18b1e6646cd0b5f4b"
0.0,39363003,2,19681501.5,19681501.5,19637198,19725805,62654.6,PushPop,":batch=a2a8983391dc43d38e7591d38d32ca17 phase=decode requests=dfa53ed7b1db427c979733175e83eed5,1b90b5029a8e4095a0953f707b492bc0,2b642560cfbc46a3b415e89ad3a03675,1d3635c1d1b8417da02febe5bb56858c"
0.0,39318748,2,19659374.0,19659374.0,19609680,19709068,70277.9,PushPop,:batch=47c0438be8d044b4b1da6a590f23801e phase=decode requests=25de90a8b4234cdd9f459bf44de5f72b
0.0,39302642,2,19651321.0,19651321.0,19618069,19684573,47025.4,PushPop,":batch=71bc56d72e5b47018b73b87b49a7606a phase=decode requests=dfa53ed7b1db427c979733175e83eed5,1b90b5029a8e4095a0953f707b492bc0,2b642560cfbc46a3b415e89ad3a03675,1d3635c1d1b8417da02febe5bb56858c"
0.0,39273363,2,19636681.5,19636681.5,19164615,20108748,667602.8,PushPop,":batch=d6322bd11f8f4e7d9011a11915a6bd18 phase=decode requests=eef2914bac744c1ea29ede0988703e4c,91919f5803e44b6faa967b57bddb81bd,4eba997a613d41f1b98e92a342465594,2c91d8351bd845e18b1e6646cd0b5f4b"
0.0,39273272,2,19636636.0,19636636.0,19627546,19645726,12855.2,PushPop,":batch=c8c9ca33138b41f3a23158f37a0fffb2 phase=decode requests=fd7f18ee548942ab846676d2fc7a354e,7b15763fe2a348b4bded9b891807f3b3,b57ae4d5f220486d9e686230c8c5382e,b86f7835c80b433ab4e1c625067d0f3c"
0.0,39247797,2,19623898.5,19623898.5,19571700,19676097,73819.8,PushPop,":batch=f9866215425d4108a4875af0c3080a3a phase=decode requests=eef2914bac744c1ea29ede0988703e4c,91919f5803e44b6faa967b57bddb81bd,4eba997a613d41f1b98e92a342465594,2c91d8351bd845e18b1e6646cd0b5f4b"
0.0,39231684,2,19615842.0,19615842.0,19555597,19676087,85199.3,PushPop,:batch=d017efcb75ea4f02bd3df36cceca9017 phase=decode requests=25de90a8b4234cdd9f459bf44de5f72b
0.0,39225135,2,19612567.5,19612567.5,19583192,19641943,41543.2,PushPop,:batch=4d2dd5623eef46da8c6f7a2ada499b79 phase=decode requests=f613ba29e5e3458d8e63b0275b98ac68
0.0,39221268,2,19610634.0,19610634.0,19594224,19627044,23207.2,PushPop,:batch=a3bddbfb6a2c482fb1662aae53309943 phase=decode requests=25de90a8b4234cdd9f459bf44de5f72b
0.0,39204972,2,19602486.0,19602486.0,19150934,20054038,638591.0,PushPop,":batch=17495b9815684388b560cb3ef9901032 phase=decode requests=dfa53ed7b1db427c979733175e83eed5,1b90b5029a8e4095a0953f707b492bc0,2b642560cfbc46a3b415e89ad3a03675,1d3635c1d1b8417da02febe5bb56858c"
0.0,39197719,2,19598859.5,19598859.5,19573903,19623816,35293.8,PushPop,:batch=754b4670c65e4a57825bb3508c205b40 phase=decode requests=25de90a8b4234cdd9f459bf44de5f72b
0.0,39175961,2,19587980.5,19587980.5,19548205,19627756,56251.1,PushPop,":batch=782cefcbf7da458bacfb8755b1e99285 phase=decode requests=dfa53ed7b1db427c979733175e83eed5,1b90b5029a8e4095a0953f707b492bc0,2b642560cfbc46a3b415e89ad3a03675,1d3635c1d1b8417da02febe5bb56858c"
0.0,39170970,2,19585485.0,19585485.0,19225323,19945647,509346.0,PushPop,:batch=794f33b016f744fd9d0f4b12059c703d phase=decode requests=e6255778e8534404ac5ca8451b4d8752
0.0,39168967,2,19584483.5,19584483.5,19552789,19616178,44822.8,PushPop,":batch=304ddd005e484bf587b0fbb9adeb79f8 phase=decode requests=fd7f18ee548942ab846676d2fc7a354e,7b15763fe2a348b4bded9b891807f3b3,b57ae4d5f220486d9e686230c8c5382e,b86f7835c80b433ab4e1c625067d0f3c"
0.0,39154287,2,19577143.5,19577143.5,19543207,19611080,47993.5,PushPop,":batch=cf33e371c90644bb939bf1c15a3a1f6f phase=decode requests=fd7f18ee548942ab846676d2fc7a354e,7b15763fe2a348b4bded9b891807f3b3,b57ae4d5f220486d9e686230c8c5382e,b86f7835c80b433ab4e1c625067d0f3c"
0.0,39134345,2,19567172.5,19567172.5,19289663,19844682,392457.7,PushPop,:batch=1a9304621bf5461297ac7d0c7ab2ed3c phase=decode requests=e6255778e8534404ac5ca8451b4d8752
0.0,39113599,2,19556799.5,19556799.5,19517394,19596205,55727.8,PushPop,":batch=56035ec7b6b84c1fb967a86ccafa8238 phase=decode requests=eef2914bac744c1ea29ede0988703e4c,91919f5803e44b6faa967b57bddb81bd,4eba997a613d41f1b98e92a342465594,2c91d8351bd845e18b1e6646cd0b5f4b"
0.0,39099360,2,19549680.0,19549680.0,19504272,19595088,64216.6,PushPop,":batch=c153228a897049aabe646141a80960b0 phase=decode requests=fd7f18ee548942ab846676d2fc7a354e,7b15763fe2a348b4bded9b891807f3b3,b57ae4d5f220486d9e686230c8c5382e,b86f7835c80b433ab4e1c625067d0f3c"
0.0,39098510,2,19549255.0,19549255.0,19091882,20006628,646823.1,PushPop,:batch=afb838f06d2c4eceb5477bf33ce03f41 phase=decode requests=e6255778e8534404ac5ca8451b4d8752
0.0,39097918,2,19548959.0,19548959.0,19515868,19582050,46797.7,PushPop,":batch=562543580ab649faa74086c237a6af65 phase=decode requests=fd7f18ee548942ab846676d2fc7a354e,7b15763fe2a348b4bded9b891807f3b3,b57ae4d5f220486d9e686230c8c5382e,b86f7835c80b433ab4e1c625067d0f3c"
0.0,39090164,2,19545082.0,19545082.0,19507001,19583163,53854.7,PushPop,":batch=32036a4e594d4c679ba6f6ad55543c4e phase=decode requests=fd7f18ee548942ab846676d2fc7a354e,7b15763fe2a348b4bded9b891807f3b3,b57ae4d5f220486d9e686230c8c5382e,b86f7835c80b433ab4e1c625067d0f3c"
0.0,39084587,2,19542293.5,19542293.5,19465459,19619128,108660.4,PushPop,:batch=2c4ce4a623424a198f8925bf04bd4028 phase=decode requests=25de90a8b4234cdd9f459bf44de5f72b
0.0,39067740,2,19533870.0,19533870.0,19068319,19999421,658388.5,PushPop,":batch=42a849a16f694a42a5f072222be66de5 phase=decode requests=1811f6ebf58e4b0ea2292b35146cd35f,612ab6a155ee43be83ea6696bd5b8b7f,04a26fdd847647a5a094bbafb63bc469,5f8f2308efff494a9a6a2fa3d4ecc35c"
0.0,39043697,2,19521848.5,19521848.5,19499295,19544402,31895.5,PushPop,:batch=548fd07a441e40eead22e98c31f8e7e3 phase=decode requests=e6255778e8534404ac5ca8451b4d8752
0.0,39035424,2,19517712.0,19517712.0,19517599,19517825,159.8,PushPop,":batch=7bd26f162299469bbba8bbdebb5df503 phase=decode requests=fd7f18ee548942ab846676d2fc7a354e,7b15763fe2a348b4bded9b891807f3b3,b57ae4d5f220486d9e686230c8c5382e,b86f7835c80b433ab4e1c625067d0f3c"
0.0,38999609,2,19499804.5,19499804.5,19462920,19536689,52162.6,PushPop,":batch=5049483a884f4c2fa1441f9fa0b6458d phase=decode requests=fd7f18ee548942ab846676d2fc7a354e,7b15763fe2a348b4bded9b891807f3b3,b57ae4d5f220486d9e686230c8c5382e,b86f7835c80b433ab4e1c625067d0f3c"
0.0,38997552,2,19498776.0,19498776.0,18985866,20011686,725364.3,PushPop,":batch=7698d2740b8444c7a765e526da85a8be phase=decode requests=dfa53ed7b1db427c979733175e83eed5,1b90b5029a8e4095a0953f707b492bc0,2b642560cfbc46a3b415e89ad3a03675,1d3635c1d1b8417da02febe5bb56858c"
0.0,38994643,2,19497321.5,19497321.5,19186047,19808596,440208.6,PushPop,:batch=e426fd790c194976988f0636a383e5f4 phase=decode requests=f613ba29e5e3458d8e63b0275b98ac68
0.0,38946537,2,19473268.5,19473268.5,19429805,19516732,61466.7,PushPop,":batch=351f5badcf0c4b5ea4f708cd2e63684d phase=decode requests=eef2914bac744c1ea29ede0988703e4c,91919f5803e44b6faa967b57bddb81bd,4eba997a613d41f1b98e92a342465594,2c91d8351bd845e18b1e6646cd0b5f4b"
0.0,38945788,2,19472894.0,19472894.0,19448404,19497384,34634.1,PushPop,":batch=cc227575c69f478dab26120201fd50f4 phase=decode requests=eef2914bac744c1ea29ede0988703e4c,91919f5803e44b6faa967b57bddb81bd,4eba997a613d41f1b98e92a342465594,2c91d8351bd845e18b1e6646cd0b5f4b"
0.0,38940163,2,19470081.5,19470081.5,19461992,19478171,11440.3,PushPop,:batch=b63cb8296ded45a7ae10f750ecd968ef phase=decode requests=268bc1a668514718addc6aee590d0f20
0.0,38933538,2,19466769.0,19466769.0,19146982,19786556,452247.1,PushPop,:batch=1f29df2138354d538434a152411c1c40 phase=decode requests=f613ba29e5e3458d8e63b0275b98ac68
0.0,38929639,2,19464819.5,19464819.5,19427375,19502264,52954.5,PushPop,":batch=126fa44829244e85a67bd6489feb1717 phase=decode requests=dfa53ed7b1db427c979733175e83eed5,1b90b5029a8e4095a0953f707b492bc0,2b642560cfbc46a3b415e89ad3a03675,1d3635c1d1b8417da02febe5bb56858c"
0.0,38902580,2,19451290.0,19451290.0,19411603,19490977,56125.9,PushPop,":batch=72f5d9a9830546cdbc7790d767edb572 phase=decode requests=dfa53ed7b1db427c979733175e83eed5,1b90b5029a8e4095a0953f707b492bc0,2b642560cfbc46a3b415e89ad3a03675,1d3635c1d1b8417da02febe5bb56858c"
0.0,38890247,2,19445123.5,19445123.5,19407558,19482689,53125.6,PushPop,":batch=b60b652dbc76498d935dea52dd017a92 phase=decode requests=dfa53ed7b1db427c979733175e83eed5,1b90b5029a8e4095a0953f707b492bc0,2b642560cfbc46a3b415e89ad3a03675,1d3635c1d1b8417da02febe5bb56858c"
0.0,38854086,2,19427043.0,19427043.0,18954372,19899714,668457.7,PushPop,:batch=cc915d7da61a4938b8f0cd7e5cc8f010 phase=decode requests=25de90a8b4234cdd9f459bf44de5f72b
0.0,38839548,2,19419774.0,19419774.0,19390870,19448678,40876.4,PushPop,:batch=9a38b3f9393449b297e82f8d0ebc6443 phase=decode requests=f613ba29e5e3458d8e63b0275b98ac68
0.0,38839532,2,19419766.0,19419766.0,19395427,19444105,34420.5,PushPop,":batch=1e067a04b66f45209a22535e6209eb26 phase=decode requests=dfa53ed7b1db427c979733175e83eed5,1b90b5029a8e4095a0953f707b492bc0,2b642560cfbc46a3b415e89ad3a03675,1d3635c1d1b8417da02febe5bb56858c"
0.0,38818982,2,19409491.0,19409491.0,19375134,19443848,48588.1,PushPop,":batch=9cb0f76275c64f81a500fff9fdee303f phase=decode requests=dfa53ed7b1db427c979733175e83eed5,1b90b5029a8e4095a0953f707b492bc0,2b642560cfbc46a3b415e89ad3a03675,1d3635c1d1b8417da02febe5bb56858c"
0.0,38778332,2,19389166.0,19389166.0,19324759,19453573,91085.3,PushPop,:batch=e3216a8771134da3869f8f52bfc23cff phase=decode requests=f613ba29e5e3458d8e63b0275b98ac68
0.0,38771325,2,19385662.5,19385662.5,19363391,19407934,31496.7,PushPop,:batch=d7f56d8fb8ba4b16933546a08229f60d phase=decode requests=f613ba29e5e3458d8e63b0275b98ac68
0.0,38764835,2,19382417.5,19382417.5,19329266,19435569,75167.6,PushPop,:batch=6aada958053846a3b073fb43c226abc6 phase=decode requests=e6255778e8534404ac5ca8451b4d8752
0.0,38760479,2,19380239.5,19380239.5,19327270,19433209,74910.2,PushPop,":batch=323ec79b6b48473c8f24ef9517e6c283 phase=decode requests=dfa53ed7b1db427c979733175e83eed5,1b90b5029a8e4095a0953f707b492bc0,2b642560cfbc46a3b415e89ad3a03675,1d3635c1d1b8417da02febe5bb56858c"
0.0,38758158,2,19379079.0,19379079.0,18838888,19919270,763945.4,PushPop,":batch=9c42a1c93eb0415798ee821c0cfa375b phase=decode requests=dfa53ed7b1db427c979733175e83eed5,1b90b5029a8e4095a0953f707b492bc0,2b642560cfbc46a3b415e89ad3a03675,1d3635c1d1b8417da02febe5bb56858c"
0.0,38749774,2,19374887.0,19374887.0,19328704,19421070,65312.6,PushPop,":batch=23535e7fdf484c8a9c708f87bdc758be phase=decode requests=dfa53ed7b1db427c979733175e83eed5,1b90b5029a8e4095a0953f707b492bc0,2b642560cfbc46a3b415e89ad3a03675,1d3635c1d1b8417da02febe5bb56858c"
0.0,38749038,2,19374519.0,19374519.0,18975728,19773310,563975.6,PushPop,":batch=22873c489f0141b2a52dd469173a3a2f phase=decode requests=dfa53ed7b1db427c979733175e83eed5,1b90b5029a8e4095a0953f707b492bc0,2b642560cfbc46a3b415e89ad3a03675,1d3635c1d1b8417da02febe5bb56858c"
0.0,38717831,2,19358915.5,19358915.5,19296695,19421136,87993.1,PushPop,":batch=9ace6b2c6e6a46ef8325887ad86a7474 phase=decode requests=1811f6ebf58e4b0ea2292b35146cd35f,612ab6a155ee43be83ea6696bd5b8b7f,04a26fdd847647a5a094bbafb63bc469,5f8f2308efff494a9a6a2fa3d4ecc35c"
0.0,38705489,2,19352744.5,19352744.5,18819141,19886348,754629.3,PushPop,":batch=2a518dc72ded4e8b9ccd414a9605fad0 phase=decode requests=dfa53ed7b1db427c979733175e83eed5,1b90b5029a8e4095a0953f707b492bc0,2b642560cfbc46a3b415e89ad3a03675,1d3635c1d1b8417da02febe5bb56858c"
0.0,38701812,2,19350906.0,19350906.0,19292660,19409152,82372.3,PushPop,:batch=1d855bcc88814c578ecb6dfb92cb839d phase=decode requests=25de90a8b4234cdd9f459bf44de5f72b
0.0,38695137,2,19347568.5,19347568.5,19301269,19393868,65477.4,PushPop,:batch=77c639385e73406d963df72d21d60539 phase=decode requests=f613ba29e5e3458d8e63b0275b98ac68
0.0,38689074,2,19344537.0,19344537.0,19309911,19379163,48968.6,PushPop,":batch=3969ed3776914f3e9c1e683097216a1e phase=decode requests=dfa53ed7b1db427c979733175e83eed5,1b90b5029a8e4095a0953f707b492bc0,2b642560cfbc46a3b415e89ad3a03675,1d3635c1d1b8417da02febe5bb56858c"
0.0,38684666,2,19342333.0,19342333.0,19293956,19390710,68415.4,PushPop,:batch=dbb039ab8c1a46a9b2b41613d98bc1dc phase=decode requests=f613ba29e5e3458d8e63b0275b98ac68
0.0,38679816,2,19339908.0,19339908.0,19323416,19356400,23323.2,PushPop,:batch=0a334970ec314dd89af8404c2507c50d phase=decode requests=268bc1a668514718addc6aee590d0f20
0.0,38666195,2,19333097.5,19333097.5,19291820,19374375,58375.2,PushPop,:batch=f1d325dccded49f080e1ba4ba15e38e8 phase=decode requests=25de90a8b4234cdd9f459bf44de5f72b
0.0,38664773,2,19332386.5,19332386.5,18873787,19790986,648557.6,PushPop,:batch=e566294f4ca54389a39b90cfc9aae846 phase=decode requests=25de90a8b4234cdd9f459bf44de5f72b
0.0,38661343,2,19330671.5,19330671.5,19281846,19379497,69049.7,PushPop,":batch=b207f81eb2fd4ef0b0eb3e87cacc2f6c phase=decode requests=dfa53ed7b1db427c979733175e83eed5,1b90b5029a8e4095a0953f707b492bc0,2b642560cfbc46a3b415e89ad3a03675,1d3635c1d1b8417da02febe5bb56858c"
0.0,38658424,2,19329212.0,19329212.0,19299834,19358590,41546.8,PushPop,":batch=082e7a5d48e84d099d42f65a6eca5174 phase=decode requests=dfa53ed7b1db427c979733175e83eed5,1b90b5029a8e4095a0953f707b492bc0,2b642560cfbc46a3b415e89ad3a03675,1d3635c1d1b8417da02febe5bb56858c"
0.0,38652159,2,19326079.5,19326079.5,19291385,19360774,49065.4,PushPop,":batch=e194bcf7340e4ef3b15a211466ba0cba phase=decode requests=fd7f18ee548942ab846676d2fc7a354e,7b15763fe2a348b4bded9b891807f3b3,b57ae4d5f220486d9e686230c8c5382e,b86f7835c80b433ab4e1c625067d0f3c"
0.0,38633283,2,19316641.5,19316641.5,19292289,19340994,34439.6,PushPop,":batch=42e61e7a370c4633b5f1d947e8ed1794 phase=decode requests=dfa53ed7b1db427c979733175e83eed5,1b90b5029a8e4095a0953f707b492bc0,2b642560cfbc46a3b415e89ad3a03675,1d3635c1d1b8417da02febe5bb56858c"
0.0,38625924,2,19312962.0,19312962.0,19256442,19369482,79931.4,PushPop,":batch=0fd88a14de6544249386956251c8c89f phase=decode requests=fd7f18ee548942ab846676d2fc7a354e,7b15763fe2a348b4bded9b891807f3b3,b57ae4d5f220486d9e686230c8c5382e,b86f7835c80b433ab4e1c625067d0f3c"
0.0,38623655,2,19311827.5,19311827.5,18801178,19822477,722167.4,PushPop,":batch=cba67eabbbc940d78be84219623e12be phase=decode requests=dfa53ed7b1db427c979733175e83eed5,1b90b5029a8e4095a0953f707b492bc0,2b642560cfbc46a3b415e89ad3a03675,1d3635c1d1b8417da02febe5bb56858c"
0.0,38622455,2,19311227.5,19311227.5,19287956,19334499,32910.9,PushPop,":batch=86367b4dc1a24fbb81eb52119e41d9f6 phase=decode requests=1811f6ebf58e4b0ea2292b35146cd35f,612ab6a155ee43be83ea6696bd5b8b7f,04a26fdd847647a5a094bbafb63bc469,5f8f2308efff494a9a6a2fa3d4ecc35c"
0.0,38613867,2,19306933.5,19306933.5,19290805,19323062,22809.1,PushPop,:batch=c4e624fb19ed41598d100a4e965caa3f phase=decode requests=f613ba29e5e3458d8e63b0275b98ac68
0.0,38607053,2,19303526.5,19303526.5,19280544,19326509,32502.2,PushPop,:batch=8e2f8f35cb0a46a38777e196c15d96c9 phase=decode requests=268bc1a668514718addc6aee590d0f20
0.0,38590320,2,19295160.0,19295160.0,18789501,19800819,715109.8,PushPop,":batch=58a8e1f397bc40af822dab339259112a phase=decode requests=dfa53ed7b1db427c979733175e83eed5,1b90b5029a8e4095a0953f707b492bc0,2b642560cfbc46a3b415e89ad3a03675,1d3635c1d1b8417da02febe5bb56858c"
0.0,38582573,2,19291286.5,19291286.5,19264806,19317767,37449.1,PushPop,":batch=6d993e3b189040548379240a6f22fdef phase=decode requests=1811f6ebf58e4b0ea2292b35146cd35f,612ab6a155ee43be83ea6696bd5b8b7f,04a26fdd847647a5a094bbafb63bc469,5f8f2308efff494a9a6a2fa3d4ecc35c"
0.0,38577433,2,19288716.5,19288716.5,19252672,19324761,50974.6,PushPop,:batch=53d9a5f9939b45bca4a46d04471cbcf0 phase=decode requests=25de90a8b4234cdd9f459bf44de5f72b
0.0,38566868,2,19283434.0,19283434.0,19245075,19321793,54247.8,PushPop,":batch=1f4b38b93c224027a229605b60a2d1bc phase=decode requests=1811f6ebf58e4b0ea2292b35146cd35f,612ab6a155ee43be83ea6696bd5b8b7f,04a26fdd847647a5a094bbafb63bc469,5f8f2308efff494a9a6a2fa3d4ecc35c"
0.0,38565401,2,19282700.5,19282700.5,19253875,19311526,40765.4,PushPop,":batch=b19a982b60984b5a8e6c057437577fc8 phase=decode requests=dfa53ed7b1db427c979733175e83eed5,1b90b5029a8e4095a0953f707b492bc0,2b642560cfbc46a3b415e89ad3a03675,1d3635c1d1b8417da02febe5bb56858c"
0.0,38563592,2,19281796.0,19281796.0,19240449,19323143,58473.5,PushPop,":batch=7bc40541491a46acba6f93eead9afc11 phase=decode requests=dfa53ed7b1db427c979733175e83eed5,1b90b5029a8e4095a0953f707b492bc0,2b642560cfbc46a3b415e89ad3a03675,1d3635c1d1b8417da02febe5bb56858c"
0.0,38548048,2,19274024.0,19274024.0,19220483,19327565,75718.4,PushPop,:batch=3096d4f393124a3aaa102df47192ea0b phase=decode requests=e6255778e8534404ac5ca8451b4d8752
0.0,38545454,2,19272727.0,19272727.0,19248936,19296518,33645.6,PushPop,:batch=622420b7df7247449b2a66acfc00f14a phase=decode requests=f613ba29e5e3458d8e63b0275b98ac68
0.0,38534577,2,19267288.5,19267288.5,19218386,19316191,69158.6,PushPop,:batch=5cde20bc71534ffd92bbdd020ec404a0 phase=decode requests=e6255778e8534404ac5ca8451b4d8752
0.0,38532050,2,19266025.0,19266025.0,19205713,19326337,85294.0,PushPop,":batch=57ef9f63d5b848f0a8303d45f4529f73 phase=decode requests=dfa53ed7b1db427c979733175e83eed5,1b90b5029a8e4095a0953f707b492bc0,2b642560cfbc46a3b415e89ad3a03675,1d3635c1d1b8417da02febe5bb56858c"
0.0,38523393,2,19261696.5,19261696.5,18798981,19724412,654378.5,PushPop,":batch=cf646364db2a4e7fad1a1f7642602c10 phase=decode requests=1811f6ebf58e4b0ea2292b35146cd35f,612ab6a155ee43be83ea6696bd5b8b7f,04a26fdd847647a5a094bbafb63bc469,5f8f2308efff494a9a6a2fa3d4ecc35c"
0.0,38516539,2,19258269.5,19258269.5,19226036,19290503,45585.1,PushPop,":batch=9bbede074548437c84db1455c25f6ce2 phase=decode requests=1811f6ebf58e4b0ea2292b35146cd35f,612ab6a155ee43be83ea6696bd5b8b7f,04a26fdd847647a5a094bbafb63bc469,5f8f2308efff494a9a6a2fa3d4ecc35c"
0.0,38512221,2,19256110.5,19256110.5,19233170,19279051,32442.8,PushPop,:batch=d2c75cdff292414c97b2cecc30f9fafa phase=decode requests=e6255778e8534404ac5ca8451b4d8752
0.0,38507973,2,19253986.5,19253986.5,19208998,19298975,63623.3,PushPop,":batch=26ce3cf23b924667be6c3000ad436086 phase=decode requests=dfa53ed7b1db427c979733175e83eed5,1b90b5029a8e4095a0953f707b492bc0,2b642560cfbc46a3b415e89ad3a03675,1d3635c1d1b8417da02febe5bb56858c"
0.0,38502966,2,19251483.0,19251483.0,19209972,19292994,58705.4,PushPop,:batch=3ef46b0686c84eba9e593154f34e68a5 phase=decode requests=e6255778e8534404ac5ca8451b4d8752
0.0,38497330,2,19248665.0,19248665.0,19223085,19274245,36175.6,PushPop,":batch=5c615b7c41854120af0c8b08d7c603f1 phase=decode requests=fd7f18ee548942ab846676d2fc7a354e,7b15763fe2a348b4bded9b891807f3b3,b57ae4d5f220486d9e686230c8c5382e,b86f7835c80b433ab4e1c625067d0f3c"
0.0,38497123,2,19248561.5,19248561.5,19193893,19303230,77312.9,PushPop,":batch=4cb4279efa5743d790723498f4d9c349 phase=decode requests=1811f6ebf58e4b0ea2292b35146cd35f,612ab6a155ee43be83ea6696bd5b8b7f,04a26fdd847647a5a094bbafb63bc469,5f8f2308efff494a9a6a2fa3d4ecc35c"
0.0,38497094,2,19248547.0,19248547.0,19211501,19285593,52391.0,PushPop,:batch=614fe71110684271820b7ca73aadb33a phase=decode requests=25de90a8b4234cdd9f459bf44de5f72b
0.0,38485351,2,19242675.5,19242675.5,19210659,19274692,45278.2,PushPop,":batch=bbf387db78ac45ab9414584d060e4849 phase=decode requests=dfa53ed7b1db427c979733175e83eed5,1b90b5029a8e4095a0953f707b492bc0,2b642560cfbc46a3b415e89ad3a03675,1d3635c1d1b8417da02febe5bb56858c"
0.0,38482468,2,19241234.0,19241234.0,19228169,19254299,18476.7,PushPop,":batch=6eec038e5a2147fc9a774928d0d35b19 phase=decode requests=fd7f18ee548942ab846676d2fc7a354e,7b15763fe2a348b4bded9b891807f3b3,b57ae4d5f220486d9e686230c8c5382e,b86f7835c80b433ab4e1c625067d0f3c"
0.0,38479447,2,19239723.5,19239723.5,18845071,19634376,558122.9,PushPop,:batch=6e4627540e854626a7384511d44d3274 phase=decode requests=e6255778e8534404ac5ca8451b4d8752
0.0,38462632,2,19231316.0,19231316.0,19187056,19275576,62593.1,PushPop,":batch=bd096726a98e46a7bda3d77689a2647d phase=decode requests=dfa53ed7b1db427c979733175e83eed5,1b90b5029a8e4095a0953f707b492bc0,2b642560cfbc46a3b415e89ad3a03675,1d3635c1d1b8417da02febe5bb56858c"
0.0,38458831,2,19229415.5,19229415.5,19204174,19254657,35696.9,PushPop,":batch=95fca5107ebf433fa8ff04de760ac973 phase=decode requests=fd7f18ee548942ab846676d2fc7a354e,7b15763fe2a348b4bded9b891807f3b3,b57ae4d5f220486d9e686230c8c5382e,b86f7835c80b433ab4e1c625067d0f3c"
0.0,38457492,2,19228746.0,19228746.0,19188451,19269041,56985.7,PushPop,":batch=47c5d3ac1ca14536b4a955e1c2121680 phase=decode requests=dfa53ed7b1db427c979733175e83eed5,1b90b5029a8e4095a0953f707b492bc0,2b642560cfbc46a3b415e89ad3a03675,1d3635c1d1b8417da02febe5bb56858c"
0.0,38456441,2,19228220.5,19228220.5,19195912,19260529,45691.1,PushPop,":batch=60b76eb334ea4b6888a007ba9b21a7d9 phase=decode requests=dfa53ed7b1db427c979733175e83eed5,1b90b5029a8e4095a0953f707b492bc0,2b642560cfbc46a3b415e89ad3a03675,1d3635c1d1b8417da02febe5bb56858c"
0.0,38454884,2,19227442.0,19227442.0,19193100,19261784,48566.9,PushPop,:batch=9864745004b9467da1826af552c86a6f phase=decode requests=e6255778e8534404ac5ca8451b4d8752
0.0,38452256,2,19226128.0,19226128.0,19217304,19234952,12479.0,PushPop,":batch=8005d79e26684e248f24b77b1fc8111a phase=decode requests=dfa53ed7b1db427c979733175e83eed5,1b90b5029a8e4095a0953f707b492bc0,2b642560cfbc46a3b415e89ad3a03675,1d3635c1d1b8417da02febe5bb56858c"
0.0,38448867,2,19224433.5,19224433.5,19185233,19263634,55437.9,PushPop,":batch=760a0b0b61644674813affad9ff1f53d phase=decode requests=fd7f18ee548942ab846676d2fc7a354e,7b15763fe2a348b4bded9b891807f3b3,b57ae4d5f220486d9e686230c8c5382e,b86f7835c80b433ab4e1c625067d0f3c"
0.0,38446666,2,19223333.0,19223333.0,19188043,19258623,49907.6,PushPop,:batch=5d873e80670d46fab4077eb60217b434 phase=decode requests=25de90a8b4234cdd9f459bf44de5f72b
0.0,38440495,2,19220247.5,19220247.5,19191406,19249089,40788.0,PushPop,":batch=d3b693248bdf4688b67c85de41e75c58 phase=decode requests=eef2914bac744c1ea29ede0988703e4c,91919f5803e44b6faa967b57bddb81bd,4eba997a613d41f1b98e92a342465594,2c91d8351bd845e18b1e6646cd0b5f4b"
0.0,38437105,2,19218552.5,19218552.5,18698533,19738572,735418.6,PushPop,":batch=8d6d0435d1ac4e41b92fab62c05c0fbe phase=decode requests=dfa53ed7b1db427c979733175e83eed5,1b90b5029a8e4095a0953f707b492bc0,2b642560cfbc46a3b415e89ad3a03675,1d3635c1d1b8417da02febe5bb56858c"
0.0,38429640,2,19214820.0,19214820.0,19192078,19237562,32162.0,PushPop,":batch=0a68a965701446378cd4e300363a0fc5 phase=decode requests=dfa53ed7b1db427c979733175e83eed5,1b90b5029a8e4095a0953f707b492bc0,2b642560cfbc46a3b415e89ad3a03675,1d3635c1d1b8417da02febe5bb56858c"
0.0,38428464,2,19214232.0,19214232.0,19165712,19262752,68617.6,PushPop,":batch=53c379fc95ee4dd794d737257130c146 phase=decode requests=1811f6ebf58e4b0ea2292b35146cd35f,612ab6a155ee43be83ea6696bd5b8b7f,04a26fdd847647a5a094bbafb63bc469,5f8f2308efff494a9a6a2fa3d4ecc35c"
0.0,38420310,2,19210155.0,19210155.0,19167467,19252843,60369.9,PushPop,":batch=1d2c1d584c7840dda63899233ef37865 phase=decode requests=1811f6ebf58e4b0ea2292b35146cd35f,612ab6a155ee43be83ea6696bd5b8b7f,04a26fdd847647a5a094bbafb63bc469,5f8f2308efff494a9a6a2fa3d4ecc35c"
0.0,38418514,2,19209257.0,19209257.0,19182351,19236163,38050.8,PushPop,":batch=e5970cde86d744bc86345d1fbb69cabe phase=decode requests=dfa53ed7b1db427c979733175e83eed5,1b90b5029a8e4095a0953f707b492bc0,2b642560cfbc46a3b415e89ad3a03675,1d3635c1d1b8417da02febe5bb56858c"
0.0,38411966,2,19205983.0,19205983.0,19168913,19243053,52424.9,PushPop,:batch=fa8b60327df74280be6cc5d7f298cf89 phase=decode requests=f613ba29e5e3458d8e63b0275b98ac68
0.0,38411817,2,19205908.5,19205908.5,19174335,19237482,44651.7,PushPop,":batch=f26b5d25b7234f6f944445dffd01ab8b phase=decode requests=dfa53ed7b1db427c979733175e83eed5,1b90b5029a8e4095a0953f707b492bc0,2b642560cfbc46a3b415e89ad3a03675,1d3635c1d1b8417da02febe5bb56858c"
0.0,38410600,2,19205300.0,19205300.0,19178172,19232428,38364.8,PushPop,":batch=3fc5f36f115e49808381439d298a61ac phase=decode requests=dfa53ed7b1db427c979733175e83eed5,1b90b5029a8e4095a0953f707b492bc0,2b642560cfbc46a3b415e89ad3a03675,1d3635c1d1b8417da02febe5bb56858c"
0.0,38407364,2,19203682.0,19203682.0,19168098,19239266,50323.4,PushPop,":batch=4340d10f2fe44a3b8bd4560e81286ba2 phase=decode requests=dfa53ed7b1db427c979733175e83eed5,1b90b5029a8e4095a0953f707b492bc0,2b642560cfbc46a3b415e89ad3a03675,1d3635c1d1b8417da02febe5bb56858c"
0.0,38385815,2,19192907.5,19192907.5,19116191,19269624,108493.5,PushPop,:batch=9d780bfe9d7e4c9d974be79ad242c7d2 phase=decode requests=268bc1a668514718addc6aee590d0f20
0.0,38382918,2,19191459.0,19191459.0,19146137,19236781,64095.0,PushPop,":batch=1682ad048d034bb2973ad5a1db8da2ce phase=decode requests=dfa53ed7b1db427c979733175e83eed5,1b90b5029a8e4095a0953f707b492bc0,2b642560cfbc46a3b415e89ad3a03675,1d3635c1d1b8417da02febe5bb56858c"
0.0,38381596,2,19190798.0,19190798.0,19141288,19240308,70017.7,PushPop,":batch=aded37fe78c140a9b80afb2a90c2cc38 phase=decode requests=dfa53ed7b1db427c979733175e83eed5,1b90b5029a8e4095a0953f707b492bc0,2b642560cfbc46a3b415e89ad3a03675,1d3635c1d1b8417da02febe5bb56858c"
0.0,38380032,2,19190016.0,19190016.0,19185961,19194071,5734.6,PushPop,":batch=3da4be0d16594ccda83cb7b7116daaa3 phase=decode requests=fd7f18ee548942ab846676d2fc7a354e,7b15763fe2a348b4bded9b891807f3b3,b57ae4d5f220486d9e686230c8c5382e,b86f7835c80b433ab4e1c625067d0f3c"
0.0,38372717,2,19186358.5,19186358.5,19158421,19214296,39509.6,PushPop,":batch=e5592c89cfb94282be65f1c102e90a8d phase=decode requests=dfa53ed7b1db427c979733175e83eed5,1b90b5029a8e4095a0953f707b492bc0,2b642560cfbc46a3b415e89ad3a03675,1d3635c1d1b8417da02febe5bb56858c"
0.0,38355876,2,19177938.0,19177938.0,19144690,19211186,47019.8,PushPop,":batch=7909225821c14e1eab6ec2816a923bf4 phase=decode requests=dfa53ed7b1db427c979733175e83eed5,1b90b5029a8e4095a0953f707b492bc0,2b642560cfbc46a3b415e89ad3a03675,1d3635c1d1b8417da02febe5bb56858c"
0.0,38348046,2,19174023.0,19174023.0,19127564,19220482,65702.9,PushPop,":batch=4fbf0b65fe6c40f8b5a9109ed956c886 phase=decode requests=dfa53ed7b1db427c979733175e83eed5,1b90b5029a8e4095a0953f707b492bc0,2b642560cfbc46a3b415e89ad3a03675,1d3635c1d1b8417da02febe5bb56858c"
0.0,38340529,2,19170264.5,19170264.5,19152124,19188405,25654.5,PushPop,":batch=fa9f2557bcc44c1c953983ad2da71e0b phase=decode requests=eef2914bac744c1ea29ede0988703e4c,91919f5803e44b6faa967b57bddb81bd,4eba997a613d41f1b98e92a342465594,2c91d8351bd845e18b1e6646cd0b5f4b"
0.0,38339519,2,19169759.5,19169759.5,19130342,19209177,55744.8,PushPop,:batch=71c9874126674c78b49eb0f585858819 phase=decode requests=f613ba29e5e3458d8e63b0275b98ac68
0.0,38338968,2,19169484.0,19169484.0,18719225,19619743,636762.4,PushPop,":batch=10ec1c2ed2634bd4859dc6a8972325de phase=decode requests=dfa53ed7b1db427c979733175e83eed5,1b90b5029a8e4095a0953f707b492bc0,2b642560cfbc46a3b415e89ad3a03675,1d3635c1d1b8417da02febe5bb56858c"
0.0,38334693,2,19167346.5,19167346.5,19124047,19210646,61234.7,PushPop,":batch=b129432aa8034a48b73f6d0ab7e2ccdf phase=decode requests=dfa53ed7b1db427c979733175e83eed5,1b90b5029a8e4095a0953f707b492bc0,2b642560cfbc46a3b415e89ad3a03675,1d3635c1d1b8417da02febe5bb56858c"
0.0,38330572,2,19165286.0,19165286.0,19135877,19194695,41590.6,PushPop,":batch=7d7749506f734ebcb082f267336bf12a phase=decode requests=1811f6ebf58e4b0ea2292b35146cd35f,612ab6a155ee43be83ea6696bd5b8b7f,04a26fdd847647a5a094bbafb63bc469,5f8f2308efff494a9a6a2fa3d4ecc35c"
0.0,38329237,2,19164618.5,19164618.5,19128342,19200895,51302.7,PushPop,":batch=90c36d89298c4194b15a6b7e8c73cfc2 phase=decode requests=1811f6ebf58e4b0ea2292b35146cd35f,612ab6a155ee43be83ea6696bd5b8b7f,04a26fdd847647a5a094bbafb63bc469,5f8f2308efff494a9a6a2fa3d4ecc35c"
0.0,38321686,2,19160843.0,19160843.0,19129543,19192143,44264.9,PushPop,:batch=969c6d9853464039b91ec837d9f41ae8 phase=decode requests=25de90a8b4234cdd9f459bf44de5f72b
0.0,38319843,2,19159921.5,19159921.5,19121855,19197988,53834.2,PushPop,":batch=70eca4494f9e41babb1843d3274886cf phase=decode requests=dfa53ed7b1db427c979733175e83eed5,1b90b5029a8e4095a0953f707b492bc0,2b642560cfbc46a3b415e89ad3a03675,1d3635c1d1b8417da02febe5bb56858c"
0.0,38319682,2,19159841.0,19159841.0,19122263,19197419,53143.3,PushPop,":batch=0a7944ce79a34b71883be60f00a9b99d phase=decode requests=dfa53ed7b1db427c979733175e83eed5,1b90b5029a8e4095a0953f707b492bc0,2b642560cfbc46a3b415e89ad3a03675,1d3635c1d1b8417da02febe5bb56858c"
0.0,38317933,2,19158966.5,19158966.5,19115996,19201937,60769.5,PushPop,":batch=a4eafb1b8b5c4159b85fa97ea6acf7dd phase=decode requests=dfa53ed7b1db427c979733175e83eed5,1b90b5029a8e4095a0953f707b492bc0,2b642560cfbc46a3b415e89ad3a03675,1d3635c1d1b8417da02febe5bb56858c"
0.0,38315760,2,19157880.0,19157880.0,19130012,19185748,39411.3,PushPop,":batch=deb530eb633b496c81ce6320c2e76884 phase=decode requests=fd7f18ee548942ab846676d2fc7a354e,7b15763fe2a348b4bded9b891807f3b3,b57ae4d5f220486d9e686230c8c5382e,b86f7835c80b433ab4e1c625067d0f3c"
0.0,38310112,2,19155056.0,19155056.0,19108773,19201339,65454.0,PushPop,":batch=0f8458f945024744a96bab8275cec562 phase=decode requests=dfa53ed7b1db427c979733175e83eed5,1b90b5029a8e4095a0953f707b492bc0,2b642560cfbc46a3b415e89ad3a03675,1d3635c1d1b8417da02febe5bb56858c"
0.0,38308298,2,19154149.0,19154149.0,18677885,19630413,673539.0,PushPop,":batch=2ebb215539d5460382aef5f5944c5d39 phase=decode requests=dfa53ed7b1db427c979733175e83eed5,1b90b5029a8e4095a0953f707b492bc0,2b642560cfbc46a3b415e89ad3a03675,1d3635c1d1b8417da02febe5bb56858c"
0.0,38307216,2,19153608.0,19153608.0,18649976,19657240,712243.2,PushPop,":batch=18bdd761e29a40b9a0c186d2563108f2 phase=decode requests=dfa53ed7b1db427c979733175e83eed5,1b90b5029a8e4095a0953f707b492bc0,2b642560cfbc46a3b415e89ad3a03675,1d3635c1d1b8417da02febe5bb56858c"
0.0,38304095,2,19152047.5,19152047.5,19112224,19191871,56318.9,PushPop,":batch=47e1540fbc1442dc8f4a874c91a4c1f6 phase=decode requests=dfa53ed7b1db427c979733175e83eed5,1b90b5029a8e4095a0953f707b492bc0,2b642560cfbc46a3b415e89ad3a03675,1d3635c1d1b8417da02febe5bb56858c"
0.0,38303806,2,19151903.0,19151903.0,19115495,19188311,51488.7,PushPop,":batch=d320872b832443ccb297db4162e82e62 phase=decode requests=dfa53ed7b1db427c979733175e83eed5,1b90b5029a8e4095a0953f707b492bc0,2b642560cfbc46a3b415e89ad3a03675,1d3635c1d1b8417da02febe5bb56858c"
0.0,38293167,2,19146583.5,19146583.5,19109190,19183977,52882.4,PushPop,":batch=8acb985d9cbd45359ab396dac94d21c7 phase=decode requests=dfa53ed7b1db427c979733175e83eed5,1b90b5029a8e4095a0953f707b492bc0,2b642560cfbc46a3b415e89ad3a03675,1d3635c1d1b8417da02febe5bb56858c"
0.0,38289216,2,19144608.0,19144608.0,19094903,19194313,70293.5,PushPop,":batch=57fb1af48a2947b39ce9e818f3537004 phase=decode requests=1811f6ebf58e4b0ea2292b35146cd35f,612ab6a155ee43be83ea6696bd5b8b7f,04a26fdd847647a5a094bbafb63bc469,5f8f2308efff494a9a6a2fa3d4ecc35c"
0.0,38280190,2,19140095.0,19140095.0,19069258,19210932,100178.6,PushPop,":batch=3e1764c5c5414f368f51f6c4ec47123f phase=decode requests=1811f6ebf58e4b0ea2292b35146cd35f,612ab6a155ee43be83ea6696bd5b8b7f,04a26fdd847647a5a094bbafb63bc469,5f8f2308efff494a9a6a2fa3d4ecc35c"
0.0,38279638,2,19139819.0,19139819.0,19089433,19190205,71256.6,PushPop,":batch=7febe67f458145ebb6a7046debf898ca phase=decode requests=dfa53ed7b1db427c979733175e83eed5,1b90b5029a8e4095a0953f707b492bc0,2b642560cfbc46a3b415e89ad3a03675,1d3635c1d1b8417da02febe5bb56858c"
0.0,38276286,2,19138143.0,19138143.0,19101902,19174384,51252.5,PushPop,":batch=996f85f6c1c64e03879371c1427b4a4f phase=decode requests=dfa53ed7b1db427c979733175e83eed5,1b90b5029a8e4095a0953f707b492bc0,2b642560cfbc46a3b415e89ad3a03675,1d3635c1d1b8417da02febe5bb56858c"
0.0,38275033,2,19137516.5,19137516.5,19119132,19155901,25999.6,PushPop,:batch=43c62da53ef746cf9262e5f8afcbca61 phase=decode requests=e6255778e8534404ac5ca8451b4d8752
0.0,38273454,2,19136727.0,19136727.0,19088135,19185319,68719.5,PushPop,":batch=b99c5772dd1f4b4480fcf1985bc6161d phase=decode requests=dfa53ed7b1db427c979733175e83eed5,1b90b5029a8e4095a0953f707b492bc0,2b642560cfbc46a3b415e89ad3a03675,1d3635c1d1b8417da02febe5bb56858c"
0.0,38272799,2,19136399.5,19136399.5,19094676,19178123,59005.9,PushPop,":batch=a2a3ed50f3aa4eb482e7623c2c2612ed phase=decode requests=dfa53ed7b1db427c979733175e83eed5,1b90b5029a8e4095a0953f707b492bc0,2b642560cfbc46a3b415e89ad3a03675,1d3635c1d1b8417da02febe5bb56858c"
0.0,38271512,2,19135756.0,19135756.0,19089382,19182130,65582.7,PushPop,":batch=d5670752d328476685a89baa13f0b0ed phase=decode requests=dfa53ed7b1db427c979733175e83eed5,1b90b5029a8e4095a0953f707b492bc0,2b642560cfbc46a3b415e89ad3a03675,1d3635c1d1b8417da02febe5bb56858c"
0.0,38269469,2,19134734.5,19134734.5,19132557,19136912,3079.5,PushPop,":batch=20d851ae243c462d8c69295fd516c6b9 phase=decode requests=eef2914bac744c1ea29ede0988703e4c,91919f5803e44b6faa967b57bddb81bd,4eba997a613d41f1b98e92a342465594,2c91d8351bd845e18b1e6646cd0b5f4b"
0.0,38268436,2,19134218.0,19134218.0,19083069,19185367,72335.6,PushPop,":batch=e3dd6857b9fc44b385991a5f8a078cee phase=decode requests=dfa53ed7b1db427c979733175e83eed5,1b90b5029a8e4095a0953f707b492bc0,2b642560cfbc46a3b415e89ad3a03675,1d3635c1d1b8417da02febe5bb56858c"
0.0,38256943,2,19128471.5,19128471.5,19080706,19176237,67550.6,PushPop,":batch=c3ec7415ea774fb8b7131a1b65738269 phase=decode requests=eef2914bac744c1ea29ede0988703e4c,91919f5803e44b6faa967b57bddb81bd,4eba997a613d41f1b98e92a342465594,2c91d8351bd845e18b1e6646cd0b5f4b"
0.0,38256491,2,19128245.5,19128245.5,19082530,19173961,64651.5,PushPop,":batch=db0f19bae40d4a67a7bb5f4e7eec3da9 phase=decode requests=dfa53ed7b1db427c979733175e83eed5,1b90b5029a8e4095a0953f707b492bc0,2b642560cfbc46a3b415e89ad3a03675,1d3635c1d1b8417da02febe5bb56858c"
0.0,38254809,2,19127404.5,19127404.5,18642809,19612000,685321.5,PushPop,:batch=f3e4f3bf4953446fb8aeb3ef3b6ba558 phase=decode requests=25de90a8b4234cdd9f459bf44de5f72b
0.0,38253205,2,19126602.5,19126602.5,19108451,19144754,25670.1,PushPop,":batch=fa66c20864824b8ea430f7b0e77bd82f phase=decode requests=dfa53ed7b1db427c979733175e83eed5,1b90b5029a8e4095a0953f707b492bc0,2b642560cfbc46a3b415e89ad3a03675,1d3635c1d1b8417da02febe5bb56858c"
0.0,38249497,2,19124748.5,19124748.5,19096506,19152991,39940.9,PushPop,":batch=0a4652c93304401882cdd7f0b92273e2 phase=decode requests=dfa53ed7b1db427c979733175e83eed5,1b90b5029a8e4095a0953f707b492bc0,2b642560cfbc46a3b415e89ad3a03675,1d3635c1d1b8417da02febe5bb56858c"
0.0,38242896,2,19121448.0,19121448.0,19086121,19156775,49959.9,PushPop,":batch=485b97259a94400fbb3150e084faf0fa phase=decode requests=dfa53ed7b1db427c979733175e83eed5,1b90b5029a8e4095a0953f707b492bc0,2b642560cfbc46a3b415e89ad3a03675,1d3635c1d1b8417da02febe5bb56858c"
0.0,38238930,2,19119465.0,19119465.0,19082656,19156274,52055.8,PushPop,":batch=1f0a8b7bc73e41c19dc7f7cfce6e4d4f phase=decode requests=dfa53ed7b1db427c979733175e83eed5,1b90b5029a8e4095a0953f707b492bc0,2b642560cfbc46a3b415e89ad3a03675,1d3635c1d1b8417da02febe5bb56858c"
0.0,38237881,2,19118940.5,19118940.5,19098960,19138921,28256.7,PushPop,":batch=554d0d07538e42599240c362b5db89d3 phase=decode requests=dfa53ed7b1db427c979733175e83eed5,1b90b5029a8e4095a0953f707b492bc0,2b642560cfbc46a3b415e89ad3a03675,1d3635c1d1b8417da02febe5bb56858c"
0.0,38237057,2,19118528.5,19118528.5,19078108,19158949,57163.2,PushPop,":batch=abba41cf35684081b56f95f2664807d8 phase=decode requests=dfa53ed7b1db427c979733175e83eed5,1b90b5029a8e4095a0953f707b492bc0,2b642560cfbc46a3b415e89ad3a03675,1d3635c1d1b8417da02febe5bb56858c"
0.0,38234986,2,19117493.0,19117493.0,19080171,19154815,52781.3,PushPop,":batch=40341b60bd5546b6b4683caa120a85e4 phase=decode requests=dfa53ed7b1db427c979733175e83eed5,1b90b5029a8e4095a0953f707b492bc0,2b642560cfbc46a3b415e89ad3a03675,1d3635c1d1b8417da02febe5bb56858c"
0.0,38230986,2,19115493.0,19115493.0,19089547,19141439,36693.2,PushPop,":batch=a2e159a59af64fbf9b5575cacfc09551 phase=decode requests=1811f6ebf58e4b0ea2292b35146cd35f,612ab6a155ee43be83ea6696bd5b8b7f,04a26fdd847647a5a094bbafb63bc469,5f8f2308efff494a9a6a2fa3d4ecc35c"
0.0,38228472,2,19114236.0,19114236.0,19039908,19188564,105115.7,PushPop,:batch=a7474cc0992a4b97a428b5b8901035b2 phase=decode requests=25de90a8b4234cdd9f459bf44de5f72b
0.0,38224183,2,19112091.5,19112091.5,19073360,19150823,54774.6,PushPop,":batch=b255448463e141bab639de6ef86c41e4 phase=decode requests=dfa53ed7b1db427c979733175e83eed5,1b90b5029a8e4095a0953f707b492bc0,2b642560cfbc46a3b415e89ad3a03675,1d3635c1d1b8417da02febe5bb56858c"
0.0,38218476,2,19109238.0,19109238.0,19079692,19138784,41784.4,PushPop,":batch=d316b484111d46d88f1eb27e5cd1e093 phase=decode requests=dfa53ed7b1db427c979733175e83eed5,1b90b5029a8e4095a0953f707b492bc0,2b642560cfbc46a3b415e89ad3a03675,1d3635c1d1b8417da02febe5bb56858c"
0.0,38217786,2,19108893.0,19108893.0,19071128,19146658,53407.8,PushPop,":batch=039f8bb07b0e48a4a11a0dd1e1fc10d1 phase=decode requests=dfa53ed7b1db427c979733175e83eed5,1b90b5029a8e4095a0953f707b492bc0,2b642560cfbc46a3b415e89ad3a03675,1d3635c1d1b8417da02febe5bb56858c"
0.0,38216361,2,19108180.5,19108180.5,19081761,19134600,37362.8,PushPop,":batch=cabfb0a672c2437cb4b6561aad9025c4 phase=decode requests=dfa53ed7b1db427c979733175e83eed5,1b90b5029a8e4095a0953f707b492bc0,2b642560cfbc46a3b415e89ad3a03675,1d3635c1d1b8417da02febe5bb56858c"
0.0,38215685,2,19107842.5,19107842.5,18659459,19556226,634110.0,PushPop,":batch=62f6bf51e2ac4ccd964cbf546c3292c0 phase=decode requests=dfa53ed7b1db427c979733175e83eed5,1b90b5029a8e4095a0953f707b492bc0,2b642560cfbc46a3b415e89ad3a03675,1d3635c1d1b8417da02febe5bb56858c"
0.0,38211052,2,19105526.0,19105526.0,19065670,19145382,56364.9,PushPop,":batch=c2fe8a9902a94169a36259e244294fe0 phase=decode requests=dfa53ed7b1db427c979733175e83eed5,1b90b5029a8e4095a0953f707b492bc0,2b642560cfbc46a3b415e89ad3a03675,1d3635c1d1b8417da02febe5bb56858c"
0.0,38210029,2,19105014.5,19105014.5,19067316,19142713,53313.7,PushPop,":batch=962a7a7a25044501b8c0b0e6b0b760c6 phase=decode requests=1811f6ebf58e4b0ea2292b35146cd35f,612ab6a155ee43be83ea6696bd5b8b7f,04a26fdd847647a5a094bbafb63bc469,5f8f2308efff494a9a6a2fa3d4ecc35c"
0.0,38208622,2,19104311.0,19104311.0,19069788,19138834,48822.9,PushPop,":batch=87a542f07826459aa2b16fe924dbbc9c phase=decode requests=dfa53ed7b1db427c979733175e83eed5,1b90b5029a8e4095a0953f707b492bc0,2b642560cfbc46a3b415e89ad3a03675,1d3635c1d1b8417da02febe5bb56858c"
0.0,38208266,2,19104133.0,19104133.0,19058677,19149589,64284.5,PushPop,":batch=205f346d3da141509f8ae367af107427 phase=decode requests=dfa53ed7b1db427c979733175e83eed5,1b90b5029a8e4095a0953f707b492bc0,2b642560cfbc46a3b415e89ad3a03675,1d3635c1d1b8417da02febe5bb56858c"
0.0,38207833,2,19103916.5,19103916.5,19067972,19139861,50833.2,PushPop,":batch=76edaa6dc0d846ac850b2eff0bbb8e50 phase=decode requests=dfa53ed7b1db427c979733175e83eed5,1b90b5029a8e4095a0953f707b492bc0,2b642560cfbc46a3b415e89ad3a03675,1d3635c1d1b8417da02febe5bb56858c"
0.0,38205534,2,19102767.0,19102767.0,19054888,19150646,67711.1,PushPop,":batch=6674184130544591b978a47898a50ec6 phase=decode requests=dfa53ed7b1db427c979733175e83eed5,1b90b5029a8e4095a0953f707b492bc0,2b642560cfbc46a3b415e89ad3a03675,1d3635c1d1b8417da02febe5bb56858c"
0.0,38204231,2,19102115.5,19102115.5,19070290,19133941,45008.1,PushPop,:batch=2bd4751a49ba47efa98c37b56a2ed005 phase=decode requests=f613ba29e5e3458d8e63b0275b98ac68
0.0,38203557,2,19101778.5,19101778.5,19046739,19156818,77837.6,PushPop,":batch=61747417e1ac4918b0df6e46dde1eacb phase=decode requests=dfa53ed7b1db427c979733175e83eed5,1b90b5029a8e4095a0953f707b492bc0,2b642560cfbc46a3b415e89ad3a03675,1d3635c1d1b8417da02febe5bb56858c"
0.0,38203288,2,19101644.0,19101644.0,19060814,19142474,57742.3,PushPop,":batch=5adb59f84f9d4d17b7c1df1d6ab5c330 phase=decode requests=dfa53ed7b1db427c979733175e83eed5,1b90b5029a8e4095a0953f707b492bc0,2b642560cfbc46a3b415e89ad3a03675,1d3635c1d1b8417da02febe5bb56858c"
0.0,38197174,2,19098587.0,19098587.0,19068631,19128543,42364.2,PushPop,":batch=717e1f730c5f4fa6a044dc82717cbda7 phase=decode requests=dfa53ed7b1db427c979733175e83eed5,1b90b5029a8e4095a0953f707b492bc0,2b642560cfbc46a3b415e89ad3a03675,1d3635c1d1b8417da02febe5bb56858c"
0.0,38194960,2,19097480.0,19097480.0,19074616,19120344,32334.6,PushPop,":batch=68ee6ebe44db498d8beec6c73ccb937e phase=decode requests=dfa53ed7b1db427c979733175e83eed5,1b90b5029a8e4095a0953f707b492bc0,2b642560cfbc46a3b415e89ad3a03675,1d3635c1d1b8417da02febe5bb56858c"
0.0,38194187,2,19097093.5,19097093.5,19070201,19123986,38031.7,PushPop,":batch=86cbf7fe6a3d4aeeb5f11632b4eb70c3 phase=decode requests=dfa53ed7b1db427c979733175e83eed5,1b90b5029a8e4095a0953f707b492bc0,2b642560cfbc46a3b415e89ad3a03675,1d3635c1d1b8417da02febe5bb56858c"
0.0,38186880,2,19093440.0,19093440.0,19053122,19133758,57018.3,PushPop,":batch=03b00bd1d9e84303829f6d13e1db04ad phase=decode requests=dfa53ed7b1db427c979733175e83eed5,1b90b5029a8e4095a0953f707b492bc0,2b642560cfbc46a3b415e89ad3a03675,1d3635c1d1b8417da02febe5bb56858c"
0.0,38184900,2,19092450.0,19092450.0,19051689,19133211,57644.8,PushPop,":batch=b5668774d2d54ed3b9a36dca9cae4d32 phase=decode requests=dfa53ed7b1db427c979733175e83eed5,1b90b5029a8e4095a0953f707b492bc0,2b642560cfbc46a3b415e89ad3a03675,1d3635c1d1b8417da02febe5bb56858c"
0.0,38184601,2,19092300.5,19092300.5,19054358,19130243,53658.8,PushPop,":batch=ad64a1f679754fb3bfd27b42b8c17e76 phase=decode requests=dfa53ed7b1db427c979733175e83eed5,1b90b5029a8e4095a0953f707b492bc0,2b642560cfbc46a3b415e89ad3a03675,1d3635c1d1b8417da02febe5bb56858c"
0.0,38182713,2,19091356.5,19091356.5,19060813,19121900,43195.0,PushPop,":batch=7ff8d089ea074be6a17a1382505bf144 phase=decode requests=dfa53ed7b1db427c979733175e83eed5,1b90b5029a8e4095a0953f707b492bc0,2b642560cfbc46a3b415e89ad3a03675,1d3635c1d1b8417da02febe5bb56858c"
0.0,38177759,2,19088879.5,19088879.5,19062737,19115022,36971.1,PushPop,":batch=52745e71e33a4f4d8042035529b0bf2c phase=decode requests=dfa53ed7b1db427c979733175e83eed5,1b90b5029a8e4095a0953f707b492bc0,2b642560cfbc46a3b415e89ad3a03675,1d3635c1d1b8417da02febe5bb56858c"
0.0,38173912,2,19086956.0,19086956.0,19054256,19119656,46244.8,PushPop,":batch=f280fdb973204b00b31942f7dd876bc0 phase=decode requests=dfa53ed7b1db427c979733175e83eed5,1b90b5029a8e4095a0953f707b492bc0,2b642560cfbc46a3b415e89ad3a03675,1d3635c1d1b8417da02febe5bb56858c"
0.0,38173224,2,19086612.0,19086612.0,19039039,19134185,67278.4,PushPop,":batch=975bde2621df445fb23d91d43e8c9092 phase=decode requests=dfa53ed7b1db427c979733175e83eed5,1b90b5029a8e4095a0953f707b492bc0,2b642560cfbc46a3b415e89ad3a03675,1d3635c1d1b8417da02febe5bb56858c"
0.0,38171805,2,19085902.5,19085902.5,19052444,19119361,47317.5,PushPop,":batch=93e26e25f3294a14b5c086994440ea6a phase=decode requests=dfa53ed7b1db427c979733175e83eed5,1b90b5029a8e4095a0953f707b492bc0,2b642560cfbc46a3b415e89ad3a03675,1d3635c1d1b8417da02febe5bb56858c"
0.0,38171379,2,19085689.5,19085689.5,19050155,19121224,50253.4,PushPop,":batch=4f0748ffbf3a4043beba9a107d8bb9ec phase=decode requests=dfa53ed7b1db427c979733175e83eed5,1b90b5029a8e4095a0953f707b492bc0,2b642560cfbc46a3b415e89ad3a03675,1d3635c1d1b8417da02febe5bb56858c"
0.0,38171050,2,19085525.0,19085525.0,19043484,19127566,59455.0,PushPop,":batch=2c868202a82344deb800d56c69ab1053 phase=decode requests=dfa53ed7b1db427c979733175e83eed5,1b90b5029a8e4095a0953f707b492bc0,2b642560cfbc46a3b415e89ad3a03675,1d3635c1d1b8417da02febe5bb56858c"
0.0,38171042,2,19085521.0,19085521.0,19058128,19112914,38739.6,PushPop,":batch=da2c99ed3d1e45509e8585d8ee9b9abe phase=decode requests=dfa53ed7b1db427c979733175e83eed5,1b90b5029a8e4095a0953f707b492bc0,2b642560cfbc46a3b415e89ad3a03675,1d3635c1d1b8417da02febe5bb56858c"
0.0,38170430,2,19085215.0,19085215.0,19048260,19122170,52262.3,PushPop,":batch=bfcf8d55724d42d88fe91e6fcf263479 phase=decode requests=dfa53ed7b1db427c979733175e83eed5,1b90b5029a8e4095a0953f707b492bc0,2b642560cfbc46a3b415e89ad3a03675,1d3635c1d1b8417da02febe5bb56858c"
0.0,38168245,2,19084122.5,19084122.5,19054680,19113565,41638.0,PushPop,":batch=088351ae74604a72993cd865a92db2bf phase=decode requests=dfa53ed7b1db427c979733175e83eed5,1b90b5029a8e4095a0953f707b492bc0,2b642560cfbc46a3b415e89ad3a03675,1d3635c1d1b8417da02febe5bb56858c"
0.0,38165219,2,19082609.5,19082609.5,19039213,19126006,61371.9,PushPop,":batch=7647a1d2b19140ddbd9f502514c1d6cb phase=decode requests=dfa53ed7b1db427c979733175e83eed5,1b90b5029a8e4095a0953f707b492bc0,2b642560cfbc46a3b415e89ad3a03675,1d3635c1d1b8417da02febe5bb56858c"
0.0,38164413,2,19082206.5,19082206.5,19038291,19126122,62105.9,PushPop,":batch=415047fdf8ff4a5cac362b9461c0b9b9 phase=decode requests=dfa53ed7b1db427c979733175e83eed5,1b90b5029a8e4095a0953f707b492bc0,2b642560cfbc46a3b415e89ad3a03675,1d3635c1d1b8417da02febe5bb56858c"
0.0,38162429,2,19081214.5,19081214.5,19059076,19103353,31308.6,PushPop,":batch=b113a86ad9d04933a77a2d25faa6b835 phase=decode requests=dfa53ed7b1db427c979733175e83eed5,1b90b5029a8e4095a0953f707b492bc0,2b642560cfbc46a3b415e89ad3a03675,1d3635c1d1b8417da02febe5bb56858c"
0.0,38161854,2,19080927.0,19080927.0,19036489,19125365,62844.8,PushPop,":batch=9d21ab2ceb714d86a8171e1ba88ac424 phase=decode requests=dfa53ed7b1db427c979733175e83eed5,1b90b5029a8e4095a0953f707b492bc0,2b642560cfbc46a3b415e89ad3a03675,1d3635c1d1b8417da02febe5bb56858c"
0.0,38158803,2,19079401.5,19079401.5,19037694,19121109,58983.3,PushPop,":batch=a1c16e1e868442859a4c34f3cf3f40b5 phase=decode requests=dfa53ed7b1db427c979733175e83eed5,1b90b5029a8e4095a0953f707b492bc0,2b642560cfbc46a3b415e89ad3a03675,1d3635c1d1b8417da02febe5bb56858c"
0.0,38158799,2,19079399.5,19079399.5,19034138,19124661,64009.4,PushPop,":batch=a1a18978ffdd49ba82112fca7050c9db phase=decode requests=dfa53ed7b1db427c979733175e83eed5,1b90b5029a8e4095a0953f707b492bc0,2b642560cfbc46a3b415e89ad3a03675,1d3635c1d1b8417da02febe5bb56858c"
0.0,38158529,2,19079264.5,19079264.5,19046563,19111966,46246.9,PushPop,":batch=38554766805f4b31825e8e346de28f63 phase=decode requests=dfa53ed7b1db427c979733175e83eed5,1b90b5029a8e4095a0953f707b492bc0,2b642560cfbc46a3b415e89ad3a03675,1d3635c1d1b8417da02febe5bb56858c"
0.0,38155351,2,19077675.5,19077675.5,19039488,19115863,54005.3,PushPop,":batch=16178e3476bf46c488bb533bf2d350d0 phase=decode requests=dfa53ed7b1db427c979733175e83eed5,1b90b5029a8e4095a0953f707b492bc0,2b642560cfbc46a3b415e89ad3a03675,1d3635c1d1b8417da02febe5bb56858c"
0.0,38152784,2,19076392.0,19076392.0,19032719,19120065,61762.9,PushPop,":batch=9162f7372e074ed0a64b54214f95af38 phase=decode requests=dfa53ed7b1db427c979733175e83eed5,1b90b5029a8e4095a0953f707b492bc0,2b642560cfbc46a3b415e89ad3a03675,1d3635c1d1b8417da02febe5bb56858c"
0.0,38152745,2,19076372.5,19076372.5,19036268,19116477,56716.3,PushPop,":batch=7f37b8cee9a04fbaa8796ebadce032fd phase=decode requests=dfa53ed7b1db427c979733175e83eed5,1b90b5029a8e4095a0953f707b492bc0,2b642560cfbc46a3b415e89ad3a03675,1d3635c1d1b8417da02febe5bb56858c"
0.0,38151380,2,19075690.0,19075690.0,19030885,19120495,63363.8,PushPop,":batch=000f63092a444b9aadda4005f35c89c5 phase=decode requests=dfa53ed7b1db427c979733175e83eed5,1b90b5029a8e4095a0953f707b492bc0,2b642560cfbc46a3b415e89ad3a03675,1d3635c1d1b8417da02febe5bb56858c"
0.0,38150004,2,19075002.0,19075002.0,19039156,19110848,50693.9,PushPop,":batch=19ee5fd87fe14c1cb1112e67b95fda43 phase=decode requests=dfa53ed7b1db427c979733175e83eed5,1b90b5029a8e4095a0953f707b492bc0,2b642560cfbc46a3b415e89ad3a03675,1d3635c1d1b8417da02febe5bb56858c"
0.0,38148524,2,19074262.0,19074262.0,19036816,19111708,52956.6,PushPop,":batch=70fefea4f72f484980e871a40b3465f9 phase=decode requests=dfa53ed7b1db427c979733175e83eed5,1b90b5029a8e4095a0953f707b492bc0,2b642560cfbc46a3b415e89ad3a03675,1d3635c1d1b8417da02febe5bb56858c"
0.0,38147848,2,19073924.0,19073924.0,19037030,19110818,52176.0,PushPop,":batch=8951241f04584016918305045e05678e phase=decode requests=dfa53ed7b1db427c979733175e83eed5,1b90b5029a8e4095a0953f707b492bc0,2b642560cfbc46a3b415e89ad3a03675,1d3635c1d1b8417da02febe5bb56858c"
0.0,38146727,2,19073363.5,19073363.5,19032139,19114588,58300.2,PushPop,":batch=2c3b4baf33444d69bdc3e2e769e67e07 phase=decode requests=dfa53ed7b1db427c979733175e83eed5,1b90b5029a8e4095a0953f707b492bc0,2b642560cfbc46a3b415e89ad3a03675,1d3635c1d1b8417da02febe5bb56858c"
0.0,38144644,2,19072322.0,19072322.0,19020460,19124184,73343.9,PushPop,":batch=50c5c98e310a4e238f36984a1765c5fb phase=decode requests=dfa53ed7b1db427c979733175e83eed5,1b90b5029a8e4095a0953f707b492bc0,2b642560cfbc46a3b415e89ad3a03675,1d3635c1d1b8417da02febe5bb56858c"
0.0,38142260,2,19071130.0,19071130.0,19047287,19094973,33719.1,PushPop,":batch=0c9ab62ab6b4492dbb916693f7e22f95 phase=decode requests=dfa53ed7b1db427c979733175e83eed5,1b90b5029a8e4095a0953f707b492bc0,2b642560cfbc46a3b415e89ad3a03675,1d3635c1d1b8417da02febe5bb56858c"
0.0,38141138,2,19070569.0,19070569.0,19047146,19093992,33125.1,PushPop,":batch=67873bf980a34aa0b617a10a6c21e92a phase=decode requests=dfa53ed7b1db427c979733175e83eed5,1b90b5029a8e4095a0953f707b492bc0,2b642560cfbc46a3b415e89ad3a03675,1d3635c1d1b8417da02febe5bb56858c"
0.0,38138955,2,19069477.5,19069477.5,19033964,19104991,50223.7,PushPop,":batch=052b8c7ca3f34b3eae33eaa62fb1868e phase=decode requests=dfa53ed7b1db427c979733175e83eed5,1b90b5029a8e4095a0953f707b492bc0,2b642560cfbc46a3b415e89ad3a03675,1d3635c1d1b8417da02febe5bb56858c"
0.0,38138645,2,19069322.5,19069322.5,19040531,19098114,40717.3,PushPop,":batch=35ffb00312394fcba739f6a024e29897 phase=decode requests=fd7f18ee548942ab846676d2fc7a354e,7b15763fe2a348b4bded9b891807f3b3,b57ae4d5f220486d9e686230c8c5382e,b86f7835c80b433ab4e1c625067d0f3c"
0.0,38138514,2,19069257.0,19069257.0,19030870,19107644,54287.4,PushPop,":batch=ffe4ab16737744f8940876071890c7eb phase=decode requests=dfa53ed7b1db427c979733175e83eed5,1b90b5029a8e4095a0953f707b492bc0,2b642560cfbc46a3b415e89ad3a03675,1d3635c1d1b8417da02febe5bb56858c"
0.0,38134302,2,19067151.0,19067151.0,19036081,19098221,43939.6,PushPop,":batch=e70450ad2feb4fea9649f87706bcbf38 phase=decode requests=dfa53ed7b1db427c979733175e83eed5,1b90b5029a8e4095a0953f707b492bc0,2b642560cfbc46a3b415e89ad3a03675,1d3635c1d1b8417da02febe5bb56858c"
0.0,38130832,2,19065416.0,19065416.0,19023062,19107770,59897.6,PushPop,":batch=f06acbf01f04491fabc1b620285642cd phase=decode requests=dfa53ed7b1db427c979733175e83eed5,1b90b5029a8e4095a0953f707b492bc0,2b642560cfbc46a3b415e89ad3a03675,1d3635c1d1b8417da02febe5bb56858c"
0.0,38127654,2,19063827.0,19063827.0,19037629,19090025,37049.6,PushPop,":batch=230e6c8e00c24460aaba96c9d78c70a9 phase=decode requests=dfa53ed7b1db427c979733175e83eed5,1b90b5029a8e4095a0953f707b492bc0,2b642560cfbc46a3b415e89ad3a03675,1d3635c1d1b8417da02febe5bb56858c"
0.0,38127334,2,19063667.0,19063667.0,19034736,19092598,40914.6,PushPop,":batch=40fb24e0c70745b1a88b8d30409038e9 phase=decode requests=dfa53ed7b1db427c979733175e83eed5,1b90b5029a8e4095a0953f707b492bc0,2b642560cfbc46a3b415e89ad3a03675,1d3635c1d1b8417da02febe5bb56858c"
0.0,38126158,2,19063079.0,19063079.0,19025602,19100556,53000.5,PushPop,":batch=9578b4dc8c4a4eae959f97a77305b978 phase=decode requests=dfa53ed7b1db427c979733175e83eed5,1b90b5029a8e4095a0953f707b492bc0,2b642560cfbc46a3b415e89ad3a03675,1d3635c1d1b8417da02febe5bb56858c"
0.0,38124961,2,19062480.5,19062480.5,19037169,19087792,35795.9,PushPop,":batch=fe07e911508f41a3abbbf467c2b2ff21 phase=decode requests=dfa53ed7b1db427c979733175e83eed5,1b90b5029a8e4095a0953f707b492bc0,2b642560cfbc46a3b415e89ad3a03675,1d3635c1d1b8417da02febe5bb56858c"
0.0,38124845,2,19062422.5,19062422.5,19027612,19097233,49229.5,PushPop,":batch=74594a2910ea4b1480a4176b1813f994 phase=decode requests=dfa53ed7b1db427c979733175e83eed5,1b90b5029a8e4095a0953f707b492bc0,2b642560cfbc46a3b415e89ad3a03675,1d3635c1d1b8417da02febe5bb56858c"
0.0,38123795,2,19061897.5,19061897.5,19036937,19086858,35299.5,PushPop,":batch=95d49df0d88c4331bda79f9627735803 phase=decode requests=dfa53ed7b1db427c979733175e83eed5,1b90b5029a8e4095a0953f707b492bc0,2b642560cfbc46a3b415e89ad3a03675,1d3635c1d1b8417da02febe5bb56858c"
0.0,38123336,2,19061668.0,19061668.0,19029296,19094040,45780.9,PushPop,":batch=c98cfb556602467ca88c3af642d72692 phase=decode requests=dfa53ed7b1db427c979733175e83eed5,1b90b5029a8e4095a0953f707b492bc0,2b642560cfbc46a3b415e89ad3a03675,1d3635c1d1b8417da02febe5bb56858c"
0.0,38122685,2,19061342.5,19061342.5,19028958,19093727,45798.6,PushPop,":batch=5a3d88d8397c4be1a79c2afaf1863f06 phase=decode requests=dfa53ed7b1db427c979733175e83eed5,1b90b5029a8e4095a0953f707b492bc0,2b642560cfbc46a3b415e89ad3a03675,1d3635c1d1b8417da02febe5bb56858c"
0.0,38122463,2,19061231.5,19061231.5,19029060,19093403,45497.4,PushPop,":batch=15aa6d945c434688ab42b7b28d4eed01 phase=decode requests=dfa53ed7b1db427c979733175e83eed5,1b90b5029a8e4095a0953f707b492bc0,2b642560cfbc46a3b415e89ad3a03675,1d3635c1d1b8417da02febe5bb56858c"
0.0,38114997,2,19057498.5,19057498.5,19008620,19106377,69124.6,PushPop,":batch=4d26aba12a84424484b711e09bed692a phase=decode requests=dfa53ed7b1db427c979733175e83eed5,1b90b5029a8e4095a0953f707b492bc0,2b642560cfbc46a3b415e89ad3a03675,1d3635c1d1b8417da02febe5bb56858c"
0.0,38113483,2,19056741.5,19056741.5,19036914,19076569,28040.3,PushPop,":batch=82626e7a5e5f443f96d78a508c1f71fd phase=decode requests=dfa53ed7b1db427c979733175e83eed5,1b90b5029a8e4095a0953f707b492bc0,2b642560cfbc46a3b415e89ad3a03675,1d3635c1d1b8417da02febe5bb56858c"
0.0,38110714,2,19055357.0,19055357.0,19015153,19095561,56857.0,PushPop,":batch=3856aad74f6c4edd92501b498fdeb4e5 phase=decode requests=dfa53ed7b1db427c979733175e83eed5,1b90b5029a8e4095a0953f707b492bc0,2b642560cfbc46a3b415e89ad3a03675,1d3635c1d1b8417da02febe5bb56858c"
0.0,38109432,2,19054716.0,19054716.0,19025542,19083890,41258.3,PushPop,":batch=05686b2e4f7a4b4e9df1d885116e3b2c phase=decode requests=dfa53ed7b1db427c979733175e83eed5,1b90b5029a8e4095a0953f707b492bc0,2b642560cfbc46a3b415e89ad3a03675,1d3635c1d1b8417da02febe5bb56858c"
0.0,38109055,2,19054527.5,19054527.5,19019137,19089918,50049.7,PushPop,":batch=c7b5a1d1d94b40d993db78b7ceb41c10 phase=decode requests=dfa53ed7b1db427c979733175e83eed5,1b90b5029a8e4095a0953f707b492bc0,2b642560cfbc46a3b415e89ad3a03675,1d3635c1d1b8417da02febe5bb56858c"
0.0,38105378,2,19052689.0,19052689.0,19019822,19085556,46481.0,PushPop,":batch=34d79690b1d344bcad699580181eed2b phase=decode requests=dfa53ed7b1db427c979733175e83eed5,1b90b5029a8e4095a0953f707b492bc0,2b642560cfbc46a3b415e89ad3a03675,1d3635c1d1b8417da02febe5bb56858c"
0.0,38102790,2,19051395.0,19051395.0,19016776,19086014,48958.7,PushPop,":batch=2d9aa8eeb9a04234bc2fc281791c275c phase=decode requests=dfa53ed7b1db427c979733175e83eed5,1b90b5029a8e4095a0953f707b492bc0,2b642560cfbc46a3b415e89ad3a03675,1d3635c1d1b8417da02febe5bb56858c"
0.0,38101278,2,19050639.0,19050639.0,19015699,19085579,49412.6,PushPop,":batch=7b317619584746ef8fbcab72610431f2 phase=decode requests=dfa53ed7b1db427c979733175e83eed5,1b90b5029a8e4095a0953f707b492bc0,2b642560cfbc46a3b415e89ad3a03675,1d3635c1d1b8417da02febe5bb56858c"
0.0,38100361,2,19050180.5,19050180.5,19023371,19076990,37914.4,PushPop,":batch=9c177a9f3c154d84bc791dc7397f4396 phase=decode requests=dfa53ed7b1db427c979733175e83eed5,1b90b5029a8e4095a0953f707b492bc0,2b642560cfbc46a3b415e89ad3a03675,1d3635c1d1b8417da02febe5bb56858c"
0.0,38099273,2,19049636.5,19049636.5,19020637,19078636,41011.5,PushPop,":batch=f8ef9f1ba5154c19b20cfc88f76dbebd phase=decode requests=dfa53ed7b1db427c979733175e83eed5,1b90b5029a8e4095a0953f707b492bc0,2b642560cfbc46a3b415e89ad3a03675,1d3635c1d1b8417da02febe5bb56858c"
0.0,38098360,2,19049180.0,19049180.0,19014611,19083749,48887.9,PushPop,":batch=fb4dd90db36448a2a6b059ee72e16fa5 phase=decode requests=dfa53ed7b1db427c979733175e83eed5,1b90b5029a8e4095a0953f707b492bc0,2b642560cfbc46a3b415e89ad3a03675,1d3635c1d1b8417da02febe5bb56858c"
0.0,38096286,2,19048143.0,19048143.0,19017570,19078716,43236.8,PushPop,":batch=dbd542b9a018460fb1a9c16ccf6fe272 phase=decode requests=dfa53ed7b1db427c979733175e83eed5,1b90b5029a8e4095a0953f707b492bc0,2b642560cfbc46a3b415e89ad3a03675,1d3635c1d1b8417da02febe5bb56858c"
0.0,38095862,2,19047931.0,19047931.0,19005462,19090400,60060.2,PushPop,":batch=bca99a2e7ad349d6ad7067131f971243 phase=decode requests=dfa53ed7b1db427c979733175e83eed5,1b90b5029a8e4095a0953f707b492bc0,2b642560cfbc46a3b415e89ad3a03675,1d3635c1d1b8417da02febe5bb56858c"
0.0,38094099,2,19047049.5,19047049.5,19034944,19059155,17119.8,PushPop,":batch=45636a51665440b0ac03d51f82e30fc3 phase=decode requests=dfa53ed7b1db427c979733175e83eed5,1b90b5029a8e4095a0953f707b492bc0,2b642560cfbc46a3b415e89ad3a03675,1d3635c1d1b8417da02febe5bb56858c"
0.0,38090190,2,19045095.0,19045095.0,19002268,19087922,60566.5,PushPop,":batch=73ec8e88d6a64e6a8f1cd829bc698a13 phase=decode requests=dfa53ed7b1db427c979733175e83eed5,1b90b5029a8e4095a0953f707b492bc0,2b642560cfbc46a3b415e89ad3a03675,1d3635c1d1b8417da02febe5bb56858c"
0.0,38089043,2,19044521.5,19044521.5,18597351,19491692,632394.6,PushPop,:batch=50554771e9bf41aebed83b51732a75f6 phase=decode requests=25de90a8b4234cdd9f459bf44de5f72b
0.0,38087674,2,19043837.0,19043837.0,18594111,19493563,636008.6,PushPop,:batch=69665e230a994a599e0955e214439ed5 phase=decode requests=25de90a8b4234cdd9f459bf44de5f72b
0.0,38087447,2,19043723.5,19043723.5,18994505,19092942,69605.5,PushPop,":batch=cb09ab63659a42449896049218dc9681 phase=decode requests=fd7f18ee548942ab846676d2fc7a354e,7b15763fe2a348b4bded9b891807f3b3,b57ae4d5f220486d9e686230c8c5382e,b86f7835c80b433ab4e1c625067d0f3c"
0.0,38083468,2,19041734.0,19041734.0,18995987,19087481,64696.0,PushPop,":batch=4c37c6eb013a413cbb912669a0dc2734 phase=decode requests=dfa53ed7b1db427c979733175e83eed5,1b90b5029a8e4095a0953f707b492bc0,2b642560cfbc46a3b415e89ad3a03675,1d3635c1d1b8417da02febe5bb56858c"
0.0,38082714,2,19041357.0,19041357.0,19011656,19071058,42003.6,PushPop,":batch=b877ccae5cdf41ad94021775db0df49a phase=decode requests=dfa53ed7b1db427c979733175e83eed5,1b90b5029a8e4095a0953f707b492bc0,2b642560cfbc46a3b415e89ad3a03675,1d3635c1d1b8417da02febe5bb56858c"
0.0,38082501,2,19041250.5,19041250.5,19009267,19073234,45231.5,PushPop,":batch=1c5d3592e999427384bf06493f8e9e1f phase=decode requests=dfa53ed7b1db427c979733175e83eed5,1b90b5029a8e4095a0953f707b492bc0,2b642560cfbc46a3b415e89ad3a03675,1d3635c1d1b8417da02febe5bb56858c"
0.0,38082354,2,19041177.0,19041177.0,19019256,19063098,31001.0,PushPop,":batch=d6741e2f7a9f4340959f73d3f40e2077 phase=decode requests=dfa53ed7b1db427c979733175e83eed5,1b90b5029a8e4095a0953f707b492bc0,2b642560cfbc46a3b415e89ad3a03675,1d3635c1d1b8417da02febe5bb56858c"
0.0,38082103,2,19041051.5,19041051.5,19005503,19076600,50273.2,PushPop,":batch=38da79d05c1148af870c8f85a6964127 phase=decode requests=dfa53ed7b1db427c979733175e83eed5,1b90b5029a8e4095a0953f707b492bc0,2b642560cfbc46a3b415e89ad3a03675,1d3635c1d1b8417da02febe5bb56858c"
0.0,38078686,2,19039343.0,19039343.0,18596657,19482029,626052.5,PushPop,":batch=6cccb5391ec84161a6b49c080fd6218d phase=decode requests=dfa53ed7b1db427c979733175e83eed5,1b90b5029a8e4095a0953f707b492bc0,2b642560cfbc46a3b415e89ad3a03675,1d3635c1d1b8417da02febe5bb56858c"
0.0,38078244,2,19039122.0,19039122.0,19005504,19072740,47543.0,PushPop,":batch=a17e6cd9caf545e1b39a5b5e0d0bf285 phase=decode requests=dfa53ed7b1db427c979733175e83eed5,1b90b5029a8e4095a0953f707b492bc0,2b642560cfbc46a3b415e89ad3a03675,1d3635c1d1b8417da02febe5bb56858c"
0.0,38077056,2,19038528.0,19038528.0,19015145,19061911,33068.6,PushPop,":batch=a32c85b28be842ddb73ce6125a7d2749 phase=decode requests=dfa53ed7b1db427c979733175e83eed5,1b90b5029a8e4095a0953f707b492bc0,2b642560cfbc46a3b415e89ad3a03675,1d3635c1d1b8417da02febe5bb56858c"
0.0,38077004,2,19038502.0,19038502.0,19015497,19061507,32534.0,PushPop,":batch=282c74839e054c7695a9e1148f59d032 phase=decode requests=dfa53ed7b1db427c979733175e83eed5,1b90b5029a8e4095a0953f707b492bc0,2b642560cfbc46a3b415e89ad3a03675,1d3635c1d1b8417da02febe5bb56858c"
0.0,38076599,2,19038299.5,19038299.5,19002462,19074137,50681.9,PushPop,":batch=a7983a6f8efb4447a9b7fe19acb2d2f8 phase=decode requests=dfa53ed7b1db427c979733175e83eed5,1b90b5029a8e4095a0953f707b492bc0,2b642560cfbc46a3b415e89ad3a03675,1d3635c1d1b8417da02febe5bb56858c"
0.0,38073979,2,19036989.5,19036989.5,18972269,19101710,91528.6,PushPop,":batch=7c1c47f0ef194f46875cef0359dde6f9 phase=decode requests=dfa53ed7b1db427c979733175e83eed5,1b90b5029a8e4095a0953f707b492bc0,2b642560cfbc46a3b415e89ad3a03675,1d3635c1d1b8417da02febe5bb56858c"
0.0,38071179,2,19035589.5,19035589.5,18977403,19093776,82288.1,PushPop,:batch=23a348c13ad740cf81bc491906840fd5 phase=decode requests=e6255778e8534404ac5ca8451b4d8752
0.0,38066160,2,19033080.0,19033080.0,19010205,19055955,32350.1,PushPop,":batch=513e4359a82747388f6402adf3d020dd phase=decode requests=dfa53ed7b1db427c979733175e83eed5,1b90b5029a8e4095a0953f707b492bc0,2b642560cfbc46a3b415e89ad3a03675,1d3635c1d1b8417da02febe5bb56858c"
0.0,38063671,2,19031835.5,19031835.5,18997724,19065947,48240.9,PushPop,:batch=e94755adf12b4da3b2e5630cbaa8e91c phase=decode requests=25de90a8b4234cdd9f459bf44de5f72b
0.0,38063196,2,19031598.0,19031598.0,19008723,19054473,32350.1,PushPop,":batch=374fa4898ba24d47b465fdb577a38e12 phase=decode requests=dfa53ed7b1db427c979733175e83eed5,1b90b5029a8e4095a0953f707b492bc0,2b642560cfbc46a3b415e89ad3a03675,1d3635c1d1b8417da02febe5bb56858c"
0.0,38062513,2,19031256.5,19031256.5,18997594,19064919,47606.0,PushPop,":batch=741803af830b42ab9d284181ac1e6aa4 phase=decode requests=dfa53ed7b1db427c979733175e83eed5,1b90b5029a8e4095a0953f707b492bc0,2b642560cfbc46a3b415e89ad3a03675,1d3635c1d1b8417da02febe5bb56858c"
0.0,38062185,2,19031092.5,19031092.5,18990563,19071622,57317.4,PushPop,":batch=627835d5276e42838fd64ea03e12079a phase=decode requests=dfa53ed7b1db427c979733175e83eed5,1b90b5029a8e4095a0953f707b492bc0,2b642560cfbc46a3b415e89ad3a03675,1d3635c1d1b8417da02febe5bb56858c"
0.0,38061708,2,19030854.0,19030854.0,18992473,19069235,54278.9,PushPop,":batch=61a0195cc3f04530982c2fcc411bf887 phase=decode requests=dfa53ed7b1db427c979733175e83eed5,1b90b5029a8e4095a0953f707b492bc0,2b642560cfbc46a3b415e89ad3a03675,1d3635c1d1b8417da02febe5bb56858c"
0.0,38059390,2,19029695.0,19029695.0,18996875,19062515,46414.5,PushPop,":batch=95dbe912937d4427a20e720b873679bc phase=decode requests=dfa53ed7b1db427c979733175e83eed5,1b90b5029a8e4095a0953f707b492bc0,2b642560cfbc46a3b415e89ad3a03675,1d3635c1d1b8417da02febe5bb56858c"
0.0,38058081,2,19029040.5,19029040.5,19009200,19048881,28058.7,PushPop,":batch=bed26020841f4dcdbc6271f682ed7c20 phase=decode requests=dfa53ed7b1db427c979733175e83eed5,1b90b5029a8e4095a0953f707b492bc0,2b642560cfbc46a3b415e89ad3a03675,1d3635c1d1b8417da02febe5bb56858c"
0.0,38057271,2,19028635.5,19028635.5,18993843,19063428,49204.0,PushPop,":batch=304e9bce08f340869ffdc146d514d253 phase=decode requests=dfa53ed7b1db427c979733175e83eed5,1b90b5029a8e4095a0953f707b492bc0,2b642560cfbc46a3b415e89ad3a03675,1d3635c1d1b8417da02febe5bb56858c"
0.0,38055306,2,19027653.0,19027653.0,18995973,19059333,44802.3,PushPop,":batch=2077f65cd10646b78af760cc9eda700a phase=decode requests=dfa53ed7b1db427c979733175e83eed5,1b90b5029a8e4095a0953f707b492bc0,2b642560cfbc46a3b415e89ad3a03675,1d3635c1d1b8417da02febe5bb56858c"
0.0,38054623,2,19027311.5,19027311.5,19007210,19047413,28427.8,PushPop,":batch=edc5f34ccec84e7e90b6e3c0a26a9537 phase=decode requests=dfa53ed7b1db427c979733175e83eed5,1b90b5029a8e4095a0953f707b492bc0,2b642560cfbc46a3b415e89ad3a03675,1d3635c1d1b8417da02febe5bb56858c"
0.0,38052866,2,19026433.0,19026433.0,18990640,19062226,50618.9,PushPop,":batch=03e0b6b625b54e9387dd4954ed0b1699 phase=decode requests=dfa53ed7b1db427c979733175e83eed5,1b90b5029a8e4095a0953f707b492bc0,2b642560cfbc46a3b415e89ad3a03675,1d3635c1d1b8417da02febe5bb56858c"
0.0,38049874,2,19024937.0,19024937.0,18991523,19058351,47254.5,PushPop,":batch=683fcf335ab64cf39c83fb3f724333de phase=decode requests=dfa53ed7b1db427c979733175e83eed5,1b90b5029a8e4095a0953f707b492bc0,2b642560cfbc46a3b415e89ad3a03675,1d3635c1d1b8417da02febe5bb56858c"
0.0,38049029,2,19024514.5,19024514.5,18981657,19067372,60609.7,PushPop,":batch=9ee13daa03f14539817aaa15fbf9e52c phase=decode requests=dfa53ed7b1db427c979733175e83eed5,1b90b5029a8e4095a0953f707b492bc0,2b642560cfbc46a3b415e89ad3a03675,1d3635c1d1b8417da02febe5bb56858c"
0.0,38047569,2,19023784.5,19023784.5,19013608,19033961,14391.7,PushPop,":batch=5048e39b3eaa471b8876df81efafa27f phase=decode requests=dfa53ed7b1db427c979733175e83eed5,1b90b5029a8e4095a0953f707b492bc0,2b642560cfbc46a3b415e89ad3a03675,1d3635c1d1b8417da02febe5bb56858c"
0.0,38047247,2,19023623.5,19023623.5,18990139,19057108,47354.2,PushPop,":batch=8e4adcc3aa2a4767b381ddfcb90025de phase=decode requests=dfa53ed7b1db427c979733175e83eed5,1b90b5029a8e4095a0953f707b492bc0,2b642560cfbc46a3b415e89ad3a03675,1d3635c1d1b8417da02febe5bb56858c"
0.0,38046452,2,19023226.0,19023226.0,18988971,19057481,48443.9,PushPop,":batch=dac7ac7130c44b69a1d955a0b285cc2c phase=decode requests=dfa53ed7b1db427c979733175e83eed5,1b90b5029a8e4095a0953f707b492bc0,2b642560cfbc46a3b415e89ad3a03675,1d3635c1d1b8417da02febe5bb56858c"
0.0,38046237,2,19023118.5,19023118.5,18980092,19066145,60848.7,PushPop,":batch=f9dbc349b2db4eb883219272e3ba34c7 phase=decode requests=dfa53ed7b1db427c979733175e83eed5,1b90b5029a8e4095a0953f707b492bc0,2b642560cfbc46a3b415e89ad3a03675,1d3635c1d1b8417da02febe5bb56858c"
0.0,38046182,2,19023091.0,19023091.0,18986370,19059812,51931.3,PushPop,":batch=f2879131f5cf40d4baf3cff9b5f9774c phase=decode requests=dfa53ed7b1db427c979733175e83eed5,1b90b5029a8e4095a0953f707b492bc0,2b642560cfbc46a3b415e89ad3a03675,1d3635c1d1b8417da02febe5bb56858c"
0.0,38045515,2,19022757.5,19022757.5,18428321,19617194,840660.2,PushPop,:batch=1594a1e597b544be80311dd41b10c904 phase=decode requests=f613ba29e5e3458d8e63b0275b98ac68
0.0,38045230,2,19022615.0,19022615.0,19019021,19026209,5082.7,PushPop,":batch=7b1d860fc3174414961df7e0f57c7493 phase=decode requests=fd7f18ee548942ab846676d2fc7a354e,7b15763fe2a348b4bded9b891807f3b3,b57ae4d5f220486d9e686230c8c5382e,b86f7835c80b433ab4e1c625067d0f3c"
0.0,38044581,2,19022290.5,19022290.5,18971819,19072762,71377.5,PushPop,":batch=e75d84e8d5064eccb368c5f588d8de30 phase=decode requests=dfa53ed7b1db427c979733175e83eed5,1b90b5029a8e4095a0953f707b492bc0,2b642560cfbc46a3b415e89ad3a03675,1d3635c1d1b8417da02febe5bb56858c"
0.0,38043671,2,19021835.5,19021835.5,18986770,19056901,49590.1,PushPop,":batch=875b5a10c0b8440ab255ca41c6136844 phase=decode requests=dfa53ed7b1db427c979733175e83eed5,1b90b5029a8e4095a0953f707b492bc0,2b642560cfbc46a3b415e89ad3a03675,1d3635c1d1b8417da02febe5bb56858c"
0.0,38043051,2,19021525.5,19021525.5,18994907,19048144,37644.2,PushPop,":batch=f1ab07d5b73f499587ad0d90c2bd2757 phase=decode requests=dfa53ed7b1db427c979733175e83eed5,1b90b5029a8e4095a0953f707b492bc0,2b642560cfbc46a3b415e89ad3a03675,1d3635c1d1b8417da02febe5bb56858c"
0.0,38042717,2,19021358.5,19021358.5,18973633,19069084,67494.0,PushPop,":batch=9a514e430f744f498c1e94908c03b9e5 phase=decode requests=dfa53ed7b1db427c979733175e83eed5,1b90b5029a8e4095a0953f707b492bc0,2b642560cfbc46a3b415e89ad3a03675,1d3635c1d1b8417da02febe5bb56858c"
0.0,38041650,2,19020825.0,19020825.0,18988969,19052681,45051.2,PushPop,":batch=f0a8f0e1f98b4212b02a130b75fd1afa phase=decode requests=dfa53ed7b1db427c979733175e83eed5,1b90b5029a8e4095a0953f707b492bc0,2b642560cfbc46a3b415e89ad3a03675,1d3635c1d1b8417da02febe5bb56858c"
0.0,38040978,2,19020489.0,19020489.0,18993931,19047047,37558.7,PushPop,":batch=0b13b47739404737a6f68d53d784af84 phase=decode requests=1811f6ebf58e4b0ea2292b35146cd35f,612ab6a155ee43be83ea6696bd5b8b7f,04a26fdd847647a5a094bbafb63bc469,5f8f2308efff494a9a6a2fa3d4ecc35c"
0.0,38040194,2,19020097.0,19020097.0,18977298,19062896,60526.9,PushPop,":batch=4774047d32624e04943608c00010f276 phase=decode requests=dfa53ed7b1db427c979733175e83eed5,1b90b5029a8e4095a0953f707b492bc0,2b642560cfbc46a3b415e89ad3a03675,1d3635c1d1b8417da02febe5bb56858c"
0.0,38039908,2,19019954.0,19019954.0,18982656,19057252,52747.3,PushPop,":batch=a1bb8bfd13ec4f46b876bd323007ed97 phase=decode requests=dfa53ed7b1db427c979733175e83eed5,1b90b5029a8e4095a0953f707b492bc0,2b642560cfbc46a3b415e89ad3a03675,1d3635c1d1b8417da02febe5bb56858c"
0.0,38039090,2,19019545.0,19019545.0,18980308,19058782,55489.5,PushPop,":batch=965301885a344a5ba184e60783437252 phase=decode requests=dfa53ed7b1db427c979733175e83eed5,1b90b5029a8e4095a0953f707b492bc0,2b642560cfbc46a3b415e89ad3a03675,1d3635c1d1b8417da02febe5bb56858c"
0.0,38035199,2,19017599.5,19017599.5,18980775,19054424,52077.7,PushPop,":batch=213b46b42c534127a9582ecf55efd090 phase=decode requests=dfa53ed7b1db427c979733175e83eed5,1b90b5029a8e4095a0953f707b492bc0,2b642560cfbc46a3b415e89ad3a03675,1d3635c1d1b8417da02febe5bb56858c"
0.0,38034875,2,19017437.5,19017437.5,18979894,19054981,53094.5,PushPop,":batch=2da3632921b24dd79f9ba276eab3ea8b phase=decode requests=dfa53ed7b1db427c979733175e83eed5,1b90b5029a8e4095a0953f707b492bc0,2b642560cfbc46a3b415e89ad3a03675,1d3635c1d1b8417da02febe5bb56858c"
0.0,38033258,2,19016629.0,19016629.0,18980895,19052363,50535.5,PushPop,":batch=6b6f499afd3d4ef6895d949c721ae7d6 phase=decode requests=dfa53ed7b1db427c979733175e83eed5,1b90b5029a8e4095a0953f707b492bc0,2b642560cfbc46a3b415e89ad3a03675,1d3635c1d1b8417da02febe5bb56858c"
0.0,38031969,2,19015984.5,19015984.5,18979363,19052606,51790.6,PushPop,":batch=2a98f9e3764b4da494ec0a08e7fc54c9 phase=decode requests=dfa53ed7b1db427c979733175e83eed5,1b90b5029a8e4095a0953f707b492bc0,2b642560cfbc46a3b415e89ad3a03675,1d3635c1d1b8417da02febe5bb56858c"
0.0,38030599,2,19015299.5,19015299.5,18982465,19048134,46435.0,PushPop,":batch=4e37f8bc10824962a585f032fd2bc381 phase=decode requests=dfa53ed7b1db427c979733175e83eed5,1b90b5029a8e4095a0953f707b492bc0,2b642560cfbc46a3b415e89ad3a03675,1d3635c1d1b8417da02febe5bb56858c"
0.0,38030450,2,19015225.0,19015225.0,18986135,19044315,41139.5,PushPop,":batch=79f31184b0b746ce843bcefe9f554947 phase=decode requests=dfa53ed7b1db427c979733175e83eed5,1b90b5029a8e4095a0953f707b492bc0,2b642560cfbc46a3b415e89ad3a03675,1d3635c1d1b8417da02febe5bb56858c"
0.0,38028438,2,19014219.0,19014219.0,18968246,19060192,65015.6,PushPop,":batch=a1e096dd314a466ca40d02fc50745646 phase=decode requests=dfa53ed7b1db427c979733175e83eed5,1b90b5029a8e4095a0953f707b492bc0,2b642560cfbc46a3b415e89ad3a03675,1d3635c1d1b8417da02febe5bb56858c"
0.0,38028185,2,19014092.5,19014092.5,18988128,19040057,36719.3,PushPop,":batch=9dc84ee1d34040adad565f90afefd98e phase=decode requests=dfa53ed7b1db427c979733175e83eed5,1b90b5029a8e4095a0953f707b492bc0,2b642560cfbc46a3b415e89ad3a03675,1d3635c1d1b8417da02febe5bb56858c"
0.0,38027956,2,19013978.0,19013978.0,18971069,19056887,60682.5,PushPop,":batch=b28c79b2c3c44679b268b1b7ac05cdad phase=decode requests=dfa53ed7b1db427c979733175e83eed5,1b90b5029a8e4095a0953f707b492bc0,2b642560cfbc46a3b415e89ad3a03675,1d3635c1d1b8417da02febe5bb56858c"
0.0,38026789,2,19013394.5,19013394.5,18980219,19046570,46917.2,PushPop,":batch=62554c4e127641fda7010ee2d52fd578 phase=decode requests=dfa53ed7b1db427c979733175e83eed5,1b90b5029a8e4095a0953f707b492bc0,2b642560cfbc46a3b415e89ad3a03675,1d3635c1d1b8417da02febe5bb56858c"
0.0,38024823,2,19012411.5,19012411.5,18978534,19046289,47910.0,PushPop,":batch=df6b141690514170bdb53dc4fcde4463 phase=decode requests=dfa53ed7b1db427c979733175e83eed5,1b90b5029a8e4095a0953f707b492bc0,2b642560cfbc46a3b415e89ad3a03675,1d3635c1d1b8417da02febe5bb56858c"
0.0,38022559,2,19011279.5,19011279.5,18576835,19445724,614397.3,PushPop,:batch=f7512d8e41994b31b11bedfefcbc5ad1 phase=decode requests=25de90a8b4234cdd9f459bf44de5f72b
0.0,38022314,2,19011157.0,19011157.0,18988325,19033989,32289.3,PushPop,":batch=2c52458ef3974e768f08fd13066e61c1 phase=decode requests=dfa53ed7b1db427c979733175e83eed5,1b90b5029a8e4095a0953f707b492bc0,2b642560cfbc46a3b415e89ad3a03675,1d3635c1d1b8417da02febe5bb56858c"
0.0,38020357,2,19010178.5,19010178.5,18986122,19034235,34021.0,PushPop,":batch=f5b3d583ed5c4827bdd08d0a3c7368bc phase=decode requests=dfa53ed7b1db427c979733175e83eed5,1b90b5029a8e4095a0953f707b492bc0,2b642560cfbc46a3b415e89ad3a03675,1d3635c1d1b8417da02febe5bb56858c"
0.0,38019629,2,19009814.5,19009814.5,18988464,19031165,30194.2,PushPop,":batch=08cd5799d5074abbafdc617fe9ed38fe phase=decode requests=dfa53ed7b1db427c979733175e83eed5,1b90b5029a8e4095a0953f707b492bc0,2b642560cfbc46a3b415e89ad3a03675,1d3635c1d1b8417da02febe5bb56858c"
0.0,38018935,2,19009467.5,19009467.5,18963035,19055900,65665.5,PushPop,":batch=aae849da066b487caadb4cd6782b0026 phase=decode requests=dfa53ed7b1db427c979733175e83eed5,1b90b5029a8e4095a0953f707b492bc0,2b642560cfbc46a3b415e89ad3a03675,1d3635c1d1b8417da02febe5bb56858c"
0.0,38018659,2,19009329.5,19009329.5,18985081,19033578,34292.6,PushPop,":batch=9901ef69de0c49dbbe95c334b4f0d564 phase=decode requests=dfa53ed7b1db427c979733175e83eed5,1b90b5029a8e4095a0953f707b492bc0,2b642560cfbc46a3b415e89ad3a03675,1d3635c1d1b8417da02febe5bb56858c"
0.0,38017069,2,19008534.5,19008534.5,18976453,19040616,45370.1,PushPop,":batch=02408730766c40048fd1e3a72a21e325 phase=decode requests=fd7f18ee548942ab846676d2fc7a354e,7b15763fe2a348b4bded9b891807f3b3,b57ae4d5f220486d9e686230c8c5382e,b86f7835c80b433ab4e1c625067d0f3c"
0.0,38016486,2,19008243.0,19008243.0,18974629,19041857,47537.4,PushPop,":batch=17dcc8c1895a4503a87162744424b6b1 phase=decode requests=dfa53ed7b1db427c979733175e83eed5,1b90b5029a8e4095a0953f707b492bc0,2b642560cfbc46a3b415e89ad3a03675,1d3635c1d1b8417da02febe5bb56858c"
0.0,38016456,2,19008228.0,19008228.0,18977260,19039196,43795.4,PushPop,":batch=b51e4c7be52a418a97fa20fc095ca0e1 phase=decode requests=dfa53ed7b1db427c979733175e83eed5,1b90b5029a8e4095a0953f707b492bc0,2b642560cfbc46a3b415e89ad3a03675,1d3635c1d1b8417da02febe5bb56858c"
0.0,38015872,2,19007936.0,19007936.0,18973232,19042640,49078.9,PushPop,":batch=18016500fefe4f74931aae6c5c3550e2 phase=decode requests=dfa53ed7b1db427c979733175e83eed5,1b90b5029a8e4095a0953f707b492bc0,2b642560cfbc46a3b415e89ad3a03675,1d3635c1d1b8417da02febe5bb56858c"
0.0,38015516,2,19007758.0,19007758.0,18985416,19030100,31596.4,PushPop,":batch=1da8980fcb7a4d5e96c21dc862c3fbc6 phase=decode requests=dfa53ed7b1db427c979733175e83eed5,1b90b5029a8e4095a0953f707b492bc0,2b642560cfbc46a3b415e89ad3a03675,1d3635c1d1b8417da02febe5bb56858c"
0.0,38013736,2,19006868.0,19006868.0,18980808,19032928,36854.4,PushPop,":batch=8adcb12ca6e2435aae93df0363f07741 phase=decode requests=dfa53ed7b1db427c979733175e83eed5,1b90b5029a8e4095a0953f707b492bc0,2b642560cfbc46a3b415e89ad3a03675,1d3635c1d1b8417da02febe5bb56858c"
0.0,38012915,2,19006457.5,19006457.5,18977137,19035778,41465.4,PushPop,":batch=bcfc4dfdb8eb4c94a1d034b708fdb63e phase=decode requests=dfa53ed7b1db427c979733175e83eed5,1b90b5029a8e4095a0953f707b492bc0,2b642560cfbc46a3b415e89ad3a03675,1d3635c1d1b8417da02febe5bb56858c"
0.0,38012221,2,19006110.5,19006110.5,18962029,19050192,62340.7,PushPop,":batch=451879ae853247b18496180f10fb5fae phase=decode requests=dfa53ed7b1db427c979733175e83eed5,1b90b5029a8e4095a0953f707b492bc0,2b642560cfbc46a3b415e89ad3a03675,1d3635c1d1b8417da02febe5bb56858c"
0.0,38011144,2,19005572.0,19005572.0,18978838,19032306,37807.6,PushPop,":batch=fddb9bf53bfc402a8259b268e482bfe0 phase=decode requests=eef2914bac744c1ea29ede0988703e4c,91919f5803e44b6faa967b57bddb81bd,4eba997a613d41f1b98e92a342465594,2c91d8351bd845e18b1e6646cd0b5f4b"
0.0,38007947,2,19003973.5,19003973.5,18974576,19033371,41574.3,PushPop,":batch=d7f110fb428a4453b70c87f4953bc06f phase=decode requests=dfa53ed7b1db427c979733175e83eed5,1b90b5029a8e4095a0953f707b492bc0,2b642560cfbc46a3b415e89ad3a03675,1d3635c1d1b8417da02febe5bb56858c"
0.0,38007788,2,19003894.0,19003894.0,18988511,19019277,21754.8,PushPop,":batch=97f9a376d95846a483678ad8da9d4c31 phase=decode requests=dfa53ed7b1db427c979733175e83eed5,1b90b5029a8e4095a0953f707b492bc0,2b642560cfbc46a3b415e89ad3a03675,1d3635c1d1b8417da02febe5bb56858c"
0.0,38006790,2,19003395.0,19003395.0,18571354,19435436,610998.2,PushPop,:batch=5399074429e848e7879fd77153b771aa phase=decode requests=25de90a8b4234cdd9f459bf44de5f72b
0.0,38004689,2,19002344.5,19002344.5,18965497,19039192,52110.2,PushPop,":batch=a90e1544cac34e52868ea88e9e23b9d0 phase=decode requests=dfa53ed7b1db427c979733175e83eed5,1b90b5029a8e4095a0953f707b492bc0,2b642560cfbc46a3b415e89ad3a03675,1d3635c1d1b8417da02febe5bb56858c"
0.0,38003922,2,19001961.0,19001961.0,18975559,19028363,37338.1,PushPop,":batch=02b8a534ea1c44c8a9f4c13359ffd597 phase=decode requests=dfa53ed7b1db427c979733175e83eed5,1b90b5029a8e4095a0953f707b492bc0,2b642560cfbc46a3b415e89ad3a03675,1d3635c1d1b8417da02febe5bb56858c"
0.0,38003646,2,19001823.0,19001823.0,18970307,19033339,44570.4,PushPop,":batch=4c2df54bde9b41aa86244fbf68ccf374 phase=decode requests=fd7f18ee548942ab846676d2fc7a354e,7b15763fe2a348b4bded9b891807f3b3,b57ae4d5f220486d9e686230c8c5382e,b86f7835c80b433ab4e1c625067d0f3c"
0.0,38000426,2,19000213.0,19000213.0,18981520,19018906,26435.9,PushPop,":batch=a7dd1522588d4bad86dada9f0c175c73 phase=decode requests=dfa53ed7b1db427c979733175e83eed5,1b90b5029a8e4095a0953f707b492bc0,2b642560cfbc46a3b415e89ad3a03675,1d3635c1d1b8417da02febe5bb56858c"
0.0,37999905,2,18999952.5,18999952.5,18955841,19044064,62383.1,PushPop,":batch=f81ba3f561324e12bee33a017fb3be82 phase=decode requests=dfa53ed7b1db427c979733175e83eed5,1b90b5029a8e4095a0953f707b492bc0,2b642560cfbc46a3b415e89ad3a03675,1d3635c1d1b8417da02febe5bb56858c"
0.0,37999687,2,18999843.5,18999843.5,18972341,19027346,38894.4,PushPop,":batch=2c6be2d936794405b7f2bbaba88efb62 phase=decode requests=dfa53ed7b1db427c979733175e83eed5,1b90b5029a8e4095a0953f707b492bc0,2b642560cfbc46a3b415e89ad3a03675,1d3635c1d1b8417da02febe5bb56858c"
0.0,37999515,2,18999757.5,18999757.5,18982220,19017295,24801.8,PushPop,":batch=6854592272a644bd95eb5723480dbf63 phase=decode requests=eef2914bac744c1ea29ede0988703e4c,91919f5803e44b6faa967b57bddb81bd,4eba997a613d41f1b98e92a342465594,2c91d8351bd845e18b1e6646cd0b5f4b"
0.0,37997889,2,18998944.5,18998944.5,18982643,19015246,23053.8,PushPop,:batch=877bc9e397914cc69078e15e1e47b46b phase=decode requests=25de90a8b4234cdd9f459bf44de5f72b
0.0,37997781,2,18998890.5,18998890.5,18963415,19034366,50169.9,PushPop,":batch=107b4aa879ba4c6e9c7940effbc88093 phase=decode requests=dfa53ed7b1db427c979733175e83eed5,1b90b5029a8e4095a0953f707b492bc0,2b642560cfbc46a3b415e89ad3a03675,1d3635c1d1b8417da02febe5bb56858c"
0.0,37997738,2,18998869.0,18998869.0,18966132,19031606,46297.1,PushPop,":batch=9425cf6a3d7e486e8c923b390ae328fa phase=decode requests=fd7f18ee548942ab846676d2fc7a354e,7b15763fe2a348b4bded9b891807f3b3,b57ae4d5f220486d9e686230c8c5382e,b86f7835c80b433ab4e1c625067d0f3c"
0.0,37995545,2,18997772.5,18997772.5,18971085,19024460,37741.8,PushPop,":batch=fd47671021284ee69b555548af89fbba phase=decode requests=dfa53ed7b1db427c979733175e83eed5,1b90b5029a8e4095a0953f707b492bc0,2b642560cfbc46a3b415e89ad3a03675,1d3635c1d1b8417da02febe5bb56858c"
0.0,37995509,2,18997754.5,18997754.5,18963867,19031642,47924.2,PushPop,":batch=37d04d18220d42cfb669e85da9a387ce phase=decode requests=dfa53ed7b1db427c979733175e83eed5,1b90b5029a8e4095a0953f707b492bc0,2b642560cfbc46a3b415e89ad3a03675,1d3635c1d1b8417da02febe5bb56858c"
0.0,37994666,2,18997333.0,18997333.0,18966808,19027858,43168.9,PushPop,":batch=2af6cdceb2f6429182ae076e49fa70b7 phase=decode requests=dfa53ed7b1db427c979733175e83eed5,1b90b5029a8e4095a0953f707b492bc0,2b642560cfbc46a3b415e89ad3a03675,1d3635c1d1b8417da02febe5bb56858c"
0.0,37993869,2,18996934.5,18996934.5,18957539,19036330,55713.7,PushPop,":batch=77b1781d91a5467d931f6c9708b11229 phase=decode requests=dfa53ed7b1db427c979733175e83eed5,1b90b5029a8e4095a0953f707b492bc0,2b642560cfbc46a3b415e89ad3a03675,1d3635c1d1b8417da02febe5bb56858c"
0.0,37990685,2,18995342.5,18995342.5,18968109,19022576,38514.0,PushPop,":batch=bec0585724d140309079df2f9317d860 phase=decode requests=dfa53ed7b1db427c979733175e83eed5,1b90b5029a8e4095a0953f707b492bc0,2b642560cfbc46a3b415e89ad3a03675,1d3635c1d1b8417da02febe5bb56858c"
0.0,37990598,2,18995299.0,18995299.0,18970223,19020375,35462.8,PushPop,":batch=134ead9475b5493fb097e59fe3625737 phase=decode requests=dfa53ed7b1db427c979733175e83eed5,1b90b5029a8e4095a0953f707b492bc0,2b642560cfbc46a3b415e89ad3a03675,1d3635c1d1b8417da02febe5bb56858c"
0.0,37990312,2,18995156.0,18995156.0,18952456,19037856,60386.9,PushPop,":batch=fa8c5a7a16af4ea198d8031cece00f95 phase=decode requests=dfa53ed7b1db427c979733175e83eed5,1b90b5029a8e4095a0953f707b492bc0,2b642560cfbc46a3b415e89ad3a03675,1d3635c1d1b8417da02febe5bb56858c"
0.0,37988981,2,18994490.5,18994490.5,18969251,19019730,35694.0,PushPop,":batch=2ee89fbe242340d8a99f89febd5231ed phase=decode requests=dfa53ed7b1db427c979733175e83eed5,1b90b5029a8e4095a0953f707b492bc0,2b642560cfbc46a3b415e89ad3a03675,1d3635c1d1b8417da02febe5bb56858c"
0.0,37988444,2,18994222.0,18994222.0,18965857,19022587,40114.2,PushPop,:batch=d4c1f1d4fc75416d9c7b15eed3474c47 phase=decode requests=e6255778e8534404ac5ca8451b4d8752
0.0,37988389,2,18994194.5,18994194.5,18952606,19035783,58815.0,PushPop,":batch=299ff0738e304aa697a17fede41ddff0 phase=decode requests=dfa53ed7b1db427c979733175e83eed5,1b90b5029a8e4095a0953f707b492bc0,2b642560cfbc46a3b415e89ad3a03675,1d3635c1d1b8417da02febe5bb56858c"
0.0,37988240,2,18994120.0,18994120.0,18960880,19027360,47008.5,PushPop,":batch=dea85b6e56f24ae8a8f65a4873ce01ae phase=decode requests=dfa53ed7b1db427c979733175e83eed5,1b90b5029a8e4095a0953f707b492bc0,2b642560cfbc46a3b415e89ad3a03675,1d3635c1d1b8417da02febe5bb56858c"
0.0,37986988,2,18993494.0,18993494.0,18979204,19007784,20209.1,PushPop,":batch=809e0cb74cae4d25a27e1b56db9c9103 phase=decode requests=dfa53ed7b1db427c979733175e83eed5,1b90b5029a8e4095a0953f707b492bc0,2b642560cfbc46a3b415e89ad3a03675,1d3635c1d1b8417da02febe5bb56858c"
0.0,37985930,2,18992965.0,18992965.0,18952383,19033547,57391.6,PushPop,":batch=269ebdfa613848ca992543cc0c816b22 phase=decode requests=dfa53ed7b1db427c979733175e83eed5,1b90b5029a8e4095a0953f707b492bc0,2b642560cfbc46a3b415e89ad3a03675,1d3635c1d1b8417da02febe5bb56858c"
0.0,37985209,2,18992604.5,18992604.5,18947415,19037794,63907.6,PushPop,":batch=b3b85d20444e45efbab496f6a581621a phase=decode requests=dfa53ed7b1db427c979733175e83eed5,1b90b5029a8e4095a0953f707b492bc0,2b642560cfbc46a3b415e89ad3a03675,1d3635c1d1b8417da02febe5bb56858c"
0.0,37984718,2,18992359.0,18992359.0,18975437,19009281,23931.3,PushPop,":batch=127a2de25a4640fa94bb8c13cca713be phase=decode requests=dfa53ed7b1db427c979733175e83eed5,1b90b5029a8e4095a0953f707b492bc0,2b642560cfbc46a3b415e89ad3a03675,1d3635c1d1b8417da02febe5bb56858c"
0.0,37984613,2,18992306.5,18992306.5,18964334,19020279,39559.1,PushPop,":batch=e9f666b8dd6545f4a05853cbb8ef645d phase=decode requests=dfa53ed7b1db427c979733175e83eed5,1b90b5029a8e4095a0953f707b492bc0,2b642560cfbc46a3b415e89ad3a03675,1d3635c1d1b8417da02febe5bb56858c"
0.0,37984159,2,18992079.5,18992079.5,18973864,19010295,25760.6,PushPop,":batch=6bea98f3074d4bb8bdda78a708f4a4aa phase=decode requests=fd7f18ee548942ab846676d2fc7a354e,7b15763fe2a348b4bded9b891807f3b3,b57ae4d5f220486d9e686230c8c5382e,b86f7835c80b433ab4e1c625067d0f3c"
0.0,37982791,2,18991395.5,18991395.5,18957913,19024878,47351.4,PushPop,":batch=5383acc5b6b94731a567a75c272d90e0 phase=decode requests=fd7f18ee548942ab846676d2fc7a354e,7b15763fe2a348b4bded9b891807f3b3,b57ae4d5f220486d9e686230c8c5382e,b86f7835c80b433ab4e1c625067d0f3c"
0.0,37981369,2,18990684.5,18990684.5,18964017,19017352,37713.5,PushPop,":batch=1fe68b6469ea4540aa831ae68db5359e phase=decode requests=dfa53ed7b1db427c979733175e83eed5,1b90b5029a8e4095a0953f707b492bc0,2b642560cfbc46a3b415e89ad3a03675,1d3635c1d1b8417da02febe5bb56858c"
0.0,37981325,2,18990662.5,18990662.5,18965221,19016104,35979.7,PushPop,":batch=189a0acd161a4e0c82734e4783410aa9 phase=decode requests=dfa53ed7b1db427c979733175e83eed5,1b90b5029a8e4095a0953f707b492bc0,2b642560cfbc46a3b415e89ad3a03675,1d3635c1d1b8417da02febe5bb56858c"
0.0,37980745,2,18990372.5,18990372.5,18958640,19022105,44876.5,PushPop,:batch=b27a338fd2f544f48337487d0a9a5c6d phase=decode requests=f613ba29e5e3458d8e63b0275b98ac68
0.0,37978895,2,18989447.5,18989447.5,18965568,19013327,33770.7,PushPop,":batch=ab68f59d5af04d299b962e23edea1875 phase=decode requests=dfa53ed7b1db427c979733175e83eed5,1b90b5029a8e4095a0953f707b492bc0,2b642560cfbc46a3b415e89ad3a03675,1d3635c1d1b8417da02febe5bb56858c"
0.0,37978789,2,18989394.5,18989394.5,18952336,19026453,52408.6,PushPop,":batch=d32b4aa57fb1472a99089295c7b55664 phase=decode requests=dfa53ed7b1db427c979733175e83eed5,1b90b5029a8e4095a0953f707b492bc0,2b642560cfbc46a3b415e89ad3a03675,1d3635c1d1b8417da02febe5bb56858c"
0.0,37978731,2,18989365.5,18989365.5,18955868,19022863,47372.6,PushPop,":batch=941f358ce57a4ec597b46442f13cdb8b phase=decode requests=dfa53ed7b1db427c979733175e83eed5,1b90b5029a8e4095a0953f707b492bc0,2b642560cfbc46a3b415e89ad3a03675,1d3635c1d1b8417da02febe5bb56858c"
0.0,37976603,2,18988301.5,18988301.5,18958825,19017778,41686.1,PushPop,":batch=5f0b7bac2a62475387a664266e5c4e3b phase=decode requests=dfa53ed7b1db427c979733175e83eed5,1b90b5029a8e4095a0953f707b492bc0,2b642560cfbc46a3b415e89ad3a03675,1d3635c1d1b8417da02febe5bb56858c"
0.0,37974388,2,18987194.0,18987194.0,18963269,19011119,33835.1,PushPop,":batch=a8f7c61bcdbd47e8818291884aed48cb phase=decode requests=dfa53ed7b1db427c979733175e83eed5,1b90b5029a8e4095a0953f707b492bc0,2b642560cfbc46a3b415e89ad3a03675,1d3635c1d1b8417da02febe5bb56858c"
0.0,37973850,2,18986925.0,18986925.0,18967608,19006242,27318.4,PushPop,:batch=99804e1a95df4238b2cd7a373581dd82 phase=decode requests=f613ba29e5e3458d8e63b0275b98ac68
0.0,37972735,2,18986367.5,18986367.5,18963019,19009716,33019.8,PushPop,":batch=285b697c43274b7394f43c50665655a7 phase=decode requests=dfa53ed7b1db427c979733175e83eed5,1b90b5029a8e4095a0953f707b492bc0,2b642560cfbc46a3b415e89ad3a03675,1d3635c1d1b8417da02febe5bb56858c"
0.0,37972552,2,18986276.0,18986276.0,18953104,19019448,46912.3,PushPop,":batch=5dfb6fc1f9bf47e1aa3b421493b0c666 phase=decode requests=dfa53ed7b1db427c979733175e83eed5,1b90b5029a8e4095a0953f707b492bc0,2b642560cfbc46a3b415e89ad3a03675,1d3635c1d1b8417da02febe5bb56858c"
0.0,37971629,2,18985814.5,18985814.5,18948364,19023265,52963.0,PushPop,":batch=a48e638d5c9d49dc8b8591c92049979e phase=decode requests=dfa53ed7b1db427c979733175e83eed5,1b90b5029a8e4095a0953f707b492bc0,2b642560cfbc46a3b415e89ad3a03675,1d3635c1d1b8417da02febe5bb56858c"
0.0,37970321,2,18985160.5,18985160.5,18960082,19010239,35466.4,PushPop,":batch=32e8e631cdfa4143a9b0d706db73a049 phase=decode requests=dfa53ed7b1db427c979733175e83eed5,1b90b5029a8e4095a0953f707b492bc0,2b642560cfbc46a3b415e89ad3a03675,1d3635c1d1b8417da02febe5bb56858c"
0.0,37969910,2,18984955.0,18984955.0,18982984,18986926,2787.4,PushPop,":batch=3a4f30951c804ae081b12f76d772e843 phase=decode requests=dfa53ed7b1db427c979733175e83eed5,1b90b5029a8e4095a0953f707b492bc0,2b642560cfbc46a3b415e89ad3a03675,1d3635c1d1b8417da02febe5bb56858c"
0.0,37968723,2,18984361.5,18984361.5,18946837,19021886,53067.7,PushPop,":batch=597068224e3f4baebc6f3f4347282614 phase=decode requests=dfa53ed7b1db427c979733175e83eed5,1b90b5029a8e4095a0953f707b492bc0,2b642560cfbc46a3b415e89ad3a03675,1d3635c1d1b8417da02febe5bb56858c"
0.0,37967009,2,18983504.5,18983504.5,18959507,19007502,33937.6,PushPop,":batch=97212194cbb84dbf918740bfeb9cb583 phase=decode requests=dfa53ed7b1db427c979733175e83eed5,1b90b5029a8e4095a0953f707b492bc0,2b642560cfbc46a3b415e89ad3a03675,1d3635c1d1b8417da02febe5bb56858c"
0.0,37966020,2,18983010.0,18983010.0,18977208,18988812,8205.3,PushPop,":batch=fa5754be14604954aa9e77e139ac37e1 phase=decode requests=dfa53ed7b1db427c979733175e83eed5,1b90b5029a8e4095a0953f707b492bc0,2b642560cfbc46a3b415e89ad3a03675,1d3635c1d1b8417da02febe5bb56858c"
0.0,37965190,2,18982595.0,18982595.0,18977291,18987899,7501.0,PushPop,":batch=7ab553bfa3e3404592acc26bd15f0acf phase=decode requests=dfa53ed7b1db427c979733175e83eed5,1b90b5029a8e4095a0953f707b492bc0,2b642560cfbc46a3b415e89ad3a03675,1d3635c1d1b8417da02febe5bb56858c"
0.0,37964280,2,18982140.0,18982140.0,18938920,19025360,61122.3,PushPop,":batch=18a2bc5f8a934c7aa5cca2f5de67300f phase=decode requests=dfa53ed7b1db427c979733175e83eed5,1b90b5029a8e4095a0953f707b492bc0,2b642560cfbc46a3b415e89ad3a03675,1d3635c1d1b8417da02febe5bb56858c"
0.0,37963643,2,18981821.5,18981821.5,18952886,19010757,40921.0,PushPop,":batch=d6ac7302531e491b93c40fa4d72ec05a phase=decode requests=dfa53ed7b1db427c979733175e83eed5,1b90b5029a8e4095a0953f707b492bc0,2b642560cfbc46a3b415e89ad3a03675,1d3635c1d1b8417da02febe5bb56858c"
0.0,37962663,2,18981331.5,18981331.5,18952437,19010226,40863.0,PushPop,":batch=22997d4872084963830a822af4bf8c79 phase=decode requests=dfa53ed7b1db427c979733175e83eed5,1b90b5029a8e4095a0953f707b492bc0,2b642560cfbc46a3b415e89ad3a03675,1d3635c1d1b8417da02febe5bb56858c"
0.0,37961386,2,18980693.0,18980693.0,18950093,19011293,43274.9,PushPop,":batch=268b1a0bd936424195ebe2b04c96fd05 phase=decode requests=dfa53ed7b1db427c979733175e83eed5,1b90b5029a8e4095a0953f707b492bc0,2b642560cfbc46a3b415e89ad3a03675,1d3635c1d1b8417da02febe5bb56858c"
0.0,37961170,2,18980585.0,18980585.0,18958878,19002292,30698.3,PushPop,:batch=6165ea1beda245abb81b3e51a2a406a0 phase=decode requests=25de90a8b4234cdd9f459bf44de5f72b
0.0,37960671,2,18980335.5,18980335.5,18937294,19023377,60869.9,PushPop,:batch=27e13d64be1c45dab55c7d7aa012b509 phase=decode requests=25de90a8b4234cdd9f459bf44de5f72b
0.0,37959438,2,18979719.0,18979719.0,18944545,19014893,49743.5,PushPop,":batch=5e4537625b6449159f633e221434e8e2 phase=decode requests=dfa53ed7b1db427c979733175e83eed5,1b90b5029a8e4095a0953f707b492bc0,2b642560cfbc46a3b415e89ad3a03675,1d3635c1d1b8417da02febe5bb56858c"
0.0,37956147,2,18978073.5,18978073.5,18955848,19000299,31431.6,PushPop,":batch=466cc08ebcc045f1a3eb5bfdbbd7e9e7 phase=decode requests=dfa53ed7b1db427c979733175e83eed5,1b90b5029a8e4095a0953f707b492bc0,2b642560cfbc46a3b415e89ad3a03675,1d3635c1d1b8417da02febe5bb56858c"
0.0,37955561,2,18977780.5,18977780.5,18544148,19411413,613249.0,PushPop,":batch=0388bb9251254d8dbead922322fd08c0 phase=decode requests=dfa53ed7b1db427c979733175e83eed5,1b90b5029a8e4095a0953f707b492bc0,2b642560cfbc46a3b415e89ad3a03675,1d3635c1d1b8417da02febe5bb56858c"
0.0,37953263,2,18976631.5,18976631.5,18956950,18996313,27833.8,PushPop,:batch=2229e17607e34d15bafae49957e7ec2e phase=decode requests=f613ba29e5e3458d8e63b0275b98ac68
0.0,37952236,2,18976118.0,18976118.0,18944212,19008024,45121.9,PushPop,":batch=66fb9bc4896f49c2afb6def8c9b13e52 phase=decode requests=fd7f18ee548942ab846676d2fc7a354e,7b15763fe2a348b4bded9b891807f3b3,b57ae4d5f220486d9e686230c8c5382e,b86f7835c80b433ab4e1c625067d0f3c"
0.0,37949913,2,18974956.5,18974956.5,18943560,19006353,44401.4,PushPop,":batch=ac3db6d2675840128d418db840201565 phase=decode requests=dfa53ed7b1db427c979733175e83eed5,1b90b5029a8e4095a0953f707b492bc0,2b642560cfbc46a3b415e89ad3a03675,1d3635c1d1b8417da02febe5bb56858c"
0.0,37949283,2,18974641.5,18974641.5,18940261,19009022,48621.4,PushPop,":batch=e9b4420a97a546068558eaa7c7fc26c4 phase=decode requests=dfa53ed7b1db427c979733175e83eed5,1b90b5029a8e4095a0953f707b492bc0,2b642560cfbc46a3b415e89ad3a03675,1d3635c1d1b8417da02febe5bb56858c"
0.0,37949019,2,18974509.5,18974509.5,18944554,19004465,42363.5,PushPop,":batch=5d3730165682416498e2fda7994c931f phase=decode requests=dfa53ed7b1db427c979733175e83eed5,1b90b5029a8e4095a0953f707b492bc0,2b642560cfbc46a3b415e89ad3a03675,1d3635c1d1b8417da02febe5bb56858c"
0.0,37948259,2,18974129.5,18974129.5,18944623,19003636,41728.5,PushPop,":batch=5b38ed2c405a40088c7e2e34476a3279 phase=decode requests=dfa53ed7b1db427c979733175e83eed5,1b90b5029a8e4095a0953f707b492bc0,2b642560cfbc46a3b415e89ad3a03675,1d3635c1d1b8417da02febe5bb56858c"
0.0,37947877,2,18973938.5,18973938.5,18925415,19022462,68622.6,PushPop,":batch=dd07ea9b27fe49f598a8ee87712d27a5 phase=decode requests=dfa53ed7b1db427c979733175e83eed5,1b90b5029a8e4095a0953f707b492bc0,2b642560cfbc46a3b415e89ad3a03675,1d3635c1d1b8417da02febe5bb56858c"
0.0,37947177,2,18973588.5,18973588.5,18942243,19004934,44329.2,PushPop,":batch=6dd25689e8b9417db2ddadf9d8b4d3ff phase=decode requests=dfa53ed7b1db427c979733175e83eed5,1b90b5029a8e4095a0953f707b492bc0,2b642560cfbc46a3b415e89ad3a03675,1d3635c1d1b8417da02febe5bb56858c"
0.0,37947094,2,18973547.0,18973547.0,18949163,18997931,34484.2,PushPop,":batch=3cdf4eded4c44269916e508679e304d2 phase=decode requests=dfa53ed7b1db427c979733175e83eed5,1b90b5029a8e4095a0953f707b492bc0,2b642560cfbc46a3b415e89ad3a03675,1d3635c1d1b8417da02febe5bb56858c"
0.0,37946004,2,18973002.0,18973002.0,18962063,18983941,15470.1,PushPop,":batch=a34897207bbd430ca5b4819f3ea46cdb phase=decode requests=fd7f18ee548942ab846676d2fc7a354e,7b15763fe2a348b4bded9b891807f3b3,b57ae4d5f220486d9e686230c8c5382e,b86f7835c80b433ab4e1c625067d0f3c"
0.0,37944508,2,18972254.0,18972254.0,18948466,18996042,33641.3,PushPop,":batch=070f930fe1ae4c8db614a275640eff92 phase=decode requests=dfa53ed7b1db427c979733175e83eed5,1b90b5029a8e4095a0953f707b492bc0,2b642560cfbc46a3b415e89ad3a03675,1d3635c1d1b8417da02febe5bb56858c"
0.0,37942264,2,18971132.0,18971132.0,18925621,19016643,64362.3,PushPop,":batch=cba6f7c646a24030ba8a45f8872139c5 phase=decode requests=dfa53ed7b1db427c979733175e83eed5,1b90b5029a8e4095a0953f707b492bc0,2b642560cfbc46a3b415e89ad3a03675,1d3635c1d1b8417da02febe5bb56858c"
0.0,37941701,2,18970850.5,18970850.5,18941856,18999845,41004.4,PushPop,":batch=fe537a38db4748c48632f8fe13678c96 phase=decode requests=dfa53ed7b1db427c979733175e83eed5,1b90b5029a8e4095a0953f707b492bc0,2b642560cfbc46a3b415e89ad3a03675,1d3635c1d1b8417da02febe5bb56858c"
0.0,37940194,2,18970097.0,18970097.0,18550980,19389214,592720.9,PushPop,":batch=ac4779b9662b4370b174e9feb5d4067b phase=decode requests=dfa53ed7b1db427c979733175e83eed5,1b90b5029a8e4095a0953f707b492bc0,2b642560cfbc46a3b415e89ad3a03675,1d3635c1d1b8417da02febe5bb56858c"
0.0,37937780,2,18968890.0,18968890.0,18933034,19004746,50708.0,PushPop,":batch=114ad4c0654e4db697adacacff76e29e phase=decode requests=dfa53ed7b1db427c979733175e83eed5,1b90b5029a8e4095a0953f707b492bc0,2b642560cfbc46a3b415e89ad3a03675,1d3635c1d1b8417da02febe5bb56858c"
0.0,37937706,2,18968853.0,18968853.0,18944294,18993412,34731.7,PushPop,":batch=a893452ad23844b0be90e7105a219039 phase=decode requests=dfa53ed7b1db427c979733175e83eed5,1b90b5029a8e4095a0953f707b492bc0,2b642560cfbc46a3b415e89ad3a03675,1d3635c1d1b8417da02febe5bb56858c"
0.0,37937122,2,18968561.0,18968561.0,18927501,19009621,58067.6,PushPop,":batch=a121538605ea47b18e0d6564cf68b6ce phase=decode requests=dfa53ed7b1db427c979733175e83eed5,1b90b5029a8e4095a0953f707b492bc0,2b642560cfbc46a3b415e89ad3a03675,1d3635c1d1b8417da02febe5bb56858c"
0.0,37936601,2,18968300.5,18968300.5,18937557,18999044,43477.9,PushPop,":batch=42e659baeffe4f3b96e9e56ec1b256f0 phase=decode requests=dfa53ed7b1db427c979733175e83eed5,1b90b5029a8e4095a0953f707b492bc0,2b642560cfbc46a3b415e89ad3a03675,1d3635c1d1b8417da02febe5bb56858c"
0.0,37935777,2,18967888.5,18967888.5,18945325,18990452,31909.6,PushPop,":batch=8c4258ed54ca4f328d4621f4f50c3193 phase=decode requests=fd7f18ee548942ab846676d2fc7a354e,7b15763fe2a348b4bded9b891807f3b3,b57ae4d5f220486d9e686230c8c5382e,b86f7835c80b433ab4e1c625067d0f3c"
0.0,37934917,2,18967458.5,18967458.5,18935068,18999849,45807.1,PushPop,":batch=8d3a39d15a564c9ea246bc06211c7e4b phase=decode requests=dfa53ed7b1db427c979733175e83eed5,1b90b5029a8e4095a0953f707b492bc0,2b642560cfbc46a3b415e89ad3a03675,1d3635c1d1b8417da02febe5bb56858c"
0.0,37933036,2,18966518.0,18966518.0,18946667,18986369,28073.6,PushPop,":batch=9ce92f675e0048108fe061dcf403674c phase=decode requests=dfa53ed7b1db427c979733175e83eed5,1b90b5029a8e4095a0953f707b492bc0,2b642560cfbc46a3b415e89ad3a03675,1d3635c1d1b8417da02febe5bb56858c"
0.0,37932511,2,18966255.5,18966255.5,18939390,18993121,37993.6,PushPop,":batch=37ea6218bbc045e49236aca6e7d5c53f phase=decode requests=eef2914bac744c1ea29ede0988703e4c,91919f5803e44b6faa967b57bddb81bd,4eba997a613d41f1b98e92a342465594,2c91d8351bd845e18b1e6646cd0b5f4b"
0.0,37927323,2,18963661.5,18963661.5,18945368,18981955,25870.9,PushPop,":batch=c2616179046e454d820462e3c37c1b90 phase=decode requests=fd7f18ee548942ab846676d2fc7a354e,7b15763fe2a348b4bded9b891807f3b3,b57ae4d5f220486d9e686230c8c5382e,b86f7835c80b433ab4e1c625067d0f3c"
0.0,37925866,2,18962933.0,18962933.0,18927869,18997997,49588.0,PushPop,":batch=86e02de7b16040bd8ee83d7e3dc7d696 phase=decode requests=dfa53ed7b1db427c979733175e83eed5,1b90b5029a8e4095a0953f707b492bc0,2b642560cfbc46a3b415e89ad3a03675,1d3635c1d1b8417da02febe5bb56858c"
0.0,37925119,2,18962559.5,18962559.5,18937424,18987695,35547.0,PushPop,":batch=a06ed6d3f40b492c9ad178c3a4c48807 phase=decode requests=dfa53ed7b1db427c979733175e83eed5,1b90b5029a8e4095a0953f707b492bc0,2b642560cfbc46a3b415e89ad3a03675,1d3635c1d1b8417da02febe5bb56858c"
0.0,37923204,2,18961602.0,18961602.0,18932581,18990623,41041.9,PushPop,":batch=5fdf99cb550147eaab4cd23077387cfe phase=decode requests=dfa53ed7b1db427c979733175e83eed5,1b90b5029a8e4095a0953f707b492bc0,2b642560cfbc46a3b415e89ad3a03675,1d3635c1d1b8417da02febe5bb56858c"
0.0,37922972,2,18961486.0,18961486.0,18926338,18996634,49706.8,PushPop,:batch=25e7c133a7af42749ef98a73b41da071 phase=decode requests=e6255778e8534404ac5ca8451b4d8752
0.0,37921746,2,18960873.0,18960873.0,18932511,18989235,40109.9,PushPop,":batch=406420cfe24f45fa926abef62d6d15fa phase=decode requests=dfa53ed7b1db427c979733175e83eed5,1b90b5029a8e4095a0953f707b492bc0,2b642560cfbc46a3b415e89ad3a03675,1d3635c1d1b8417da02febe5bb56858c"
0.0,37915269,2,18957634.5,18957634.5,18918592,18996677,55214.4,PushPop,":batch=2aef6f2e2dda41b49b040060de70e5fb phase=decode requests=dfa53ed7b1db427c979733175e83eed5,1b90b5029a8e4095a0953f707b492bc0,2b642560cfbc46a3b415e89ad3a03675,1d3635c1d1b8417da02febe5bb56858c"
0.0,37915207,2,18957603.5,18957603.5,18925988,18989219,44711.1,PushPop,":batch=cea39c5eb4924dae83d12a42812daf78 phase=decode requests=dfa53ed7b1db427c979733175e83eed5,1b90b5029a8e4095a0953f707b492bc0,2b642560cfbc46a3b415e89ad3a03675,1d3635c1d1b8417da02febe5bb56858c"
0.0,37914501,2,18957250.5,18957250.5,18926341,18988160,43712.6,PushPop,":batch=d80e87bf6f4d4cd5b7003dd50aafa874 phase=decode requests=dfa53ed7b1db427c979733175e83eed5,1b90b5029a8e4095a0953f707b492bc0,2b642560cfbc46a3b415e89ad3a03675,1d3635c1d1b8417da02febe5bb56858c"
0.0,37914239,2,18957119.5,18957119.5,18934109,18980130,32541.8,PushPop,":batch=6d6b8baac0f24c059d2471db759e7edf phase=decode requests=eef2914bac744c1ea29ede0988703e4c,91919f5803e44b6faa967b57bddb81bd,4eba997a613d41f1b98e92a342465594,2c91d8351bd845e18b1e6646cd0b5f4b"
0.0,37912572,2,18956286.0,18956286.0,18925882,18986690,42997.7,PushPop,":batch=94a442a62d644396b41c22ebf4a00a8d phase=decode requests=fd7f18ee548942ab846676d2fc7a354e,7b15763fe2a348b4bded9b891807f3b3,b57ae4d5f220486d9e686230c8c5382e,b86f7835c80b433ab4e1c625067d0f3c"
0.0,37911480,2,18955740.0,18955740.0,18936103,18975377,27770.9,PushPop,:batch=4d0a0ad90b4f43348b30af50e28c911f phase=decode requests=25de90a8b4234cdd9f459bf44de5f72b
0.0,37910952,2,18955476.0,18955476.0,18927478,18983474,39595.2,PushPop,":batch=1a63a8dbcc5e43639346c5b043b0bfb7 phase=decode requests=dfa53ed7b1db427c979733175e83eed5,1b90b5029a8e4095a0953f707b492bc0,2b642560cfbc46a3b415e89ad3a03675,1d3635c1d1b8417da02febe5bb56858c"
0.0,37910781,2,18955390.5,18955390.5,18946695,18964086,12297.3,PushPop,":batch=4ff313f7f097470b9d818a62fd7c4a86 phase=decode requests=fd7f18ee548942ab846676d2fc7a354e,7b15763fe2a348b4bded9b891807f3b3,b57ae4d5f220486d9e686230c8c5382e,b86f7835c80b433ab4e1c625067d0f3c"
0.0,37910770,2,18955385.0,18955385.0,18929405,18981365,36741.3,PushPop,":batch=dcf6e7b3bbd940529c3757f0b1fc724c phase=decode requests=dfa53ed7b1db427c979733175e83eed5,1b90b5029a8e4095a0953f707b492bc0,2b642560cfbc46a3b415e89ad3a03675,1d3635c1d1b8417da02febe5bb56858c"
0.0,37910262,2,18955131.0,18955131.0,18929248,18981014,36604.1,PushPop,":batch=7dc4c30d75214b2589300910a6ae782a phase=decode requests=dfa53ed7b1db427c979733175e83eed5,1b90b5029a8e4095a0953f707b492bc0,2b642560cfbc46a3b415e89ad3a03675,1d3635c1d1b8417da02febe5bb56858c"
0.0,37909477,2,18954738.5,18954738.5,18935289,18974188,27505.7,PushPop,":batch=9ea8362fd9d64c5c85eb082d0a8387dc phase=decode requests=dfa53ed7b1db427c979733175e83eed5,1b90b5029a8e4095a0953f707b492bc0,2b642560cfbc46a3b415e89ad3a03675,1d3635c1d1b8417da02febe5bb56858c"
0.0,37907613,2,18953806.5,18953806.5,18537329,19370284,588988.1,PushPop,:batch=e88256544b614e799478004b5d7f5632 phase=decode requests=25de90a8b4234cdd9f459bf44de5f72b
0.0,37907596,2,18953798.0,18953798.0,18939911,18967685,19639.2,PushPop,":batch=4626cf0da9e8470d8c4772506bc2715d phase=decode requests=fd7f18ee548942ab846676d2fc7a354e,7b15763fe2a348b4bded9b891807f3b3,b57ae4d5f220486d9e686230c8c5382e,b86f7835c80b433ab4e1c625067d0f3c"
0.0,37905254,2,18952627.0,18952627.0,18917040,18988214,50327.6,PushPop,":batch=64bb39db08ce4d05991d719d6709a00f phase=decode requests=dfa53ed7b1db427c979733175e83eed5,1b90b5029a8e4095a0953f707b492bc0,2b642560cfbc46a3b415e89ad3a03675,1d3635c1d1b8417da02febe5bb56858c"
0.0,37904789,2,18952394.5,18952394.5,18937771,18967018,20680.8,PushPop,":batch=bdd7a9a7a7d047dfa0aec5674968696c phase=decode requests=fd7f18ee548942ab846676d2fc7a354e,7b15763fe2a348b4bded9b891807f3b3,b57ae4d5f220486d9e686230c8c5382e,b86f7835c80b433ab4e1c625067d0f3c"
0.0,37902775,2,18951387.5,18951387.5,18913295,18989480,53870.9,PushPop,":batch=361f46c2b643421294ab243527a56cae phase=decode requests=dfa53ed7b1db427c979733175e83eed5,1b90b5029a8e4095a0953f707b492bc0,2b642560cfbc46a3b415e89ad3a03675,1d3635c1d1b8417da02febe5bb56858c"
0.0,37900910,2,18950455.0,18950455.0,18545005,19355905,573392.9,PushPop,:batch=8f7a8441772b4d9e9e120a31d02d66a1 phase=decode requests=25de90a8b4234cdd9f459bf44de5f72b
0.0,37900451,2,18950225.5,18950225.5,18916625,18983826,47518.3,PushPop,":batch=995f1a965da94233a0ea7b44a6fba838 phase=decode requests=dfa53ed7b1db427c979733175e83eed5,1b90b5029a8e4095a0953f707b492bc0,2b642560cfbc46a3b415e89ad3a03675,1d3635c1d1b8417da02febe5bb56858c"
0.0,37898490,2,18949245.0,18949245.0,18917310,18981180,45162.9,PushPop,":batch=659c97bc093f46ae82219efbea044239 phase=decode requests=dfa53ed7b1db427c979733175e83eed5,1b90b5029a8e4095a0953f707b492bc0,2b642560cfbc46a3b415e89ad3a03675,1d3635c1d1b8417da02febe5bb56858c"
0.0,37897000,2,18948500.0,18948500.0,18910636,18986364,53547.8,PushPop,":batch=f2c5b9b76caa42998c2b8ba558489e50 phase=decode requests=fd7f18ee548942ab846676d2fc7a354e,7b15763fe2a348b4bded9b891807f3b3,b57ae4d5f220486d9e686230c8c5382e,b86f7835c80b433ab4e1c625067d0f3c"
0.0,37896344,2,18948172.0,18948172.0,18921227,18975117,38106.0,PushPop,":batch=c49892c8bf40433794207821d5bf92c0 phase=decode requests=dfa53ed7b1db427c979733175e83eed5,1b90b5029a8e4095a0953f707b492bc0,2b642560cfbc46a3b415e89ad3a03675,1d3635c1d1b8417da02febe5bb56858c"
0.0,37895794,2,18947897.0,18947897.0,18920853,18974941,38246.0,PushPop,":batch=7f583a24e66542cba29ad6ec6704b18c phase=decode requests=dfa53ed7b1db427c979733175e83eed5,1b90b5029a8e4095a0953f707b492bc0,2b642560cfbc46a3b415e89ad3a03675,1d3635c1d1b8417da02febe5bb56858c"
0.0,37893156,2,18946578.0,18946578.0,18916436,18976720,42627.2,PushPop,":batch=7f7232fcb3714b31a4220fd2a7d379f0 phase=decode requests=dfa53ed7b1db427c979733175e83eed5,1b90b5029a8e4095a0953f707b492bc0,2b642560cfbc46a3b415e89ad3a03675,1d3635c1d1b8417da02febe5bb56858c"
0.0,37892709,2,18946354.5,18946354.5,18889633,19003076,80216.3,PushPop,":batch=5ff1fca2d5fa42abbfb60a1df420ad0c phase=decode requests=dfa53ed7b1db427c979733175e83eed5,1b90b5029a8e4095a0953f707b492bc0,2b642560cfbc46a3b415e89ad3a03675,1d3635c1d1b8417da02febe5bb56858c"
0.0,37890166,2,18945083.0,18945083.0,18928907,18961259,22876.3,PushPop,":batch=7b988961fca147a6955b36055137fc2b phase=decode requests=dfa53ed7b1db427c979733175e83eed5,1b90b5029a8e4095a0953f707b492bc0,2b642560cfbc46a3b415e89ad3a03675,1d3635c1d1b8417da02febe5bb56858c"
0.0,37889233,2,18944616.5,18944616.5,18915863,18973370,40663.6,PushPop,":batch=08f724852c834652bc385ea6aeb30692 phase=decode requests=dfa53ed7b1db427c979733175e83eed5,1b90b5029a8e4095a0953f707b492bc0,2b642560cfbc46a3b415e89ad3a03675,1d3635c1d1b8417da02febe5bb56858c"
0.0,37886729,2,18943364.5,18943364.5,18938922,18947807,6282.6,PushPop,":batch=3420bcf8083f46f7a7d8c409909f077e phase=decode requests=1811f6ebf58e4b0ea2292b35146cd35f,612ab6a155ee43be83ea6696bd5b8b7f,04a26fdd847647a5a094bbafb63bc469,5f8f2308efff494a9a6a2fa3d4ecc35c"
0.0,37885426,2,18942713.0,18942713.0,18903292,18982134,55749.7,PushPop,":batch=896792ca53924d70bab0140cab714964 phase=decode requests=dfa53ed7b1db427c979733175e83eed5,1b90b5029a8e4095a0953f707b492bc0,2b642560cfbc46a3b415e89ad3a03675,1d3635c1d1b8417da02febe5bb56858c"
0.0,37884184,2,18942092.0,18942092.0,18922643,18961541,27505.0,PushPop,":batch=d0dd466ff6184592bcda6125f5eab621 phase=decode requests=fd7f18ee548942ab846676d2fc7a354e,7b15763fe2a348b4bded9b891807f3b3,b57ae4d5f220486d9e686230c8c5382e,b86f7835c80b433ab4e1c625067d0f3c"
0.0,37883856,2,18941928.0,18941928.0,18918132,18965724,33652.6,PushPop,":batch=4948d31a50654480955459dd0b82338a phase=decode requests=dfa53ed7b1db427c979733175e83eed5,1b90b5029a8e4095a0953f707b492bc0,2b642560cfbc46a3b415e89ad3a03675,1d3635c1d1b8417da02febe5bb56858c"
0.0,37881016,2,18940508.0,18940508.0,18906393,18974623,48245.9,PushPop,":batch=52d2b5f707514bc789038da7e215ee95 phase=decode requests=dfa53ed7b1db427c979733175e83eed5,1b90b5029a8e4095a0953f707b492bc0,2b642560cfbc46a3b415e89ad3a03675,1d3635c1d1b8417da02febe5bb56858c"
0.0,37879561,2,18939780.5,18939780.5,18912174,18967387,39041.5,PushPop,":batch=c3ebb26f085e41e7a7ca1d3faa741f88 phase=decode requests=eef2914bac744c1ea29ede0988703e4c,91919f5803e44b6faa967b57bddb81bd,4eba997a613d41f1b98e92a342465594,2c91d8351bd845e18b1e6646cd0b5f4b"
0.0,37877601,2,18938800.5,18938800.5,18908946,18968655,42220.6,PushPop,":batch=ffd50d15176b4277adc1f5d1482a987d phase=decode requests=dfa53ed7b1db427c979733175e83eed5,1b90b5029a8e4095a0953f707b492bc0,2b642560cfbc46a3b415e89ad3a03675,1d3635c1d1b8417da02febe5bb56858c"
0.0,37875831,2,18937915.5,18937915.5,18917732,18958099,28543.8,PushPop,:batch=00e554d0a2ad48d19f757a690cf11f1d phase=decode requests=f613ba29e5e3458d8e63b0275b98ac68
0.0,37875780,2,18937890.0,18937890.0,18900939,18974841,52256.6,PushPop,":batch=7fb3eb6ce0f545a7963043375a7e1fcf phase=decode requests=dfa53ed7b1db427c979733175e83eed5,1b90b5029a8e4095a0953f707b492bc0,2b642560cfbc46a3b415e89ad3a03675,1d3635c1d1b8417da02febe5bb56858c"
0.0,37875322,2,18937661.0,18937661.0,18909922,18965400,39228.9,PushPop,":batch=b5c1995881b44c0abeb01604cd41dda8 phase=decode requests=dfa53ed7b1db427c979733175e83eed5,1b90b5029a8e4095a0953f707b492bc0,2b642560cfbc46a3b415e89ad3a03675,1d3635c1d1b8417da02febe5bb56858c"
0.0,37874644,2,18937322.0,18937322.0,18870074,19004570,95103.0,PushPop,:batch=6c0e793d663e42e8afbaea24b42dd1df phase=decode requests=25de90a8b4234cdd9f459bf44de5f72b
0.0,37873269,2,18936634.5,18936634.5,18896292,18976977,57052.9,PushPop,":batch=d7bbac7eec074cf986eb4ddd8ca929bb phase=decode requests=fd7f18ee548942ab846676d2fc7a354e,7b15763fe2a348b4bded9b891807f3b3,b57ae4d5f220486d9e686230c8c5382e,b86f7835c80b433ab4e1c625067d0f3c"
0.0,37872769,2,18936384.5,18936384.5,18909744,18963025,37675.4,PushPop,":batch=d4c3e2a8a2a94407b1a24cf5b4580add phase=decode requests=dfa53ed7b1db427c979733175e83eed5,1b90b5029a8e4095a0953f707b492bc0,2b642560cfbc46a3b415e89ad3a03675,1d3635c1d1b8417da02febe5bb56858c"
0.0,37870240,2,18935120.0,18935120.0,18911453,18958787,33470.2,PushPop,":batch=74376abc731a47f390654753fb0b3f4a phase=decode requests=dfa53ed7b1db427c979733175e83eed5,1b90b5029a8e4095a0953f707b492bc0,2b642560cfbc46a3b415e89ad3a03675,1d3635c1d1b8417da02febe5bb56858c"
0.0,37869538,2,18934769.0,18934769.0,18485031,19384507,636025.6,PushPop,:batch=a626701a752148d1b1f5e860b8e9ac70 phase=decode requests=25de90a8b4234cdd9f459bf44de5f72b
0.0,37868838,2,18934419.0,18934419.0,18906014,18962824,40170.7,PushPop,":batch=cf4e4c6f5f77440886501ae288bfb809 phase=decode requests=dfa53ed7b1db427c979733175e83eed5,1b90b5029a8e4095a0953f707b492bc0,2b642560cfbc46a3b415e89ad3a03675,1d3635c1d1b8417da02febe5bb56858c"
0.0,37868022,2,18934011.0,18934011.0,18915653,18952369,25962.1,PushPop,":batch=628c8d843da049f0bb444e3bf093eadc phase=decode requests=eef2914bac744c1ea29ede0988703e4c,91919f5803e44b6faa967b57bddb81bd,4eba997a613d41f1b98e92a342465594,2c91d8351bd845e18b1e6646cd0b5f4b"
0.0,37867694,2,18933847.0,18933847.0,18900566,18967128,47066.4,PushPop,":batch=6ad591a9f3e24352a122e347cb9f2e39 phase=decode requests=dfa53ed7b1db427c979733175e83eed5,1b90b5029a8e4095a0953f707b492bc0,2b642560cfbc46a3b415e89ad3a03675,1d3635c1d1b8417da02febe5bb56858c"
0.0,37867305,2,18933652.5,18933652.5,18897745,18969560,50780.9,PushPop,":batch=598463dff94c45d2ae1d20c764d1a364 phase=decode requests=fd7f18ee548942ab846676d2fc7a354e,7b15763fe2a348b4bded9b891807f3b3,b57ae4d5f220486d9e686230c8c5382e,b86f7835c80b433ab4e1c625067d0f3c"
0.0,37865300,2,18932650.0,18932650.0,18905286,18960014,38698.5,PushPop,":batch=f312a3fc7b8f4d0ea932415d59773eaf phase=decode requests=dfa53ed7b1db427c979733175e83eed5,1b90b5029a8e4095a0953f707b492bc0,2b642560cfbc46a3b415e89ad3a03675,1d3635c1d1b8417da02febe5bb56858c"
0.0,37862314,2,18931157.0,18931157.0,18478346,19383968,640371.5,PushPop,:batch=4e919ac7e3c84d988a29ceff98ff26e9 phase=decode requests=25de90a8b4234cdd9f459bf44de5f72b
0.0,37861460,2,18930730.0,18930730.0,18901139,18960321,41848.0,PushPop,":batch=f8472ca6d90c440289fb300f5fb60cc8 phase=decode requests=fd7f18ee548942ab846676d2fc7a354e,7b15763fe2a348b4bded9b891807f3b3,b57ae4d5f220486d9e686230c8c5382e,b86f7835c80b433ab4e1c625067d0f3c"
0.0,37860620,2,18930310.0,18930310.0,18478522,19382098,638924.7,PushPop,:batch=724f331036eb410f86bbb4989ce6d6b9 phase=decode requests=25de90a8b4234cdd9f459bf44de5f72b
0.0,37859778,2,18929889.0,18929889.0,18893311,18966467,51729.1,PushPop,":batch=2da97641720f427c838bca48d96e6fc9 phase=decode requests=dfa53ed7b1db427c979733175e83eed5,1b90b5029a8e4095a0953f707b492bc0,2b642560cfbc46a3b415e89ad3a03675,1d3635c1d1b8417da02febe5bb56858c"
0.0,37859596,2,18929798.0,18929798.0,18914244,18945352,21996.7,PushPop,":batch=214c30c3f0d14f3ab63f004a158a6982 phase=decode requests=fd7f18ee548942ab846676d2fc7a354e,7b15763fe2a348b4bded9b891807f3b3,b57ae4d5f220486d9e686230c8c5382e,b86f7835c80b433ab4e1c625067d0f3c"
0.0,37858768,2,18929384.0,18929384.0,18893382,18965386,50914.5,PushPop,":batch=bf72de51c72848b0bf821809429227ff phase=decode requests=dfa53ed7b1db427c979733175e83eed5,1b90b5029a8e4095a0953f707b492bc0,2b642560cfbc46a3b415e89ad3a03675,1d3635c1d1b8417da02febe5bb56858c"
0.0,37858734,2,18929367.0,18929367.0,18918922,18939812,14771.5,PushPop,":batch=36173451a7314352b58eae13ecc18b08 phase=decode requests=fd7f18ee548942ab846676d2fc7a354e,7b15763fe2a348b4bded9b891807f3b3,b57ae4d5f220486d9e686230c8c5382e,b86f7835c80b433ab4e1c625067d0f3c"
0.0,37857105,2,18928552.5,18928552.5,18902288,18954817,37143.6,PushPop,":batch=501c26f17f8d4ac590673ae06c43bb2d phase=decode requests=fd7f18ee548942ab846676d2fc7a354e,7b15763fe2a348b4bded9b891807f3b3,b57ae4d5f220486d9e686230c8c5382e,b86f7835c80b433ab4e1c625067d0f3c"
0.0,37856942,2,18928471.0,18928471.0,18876107,18980835,74053.9,PushPop,":batch=4bd21da3f9bc4ff88286cdc9d7a4c4a1 phase=decode requests=1811f6ebf58e4b0ea2292b35146cd35f,612ab6a155ee43be83ea6696bd5b8b7f,04a26fdd847647a5a094bbafb63bc469,5f8f2308efff494a9a6a2fa3d4ecc35c"
0.0,37856302,2,18928151.0,18928151.0,18911026,18945276,24218.4,PushPop,":batch=1a380e7fa6584b0c87782664155bedd6 phase=decode requests=dfa53ed7b1db427c979733175e83eed5,1b90b5029a8e4095a0953f707b492bc0,2b642560cfbc46a3b415e89ad3a03675,1d3635c1d1b8417da02febe5bb56858c"
0.0,37853143,2,18926571.5,18926571.5,18893920,18959223,46176.2,PushPop,":batch=05167a0b560946879555771f8e637069 phase=decode requests=dfa53ed7b1db427c979733175e83eed5,1b90b5029a8e4095a0953f707b492bc0,2b642560cfbc46a3b415e89ad3a03675,1d3635c1d1b8417da02febe5bb56858c"
0.0,37852861,2,18926430.5,18926430.5,18915040,18937821,16108.6,PushPop,":batch=b96540a7aa134eb8bcbf29963b895d09 phase=decode requests=dfa53ed7b1db427c979733175e83eed5,1b90b5029a8e4095a0953f707b492bc0,2b642560cfbc46a3b415e89ad3a03675,1d3635c1d1b8417da02febe5bb56858c"
0.0,37851410,2,18925705.0,18925705.0,18895970,18955440,42051.6,PushPop,":batch=03a87f287e8345268200015375192ca6 phase=decode requests=fd7f18ee548942ab846676d2fc7a354e,7b15763fe2a348b4bded9b891807f3b3,b57ae4d5f220486d9e686230c8c5382e,b86f7835c80b433ab4e1c625067d0f3c"
0.0,37848793,2,18924396.5,18924396.5,18891708,18957085,46228.5,PushPop,:batch=c9d5ba4814434e7b80fa952158b3b29c phase=decode requests=25de90a8b4234cdd9f459bf44de5f72b
0.0,37847120,2,18923560.0,18923560.0,18905340,18941780,25767.0,PushPop,":batch=6cf45afde2a948a699a83a69d068cc16 phase=decode requests=dfa53ed7b1db427c979733175e83eed5,1b90b5029a8e4095a0953f707b492bc0,2b642560cfbc46a3b415e89ad3a03675,1d3635c1d1b8417da02febe5bb56858c"
0.0,37845929,2,18922964.5,18922964.5,18904685,18941244,25851.1,PushPop,":batch=f72ac22ce92b44d182d47376345eba63 phase=decode requests=dfa53ed7b1db427c979733175e83eed5,1b90b5029a8e4095a0953f707b492bc0,2b642560cfbc46a3b415e89ad3a03675,1d3635c1d1b8417da02febe5bb56858c"
0.0,37842853,2,18921426.5,18921426.5,18887559,18955294,47895.9,PushPop,":batch=fd3eef07caef4cb193653c33897fdaa6 phase=decode requests=dfa53ed7b1db427c979733175e83eed5,1b90b5029a8e4095a0953f707b492bc0,2b642560cfbc46a3b415e89ad3a03675,1d3635c1d1b8417da02febe5bb56858c"
0.0,37842825,2,18921412.5,18921412.5,18894505,18948320,38053.0,PushPop,":batch=4847e64e0b204003829e10e64255bd51 phase=decode requests=dfa53ed7b1db427c979733175e83eed5,1b90b5029a8e4095a0953f707b492bc0,2b642560cfbc46a3b415e89ad3a03675,1d3635c1d1b8417da02febe5bb56858c"
0.0,37842432,2,18921216.0,18921216.0,18903401,18939031,25194.2,PushPop,":batch=9f62bc5f099f4e5080050e1ce5636326 phase=decode requests=dfa53ed7b1db427c979733175e83eed5,1b90b5029a8e4095a0953f707b492bc0,2b642560cfbc46a3b415e89ad3a03675,1d3635c1d1b8417da02febe5bb56858c"
0.0,37842213,2,18921106.5,18921106.5,18879224,18962989,59230.8,PushPop,":batch=0dba9717ab0f4fa4a1b0f6117cad0720 phase=decode requests=fd7f18ee548942ab846676d2fc7a354e,7b15763fe2a348b4bded9b891807f3b3,b57ae4d5f220486d9e686230c8c5382e,b86f7835c80b433ab4e1c625067d0f3c"
0.0,37840953,2,18920476.5,18920476.5,18891187,18949766,41421.6,PushPop,":batch=29ea340793aa483f86d4d96594e460aa phase=decode requests=fd7f18ee548942ab846676d2fc7a354e,7b15763fe2a348b4bded9b891807f3b3,b57ae4d5f220486d9e686230c8c5382e,b86f7835c80b433ab4e1c625067d0f3c"
0.0,37840598,2,18920299.0,18920299.0,18880252,18960346,56635.0,PushPop,":batch=1130d98726ac40c6987714527fe39917 phase=decode requests=dfa53ed7b1db427c979733175e83eed5,1b90b5029a8e4095a0953f707b492bc0,2b642560cfbc46a3b415e89ad3a03675,1d3635c1d1b8417da02febe5bb56858c"
0.0,37840519,2,18920259.5,18920259.5,18882242,18958277,53764.9,PushPop,":batch=81002119706b41e5ba600b1ac7ae330b phase=decode requests=dfa53ed7b1db427c979733175e83eed5,1b90b5029a8e4095a0953f707b492bc0,2b642560cfbc46a3b415e89ad3a03675,1d3635c1d1b8417da02febe5bb56858c"
0.0,37839912,2,18919956.0,18919956.0,18883859,18956053,51048.9,PushPop,":batch=772ecd1c867b4594aa0e2dcded907e0b phase=decode requests=fd7f18ee548942ab846676d2fc7a354e,7b15763fe2a348b4bded9b891807f3b3,b57ae4d5f220486d9e686230c8c5382e,b86f7835c80b433ab4e1c625067d0f3c"
0.0,37838340,2,18919170.0,18919170.0,18884842,18953498,48547.1,PushPop,":batch=5afcb51b68354bbc98aa62dc637e8f5d phase=decode requests=dfa53ed7b1db427c979733175e83eed5,1b90b5029a8e4095a0953f707b492bc0,2b642560cfbc46a3b415e89ad3a03675,1d3635c1d1b8417da02febe5bb56858c"
0.0,37836134,2,18918067.0,18918067.0,18878880,18957254,55418.8,PushPop,":batch=6b55dd8a749c4a1ca7ce74f5a87a8ae9 phase=decode requests=dfa53ed7b1db427c979733175e83eed5,1b90b5029a8e4095a0953f707b492bc0,2b642560cfbc46a3b415e89ad3a03675,1d3635c1d1b8417da02febe5bb56858c"
0.0,37835695,2,18917847.5,18917847.5,18858980,18976715,83251.2,PushPop,:batch=9456313acf524ba99299790d5781e4fb phase=decode requests=25de90a8b4234cdd9f459bf44de5f72b
0.0,37833235,2,18916617.5,18916617.5,18889345,18943890,38569.1,PushPop,":batch=cb6972dbbd5a4f64983a2932f43a350c phase=decode requests=fd7f18ee548942ab846676d2fc7a354e,7b15763fe2a348b4bded9b891807f3b3,b57ae4d5f220486d9e686230c8c5382e,b86f7835c80b433ab4e1c625067d0f3c"
0.0,37832997,2,18916498.5,18916498.5,18898082,18934915,26044.9,PushPop,":batch=22aef10f81b446f388dc353376423e6c phase=decode requests=eef2914bac744c1ea29ede0988703e4c,91919f5803e44b6faa967b57bddb81bd,4eba997a613d41f1b98e92a342465594,2c91d8351bd845e18b1e6646cd0b5f4b"
0.0,37831677,2,18915838.5,18915838.5,18894281,18937396,30486.9,PushPop,":batch=5b37e5012e93447da07a02aac4bb69b8 phase=decode requests=dfa53ed7b1db427c979733175e83eed5,1b90b5029a8e4095a0953f707b492bc0,2b642560cfbc46a3b415e89ad3a03675,1d3635c1d1b8417da02febe5bb56858c"
0.0,37831600,2,18915800.0,18915800.0,18890006,18941594,36478.2,PushPop,":batch=27b90bd1710e46a69872346a44a942e6 phase=decode requests=eef2914bac744c1ea29ede0988703e4c,91919f5803e44b6faa967b57bddb81bd,4eba997a613d41f1b98e92a342465594,2c91d8351bd845e18b1e6646cd0b5f4b"
0.0,37827963,2,18913981.5,18913981.5,18884331,18943632,41932.1,PushPop,":batch=0a9e2cd0f631423dae0d95e6a3fb9b61 phase=decode requests=dfa53ed7b1db427c979733175e83eed5,1b90b5029a8e4095a0953f707b492bc0,2b642560cfbc46a3b415e89ad3a03675,1d3635c1d1b8417da02febe5bb56858c"
0.0,37827499,2,18913749.5,18913749.5,18867153,18960346,65897.4,PushPop,":batch=6da87308fb924e97897698340003036c phase=decode requests=dfa53ed7b1db427c979733175e83eed5,1b90b5029a8e4095a0953f707b492bc0,2b642560cfbc46a3b415e89ad3a03675,1d3635c1d1b8417da02febe5bb56858c"
0.0,37827018,2,18913509.0,18913509.0,18897967,18929051,21979.7,PushPop,:batch=ea51b9ca38b84d4d9b98de2e7e59f1f6 phase=decode requests=f613ba29e5e3458d8e63b0275b98ac68
0.0,37826995,2,18913497.5,18913497.5,18857822,18969173,78737.0,PushPop,:batch=d8bf1d3db5134b8ca24cc52a71d7c704 phase=decode requests=f613ba29e5e3458d8e63b0275b98ac68
0.0,37820105,2,18910052.5,18910052.5,18878187,18941918,45064.6,PushPop,":batch=ea32bb4a32cc471b91bf83b2eb439f64 phase=decode requests=dfa53ed7b1db427c979733175e83eed5,1b90b5029a8e4095a0953f707b492bc0,2b642560cfbc46a3b415e89ad3a03675,1d3635c1d1b8417da02febe5bb56858c"
0.0,37816439,2,18908219.5,18908219.5,18876983,18939456,44175.1,PushPop,":batch=4d09db219c1a48d8bc14ce8454c67b10 phase=decode requests=dfa53ed7b1db427c979733175e83eed5,1b90b5029a8e4095a0953f707b492bc0,2b642560cfbc46a3b415e89ad3a03675,1d3635c1d1b8417da02febe5bb56858c"
0.0,37816201,2,18908100.5,18908100.5,18889432,18926769,26401.2,PushPop,":batch=1dba71d9a3b347af8ee38f5404e80b9d phase=decode requests=1811f6ebf58e4b0ea2292b35146cd35f,612ab6a155ee43be83ea6696bd5b8b7f,04a26fdd847647a5a094bbafb63bc469,5f8f2308efff494a9a6a2fa3d4ecc35c"
0.0,37816157,2,18908078.5,18908078.5,18880811,18935346,38562.1,PushPop,":batch=294da57244bb409c9fcaf6b26aeb80d8 phase=decode requests=dfa53ed7b1db427c979733175e83eed5,1b90b5029a8e4095a0953f707b492bc0,2b642560cfbc46a3b415e89ad3a03675,1d3635c1d1b8417da02febe5bb56858c"
0.0,37814487,2,18907243.5,18907243.5,18880204,18934283,38239.6,PushPop,":batch=ae24420f5c32435b906cff6eb44328f0 phase=decode requests=fd7f18ee548942ab846676d2fc7a354e,7b15763fe2a348b4bded9b891807f3b3,b57ae4d5f220486d9e686230c8c5382e,b86f7835c80b433ab4e1c625067d0f3c"
0.0,37812373,2,18906186.5,18906186.5,18871314,18941059,49317.2,PushPop,":batch=35befc9febb74c88a15300a0ef10e0e4 phase=decode requests=fd7f18ee548942ab846676d2fc7a354e,7b15763fe2a348b4bded9b891807f3b3,b57ae4d5f220486d9e686230c8c5382e,b86f7835c80b433ab4e1c625067d0f3c"
0.0,37811066,2,18905533.0,18905533.0,18892357,18918709,18633.7,PushPop,":batch=e420a0f0d9b4422488eb10df9bf3e287 phase=decode requests=dfa53ed7b1db427c979733175e83eed5,1b90b5029a8e4095a0953f707b492bc0,2b642560cfbc46a3b415e89ad3a03675,1d3635c1d1b8417da02febe5bb56858c"
0.0,37810139,2,18905069.5,18905069.5,18888245,18921894,23793.4,PushPop,":batch=dd300d5831e44040b688ceb874830168 phase=decode requests=dfa53ed7b1db427c979733175e83eed5,1b90b5029a8e4095a0953f707b492bc0,2b642560cfbc46a3b415e89ad3a03675,1d3635c1d1b8417da02febe5bb56858c"
0.0,37809174,2,18904587.0,18904587.0,18870995,18938179,47506.3,PushPop,":batch=33fa5003a50e4df78aec51ff4d7f743a phase=decode requests=dfa53ed7b1db427c979733175e83eed5,1b90b5029a8e4095a0953f707b492bc0,2b642560cfbc46a3b415e89ad3a03675,1d3635c1d1b8417da02febe5bb56858c"
0.0,37808748,2,18904374.0,18904374.0,18866698,18942050,53281.9,PushPop,":batch=decd2a1a8dd044ca81d9fb87002ac8f1 phase=decode requests=dfa53ed7b1db427c979733175e83eed5,1b90b5029a8e4095a0953f707b492bc0,2b642560cfbc46a3b415e89ad3a03675,1d3635c1d1b8417da02febe5bb56858c"
0.0,37808129,2,18904064.5,18904064.5,18874476,18933653,41844.5,PushPop,":batch=37f242f77da240ceb5985ddbc500e8e6 phase=decode requests=fd7f18ee548942ab846676d2fc7a354e,7b15763fe2a348b4bded9b891807f3b3,b57ae4d5f220486d9e686230c8c5382e,b86f7835c80b433ab4e1c625067d0f3c"
0.0,37806471,2,18903235.5,18903235.5,18866549,18939922,51882.5,PushPop,":batch=f69cd6e67ae24ae981fa1d2981ad57b0 phase=decode requests=dfa53ed7b1db427c979733175e83eed5,1b90b5029a8e4095a0953f707b492bc0,2b642560cfbc46a3b415e89ad3a03675,1d3635c1d1b8417da02febe5bb56858c"
0.0,37805846,2,18902923.0,18902923.0,18884281,18921565,26363.8,PushPop,":batch=f1db89e6ef43482a9a0d5a78656716cc phase=decode requests=fd7f18ee548942ab846676d2fc7a354e,7b15763fe2a348b4bded9b891807f3b3,b57ae4d5f220486d9e686230c8c5382e,b86f7835c80b433ab4e1c625067d0f3c"
0.0,37805030,2,18902515.0,18902515.0,18421767,19383263,679880.3,PushPop,":batch=074f39d451244437a827b2bb2ee47f6e phase=decode requests=1811f6ebf58e4b0ea2292b35146cd35f,612ab6a155ee43be83ea6696bd5b8b7f,04a26fdd847647a5a094bbafb63bc469,5f8f2308efff494a9a6a2fa3d4ecc35c"
0.0,37802104,2,18901052.0,18901052.0,18863068,18939036,53717.5,PushPop,":batch=6890b0d997b94923b37b6d02554962c1 phase=decode requests=dfa53ed7b1db427c979733175e83eed5,1b90b5029a8e4095a0953f707b492bc0,2b642560cfbc46a3b415e89ad3a03675,1d3635c1d1b8417da02febe5bb56858c"
0.0,37801098,2,18900549.0,18900549.0,18876896,18924202,33450.4,PushPop,":batch=5d1ea9faf86c4161be1d23c86cea3805 phase=decode requests=fd7f18ee548942ab846676d2fc7a354e,7b15763fe2a348b4bded9b891807f3b3,b57ae4d5f220486d9e686230c8c5382e,b86f7835c80b433ab4e1c625067d0f3c"
0.0,37801038,2,18900519.0,18900519.0,18867657,18933381,46473.9,PushPop,":batch=77a2961a4ac241d2ba4da356779c1a91 phase=decode requests=dfa53ed7b1db427c979733175e83eed5,1b90b5029a8e4095a0953f707b492bc0,2b642560cfbc46a3b415e89ad3a03675,1d3635c1d1b8417da02febe5bb56858c"
0.0,37799729,2,18899864.5,18899864.5,18871016,18928713,40797.9,PushPop,":batch=72659d7539ec417e95328f428a2b5575 phase=decode requests=dfa53ed7b1db427c979733175e83eed5,1b90b5029a8e4095a0953f707b492bc0,2b642560cfbc46a3b415e89ad3a03675,1d3635c1d1b8417da02febe5bb56858c"
0.0,37798840,2,18899420.0,18899420.0,18863899,18934941,50234.3,PushPop,":batch=514875f3453b474fbd7adbe1b240fd4d phase=decode requests=fd7f18ee548942ab846676d2fc7a354e,7b15763fe2a348b4bded9b891807f3b3,b57ae4d5f220486d9e686230c8c5382e,b86f7835c80b433ab4e1c625067d0f3c"
0.0,37795276,2,18897638.0,18897638.0,18841760,18953516,79023.4,PushPop,:batch=8f791105cd6d4c9caeade81e444cfe32 phase=decode requests=25de90a8b4234cdd9f459bf44de5f72b
0.0,37794022,2,18897011.0,18897011.0,18858370,18935652,54646.6,PushPop,":batch=eefa595074174cbf9a5c048ca7f7e88a phase=decode requests=dfa53ed7b1db427c979733175e83eed5,1b90b5029a8e4095a0953f707b492bc0,2b642560cfbc46a3b415e89ad3a03675,1d3635c1d1b8417da02febe5bb56858c"
0.0,37793091,2,18896545.5,18896545.5,18868792,18924299,39249.4,PushPop,":batch=4b46362fedcc44ecaaecf923bb49d38d phase=decode requests=fd7f18ee548942ab846676d2fc7a354e,7b15763fe2a348b4bded9b891807f3b3,b57ae4d5f220486d9e686230c8c5382e,b86f7835c80b433ab4e1c625067d0f3c"
0.0,37793011,2,18896505.5,18896505.5,18882037,18910974,20461.5,PushPop,":batch=7342868a29c8458e83d9f13c9b9c608d phase=decode requests=fd7f18ee548942ab846676d2fc7a354e,7b15763fe2a348b4bded9b891807f3b3,b57ae4d5f220486d9e686230c8c5382e,b86f7835c80b433ab4e1c625067d0f3c"
0.0,37790240,2,18895120.0,18895120.0,18871880,18918360,32866.3,PushPop,":batch=4b495986a158418c9e589a8cc445d083 phase=decode requests=dfa53ed7b1db427c979733175e83eed5,1b90b5029a8e4095a0953f707b492bc0,2b642560cfbc46a3b415e89ad3a03675,1d3635c1d1b8417da02febe5bb56858c"
0.0,37785704,2,18892852.0,18892852.0,18872142,18913562,29288.4,PushPop,":batch=25cc2a1991ca453f9ae59d4f9ae607b8 phase=decode requests=eef2914bac744c1ea29ede0988703e4c,91919f5803e44b6faa967b57bddb81bd,4eba997a613d41f1b98e92a342465594,2c91d8351bd845e18b1e6646cd0b5f4b"
0.0,37783811,2,18891905.5,18891905.5,18867566,18916245,34421.3,PushPop,":batch=7e639727bdc5416a8baaaf7c4c91bfb8 phase=decode requests=fd7f18ee548942ab846676d2fc7a354e,7b15763fe2a348b4bded9b891807f3b3,b57ae4d5f220486d9e686230c8c5382e,b86f7835c80b433ab4e1c625067d0f3c"
0.0,37779408,2,18889704.0,18889704.0,18854317,18925091,50044.8,PushPop,":batch=8de6954c645e46b8925c7b23953cc4cc phase=decode requests=fd7f18ee548942ab846676d2fc7a354e,7b15763fe2a348b4bded9b891807f3b3,b57ae4d5f220486d9e686230c8c5382e,b86f7835c80b433ab4e1c625067d0f3c"
0.0,37778344,2,18889172.0,18889172.0,18861577,18916767,39025.2,PushPop,":batch=5430c379907440b09b8e0b21920da230 phase=decode requests=dfa53ed7b1db427c979733175e83eed5,1b90b5029a8e4095a0953f707b492bc0,2b642560cfbc46a3b415e89ad3a03675,1d3635c1d1b8417da02febe5bb56858c"
0.0,37776538,2,18888269.0,18888269.0,18855055,18921483,46971.7,PushPop,":batch=3d1c43cd62c847a0942ab5e34e3b0990 phase=decode requests=fd7f18ee548942ab846676d2fc7a354e,7b15763fe2a348b4bded9b891807f3b3,b57ae4d5f220486d9e686230c8c5382e,b86f7835c80b433ab4e1c625067d0f3c"
0.0,37773484,2,18886742.0,18886742.0,18860714,18912770,36809.2,PushPop,":batch=44d4b4a99972417fafe266ffe395a341 phase=decode requests=eef2914bac744c1ea29ede0988703e4c,91919f5803e44b6faa967b57bddb81bd,4eba997a613d41f1b98e92a342465594,2c91d8351bd845e18b1e6646cd0b5f4b"
0.0,37771463,2,18885731.5,18885731.5,18858446,18913017,38587.5,PushPop,":batch=02584c0f412a49299c7c505ab5d08b3f phase=decode requests=fd7f18ee548942ab846676d2fc7a354e,7b15763fe2a348b4bded9b891807f3b3,b57ae4d5f220486d9e686230c8c5382e,b86f7835c80b433ab4e1c625067d0f3c"
0.0,37770591,2,18885295.5,18885295.5,18834983,18935608,71152.6,PushPop,:batch=38fcfee9b05a482bb0583f9ab6f25848 phase=decode requests=25de90a8b4234cdd9f459bf44de5f72b
0.0,37770312,2,18885156.0,18885156.0,18853777,18916535,44376.6,PushPop,":batch=94ff910574e74586b4dab1b747afa964 phase=decode requests=fd7f18ee548942ab846676d2fc7a354e,7b15763fe2a348b4bded9b891807f3b3,b57ae4d5f220486d9e686230c8c5382e,b86f7835c80b433ab4e1c625067d0f3c"
0.0,37767425,2,18883712.5,18883712.5,18870027,18897398,19354.2,PushPop,:batch=331659a692694352b169dcf91efcb1de phase=decode requests=f613ba29e5e3458d8e63b0275b98ac68
0.0,37764947,2,18882473.5,18882473.5,18848097,18916850,48615.7,PushPop,":batch=1472bab9c938495cba15a3bd8e3fa034 phase=decode requests=fd7f18ee548942ab846676d2fc7a354e,7b15763fe2a348b4bded9b891807f3b3,b57ae4d5f220486d9e686230c8c5382e,b86f7835c80b433ab4e1c625067d0f3c"
0.0,37764152,2,18882076.0,18882076.0,18856002,18908150,36874.2,PushPop,":batch=5dcdf63b793740eca69f8f94889e185a phase=decode requests=dfa53ed7b1db427c979733175e83eed5,1b90b5029a8e4095a0953f707b492bc0,2b642560cfbc46a3b415e89ad3a03675,1d3635c1d1b8417da02febe5bb56858c"
0.0,37760461,2,18880230.5,18880230.5,18855354,18905107,35180.7,PushPop,":batch=e2a8f822adc641a1958a2f0804f2c60d phase=decode requests=fd7f18ee548942ab846676d2fc7a354e,7b15763fe2a348b4bded9b891807f3b3,b57ae4d5f220486d9e686230c8c5382e,b86f7835c80b433ab4e1c625067d0f3c"
0.0,37760236,2,18880118.0,18880118.0,18850494,18909742,41894.7,PushPop,":batch=e64bb391dc2f42aaaba24979eba5c5a8 phase=decode requests=fd7f18ee548942ab846676d2fc7a354e,7b15763fe2a348b4bded9b891807f3b3,b57ae4d5f220486d9e686230c8c5382e,b86f7835c80b433ab4e1c625067d0f3c"
0.0,37757637,2,18878818.5,18878818.5,18855575,18902062,32871.3,PushPop,":batch=07445165eb2441aeac1c0f28a3be247d phase=decode requests=dfa53ed7b1db427c979733175e83eed5,1b90b5029a8e4095a0953f707b492bc0,2b642560cfbc46a3b415e89ad3a03675,1d3635c1d1b8417da02febe5bb56858c"
0.0,37757529,2,18878764.5,18878764.5,18852624,18904905,36968.2,PushPop,":batch=ad055ec7fa46412bbdec67ffd14919a5 phase=decode requests=dfa53ed7b1db427c979733175e83eed5,1b90b5029a8e4095a0953f707b492bc0,2b642560cfbc46a3b415e89ad3a03675,1d3635c1d1b8417da02febe5bb56858c"
0.0,37757086,2,18878543.0,18878543.0,18851536,18905550,38193.7,PushPop,":batch=4bf4e15911cb4c5a8cba92d6778c52b6 phase=decode requests=dfa53ed7b1db427c979733175e83eed5,1b90b5029a8e4095a0953f707b492bc0,2b642560cfbc46a3b415e89ad3a03675,1d3635c1d1b8417da02febe5bb56858c"
0.0,37755000,2,18877500.0,18877500.0,18842051,18912949,50132.5,PushPop,:batch=58f578355b664111bc789a0a55f1801a phase=decode requests=e6255778e8534404ac5ca8451b4d8752
0.0,37752501,2,18876250.5,18876250.5,18853279,18899222,32486.6,PushPop,":batch=3a55cde11a884cdc815fd326d6fc5f8d phase=decode requests=fd7f18ee548942ab846676d2fc7a354e,7b15763fe2a348b4bded9b891807f3b3,b57ae4d5f220486d9e686230c8c5382e,b86f7835c80b433ab4e1c625067d0f3c"
0.0,37751851,2,18875925.5,18875925.5,18833123,18918728,60531.9,PushPop,":batch=21f93229163145b58065e3ccf6d3df68 phase=decode requests=dfa53ed7b1db427c979733175e83eed5,1b90b5029a8e4095a0953f707b492bc0,2b642560cfbc46a3b415e89ad3a03675,1d3635c1d1b8417da02febe5bb56858c"
0.0,37751554,2,18875777.0,18875777.0,18844327,18907227,44477.0,PushPop,":batch=a63cd810d5c7458dbb38b7d73ad32e39 phase=decode requests=dfa53ed7b1db427c979733175e83eed5,1b90b5029a8e4095a0953f707b492bc0,2b642560cfbc46a3b415e89ad3a03675,1d3635c1d1b8417da02febe5bb56858c"
0.0,37750969,2,18875484.5,18875484.5,18860832,18890137,20721.8,PushPop,":batch=c5298e91390e42cb8d7d5ac139210c70 phase=decode requests=fd7f18ee548942ab846676d2fc7a354e,7b15763fe2a348b4bded9b891807f3b3,b57ae4d5f220486d9e686230c8c5382e,b86f7835c80b433ab4e1c625067d0f3c"
0.0,37748664,2,18874332.0,18874332.0,18850122,18898542,34238.1,PushPop,:batch=7c1a692504cc4508a885f44fb39a99c5 phase=decode requests=f613ba29e5e3458d8e63b0275b98ac68
0.0,37747118,2,18873559.0,18873559.0,18837683,18909435,50736.3,PushPop,":batch=98562b6f6e5047ffb120537ff4a03028 phase=decode requests=fd7f18ee548942ab846676d2fc7a354e,7b15763fe2a348b4bded9b891807f3b3,b57ae4d5f220486d9e686230c8c5382e,b86f7835c80b433ab4e1c625067d0f3c"
0.0,37742741,2,18871370.5,18871370.5,18857098,18885643,20184.4,PushPop,":batch=13ccc69098ae486dbe7f14090978896a phase=decode requests=fd7f18ee548942ab846676d2fc7a354e,7b15763fe2a348b4bded9b891807f3b3,b57ae4d5f220486d9e686230c8c5382e,b86f7835c80b433ab4e1c625067d0f3c"
0.0,37742491,2,18871245.5,18871245.5,18849564,18892927,30662.3,PushPop,":batch=6eec0a31b04f4fe99ab3e43df3e0d874 phase=decode requests=eef2914bac744c1ea29ede0988703e4c,91919f5803e44b6faa967b57bddb81bd,4eba997a613d41f1b98e92a342465594,2c91d8351bd845e18b1e6646cd0b5f4b"
0.0,37742163,2,18871081.5,18871081.5,18841266,18900897,42165.5,PushPop,":batch=17ae2dfe40d44dc6bcd1cee6d2213132 phase=decode requests=fd7f18ee548942ab846676d2fc7a354e,7b15763fe2a348b4bded9b891807f3b3,b57ae4d5f220486d9e686230c8c5382e,b86f7835c80b433ab4e1c625067d0f3c"
0.0,37741579,2,18870789.5,18870789.5,18841351,18900228,41632.3,PushPop,":batch=0ab774cab48b45d49d93c8591377a80c phase=decode requests=dfa53ed7b1db427c979733175e83eed5,1b90b5029a8e4095a0953f707b492bc0,2b642560cfbc46a3b415e89ad3a03675,1d3635c1d1b8417da02febe5bb56858c"
0.0,37740311,2,18870155.5,18870155.5,18836486,18903825,47615.9,PushPop,:batch=8d210f8abf8b404b9e1c60eb3d1b3662 phase=decode requests=25de90a8b4234cdd9f459bf44de5f72b
0.0,37740095,2,18870047.5,18870047.5,18862040,18878055,11324.3,PushPop,:batch=ecf5c92b8e024db19d671810620b7f04 phase=decode requests=f613ba29e5e3458d8e63b0275b98ac68
0.0,37737229,2,18868614.5,18868614.5,18834787,18902442,47839.3,PushPop,":batch=712fa784f2ae41eab9c5d3734097811c phase=decode requests=dfa53ed7b1db427c979733175e83eed5,1b90b5029a8e4095a0953f707b492bc0,2b642560cfbc46a3b415e89ad3a03675,1d3635c1d1b8417da02febe5bb56858c"
0.0,37735770,2,18867885.0,18867885.0,18844961,18890809,32419.4,PushPop,":batch=8c3cfb96ccae440a9fca1d3ea4add0c1 phase=decode requests=fd7f18ee548942ab846676d2fc7a354e,7b15763fe2a348b4bded9b891807f3b3,b57ae4d5f220486d9e686230c8c5382e,b86f7835c80b433ab4e1c625067d0f3c"
0.0,37733980,2,18866990.0,18866990.0,18826876,18907104,56729.8,PushPop,:batch=b52c3240d4e14c9ab2bc2966058559ce phase=decode requests=f613ba29e5e3458d8e63b0275b98ac68
0.0,37732328,2,18866164.0,18866164.0,18838988,18893340,38432.7,PushPop,":batch=179f6c6f95334e88a4a9e459fae56a1b phase=decode requests=fd7f18ee548942ab846676d2fc7a354e,7b15763fe2a348b4bded9b891807f3b3,b57ae4d5f220486d9e686230c8c5382e,b86f7835c80b433ab4e1c625067d0f3c"
0.0,37730874,2,18865437.0,18865437.0,18836063,18894811,41541.1,PushPop,":batch=38a4dd5d76344a9ca3c0d61870219d6f phase=decode requests=eef2914bac744c1ea29ede0988703e4c,91919f5803e44b6faa967b57bddb81bd,4eba997a613d41f1b98e92a342465594,2c91d8351bd845e18b1e6646cd0b5f4b"
0.0,37730633,2,18865316.5,18865316.5,18834929,18895704,42974.4,PushPop,":batch=4ae225eddce94c02b20dc2136ba1aaa7 phase=decode requests=dfa53ed7b1db427c979733175e83eed5,1b90b5029a8e4095a0953f707b492bc0,2b642560cfbc46a3b415e89ad3a03675,1d3635c1d1b8417da02febe5bb56858c"
0.0,37728909,2,18864454.5,18864454.5,18845266,18883643,27136.6,PushPop,":batch=89b2097726e24bb9a2c4b3b92bcebd5a phase=decode requests=fd7f18ee548942ab846676d2fc7a354e,7b15763fe2a348b4bded9b891807f3b3,b57ae4d5f220486d9e686230c8c5382e,b86f7835c80b433ab4e1c625067d0f3c"
0.0,37728670,2,18864335.0,18864335.0,18841150,18887520,32788.5,PushPop,":batch=c31b7fa1c37b4372ab52842e9a1dcab9 phase=decode requests=eef2914bac744c1ea29ede0988703e4c,91919f5803e44b6faa967b57bddb81bd,4eba997a613d41f1b98e92a342465594,2c91d8351bd845e18b1e6646cd0b5f4b"
0.0,37727106,2,18863553.0,18863553.0,18855453,18871653,11455.1,PushPop,:batch=93fe8d38ff644bebaf618b67c3cb51a2 phase=decode requests=e6255778e8534404ac5ca8451b4d8752
0.0,37723172,2,18861586.0,18861586.0,18836873,18886299,34949.5,PushPop,":batch=fe760c5b63a548ebaae46e8719e629ee phase=decode requests=fd7f18ee548942ab846676d2fc7a354e,7b15763fe2a348b4bded9b891807f3b3,b57ae4d5f220486d9e686230c8c5382e,b86f7835c80b433ab4e1c625067d0f3c"
0.0,37722067,2,18861033.5,18861033.5,18822924,18899143,53895.0,PushPop,":batch=b35d25b8b8f0499588830376e9549918 phase=decode requests=1811f6ebf58e4b0ea2292b35146cd35f,612ab6a155ee43be83ea6696bd5b8b7f,04a26fdd847647a5a094bbafb63bc469,5f8f2308efff494a9a6a2fa3d4ecc35c"
0.0,37721967,2,18860983.5,18860983.5,18834399,18887568,37596.2,PushPop,":batch=494c526aa3e94dc6b73997e34a3630eb phase=decode requests=fd7f18ee548942ab846676d2fc7a354e,7b15763fe2a348b4bded9b891807f3b3,b57ae4d5f220486d9e686230c8c5382e,b86f7835c80b433ab4e1c625067d0f3c"
0.0,37721213,2,18860606.5,18860606.5,18825035,18896178,50305.7,PushPop,":batch=6e2ae9f1e67846e596023f9d98ae715f phase=decode requests=fd7f18ee548942ab846676d2fc7a354e,7b15763fe2a348b4bded9b891807f3b3,b57ae4d5f220486d9e686230c8c5382e,b86f7835c80b433ab4e1c625067d0f3c"
0.0,37720683,2,18860341.5,18860341.5,18829901,18890782,43049.4,PushPop,":batch=796b05e8c7be41879d4860ccddd9247f phase=decode requests=eef2914bac744c1ea29ede0988703e4c,91919f5803e44b6faa967b57bddb81bd,4eba997a613d41f1b98e92a342465594,2c91d8351bd845e18b1e6646cd0b5f4b"
0.0,37720665,2,18860332.5,18860332.5,18828579,18892086,44906.2,PushPop,":batch=55f948811fd74e2f961b7c4ec4f159f1 phase=decode requests=fd7f18ee548942ab846676d2fc7a354e,7b15763fe2a348b4bded9b891807f3b3,b57ae4d5f220486d9e686230c8c5382e,b86f7835c80b433ab4e1c625067d0f3c"
0.0,37718484,2,18859242.0,18859242.0,18826617,18891867,46138.7,PushPop,":batch=e6a8731ee6614b489ee7f22f40a234e0 phase=decode requests=eef2914bac744c1ea29ede0988703e4c,91919f5803e44b6faa967b57bddb81bd,4eba997a613d41f1b98e92a342465594,2c91d8351bd845e18b1e6646cd0b5f4b"
0.0,37718269,2,18859134.5,18859134.5,18834113,18884156,35385.7,PushPop,":batch=4277745274b242e0b97cb3c3d6ed5460 phase=decode requests=fd7f18ee548942ab846676d2fc7a354e,7b15763fe2a348b4bded9b891807f3b3,b57ae4d5f220486d9e686230c8c5382e,b86f7835c80b433ab4e1c625067d0f3c"
0.0,37718155,2,18859077.5,18859077.5,18817519,18900636,58772.6,PushPop,:batch=bd7a1b835baa4fb3b6f1ef0c1ca4e3ed phase=decode requests=25de90a8b4234cdd9f459bf44de5f72b
0.0,37715656,2,18857828.0,18857828.0,18821557,18894099,51294.9,PushPop,":batch=2b065a1218d74ca1a677199f3fbc7691 phase=decode requests=dfa53ed7b1db427c979733175e83eed5,1b90b5029a8e4095a0953f707b492bc0,2b642560cfbc46a3b415e89ad3a03675,1d3635c1d1b8417da02febe5bb56858c"
0.0,37714860,2,18857430.0,18857430.0,18834743,18880117,32084.3,PushPop,":batch=7fab753841454861b1fbf18bafe3f6be phase=decode requests=fd7f18ee548942ab846676d2fc7a354e,7b15763fe2a348b4bded9b891807f3b3,b57ae4d5f220486d9e686230c8c5382e,b86f7835c80b433ab4e1c625067d0f3c"
0.0,37713530,2,18856765.0,18856765.0,18826684,18886846,42541.0,PushPop,":batch=37c4346856704f2ea4535ea0b70d35fa phase=decode requests=1811f6ebf58e4b0ea2292b35146cd35f,612ab6a155ee43be83ea6696bd5b8b7f,04a26fdd847647a5a094bbafb63bc469,5f8f2308efff494a9a6a2fa3d4ecc35c"
0.0,37712296,2,18856148.0,18856148.0,18824856,18887440,44253.6,PushPop,":batch=82f1f035b9cd4376a1ffe2250f79f317 phase=decode requests=fd7f18ee548942ab846676d2fc7a354e,7b15763fe2a348b4bded9b891807f3b3,b57ae4d5f220486d9e686230c8c5382e,b86f7835c80b433ab4e1c625067d0f3c"
0.0,37712217,2,18856108.5,18856108.5,18855844,18856373,374.1,PushPop,":batch=387cb4d3da5c46bfb55a8a7ae8fa1862 phase=decode requests=eef2914bac744c1ea29ede0988703e4c,91919f5803e44b6faa967b57bddb81bd,4eba997a613d41f1b98e92a342465594,2c91d8351bd845e18b1e6646cd0b5f4b"
0.0,37711510,2,18855755.0,18855755.0,18831821,18879689,33847.8,PushPop,":batch=69679eeec8d54f2db55b859e9af12037 phase=decode requests=fd7f18ee548942ab846676d2fc7a354e,7b15763fe2a348b4bded9b891807f3b3,b57ae4d5f220486d9e686230c8c5382e,b86f7835c80b433ab4e1c625067d0f3c"
0.0,37710593,2,18855296.5,18855296.5,18835467,18875126,28043.1,PushPop,":batch=1cbb389564d74b93acd6771e3e0eb6d9 phase=decode requests=eef2914bac744c1ea29ede0988703e4c,91919f5803e44b6faa967b57bddb81bd,4eba997a613d41f1b98e92a342465594,2c91d8351bd845e18b1e6646cd0b5f4b"
0.0,37710292,2,18855146.0,18855146.0,18850345,18859947,6789.6,PushPop,":batch=4701ec5f1a03481a9af9775b54e2fd9e phase=decode requests=eef2914bac744c1ea29ede0988703e4c,91919f5803e44b6faa967b57bddb81bd,4eba997a613d41f1b98e92a342465594,2c91d8351bd845e18b1e6646cd0b5f4b"
0.0,37709882,2,18854941.0,18854941.0,18824239,18885643,43419.2,PushPop,":batch=6197371e4f154162807677678b50b76e phase=decode requests=fd7f18ee548942ab846676d2fc7a354e,7b15763fe2a348b4bded9b891807f3b3,b57ae4d5f220486d9e686230c8c5382e,b86f7835c80b433ab4e1c625067d0f3c"
0.0,37708508,2,18854254.0,18854254.0,18821643,18886865,46118.9,PushPop,":batch=7e0a2c8a33b24966ba244391b85b715c phase=decode requests=fd7f18ee548942ab846676d2fc7a354e,7b15763fe2a348b4bded9b891807f3b3,b57ae4d5f220486d9e686230c8c5382e,b86f7835c80b433ab4e1c625067d0f3c"
0.0,37708259,2,18854129.5,18854129.5,18836619,18871640,24763.6,PushPop,":batch=3a442009d59d43cab2d3308ffa82ba49 phase=decode requests=eef2914bac744c1ea29ede0988703e4c,91919f5803e44b6faa967b57bddb81bd,4eba997a613d41f1b98e92a342465594,2c91d8351bd845e18b1e6646cd0b5f4b"
0.0,37707997,2,18853998.5,18853998.5,18823087,18884910,43715.5,PushPop,":batch=7fe523ceed66414990fa64439ce322c1 phase=decode requests=fd7f18ee548942ab846676d2fc7a354e,7b15763fe2a348b4bded9b891807f3b3,b57ae4d5f220486d9e686230c8c5382e,b86f7835c80b433ab4e1c625067d0f3c"
0.0,37707915,2,18853957.5,18853957.5,18839770,18868145,20064.2,PushPop,":batch=b419d9ed1f39499ea46915be00b9c285 phase=decode requests=fd7f18ee548942ab846676d2fc7a354e,7b15763fe2a348b4bded9b891807f3b3,b57ae4d5f220486d9e686230c8c5382e,b86f7835c80b433ab4e1c625067d0f3c"
0.0,37707578,2,18853789.0,18853789.0,18841740,18865838,17039.9,PushPop,":batch=aca04efe0faf43449b54ffd6a45867fd phase=decode requests=eef2914bac744c1ea29ede0988703e4c,91919f5803e44b6faa967b57bddb81bd,4eba997a613d41f1b98e92a342465594,2c91d8351bd845e18b1e6646cd0b5f4b"
0.0,37707088,2,18853544.0,18853544.0,18824753,18882335,40716.6,PushPop,":batch=ea02955a60cd469abf7d6f00248bb1bd phase=decode requests=fd7f18ee548942ab846676d2fc7a354e,7b15763fe2a348b4bded9b891807f3b3,b57ae4d5f220486d9e686230c8c5382e,b86f7835c80b433ab4e1c625067d0f3c"
0.0,37705497,2,18852748.5,18852748.5,18817349,18888148,50062.5,PushPop,":batch=86bc932a5537418ea776438fdcc9135d phase=decode requests=fd7f18ee548942ab846676d2fc7a354e,7b15763fe2a348b4bded9b891807f3b3,b57ae4d5f220486d9e686230c8c5382e,b86f7835c80b433ab4e1c625067d0f3c"
0.0,37705481,2,18852740.5,18852740.5,18824220,18881261,40334.1,PushPop,":batch=97e61d0b73304015adacaa6ecd87a2c5 phase=decode requests=dfa53ed7b1db427c979733175e83eed5,1b90b5029a8e4095a0953f707b492bc0,2b642560cfbc46a3b415e89ad3a03675,1d3635c1d1b8417da02febe5bb56858c"
0.0,37705186,2,18852593.0,18852593.0,18825467,18879719,38362.0,PushPop,":batch=e02a57dc447d4cc696b9e828880a14cd phase=decode requests=fd7f18ee548942ab846676d2fc7a354e,7b15763fe2a348b4bded9b891807f3b3,b57ae4d5f220486d9e686230c8c5382e,b86f7835c80b433ab4e1c625067d0f3c"
0.0,37703023,2,18851511.5,18851511.5,18823795,18879228,39197.1,PushPop,":batch=464b2482a345459d949d8f9bb1e41f81 phase=decode requests=dfa53ed7b1db427c979733175e83eed5,1b90b5029a8e4095a0953f707b492bc0,2b642560cfbc46a3b415e89ad3a03675,1d3635c1d1b8417da02febe5bb56858c"
0.0,37702934,2,18851467.0,18851467.0,18835147,18867787,23080.0,PushPop,":batch=ff86c1ac175c4471b72165669c107c23 phase=decode requests=fd7f18ee548942ab846676d2fc7a354e,7b15763fe2a348b4bded9b891807f3b3,b57ae4d5f220486d9e686230c8c5382e,b86f7835c80b433ab4e1c625067d0f3c"
0.0,37702901,2,18851450.5,18851450.5,18815293,18887608,51134.4,PushPop,:batch=c9d51c298a2b491f80325aac28d31686 phase=decode requests=25de90a8b4234cdd9f459bf44de5f72b
0.0,37702815,2,18851407.5,18851407.5,18814499,18888316,52196.5,PushPop,:batch=25f360286e2b461a96834a901c7fd0e0 phase=decode requests=25de90a8b4234cdd9f459bf44de5f72b
0.0,37702787,2,18851393.5,18851393.5,18815411,18887376,50886.9,PushPop,":batch=2f6a07b685fc44afab5de458582525c3 phase=decode requests=dfa53ed7b1db427c979733175e83eed5,1b90b5029a8e4095a0953f707b492bc0,2b642560cfbc46a3b415e89ad3a03675,1d3635c1d1b8417da02febe5bb56858c"
0.0,37701758,2,18850879.0,18850879.0,18831601,18870157,27263.2,PushPop,":batch=3a8c305348f647a7b0b4eee624cbb1ee phase=decode requests=fd7f18ee548942ab846676d2fc7a354e,7b15763fe2a348b4bded9b891807f3b3,b57ae4d5f220486d9e686230c8c5382e,b86f7835c80b433ab4e1c625067d0f3c"
0.0,37700498,2,18850249.0,18850249.0,18809707,18890791,57335.0,PushPop,":batch=664385df79ff4fc09efa3d08a4ac9787 phase=decode requests=fd7f18ee548942ab846676d2fc7a354e,7b15763fe2a348b4bded9b891807f3b3,b57ae4d5f220486d9e686230c8c5382e,b86f7835c80b433ab4e1c625067d0f3c"
0.0,37700159,2,18850079.5,18850079.5,18820510,18879649,41817.6,PushPop,":batch=957157bc170f496bab5cb28676fec4e7 phase=decode requests=eef2914bac744c1ea29ede0988703e4c,91919f5803e44b6faa967b57bddb81bd,4eba997a613d41f1b98e92a342465594,2c91d8351bd845e18b1e6646cd0b5f4b"
0.0,37699457,2,18849728.5,18849728.5,18820309,18879148,41605.5,PushPop,":batch=fbff0c3860144a99b2258c364a4f521a phase=decode requests=fd7f18ee548942ab846676d2fc7a354e,7b15763fe2a348b4bded9b891807f3b3,b57ae4d5f220486d9e686230c8c5382e,b86f7835c80b433ab4e1c625067d0f3c"
0.0,37699333,2,18849666.5,18849666.5,18810246,18889087,55749.0,PushPop,":batch=7fd4a91b386a4952bab009cb5daf357f phase=decode requests=dfa53ed7b1db427c979733175e83eed5,1b90b5029a8e4095a0953f707b492bc0,2b642560cfbc46a3b415e89ad3a03675,1d3635c1d1b8417da02febe5bb56858c"
0.0,37698758,2,18849379.0,18849379.0,18841015,18857743,11828.5,PushPop,":batch=464f282b01294445a9d9e01b412c65b9 phase=decode requests=fd7f18ee548942ab846676d2fc7a354e,7b15763fe2a348b4bded9b891807f3b3,b57ae4d5f220486d9e686230c8c5382e,b86f7835c80b433ab4e1c625067d0f3c"
0.0,37698289,2,18849144.5,18849144.5,18824813,18873476,34409.9,PushPop,":batch=ddb5de5c16794b3997f2d4a204c3f3a7 phase=decode requests=fd7f18ee548942ab846676d2fc7a354e,7b15763fe2a348b4bded9b891807f3b3,b57ae4d5f220486d9e686230c8c5382e,b86f7835c80b433ab4e1c625067d0f3c"
0.0,37696160,2,18848080.0,18848080.0,18815137,18881023,46588.4,PushPop,":batch=4ff9b5e7d825490b813d285e8ebbc343 phase=decode requests=dfa53ed7b1db427c979733175e83eed5,1b90b5029a8e4095a0953f707b492bc0,2b642560cfbc46a3b415e89ad3a03675,1d3635c1d1b8417da02febe5bb56858c"
0.0,37695952,2,18847976.0,18847976.0,18428046,19267906,593870.7,PushPop,":batch=5e36f24c492541c198987328aba12fb2 phase=decode requests=fd7f18ee548942ab846676d2fc7a354e,7b15763fe2a348b4bded9b891807f3b3,b57ae4d5f220486d9e686230c8c5382e,b86f7835c80b433ab4e1c625067d0f3c"
0.0,37695753,2,18847876.5,18847876.5,18822603,18873150,35742.1,PushPop,":batch=e8301f859b7f4441b6b40096b413ada0 phase=decode requests=fd7f18ee548942ab846676d2fc7a354e,7b15763fe2a348b4bded9b891807f3b3,b57ae4d5f220486d9e686230c8c5382e,b86f7835c80b433ab4e1c625067d0f3c"
0.0,37694586,2,18847293.0,18847293.0,18818597,18875989,40582.3,PushPop,":batch=cfadafb5a0794a359e2bd2e427c58670 phase=decode requests=fd7f18ee548942ab846676d2fc7a354e,7b15763fe2a348b4bded9b891807f3b3,b57ae4d5f220486d9e686230c8c5382e,b86f7835c80b433ab4e1c625067d0f3c"
0.0,37694083,2,18847041.5,18847041.5,18822633,18871450,34518.8,PushPop,":batch=fcdc5d092a7947d8ba16d3310f39c423 phase=decode requests=fd7f18ee548942ab846676d2fc7a354e,7b15763fe2a348b4bded9b891807f3b3,b57ae4d5f220486d9e686230c8c5382e,b86f7835c80b433ab4e1c625067d0f3c"
0.0,37691294,2,18845647.0,18845647.0,18807952,18883342,53308.8,PushPop,":batch=997c15af3a324856821b46b7f015126a phase=decode requests=dfa53ed7b1db427c979733175e83eed5,1b90b5029a8e4095a0953f707b492bc0,2b642560cfbc46a3b415e89ad3a03675,1d3635c1d1b8417da02febe5bb56858c"
0.0,37691263,2,18845631.5,18845631.5,18823104,18868159,31858.7,PushPop,":batch=4a3bf721408e4e46bbd57e8c5089fe1a phase=decode requests=fd7f18ee548942ab846676d2fc7a354e,7b15763fe2a348b4bded9b891807f3b3,b57ae4d5f220486d9e686230c8c5382e,b86f7835c80b433ab4e1c625067d0f3c"
0.0,37690980,2,18845490.0,18845490.0,18829280,18861700,22924.4,PushPop,":batch=7f886b070b7e4f3d9a2a020713420ee7 phase=decode requests=fd7f18ee548942ab846676d2fc7a354e,7b15763fe2a348b4bded9b891807f3b3,b57ae4d5f220486d9e686230c8c5382e,b86f7835c80b433ab4e1c625067d0f3c"
0.0,37688600,2,18844300.0,18844300.0,18835242,18853358,12809.9,PushPop,":batch=c2e5adc1b4d34518bbc7102a2d295290 phase=decode requests=1811f6ebf58e4b0ea2292b35146cd35f,612ab6a155ee43be83ea6696bd5b8b7f,04a26fdd847647a5a094bbafb63bc469,5f8f2308efff494a9a6a2fa3d4ecc35c"
0.0,37688093,2,18844046.5,18844046.5,18820455,18867638,33363.4,PushPop,":batch=a78507bb43374b4b9c574c029c27a27c phase=decode requests=dfa53ed7b1db427c979733175e83eed5,1b90b5029a8e4095a0953f707b492bc0,2b642560cfbc46a3b415e89ad3a03675,1d3635c1d1b8417da02febe5bb56858c"
0.0,37686814,2,18843407.0,18843407.0,18823584,18863230,28034.0,PushPop,":batch=a1b19d891a12414bba07bcefe577e5f3 phase=decode requests=eef2914bac744c1ea29ede0988703e4c,91919f5803e44b6faa967b57bddb81bd,4eba997a613d41f1b98e92a342465594,2c91d8351bd845e18b1e6646cd0b5f4b"
0.0,37685799,2,18842899.5,18842899.5,18809898,18875901,46671.2,PushPop,":batch=87e38d981c9b4322b1c39a5cdff0b057 phase=decode requests=fd7f18ee548942ab846676d2fc7a354e,7b15763fe2a348b4bded9b891807f3b3,b57ae4d5f220486d9e686230c8c5382e,b86f7835c80b433ab4e1c625067d0f3c"
0.0,37685444,2,18842722.0,18842722.0,18822518,18862926,28572.8,PushPop,":batch=5ea5c516079344969d543e3cc1b65cb2 phase=decode requests=eef2914bac744c1ea29ede0988703e4c,91919f5803e44b6faa967b57bddb81bd,4eba997a613d41f1b98e92a342465594,2c91d8351bd845e18b1e6646cd0b5f4b"
0.0,37685041,2,18842520.5,18842520.5,18814897,18870144,39065.5,PushPop,":batch=bb06e482b3f74e55a35efe8913cf3639 phase=decode requests=eef2914bac744c1ea29ede0988703e4c,91919f5803e44b6faa967b57bddb81bd,4eba997a613d41f1b98e92a342465594,2c91d8351bd845e18b1e6646cd0b5f4b"
0.0,37681843,2,18840921.5,18840921.5,18411674,19270169,607047.6,PushPop,:batch=3490fa982e784d8fb8332f7ee2502c5d phase=decode requests=25de90a8b4234cdd9f459bf44de5f72b
0.0,37680723,2,18840361.5,18840361.5,18806279,18874444,48199.9,PushPop,":batch=2d23401bf1a641e99faaeca4f7eb066b phase=decode requests=eef2914bac744c1ea29ede0988703e4c,91919f5803e44b6faa967b57bddb81bd,4eba997a613d41f1b98e92a342465594,2c91d8351bd845e18b1e6646cd0b5f4b"
0.0,37680069,2,18840034.5,18840034.5,18817379,18862690,32039.7,PushPop,":batch=3394c93acebc401da07502743b13546d phase=decode requests=fd7f18ee548942ab846676d2fc7a354e,7b15763fe2a348b4bded9b891807f3b3,b57ae4d5f220486d9e686230c8c5382e,b86f7835c80b433ab4e1c625067d0f3c"
0.0,37677078,2,18838539.0,18838539.0,18833385,18843693,7288.9,PushPop,:batch=b6d23bea00cb42fea4bfd78084189dca phase=decode requests=e6255778e8534404ac5ca8451b4d8752
0.0,37676378,2,18838189.0,18838189.0,18806038,18870340,45468.4,PushPop,":batch=f45ef788bd4541ee925dbd85538bb6f7 phase=decode requests=fd7f18ee548942ab846676d2fc7a354e,7b15763fe2a348b4bded9b891807f3b3,b57ae4d5f220486d9e686230c8c5382e,b86f7835c80b433ab4e1c625067d0f3c"
0.0,37675635,2,18837817.5,18837817.5,18803031,18872604,49195.5,PushPop,":batch=8ffc72f392584e00ace3271a15df9cf7 phase=decode requests=fd7f18ee548942ab846676d2fc7a354e,7b15763fe2a348b4bded9b891807f3b3,b57ae4d5f220486d9e686230c8c5382e,b86f7835c80b433ab4e1c625067d0f3c"
0.0,37675508,2,18837754.0,18837754.0,18801529,18873979,51229.9,PushPop,":batch=3428d218332a4364abc7a70c9d2df3f6 phase=decode requests=dfa53ed7b1db427c979733175e83eed5,1b90b5029a8e4095a0953f707b492bc0,2b642560cfbc46a3b415e89ad3a03675,1d3635c1d1b8417da02febe5bb56858c"
0.0,37675388,2,18837694.0,18837694.0,18354542,19320846,683280.1,PushPop,":batch=7cf23fea1a9845ecaeb691051ecf08fb phase=decode requests=dfa53ed7b1db427c979733175e83eed5,1b90b5029a8e4095a0953f707b492bc0,2b642560cfbc46a3b415e89ad3a03675,1d3635c1d1b8417da02febe5bb56858c"
0.0,37674766,2,18837383.0,18837383.0,18815505,18859261,30940.2,PushPop,":batch=e8244bd761b6412eb51ae396ce0ef4e6 phase=decode requests=fd7f18ee548942ab846676d2fc7a354e,7b15763fe2a348b4bded9b891807f3b3,b57ae4d5f220486d9e686230c8c5382e,b86f7835c80b433ab4e1c625067d0f3c"
0.0,37674534,2,18837267.0,18837267.0,18810555,18863979,37776.5,PushPop,":batch=92a8ec2577f944bfb9c967dd2f9e8d3b phase=decode requests=fd7f18ee548942ab846676d2fc7a354e,7b15763fe2a348b4bded9b891807f3b3,b57ae4d5f220486d9e686230c8c5382e,b86f7835c80b433ab4e1c625067d0f3c"
0.0,37674043,2,18837021.5,18837021.5,18808520,18865523,40307.2,PushPop,":batch=21504d21e5c74e69860f39e63840784d phase=decode requests=fd7f18ee548942ab846676d2fc7a354e,7b15763fe2a348b4bded9b891807f3b3,b57ae4d5f220486d9e686230c8c5382e,b86f7835c80b433ab4e1c625067d0f3c"
0.0,37673707,2,18836853.5,18836853.5,18812552,18861155,34367.5,PushPop,":batch=8b7324cb757f47888a813695ee211917 phase=decode requests=fd7f18ee548942ab846676d2fc7a354e,7b15763fe2a348b4bded9b891807f3b3,b57ae4d5f220486d9e686230c8c5382e,b86f7835c80b433ab4e1c625067d0f3c"
0.0,37673215,2,18836607.5,18836607.5,18807182,18866033,41613.9,PushPop,":batch=d827a0efc5924588859ac76919b1910e phase=decode requests=fd7f18ee548942ab846676d2fc7a354e,7b15763fe2a348b4bded9b891807f3b3,b57ae4d5f220486d9e686230c8c5382e,b86f7835c80b433ab4e1c625067d0f3c"
0.0,37672938,2,18836469.0,18836469.0,18816519,18856419,28213.6,PushPop,":batch=5be7375301074603a030b8720bf4e9ce phase=decode requests=eef2914bac744c1ea29ede0988703e4c,91919f5803e44b6faa967b57bddb81bd,4eba997a613d41f1b98e92a342465594,2c91d8351bd845e18b1e6646cd0b5f4b"
0.0,37672027,2,18836013.5,18836013.5,18800132,18871895,50744.1,PushPop,":batch=42a1d0ec3cf74cf4a46859545ddf9875 phase=decode requests=eef2914bac744c1ea29ede0988703e4c,91919f5803e44b6faa967b57bddb81bd,4eba997a613d41f1b98e92a342465594,2c91d8351bd845e18b1e6646cd0b5f4b"
0.0,37671822,2,18835911.0,18835911.0,18798564,18873258,52816.6,PushPop,":batch=10ada87ae9ef4c2bb874ffb1cbfb4949 phase=decode requests=fd7f18ee548942ab846676d2fc7a354e,7b15763fe2a348b4bded9b891807f3b3,b57ae4d5f220486d9e686230c8c5382e,b86f7835c80b433ab4e1c625067d0f3c"
0.0,37671641,2,18835820.5,18835820.5,18805065,18866576,43494.8,PushPop,":batch=ce224bb8df6c4d6db4b08e3514f5c7f3 phase=decode requests=fd7f18ee548942ab846676d2fc7a354e,7b15763fe2a348b4bded9b891807f3b3,b57ae4d5f220486d9e686230c8c5382e,b86f7835c80b433ab4e1c625067d0f3c"
0.0,37671315,2,18835657.5,18835657.5,18801699,18869616,48024.6,PushPop,":batch=2b4601c2bf074268b93c693f9a21dcca phase=decode requests=eef2914bac744c1ea29ede0988703e4c,91919f5803e44b6faa967b57bddb81bd,4eba997a613d41f1b98e92a342465594,2c91d8351bd845e18b1e6646cd0b5f4b"
0.0,37670331,2,18835165.5,18835165.5,18821777,18848554,18934.2,PushPop,":batch=590126ccb01a4662ab1e4acc5706cc3b phase=decode requests=eef2914bac744c1ea29ede0988703e4c,91919f5803e44b6faa967b57bddb81bd,4eba997a613d41f1b98e92a342465594,2c91d8351bd845e18b1e6646cd0b5f4b"
0.0,37669575,2,18834787.5,18834787.5,18807467,18862108,38637.0,PushPop,":batch=616617f886ab40199dd5f61653bf420a phase=decode requests=dfa53ed7b1db427c979733175e83eed5,1b90b5029a8e4095a0953f707b492bc0,2b642560cfbc46a3b415e89ad3a03675,1d3635c1d1b8417da02febe5bb56858c"
0.0,37668816,2,18834408.0,18834408.0,18803354,18865462,43917.0,PushPop,":batch=09ef2525d3ac47a3917efc1f480e600d phase=decode requests=fd7f18ee548942ab846676d2fc7a354e,7b15763fe2a348b4bded9b891807f3b3,b57ae4d5f220486d9e686230c8c5382e,b86f7835c80b433ab4e1c625067d0f3c"
0.0,37667299,2,18833649.5,18833649.5,18814708,18852591,26787.3,PushPop,":batch=6ade8c482d0044dbae74e1d287fb5cd7 phase=decode requests=eef2914bac744c1ea29ede0988703e4c,91919f5803e44b6faa967b57bddb81bd,4eba997a613d41f1b98e92a342465594,2c91d8351bd845e18b1e6646cd0b5f4b"
0.0,37667161,2,18833580.5,18833580.5,18816276,18850885,24472.3,PushPop,":batch=cd757a80517c43d09a674c434664fbe4 phase=decode requests=fd7f18ee548942ab846676d2fc7a354e,7b15763fe2a348b4bded9b891807f3b3,b57ae4d5f220486d9e686230c8c5382e,b86f7835c80b433ab4e1c625067d0f3c"
0.0,37666631,2,18833315.5,18833315.5,18803434,18863197,42258.8,PushPop,":batch=82690a97afa042fb9bcc4d6228381405 phase=decode requests=eef2914bac744c1ea29ede0988703e4c,91919f5803e44b6faa967b57bddb81bd,4eba997a613d41f1b98e92a342465594,2c91d8351bd845e18b1e6646cd0b5f4b"
0.0,37666318,2,18833159.0,18833159.0,18809430,18856888,33557.9,PushPop,:batch=a7f3c2bae49a40d0a37a281496869f4b phase=decode requests=25de90a8b4234cdd9f459bf44de5f72b
0.0,37666244,2,18833122.0,18833122.0,18799984,18866260,46864.2,PushPop,":batch=d36bc72d80bb441faa280dc2aef74d59 phase=decode requests=fd7f18ee548942ab846676d2fc7a354e,7b15763fe2a348b4bded9b891807f3b3,b57ae4d5f220486d9e686230c8c5382e,b86f7835c80b433ab4e1c625067d0f3c"
0.0,37664138,2,18832069.0,18832069.0,18807137,18857001,35259.2,PushPop,":batch=d72343190e0a4102996a36f2a7b3c671 phase=decode requests=fd7f18ee548942ab846676d2fc7a354e,7b15763fe2a348b4bded9b891807f3b3,b57ae4d5f220486d9e686230c8c5382e,b86f7835c80b433ab4e1c625067d0f3c"
0.0,37661481,2,18830740.5,18830740.5,18813680,18847801,24127.2,PushPop,:batch=116be0d20f7d464faf6843795d4d218e phase=decode requests=f613ba29e5e3458d8e63b0275b98ac68
0.0,37658883,2,18829441.5,18829441.5,18803473,18855410,36725.0,PushPop,":batch=b3876751637f4b56b3da335d40647c01 phase=decode requests=fd7f18ee548942ab846676d2fc7a354e,7b15763fe2a348b4bded9b891807f3b3,b57ae4d5f220486d9e686230c8c5382e,b86f7835c80b433ab4e1c625067d0f3c"
0.0,37658757,2,18829378.5,18829378.5,18828608,18830149,1089.7,PushPop,":batch=d1fcfc6d99cd40df8a1292bd68edae98 phase=decode requests=fd7f18ee548942ab846676d2fc7a354e,7b15763fe2a348b4bded9b891807f3b3,b57ae4d5f220486d9e686230c8c5382e,b86f7835c80b433ab4e1c625067d0f3c"
0.0,37658619,2,18829309.5,18829309.5,18803338,18855281,36729.2,PushPop,":batch=fbf2a49ab0bc47caa7dec8a69faf5d5a phase=decode requests=eef2914bac744c1ea29ede0988703e4c,91919f5803e44b6faa967b57bddb81bd,4eba997a613d41f1b98e92a342465594,2c91d8351bd845e18b1e6646cd0b5f4b"
0.0,37652880,2,18826440.0,18826440.0,18788988,18863892,52965.1,PushPop,":batch=32c17aa2597242c890f57e385e5d36d7 phase=decode requests=fd7f18ee548942ab846676d2fc7a354e,7b15763fe2a348b4bded9b891807f3b3,b57ae4d5f220486d9e686230c8c5382e,b86f7835c80b433ab4e1c625067d0f3c"
0.0,37652802,2,18826401.0,18826401.0,18803226,18849576,32774.4,PushPop,:batch=a464046e206543068b160e74b91a6965 phase=decode requests=25de90a8b4234cdd9f459bf44de5f72b
0.0,37652478,2,18826239.0,18826239.0,18792099,18860379,48281.3,PushPop,":batch=d6b581f7f3d7424e89bf3eb664d72416 phase=decode requests=fd7f18ee548942ab846676d2fc7a354e,7b15763fe2a348b4bded9b891807f3b3,b57ae4d5f220486d9e686230c8c5382e,b86f7835c80b433ab4e1c625067d0f3c"
0.0,37652167,2,18826083.5,18826083.5,18796530,18855637,41795.0,PushPop,":batch=a6e9b96de0ae4a48b68a1976d065b7c6 phase=decode requests=fd7f18ee548942ab846676d2fc7a354e,7b15763fe2a348b4bded9b891807f3b3,b57ae4d5f220486d9e686230c8c5382e,b86f7835c80b433ab4e1c625067d0f3c"
0.0,37651214,2,18825607.0,18825607.0,18821394,18829820,5958.1,PushPop,":batch=651aadd585594b16be0f2ece60746cb7 phase=decode requests=fd7f18ee548942ab846676d2fc7a354e,7b15763fe2a348b4bded9b891807f3b3,b57ae4d5f220486d9e686230c8c5382e,b86f7835c80b433ab4e1c625067d0f3c"
0.0,37651144,2,18825572.0,18825572.0,18814349,18836795,15871.7,PushPop,:batch=decdb9e0147f4e46ade6cc07d783a1d4 phase=decode requests=e6255778e8534404ac5ca8451b4d8752
0.0,37649535,2,18824767.5,18824767.5,18796008,18853527,40672.1,PushPop,":batch=2dcd064cb13441b497e6b290f0119f4b phase=decode requests=fd7f18ee548942ab846676d2fc7a354e,7b15763fe2a348b4bded9b891807f3b3,b57ae4d5f220486d9e686230c8c5382e,b86f7835c80b433ab4e1c625067d0f3c"
0.0,37649410,2,18824705.0,18824705.0,18801846,18847564,32327.5,PushPop,":batch=b52eac74693842398683ae51faa87352 phase=decode requests=eef2914bac744c1ea29ede0988703e4c,91919f5803e44b6faa967b57bddb81bd,4eba997a613d41f1b98e92a342465594,2c91d8351bd845e18b1e6646cd0b5f4b"
0.0,37649250,2,18824625.0,18824625.0,18794674,18854576,42357.1,PushPop,":batch=ce180d83a8804d0394bb4f6680c3c7be phase=decode requests=eef2914bac744c1ea29ede0988703e4c,91919f5803e44b6faa967b57bddb81bd,4eba997a613d41f1b98e92a342465594,2c91d8351bd845e18b1e6646cd0b5f4b"
0.0,37649218,2,18824609.0,18824609.0,18805059,18844159,27647.9,PushPop,:batch=ac5dd4075b914a66a937555d944ce162 phase=decode requests=f613ba29e5e3458d8e63b0275b98ac68
0.0,37649026,2,18824513.0,18824513.0,18782514,18866512,59395.6,PushPop,":batch=5489039ce0214616a91f2f1c2f871c47 phase=decode requests=dfa53ed7b1db427c979733175e83eed5,1b90b5029a8e4095a0953f707b492bc0,2b642560cfbc46a3b415e89ad3a03675,1d3635c1d1b8417da02febe5bb56858c"
0.0,37648165,2,18824082.5,18824082.5,18788221,18859944,50715.8,PushPop,":batch=3e4a43adecad4d14b41630bc4ea03323 phase=decode requests=fd7f18ee548942ab846676d2fc7a354e,7b15763fe2a348b4bded9b891807f3b3,b57ae4d5f220486d9e686230c8c5382e,b86f7835c80b433ab4e1c625067d0f3c"
0.0,37646663,2,18823331.5,18823331.5,18796216,18850447,38347.1,PushPop,":batch=2048b8894bcb4985bc7f38cb2dce3ec5 phase=decode requests=fd7f18ee548942ab846676d2fc7a354e,7b15763fe2a348b4bded9b891807f3b3,b57ae4d5f220486d9e686230c8c5382e,b86f7835c80b433ab4e1c625067d0f3c"
0.0,37646442,2,18823221.0,18823221.0,18801288,18845154,31017.9,PushPop,":batch=7aef735ef14145acb3788ec9e6bfbb33 phase=decode requests=fd7f18ee548942ab846676d2fc7a354e,7b15763fe2a348b4bded9b891807f3b3,b57ae4d5f220486d9e686230c8c5382e,b86f7835c80b433ab4e1c625067d0f3c"
0.0,37646383,2,18823191.5,18823191.5,18794507,18851876,40566.0,PushPop,":batch=459c800d7c1c48559e9ab2c63973f42d phase=decode requests=dfa53ed7b1db427c979733175e83eed5,1b90b5029a8e4095a0953f707b492bc0,2b642560cfbc46a3b415e89ad3a03675,1d3635c1d1b8417da02febe5bb56858c"
0.0,37645657,2,18822828.5,18822828.5,18778870,18866787,62166.7,PushPop,":batch=d2b9b658efa94b22b88ba20154f949b4 phase=decode requests=dfa53ed7b1db427c979733175e83eed5,1b90b5029a8e4095a0953f707b492bc0,2b642560cfbc46a3b415e89ad3a03675,1d3635c1d1b8417da02febe5bb56858c"
0.0,37645146,2,18822573.0,18822573.0,18803418,18841728,27089.3,PushPop,":batch=0a4898801bcf4308a8db8c2e618dfa81 phase=decode requests=fd7f18ee548942ab846676d2fc7a354e,7b15763fe2a348b4bded9b891807f3b3,b57ae4d5f220486d9e686230c8c5382e,b86f7835c80b433ab4e1c625067d0f3c"
0.0,37644868,2,18822434.0,18822434.0,18782739,18862129,56137.2,PushPop,":batch=eb41a613a3484854a94b44f99f405a73 phase=decode requests=dfa53ed7b1db427c979733175e83eed5,1b90b5029a8e4095a0953f707b492bc0,2b642560cfbc46a3b415e89ad3a03675,1d3635c1d1b8417da02febe5bb56858c"
0.0,37644057,2,18822028.5,18822028.5,18788406,18855651,47549.4,PushPop,":batch=961eaf748ede4fb8840ba19ef89519c3 phase=decode requests=fd7f18ee548942ab846676d2fc7a354e,7b15763fe2a348b4bded9b891807f3b3,b57ae4d5f220486d9e686230c8c5382e,b86f7835c80b433ab4e1c625067d0f3c"
0.0,37641188,2,18820594.0,18820594.0,18797766,18843422,32283.7,PushPop,":batch=1ef59748f1c143eb8cdb337cc555d72b phase=decode requests=1811f6ebf58e4b0ea2292b35146cd35f,612ab6a155ee43be83ea6696bd5b8b7f,04a26fdd847647a5a094bbafb63bc469,5f8f2308efff494a9a6a2fa3d4ecc35c"
0.0,37641068,2,18820534.0,18820534.0,18797604,18843464,32427.9,PushPop,":batch=5d26f5a64fe24168add64988fc6edcc5 phase=decode requests=fd7f18ee548942ab846676d2fc7a354e,7b15763fe2a348b4bded9b891807f3b3,b57ae4d5f220486d9e686230c8c5382e,b86f7835c80b433ab4e1c625067d0f3c"
0.0,37640960,2,18820480.0,18820480.0,18791869,18849091,40462.1,PushPop,":batch=1d927450691a43a28bab85ee81dff87b phase=decode requests=fd7f18ee548942ab846676d2fc7a354e,7b15763fe2a348b4bded9b891807f3b3,b57ae4d5f220486d9e686230c8c5382e,b86f7835c80b433ab4e1c625067d0f3c"
0.0,37639637,2,18819818.5,18819818.5,18787007,18852630,46402.5,PushPop,":batch=9852b45ff48c493ebff86291d2b34a2e phase=decode requests=eef2914bac744c1ea29ede0988703e4c,91919f5803e44b6faa967b57bddb81bd,4eba997a613d41f1b98e92a342465594,2c91d8351bd845e18b1e6646cd0b5f4b"
0.0,37638852,2,18819426.0,18819426.0,18790961,18847891,40255.6,PushPop,":batch=f0df78c65f044e9098bf551605c661d0 phase=decode requests=fd7f18ee548942ab846676d2fc7a354e,7b15763fe2a348b4bded9b891807f3b3,b57ae4d5f220486d9e686230c8c5382e,b86f7835c80b433ab4e1c625067d0f3c"
0.0,37638779,2,18819389.5,18819389.5,18784089,18854690,49922.4,PushPop,":batch=7008f638529b45a3ab59df0f2de53374 phase=decode requests=1811f6ebf58e4b0ea2292b35146cd35f,612ab6a155ee43be83ea6696bd5b8b7f,04a26fdd847647a5a094bbafb63bc469,5f8f2308efff494a9a6a2fa3d4ecc35c"
0.0,37638439,2,18819219.5,18819219.5,18797397,18841042,30861.7,PushPop,":batch=36a6e3edebd34743910c31f9183dd07f phase=decode requests=fd7f18ee548942ab846676d2fc7a354e,7b15763fe2a348b4bded9b891807f3b3,b57ae4d5f220486d9e686230c8c5382e,b86f7835c80b433ab4e1c625067d0f3c"
0.0,37638025,2,18819012.5,18819012.5,18796124,18841901,32369.2,PushPop,":batch=d23ac54182e7438a81dc001daa35e6e1 phase=decode requests=fd7f18ee548942ab846676d2fc7a354e,7b15763fe2a348b4bded9b891807f3b3,b57ae4d5f220486d9e686230c8c5382e,b86f7835c80b433ab4e1c625067d0f3c"
0.0,37637587,2,18818793.5,18818793.5,18793772,18843815,35385.7,PushPop,":batch=0ba04b264b8848b794407448a292c5c5 phase=decode requests=fd7f18ee548942ab846676d2fc7a354e,7b15763fe2a348b4bded9b891807f3b3,b57ae4d5f220486d9e686230c8c5382e,b86f7835c80b433ab4e1c625067d0f3c"
0.0,37635614,2,18817807.0,18817807.0,18789286,18846328,40334.8,PushPop,":batch=df98123313cc4a5ba5765a97187e7d6b phase=decode requests=fd7f18ee548942ab846676d2fc7a354e,7b15763fe2a348b4bded9b891807f3b3,b57ae4d5f220486d9e686230c8c5382e,b86f7835c80b433ab4e1c625067d0f3c"
0.0,37634737,2,18817368.5,18817368.5,18776196,18858541,58226.7,PushPop,:batch=31c6fb77b3b345a8a5ce12cd60ba4530 phase=decode requests=25de90a8b4234cdd9f459bf44de5f72b
0.0,37634584,2,18817292.0,18817292.0,18779766,18854818,53069.8,PushPop,":batch=7d810d22c7cb45ff913a11a656ad48a4 phase=decode requests=fd7f18ee548942ab846676d2fc7a354e,7b15763fe2a348b4bded9b891807f3b3,b57ae4d5f220486d9e686230c8c5382e,b86f7835c80b433ab4e1c625067d0f3c"
0.0,37634174,2,18817087.0,18817087.0,18786840,18847334,42775.7,PushPop,":batch=32383c95852a4730aa7fbfef217fbc3a phase=decode requests=eef2914bac744c1ea29ede0988703e4c,91919f5803e44b6faa967b57bddb81bd,4eba997a613d41f1b98e92a342465594,2c91d8351bd845e18b1e6646cd0b5f4b"
0.0,37632803,2,18816401.5,18816401.5,18794240,18838563,31341.1,PushPop,":batch=15e945e3a69644aa8b349c0a1db9a36c phase=decode requests=fd7f18ee548942ab846676d2fc7a354e,7b15763fe2a348b4bded9b891807f3b3,b57ae4d5f220486d9e686230c8c5382e,b86f7835c80b433ab4e1c625067d0f3c"
0.0,37632520,2,18816260.0,18816260.0,18790924,18841596,35830.5,PushPop,":batch=07f016b7a361459bb57f21fa345f1829 phase=decode requests=fd7f18ee548942ab846676d2fc7a354e,7b15763fe2a348b4bded9b891807f3b3,b57ae4d5f220486d9e686230c8c5382e,b86f7835c80b433ab4e1c625067d0f3c"
0.0,37632292,2,18816146.0,18816146.0,18758171,18874121,81989.0,PushPop,:batch=061197d6013e4206b5a9cdf552da4a4f phase=decode requests=25de90a8b4234cdd9f459bf44de5f72b
0.0,37631712,2,18815856.0,18815856.0,18778462,18853250,52883.1,PushPop,":batch=bf7ec16e99a249c58a1caf91397b4f8c phase=decode requests=fd7f18ee548942ab846676d2fc7a354e,7b15763fe2a348b4bded9b891807f3b3,b57ae4d5f220486d9e686230c8c5382e,b86f7835c80b433ab4e1c625067d0f3c"
0.0,37630924,2,18815462.0,18815462.0,18787482,18843442,39569.7,PushPop,":batch=f0b518c501fc4b989a3f322251e13142 phase=decode requests=fd7f18ee548942ab846676d2fc7a354e,7b15763fe2a348b4bded9b891807f3b3,b57ae4d5f220486d9e686230c8c5382e,b86f7835c80b433ab4e1c625067d0f3c"
0.0,37630024,2,18815012.0,18815012.0,18792934,18837090,31223.0,PushPop,":batch=abe7026275504cc7b695067b9ea2e08e phase=decode requests=fd7f18ee548942ab846676d2fc7a354e,7b15763fe2a348b4bded9b891807f3b3,b57ae4d5f220486d9e686230c8c5382e,b86f7835c80b433ab4e1c625067d0f3c"
0.0,37629685,2,18814842.5,18814842.5,18773355,18856330,58672.2,PushPop,:batch=064279cca5b34cd4bcfdd94a32805a7f phase=decode requests=25de90a8b4234cdd9f459bf44de5f72b
0.0,37629524,2,18814762.0,18814762.0,18780224,18849300,48844.1,PushPop,":batch=21aa2e663a0e43c88329f7b3186e0372 phase=decode requests=fd7f18ee548942ab846676d2fc7a354e,7b15763fe2a348b4bded9b891807f3b3,b57ae4d5f220486d9e686230c8c5382e,b86f7835c80b433ab4e1c625067d0f3c"
0.0,37626845,2,18813422.5,18813422.5,18774682,18852163,54787.3,PushPop,":batch=0444ef8a54ce4c5e8c6d807d93cf9d90 phase=decode requests=fd7f18ee548942ab846676d2fc7a354e,7b15763fe2a348b4bded9b891807f3b3,b57ae4d5f220486d9e686230c8c5382e,b86f7835c80b433ab4e1c625067d0f3c"
0.0,37626539,2,18813269.5,18813269.5,18780478,18846061,46374.2,PushPop,":batch=a0f013a87b5848c9adff8361cc8c59a5 phase=decode requests=fd7f18ee548942ab846676d2fc7a354e,7b15763fe2a348b4bded9b891807f3b3,b57ae4d5f220486d9e686230c8c5382e,b86f7835c80b433ab4e1c625067d0f3c"
0.0,37626525,2,18813262.5,18813262.5,18792757,18833768,28999.2,PushPop,":batch=16098764c4b440aaac2f7e6f9ef0d3bb phase=decode requests=eef2914bac744c1ea29ede0988703e4c,91919f5803e44b6faa967b57bddb81bd,4eba997a613d41f1b98e92a342465594,2c91d8351bd845e18b1e6646cd0b5f4b"
0.0,37623370,2,18811685.0,18811685.0,18780993,18842377,43405.0,PushPop,":batch=888683f6e9b4472e9c8a9ff77ac40d9b phase=decode requests=dfa53ed7b1db427c979733175e83eed5,1b90b5029a8e4095a0953f707b492bc0,2b642560cfbc46a3b415e89ad3a03675,1d3635c1d1b8417da02febe5bb56858c"
0.0,37622653,2,18811326.5,18811326.5,18777025,18845628,48509.6,PushPop,":batch=0313b09eddf34bcab00752002b0b7080 phase=decode requests=fd7f18ee548942ab846676d2fc7a354e,7b15763fe2a348b4bded9b891807f3b3,b57ae4d5f220486d9e686230c8c5382e,b86f7835c80b433ab4e1c625067d0f3c"
0.0,37622343,2,18811171.5,18811171.5,18772445,18849898,54767.5,PushPop,:batch=a6675a3ee2ce4c9d96fda73a6a6a3fb7 phase=decode requests=e6255778e8534404ac5ca8451b4d8752
0.0,37620079,2,18810039.5,18810039.5,18791073,18829006,26822.7,PushPop,":batch=a5256db96aa94a3188ff1a9ce0a1afa5 phase=decode requests=eef2914bac744c1ea29ede0988703e4c,91919f5803e44b6faa967b57bddb81bd,4eba997a613d41f1b98e92a342465594,2c91d8351bd845e18b1e6646cd0b5f4b"
0.0,37620036,2,18810018.0,18810018.0,18780805,18839231,41313.4,PushPop,":batch=46386bf4197942e986b90f390af5111f phase=decode requests=dfa53ed7b1db427c979733175e83eed5,1b90b5029a8e4095a0953f707b492bc0,2b642560cfbc46a3b415e89ad3a03675,1d3635c1d1b8417da02febe5bb56858c"
0.0,37619999,2,18809999.5,18809999.5,18795778,18824221,20112.2,PushPop,":batch=7d0100c7b4f14fc3920fb8f06a735ba4 phase=decode requests=eef2914bac744c1ea29ede0988703e4c,91919f5803e44b6faa967b57bddb81bd,4eba997a613d41f1b98e92a342465594,2c91d8351bd845e18b1e6646cd0b5f4b"
0.0,37619609,2,18809804.5,18809804.5,18776643,18842966,46897.4,PushPop,":batch=a4273317bda749b09913ad664c0f7e0c phase=decode requests=eef2914bac744c1ea29ede0988703e4c,91919f5803e44b6faa967b57bddb81bd,4eba997a613d41f1b98e92a342465594,2c91d8351bd845e18b1e6646cd0b5f4b"
0.0,37619114,2,18809557.0,18809557.0,18798673,18820441,15392.3,PushPop,":batch=9e91559e2bc94bfc8854601a3cfb225e phase=decode requests=fd7f18ee548942ab846676d2fc7a354e,7b15763fe2a348b4bded9b891807f3b3,b57ae4d5f220486d9e686230c8c5382e,b86f7835c80b433ab4e1c625067d0f3c"
0.0,37618859,2,18809429.5,18809429.5,18784579,18834280,35143.9,PushPop,":batch=ee96204b6dc34539b50a2cd0051d4780 phase=decode requests=eef2914bac744c1ea29ede0988703e4c,91919f5803e44b6faa967b57bddb81bd,4eba997a613d41f1b98e92a342465594,2c91d8351bd845e18b1e6646cd0b5f4b"
0.0,37618628,2,18809314.0,18809314.0,18789794,18828834,27605.4,PushPop,":batch=2c33bcac81844bd1aa5b33b002fe1df7 phase=decode requests=eef2914bac744c1ea29ede0988703e4c,91919f5803e44b6faa967b57bddb81bd,4eba997a613d41f1b98e92a342465594,2c91d8351bd845e18b1e6646cd0b5f4b"
0.0,37616904,2,18808452.0,18808452.0,18408411,19208493,565743.4,PushPop,:batch=47886f9ae46c45c8916f9b4eeffcb18e phase=decode requests=25de90a8b4234cdd9f459bf44de5f72b
0.0,37612902,2,18806451.0,18806451.0,18772380,18840522,48183.7,PushPop,":batch=d34268a9d5e74df6b08672084b9fa5e3 phase=decode requests=fd7f18ee548942ab846676d2fc7a354e,7b15763fe2a348b4bded9b891807f3b3,b57ae4d5f220486d9e686230c8c5382e,b86f7835c80b433ab4e1c625067d0f3c"
0.0,37612630,2,18806315.0,18806315.0,18765528,18847102,57681.5,PushPop,":batch=d66bcfb65b864008bb8a6a724f4a7ce8 phase=decode requests=1811f6ebf58e4b0ea2292b35146cd35f,612ab6a155ee43be83ea6696bd5b8b7f,04a26fdd847647a5a094bbafb63bc469,5f8f2308efff494a9a6a2fa3d4ecc35c"
0.0,37609881,2,18804940.5,18804940.5,18758220,18851661,66072.8,PushPop,:batch=559ece91d3af45119d5a16f5b721a133 phase=decode requests=268bc1a668514718addc6aee590d0f20
0.0,37609146,2,18804573.0,18804573.0,18782808,18826338,30780.4,PushPop,":batch=19ce186333084396af095471bf392a1c phase=decode requests=fd7f18ee548942ab846676d2fc7a354e,7b15763fe2a348b4bded9b891807f3b3,b57ae4d5f220486d9e686230c8c5382e,b86f7835c80b433ab4e1c625067d0f3c"
0.0,37606283,2,18803141.5,18803141.5,18771064,18835219,45364.4,PushPop,":batch=bc82fd6c23e44bbba847f997a972d449 phase=decode requests=fd7f18ee548942ab846676d2fc7a354e,7b15763fe2a348b4bded9b891807f3b3,b57ae4d5f220486d9e686230c8c5382e,b86f7835c80b433ab4e1c625067d0f3c"
0.0,37605020,2,18802510.0,18802510.0,18771778,18833242,43461.6,PushPop,":batch=0d4ddb56ef7643f5ac6ac151b5823493 phase=decode requests=dfa53ed7b1db427c979733175e83eed5,1b90b5029a8e4095a0953f707b492bc0,2b642560cfbc46a3b415e89ad3a03675,1d3635c1d1b8417da02febe5bb56858c"
0.0,37604886,2,18802443.0,18802443.0,18775645,18829241,37898.1,PushPop,":batch=09ce746eae044f33bd159e2df6d6de35 phase=decode requests=eef2914bac744c1ea29ede0988703e4c,91919f5803e44b6faa967b57bddb81bd,4eba997a613d41f1b98e92a342465594,2c91d8351bd845e18b1e6646cd0b5f4b"
0.0,37603474,2,18801737.0,18801737.0,18770162,18833312,44653.8,PushPop,":batch=03fe580ee1b74556bd34da4dd49fa707 phase=decode requests=fd7f18ee548942ab846676d2fc7a354e,7b15763fe2a348b4bded9b891807f3b3,b57ae4d5f220486d9e686230c8c5382e,b86f7835c80b433ab4e1c625067d0f3c"
0.0,37602342,2,18801171.0,18801171.0,18777932,18824410,32864.9,PushPop,":batch=738ca6d4d07b41c5a4005988d3fcf3e1 phase=decode requests=fd7f18ee548942ab846676d2fc7a354e,7b15763fe2a348b4bded9b891807f3b3,b57ae4d5f220486d9e686230c8c5382e,b86f7835c80b433ab4e1c625067d0f3c"
0.0,37602103,2,18801051.5,18801051.5,18778411,18823692,32018.5,PushPop,":batch=bb020876035c477a9b6cc1dc6fbba4e8 phase=decode requests=fd7f18ee548942ab846676d2fc7a354e,7b15763fe2a348b4bded9b891807f3b3,b57ae4d5f220486d9e686230c8c5382e,b86f7835c80b433ab4e1c625067d0f3c"
0.0,37600870,2,18800435.0,18800435.0,18765256,18835614,49750.6,PushPop,":batch=d0f9fca9d633404183a549c3af0ee811 phase=decode requests=fd7f18ee548942ab846676d2fc7a354e,7b15763fe2a348b4bded9b891807f3b3,b57ae4d5f220486d9e686230c8c5382e,b86f7835c80b433ab4e1c625067d0f3c"
0.0,37598905,2,18799452.5,18799452.5,18773137,18825768,37215.7,PushPop,":batch=43e15a707b704aee8e77a30c3368b1ee phase=decode requests=fd7f18ee548942ab846676d2fc7a354e,7b15763fe2a348b4bded9b891807f3b3,b57ae4d5f220486d9e686230c8c5382e,b86f7835c80b433ab4e1c625067d0f3c"
0.0,37597981,2,18798990.5,18798990.5,18763637,18834344,49997.4,PushPop,":batch=f70594aaee504da7ae5df3a66c074b4c phase=decode requests=dfa53ed7b1db427c979733175e83eed5,1b90b5029a8e4095a0953f707b492bc0,2b642560cfbc46a3b415e89ad3a03675,1d3635c1d1b8417da02febe5bb56858c"
0.0,37597561,2,18798780.5,18798780.5,18763823,18833738,49437.4,PushPop,":batch=80d01b2c2e2b42ed97ecf900e5d49ef3 phase=decode requests=eef2914bac744c1ea29ede0988703e4c,91919f5803e44b6faa967b57bddb81bd,4eba997a613d41f1b98e92a342465594,2c91d8351bd845e18b1e6646cd0b5f4b"
0.0,37596617,2,18798308.5,18798308.5,18778112,18818505,28562.2,PushPop,":batch=914812c0395c47cabff9deee5e731b37 phase=decode requests=fd7f18ee548942ab846676d2fc7a354e,7b15763fe2a348b4bded9b891807f3b3,b57ae4d5f220486d9e686230c8c5382e,b86f7835c80b433ab4e1c625067d0f3c"
0.0,37593637,2,18796818.5,18796818.5,18771944,18821693,35177.9,PushPop,":batch=c1851df71e014da68a1069fe9a243ab9 phase=decode requests=eef2914bac744c1ea29ede0988703e4c,91919f5803e44b6faa967b57bddb81bd,4eba997a613d41f1b98e92a342465594,2c91d8351bd845e18b1e6646cd0b5f4b"
0.0,37593303,2,18796651.5,18796651.5,18779976,18813327,23582.7,PushPop,":batch=ccc8c87ed6fc4078b5e58050138feb3b phase=decode requests=eef2914bac744c1ea29ede0988703e4c,91919f5803e44b6faa967b57bddb81bd,4eba997a613d41f1b98e92a342465594,2c91d8351bd845e18b1e6646cd0b5f4b"
0.0,37593130,2,18796565.0,18796565.0,18764949,18828181,44711.8,PushPop,":batch=37e7b2855fe8477da33f8805e6438fbd phase=decode requests=dfa53ed7b1db427c979733175e83eed5,1b90b5029a8e4095a0953f707b492bc0,2b642560cfbc46a3b415e89ad3a03675,1d3635c1d1b8417da02febe5bb56858c"
0.0,37592791,2,18796395.5,18796395.5,18775342,18817449,29774.1,PushPop,":batch=34617b23f95044628ba1843a8eb0d868 phase=decode requests=eef2914bac744c1ea29ede0988703e4c,91919f5803e44b6faa967b57bddb81bd,4eba997a613d41f1b98e92a342465594,2c91d8351bd845e18b1e6646cd0b5f4b"
0.0,37592731,2,18796365.5,18796365.5,18784878,18807853,16245.8,PushPop,:batch=dca0b76c228c4d468c26e7450949e40a phase=decode requests=f613ba29e5e3458d8e63b0275b98ac68
0.0,37591224,2,18795612.0,18795612.0,18755978,18835246,56050.9,PushPop,":batch=969fea6e2f2c4bc39a7c988d96fd6c28 phase=decode requests=1811f6ebf58e4b0ea2292b35146cd35f,612ab6a155ee43be83ea6696bd5b8b7f,04a26fdd847647a5a094bbafb63bc469,5f8f2308efff494a9a6a2fa3d4ecc35c"
0.0,37590150,2,18795075.0,18795075.0,18765194,18824956,42258.1,PushPop,":batch=b71219f50fde4075b8376814048f0856 phase=decode requests=dfa53ed7b1db427c979733175e83eed5,1b90b5029a8e4095a0953f707b492bc0,2b642560cfbc46a3b415e89ad3a03675,1d3635c1d1b8417da02febe5bb56858c"
0.0,37590014,2,18795007.0,18795007.0,18762855,18827159,45469.8,PushPop,":batch=07db49aadde148fabc3dd5e28e8fd965 phase=decode requests=1811f6ebf58e4b0ea2292b35146cd35f,612ab6a155ee43be83ea6696bd5b8b7f,04a26fdd847647a5a094bbafb63bc469,5f8f2308efff494a9a6a2fa3d4ecc35c"
0.0,37587528,2,18793764.0,18793764.0,18770130,18817398,33423.5,PushPop,":batch=59cf8588b31d46f5be80913db5471ac6 phase=decode requests=fd7f18ee548942ab846676d2fc7a354e,7b15763fe2a348b4bded9b891807f3b3,b57ae4d5f220486d9e686230c8c5382e,b86f7835c80b433ab4e1c625067d0f3c"
0.0,37586263,2,18793131.5,18793131.5,18759120,18827143,48099.5,PushPop,":batch=c25406bea37646b9b24ffe41b677c4f2 phase=decode requests=fd7f18ee548942ab846676d2fc7a354e,7b15763fe2a348b4bded9b891807f3b3,b57ae4d5f220486d9e686230c8c5382e,b86f7835c80b433ab4e1c625067d0f3c"
0.0,37584191,2,18792095.5,18792095.5,18748509,18835682,61640.6,PushPop,:batch=fe5be292d33b496ab30caf04271e9825 phase=decode requests=e6255778e8534404ac5ca8451b4d8752
0.0,37583372,2,18791686.0,18791686.0,18766746,18816626,35270.5,PushPop,":batch=06e8de157bb8449596f0837ea9cebf20 phase=decode requests=eef2914bac744c1ea29ede0988703e4c,91919f5803e44b6faa967b57bddb81bd,4eba997a613d41f1b98e92a342465594,2c91d8351bd845e18b1e6646cd0b5f4b"
0.0,37582937,2,18791468.5,18791468.5,18750635,18832302,57747.3,PushPop,:batch=d620106b78aa43ec89e758a6034ccbfd phase=decode requests=25de90a8b4234cdd9f459bf44de5f72b
0.0,37582229,2,18791114.5,18791114.5,18787668,18794561,4874.1,PushPop,":batch=c3533ea56480459794aa2245d511b860 phase=decode requests=fd7f18ee548942ab846676d2fc7a354e,7b15763fe2a348b4bded9b891807f3b3,b57ae4d5f220486d9e686230c8c5382e,b86f7835c80b433ab4e1c625067d0f3c"
0.0,37578714,2,18789357.0,18789357.0,18774720,18803994,20699.8,PushPop,":batch=df56be0573124d338db42a4da9ae507f phase=decode requests=fd7f18ee548942ab846676d2fc7a354e,7b15763fe2a348b4bded9b891807f3b3,b57ae4d5f220486d9e686230c8c5382e,b86f7835c80b433ab4e1c625067d0f3c"
0.0,37578016,2,18789008.0,18789008.0,18757040,18820976,45209.6,PushPop,":batch=9a90a17cd46e41b081aa1192313c4882 phase=decode requests=eef2914bac744c1ea29ede0988703e4c,91919f5803e44b6faa967b57bddb81bd,4eba997a613d41f1b98e92a342465594,2c91d8351bd845e18b1e6646cd0b5f4b"
0.0,37576764,2,18788382.0,18788382.0,18786931,18789833,2052.0,PushPop,":batch=819ee25ad8c74456b7989638dd5d41d1 phase=decode requests=1811f6ebf58e4b0ea2292b35146cd35f,612ab6a155ee43be83ea6696bd5b8b7f,04a26fdd847647a5a094bbafb63bc469,5f8f2308efff494a9a6a2fa3d4ecc35c"
0.0,37575075,2,18787537.5,18787537.5,18749894,18825181,53235.9,PushPop,:batch=e3a347f02c1e492ba6e950695c709bb3 phase=decode requests=25de90a8b4234cdd9f459bf44de5f72b
0.0,37574454,2,18787227.0,18787227.0,18757286,18817168,42343.0,PushPop,":batch=92ced4d6c0034f428506a069f0cdf2d3 phase=decode requests=fd7f18ee548942ab846676d2fc7a354e,7b15763fe2a348b4bded9b891807f3b3,b57ae4d5f220486d9e686230c8c5382e,b86f7835c80b433ab4e1c625067d0f3c"
0.0,37574066,2,18787033.0,18787033.0,18739602,18834464,67077.6,PushPop,":batch=21ae930368e34ef29107a3b08deb659a phase=decode requests=dfa53ed7b1db427c979733175e83eed5,1b90b5029a8e4095a0953f707b492bc0,2b642560cfbc46a3b415e89ad3a03675,1d3635c1d1b8417da02febe5bb56858c"
0.0,37572570,2,18786285.0,18786285.0,18765666,18806904,29159.7,PushPop,":batch=8338864571c646f58b4b0df33fe1b445 phase=decode requests=fd7f18ee548942ab846676d2fc7a354e,7b15763fe2a348b4bded9b891807f3b3,b57ae4d5f220486d9e686230c8c5382e,b86f7835c80b433ab4e1c625067d0f3c"
0.0,37572114,2,18786057.0,18786057.0,18743539,18828575,60129.5,PushPop,:batch=52cd7f0f147a4376aba1418cbc9e06d3 phase=decode requests=f613ba29e5e3458d8e63b0275b98ac68
0.0,37570742,2,18785371.0,18785371.0,18763092,18807650,31507.3,PushPop,":batch=edd8cadf575d476cb129ac3bed0a1079 phase=decode requests=fd7f18ee548942ab846676d2fc7a354e,7b15763fe2a348b4bded9b891807f3b3,b57ae4d5f220486d9e686230c8c5382e,b86f7835c80b433ab4e1c625067d0f3c"
0.0,37570609,2,18785304.5,18785304.5,18761606,18809003,33514.7,PushPop,":batch=983b6832ed1c4883809ebc1751f67d36 phase=decode requests=fd7f18ee548942ab846676d2fc7a354e,7b15763fe2a348b4bded9b891807f3b3,b57ae4d5f220486d9e686230c8c5382e,b86f7835c80b433ab4e1c625067d0f3c"
0.0,37570404,2,18785202.0,18785202.0,18742623,18827781,60215.8,PushPop,:batch=ed63a42a3c184f31979edf839ff0212f phase=decode requests=25de90a8b4234cdd9f459bf44de5f72b
0.0,37570364,2,18785182.0,18785182.0,18765060,18805304,28456.8,PushPop,":batch=d46a94567e064017b6d8fb6f9b593abb phase=decode requests=eef2914bac744c1ea29ede0988703e4c,91919f5803e44b6faa967b57bddb81bd,4eba997a613d41f1b98e92a342465594,2c91d8351bd845e18b1e6646cd0b5f4b"
0.0,37569657,2,18784828.5,18784828.5,18763283,18806374,30469.9,PushPop,":batch=e5eb57989fb947068fe8f7c8d0e15189 phase=decode requests=fd7f18ee548942ab846676d2fc7a354e,7b15763fe2a348b4bded9b891807f3b3,b57ae4d5f220486d9e686230c8c5382e,b86f7835c80b433ab4e1c625067d0f3c"
0.0,37565258,2,18782629.0,18782629.0,18759942,18805316,32084.3,PushPop,:batch=f4e970bbe42c4b67a61d791abe6c3023 phase=decode requests=f613ba29e5e3458d8e63b0275b98ac68
0.0,37564483,2,18782241.5,18782241.5,18761682,18802801,29075.5,PushPop,":batch=b8fa8741228e4eca89755b0dd3a3ea76 phase=decode requests=eef2914bac744c1ea29ede0988703e4c,91919f5803e44b6faa967b57bddb81bd,4eba997a613d41f1b98e92a342465594,2c91d8351bd845e18b1e6646cd0b5f4b"
0.0,37563309,2,18781654.5,18781654.5,18766745,18796564,21085.2,PushPop,:batch=efb8b9d9d0ef4aec93ee98ef80a0d4fb phase=decode requests=268bc1a668514718addc6aee590d0f20
0.0,37563236,2,18781618.0,18781618.0,18749350,18813886,45633.8,PushPop,":batch=5b5e930dc36148c297b9a06a2e952a00 phase=decode requests=fd7f18ee548942ab846676d2fc7a354e,7b15763fe2a348b4bded9b891807f3b3,b57ae4d5f220486d9e686230c8c5382e,b86f7835c80b433ab4e1c625067d0f3c"
0.0,37561272,2,18780636.0,18780636.0,18750516,18810756,42596.1,PushPop,":batch=65e3be9e18a84f52a5b16baffaca8c4d phase=decode requests=fd7f18ee548942ab846676d2fc7a354e,7b15763fe2a348b4bded9b891807f3b3,b57ae4d5f220486d9e686230c8c5382e,b86f7835c80b433ab4e1c625067d0f3c"
0.0,37559892,2,18779946.0,18779946.0,18750497,18809395,41647.2,PushPop,":batch=27b22ce3baef4ede882dbcfd9c8b5c1f phase=decode requests=eef2914bac744c1ea29ede0988703e4c,91919f5803e44b6faa967b57bddb81bd,4eba997a613d41f1b98e92a342465594,2c91d8351bd845e18b1e6646cd0b5f4b"
0.0,37559370,2,18779685.0,18779685.0,18752788,18806582,38038.1,PushPop,:batch=06d1ea61eb2f461a9d98558fc6db4240 phase=decode requests=e6255778e8534404ac5ca8451b4d8752
0.0,37558662,2,18779331.0,18779331.0,18750515,18808147,40752.0,PushPop,":batch=762d966e9383481e9430f7e47f844509 phase=decode requests=eef2914bac744c1ea29ede0988703e4c,91919f5803e44b6faa967b57bddb81bd,4eba997a613d41f1b98e92a342465594,2c91d8351bd845e18b1e6646cd0b5f4b"
0.0,37557736,2,18778868.0,18778868.0,18760163,18797573,26452.9,PushPop,:batch=d890ebf592f64400af93309cdce0f88a phase=decode requests=e6255778e8534404ac5ca8451b4d8752
0.0,37556521,2,18778260.5,18778260.5,18744109,18812412,48297.5,PushPop,":batch=b469167e30424036831a8b95e66852c7 phase=decode requests=fd7f18ee548942ab846676d2fc7a354e,7b15763fe2a348b4bded9b891807f3b3,b57ae4d5f220486d9e686230c8c5382e,b86f7835c80b433ab4e1c625067d0f3c"
0.0,37555464,2,18777732.0,18777732.0,18744847,18810617,46506.4,PushPop,":batch=038d18a6c2804f819c36df6f4cf167a7 phase=decode requests=fd7f18ee548942ab846676d2fc7a354e,7b15763fe2a348b4bded9b891807f3b3,b57ae4d5f220486d9e686230c8c5382e,b86f7835c80b433ab4e1c625067d0f3c"
0.0,37555233,2,18777616.5,18777616.5,18741136,18814097,51591.2,PushPop,":batch=80d16eb6f24749318f614560c778068c phase=decode requests=fd7f18ee548942ab846676d2fc7a354e,7b15763fe2a348b4bded9b891807f3b3,b57ae4d5f220486d9e686230c8c5382e,b86f7835c80b433ab4e1c625067d0f3c"
0.0,37554471,2,18777235.5,18777235.5,18731942,18822529,64054.7,PushPop,":batch=1ac17196d17f4871bfadb5645907eebd phase=decode requests=dfa53ed7b1db427c979733175e83eed5,1b90b5029a8e4095a0953f707b492bc0,2b642560cfbc46a3b415e89ad3a03675,1d3635c1d1b8417da02febe5bb56858c"
0.0,37552122,2,18776061.0,18776061.0,18752750,18799372,32966.7,PushPop,":batch=1081de777d32486fb393d26fcbdc788b phase=decode requests=fd7f18ee548942ab846676d2fc7a354e,7b15763fe2a348b4bded9b891807f3b3,b57ae4d5f220486d9e686230c8c5382e,b86f7835c80b433ab4e1c625067d0f3c"
0.0,37550997,2,18775498.5,18775498.5,18741782,18809215,47682.3,PushPop,":batch=e31c441264b046e390783d10ae054e55 phase=decode requests=fd7f18ee548942ab846676d2fc7a354e,7b15763fe2a348b4bded9b891807f3b3,b57ae4d5f220486d9e686230c8c5382e,b86f7835c80b433ab4e1c625067d0f3c"
0.0,37549835,2,18774917.5,18774917.5,18741933,18807902,46647.1,PushPop,":batch=65918f3047224a159bfcc5be25d152d8 phase=decode requests=fd7f18ee548942ab846676d2fc7a354e,7b15763fe2a348b4bded9b891807f3b3,b57ae4d5f220486d9e686230c8c5382e,b86f7835c80b433ab4e1c625067d0f3c"
0.0,37548537,2,18774268.5,18774268.5,18756406,18792131,25261.4,PushPop,":batch=d74eb2165010490da0ce3a001c541096 phase=decode requests=fd7f18ee548942ab846676d2fc7a354e,7b15763fe2a348b4bded9b891807f3b3,b57ae4d5f220486d9e686230c8c5382e,b86f7835c80b433ab4e1c625067d0f3c"
0.0,37545838,2,18772919.0,18772919.0,18739103,18806735,47823.0,PushPop,":batch=d152b67cf39c491fbcb6891e47d51690 phase=decode requests=fd7f18ee548942ab846676d2fc7a354e,7b15763fe2a348b4bded9b891807f3b3,b57ae4d5f220486d9e686230c8c5382e,b86f7835c80b433ab4e1c625067d0f3c"
0.0,37544504,2,18772252.0,18772252.0,18741896,18802608,42929.9,PushPop,":batch=226831329a774489838cfb485b3eb739 phase=decode requests=fd7f18ee548942ab846676d2fc7a354e,7b15763fe2a348b4bded9b891807f3b3,b57ae4d5f220486d9e686230c8c5382e,b86f7835c80b433ab4e1c625067d0f3c"
0.0,37544419,2,18772209.5,18772209.5,18745539,18798880,37717.8,PushPop,":batch=49fcfc14285f4fa4b0b1971ee6b12e71 phase=decode requests=fd7f18ee548942ab846676d2fc7a354e,7b15763fe2a348b4bded9b891807f3b3,b57ae4d5f220486d9e686230c8c5382e,b86f7835c80b433ab4e1c625067d0f3c"
0.0,37542104,2,18771052.0,18771052.0,18742348,18799756,40593.6,PushPop,":batch=506ef589a7634bf1a5ed1fd4f707aa88 phase=decode requests=dfa53ed7b1db427c979733175e83eed5,1b90b5029a8e4095a0953f707b492bc0,2b642560cfbc46a3b415e89ad3a03675,1d3635c1d1b8417da02febe5bb56858c"
0.0,37542046,2,18771023.0,18771023.0,18742476,18799570,40371.6,PushPop,":batch=36cf7fe09d6145e2a088849f8c9d1121 phase=decode requests=fd7f18ee548942ab846676d2fc7a354e,7b15763fe2a348b4bded9b891807f3b3,b57ae4d5f220486d9e686230c8c5382e,b86f7835c80b433ab4e1c625067d0f3c"
0.0,37540928,2,18770464.0,18770464.0,18734592,18806336,50730.7,PushPop,":batch=ba681d4fa4c64b11b1b6ae7c75f05f00 phase=decode requests=fd7f18ee548942ab846676d2fc7a354e,7b15763fe2a348b4bded9b891807f3b3,b57ae4d5f220486d9e686230c8c5382e,b86f7835c80b433ab4e1c625067d0f3c"
0.0,37540356,2,18770178.0,18770178.0,18736960,18803396,46977.3,PushPop,":batch=546e3649b19e400d99d62a7f03ecece7 phase=decode requests=fd7f18ee548942ab846676d2fc7a354e,7b15763fe2a348b4bded9b891807f3b3,b57ae4d5f220486d9e686230c8c5382e,b86f7835c80b433ab4e1c625067d0f3c"
0.0,37540086,2,18770043.0,18770043.0,18735274,18804812,49170.8,PushPop,":batch=fd5ce367736e4ea591cbaee0b0749535 phase=decode requests=fd7f18ee548942ab846676d2fc7a354e,7b15763fe2a348b4bded9b891807f3b3,b57ae4d5f220486d9e686230c8c5382e,b86f7835c80b433ab4e1c625067d0f3c"
0.0,37536709,2,18768354.5,18768354.5,18748265,18788444,28410.8,PushPop,":batch=ac6aa0fc0aa040ddb9771b66fb5debea phase=decode requests=fd7f18ee548942ab846676d2fc7a354e,7b15763fe2a348b4bded9b891807f3b3,b57ae4d5f220486d9e686230c8c5382e,b86f7835c80b433ab4e1c625067d0f3c"
0.0,37536267,2,18768133.5,18768133.5,18721489,18814778,65965.3,PushPop,:batch=9ec9071568634a44bbcd7faf603eefb2 phase=decode requests=25de90a8b4234cdd9f459bf44de5f72b
0.0,37536172,2,18768086.0,18768086.0,18739601,18796571,40283.9,PushPop,":batch=d5ea8f78a4ef461f874440ce765344ed phase=decode requests=fd7f18ee548942ab846676d2fc7a354e,7b15763fe2a348b4bded9b891807f3b3,b57ae4d5f220486d9e686230c8c5382e,b86f7835c80b433ab4e1c625067d0f3c"
0.0,37535121,2,18767560.5,18767560.5,18719954,18815167,67325.8,PushPop,":batch=72c030410ba64b88901545d0fd2bfaf5 phase=decode requests=fd7f18ee548942ab846676d2fc7a354e,7b15763fe2a348b4bded9b891807f3b3,b57ae4d5f220486d9e686230c8c5382e,b86f7835c80b433ab4e1c625067d0f3c"
0.0,37532841,2,18766420.5,18766420.5,18755231,18777610,15824.3,PushPop,":batch=9015d08170584a6baf72d2af50dc0eb9 phase=decode requests=fd7f18ee548942ab846676d2fc7a354e,7b15763fe2a348b4bded9b891807f3b3,b57ae4d5f220486d9e686230c8c5382e,b86f7835c80b433ab4e1c625067d0f3c"
0.0,37532606,2,18766303.0,18766303.0,18724983,18807623,58435.3,PushPop,":batch=8d040fc476f14e58bcb24b853e3065bc phase=decode requests=eef2914bac744c1ea29ede0988703e4c,91919f5803e44b6faa967b57bddb81bd,4eba997a613d41f1b98e92a342465594,2c91d8351bd845e18b1e6646cd0b5f4b"
0.0,37532128,2,18766064.0,18766064.0,18738629,18793499,38798.9,PushPop,":batch=7419bbeacfc5498c91b12e9cadfb92de phase=decode requests=fd7f18ee548942ab846676d2fc7a354e,7b15763fe2a348b4bded9b891807f3b3,b57ae4d5f220486d9e686230c8c5382e,b86f7835c80b433ab4e1c625067d0f3c"
0.0,37531527,2,18765763.5,18765763.5,18735863,18795664,42285.7,PushPop,":batch=efc49ebd7f71424583c5988be3cd67ce phase=decode requests=fd7f18ee548942ab846676d2fc7a354e,7b15763fe2a348b4bded9b891807f3b3,b57ae4d5f220486d9e686230c8c5382e,b86f7835c80b433ab4e1c625067d0f3c"
0.0,37530288,2,18765144.0,18765144.0,18740656,18789632,34631.3,PushPop,":batch=d41114fa7eec44b9af3276b6d6eb7ccd phase=decode requests=fd7f18ee548942ab846676d2fc7a354e,7b15763fe2a348b4bded9b891807f3b3,b57ae4d5f220486d9e686230c8c5382e,b86f7835c80b433ab4e1c625067d0f3c"
0.0,37529249,2,18764624.5,18764624.5,18739490,18789759,35545.6,PushPop,":batch=594d1052c0e64b6cb2549dbe5476a46d phase=decode requests=1811f6ebf58e4b0ea2292b35146cd35f,612ab6a155ee43be83ea6696bd5b8b7f,04a26fdd847647a5a094bbafb63bc469,5f8f2308efff494a9a6a2fa3d4ecc35c"
0.0,37528489,2,18764244.5,18764244.5,18721790,18806699,60039.7,PushPop,":batch=42bc3f1ebc954ad99c52083c6c2a50d6 phase=decode requests=eef2914bac744c1ea29ede0988703e4c,91919f5803e44b6faa967b57bddb81bd,4eba997a613d41f1b98e92a342465594,2c91d8351bd845e18b1e6646cd0b5f4b"
0.0,37525597,2,18762798.5,18762798.5,18752737,18772860,14229.1,PushPop,:batch=ec0e3918adf5497eb7d879491eba5039 phase=decode requests=e6255778e8534404ac5ca8451b4d8752
0.0,37524957,2,18762478.5,18762478.5,18731024,18793933,44483.4,PushPop,":batch=c824cdfd70a0496192e98f278e37ec64 phase=decode requests=fd7f18ee548942ab846676d2fc7a354e,7b15763fe2a348b4bded9b891807f3b3,b57ae4d5f220486d9e686230c8c5382e,b86f7835c80b433ab4e1c625067d0f3c"
0.0,37524163,2,18762081.5,18762081.5,18725985,18798178,51048.2,PushPop,":batch=9b264087b8374f7a9049e8820e9f96d3 phase=decode requests=fd7f18ee548942ab846676d2fc7a354e,7b15763fe2a348b4bded9b891807f3b3,b57ae4d5f220486d9e686230c8c5382e,b86f7835c80b433ab4e1c625067d0f3c"
0.0,37521783,2,18760891.5,18760891.5,18738754,18783029,31307.2,PushPop,":batch=13ca50c869324ad79622152666c572c8 phase=decode requests=eef2914bac744c1ea29ede0988703e4c,91919f5803e44b6faa967b57bddb81bd,4eba997a613d41f1b98e92a342465594,2c91d8351bd845e18b1e6646cd0b5f4b"
0.0,37518972,2,18759486.0,18759486.0,18723478,18795494,50923.0,PushPop,:batch=c558ba548b2f4c0289aa2df8aa6d3b4c phase=decode requests=f613ba29e5e3458d8e63b0275b98ac68
0.0,37518636,2,18759318.0,18759318.0,18729378,18789258,42341.6,PushPop,":batch=fe156193592442beb58b2a0f6be94ea9 phase=decode requests=fd7f18ee548942ab846676d2fc7a354e,7b15763fe2a348b4bded9b891807f3b3,b57ae4d5f220486d9e686230c8c5382e,b86f7835c80b433ab4e1c625067d0f3c"
0.0,37518565,2,18759282.5,18759282.5,18744019,18774546,21585.8,PushPop,":batch=2e5bf872ca5a440ba1fc2999b12772c7 phase=decode requests=fd7f18ee548942ab846676d2fc7a354e,7b15763fe2a348b4bded9b891807f3b3,b57ae4d5f220486d9e686230c8c5382e,b86f7835c80b433ab4e1c625067d0f3c"
0.0,37517912,2,18758956.0,18758956.0,18717764,18800148,58254.3,PushPop,":batch=e5f84c27c3ed42279150216dbaf8de49 phase=decode requests=fd7f18ee548942ab846676d2fc7a354e,7b15763fe2a348b4bded9b891807f3b3,b57ae4d5f220486d9e686230c8c5382e,b86f7835c80b433ab4e1c625067d0f3c"
0.0,37517190,2,18758595.0,18758595.0,18733938,18783252,34870.3,PushPop,":batch=d0114e5eb4c54b04871eae4fd9024807 phase=decode requests=fd7f18ee548942ab846676d2fc7a354e,7b15763fe2a348b4bded9b891807f3b3,b57ae4d5f220486d9e686230c8c5382e,b86f7835c80b433ab4e1c625067d0f3c"
0.0,37517107,2,18758553.5,18758553.5,18733734,18783373,35100.1,PushPop,":batch=930d54c0842b4ba3a240135d75ad2924 phase=decode requests=eef2914bac744c1ea29ede0988703e4c,91919f5803e44b6faa967b57bddb81bd,4eba997a613d41f1b98e92a342465594,2c91d8351bd845e18b1e6646cd0b5f4b"
0.0,37517016,2,18758508.0,18758508.0,18736418,18780598,31240.0,PushPop,":batch=34351e44d6a9492aab19c1ee9e46b62f phase=decode requests=fd7f18ee548942ab846676d2fc7a354e,7b15763fe2a348b4bded9b891807f3b3,b57ae4d5f220486d9e686230c8c5382e,b86f7835c80b433ab4e1c625067d0f3c"
0.0,37516239,2,18758119.5,18758119.5,18719805,18796434,54184.9,PushPop,:batch=18a51577adda4767ac61703867afd23e phase=decode requests=f613ba29e5e3458d8e63b0275b98ac68
0.0,37510408,2,18755204.0,18755204.0,18729480,18780928,36379.2,PushPop,":batch=c05888a970a14c99914a4714d7c47f2d phase=decode requests=fd7f18ee548942ab846676d2fc7a354e,7b15763fe2a348b4bded9b891807f3b3,b57ae4d5f220486d9e686230c8c5382e,b86f7835c80b433ab4e1c625067d0f3c"
0.0,37509576,2,18754788.0,18754788.0,18711930,18797646,60610.4,PushPop,:batch=6bf48029a4a44a4eb9fb142c64dd6774 phase=decode requests=25de90a8b4234cdd9f459bf44de5f72b
0.0,37509272,2,18754636.0,18754636.0,18731389,18777883,32876.2,PushPop,:batch=747b106a24a14b7e8e1940b3065241e5 phase=decode requests=e6255778e8534404ac5ca8451b4d8752
0.0,37506677,2,18753338.5,18753338.5,18733235,18773442,28430.6,PushPop,":batch=b8bfd0fac338435ea6726efee04a77e1 phase=decode requests=fd7f18ee548942ab846676d2fc7a354e,7b15763fe2a348b4bded9b891807f3b3,b57ae4d5f220486d9e686230c8c5382e,b86f7835c80b433ab4e1c625067d0f3c"
0.0,37505688,2,18752844.0,18752844.0,18729061,18776627,33634.2,PushPop,":batch=da2b783b694f46dfaf8bc4a736e1d290 phase=decode requests=eef2914bac744c1ea29ede0988703e4c,91919f5803e44b6faa967b57bddb81bd,4eba997a613d41f1b98e92a342465594,2c91d8351bd845e18b1e6646cd0b5f4b"
0.0,37503657,2,18751828.5,18751828.5,18716842,18786815,49478.4,PushPop,":batch=3621c8e31fba4487bb19e4fc32256885 phase=decode requests=fd7f18ee548942ab846676d2fc7a354e,7b15763fe2a348b4bded9b891807f3b3,b57ae4d5f220486d9e686230c8c5382e,b86f7835c80b433ab4e1c625067d0f3c"
0.0,37502463,2,18751231.5,18751231.5,18719446,18783017,44951.5,PushPop,":batch=c493bcf005ef40368c4f64503290c61f phase=decode requests=fd7f18ee548942ab846676d2fc7a354e,7b15763fe2a348b4bded9b891807f3b3,b57ae4d5f220486d9e686230c8c5382e,b86f7835c80b433ab4e1c625067d0f3c"
0.0,37502211,2,18751105.5,18751105.5,18735347,18766864,22285.9,PushPop,":batch=2d7819a5e79c403980747fdad90bdbd6 phase=decode requests=fd7f18ee548942ab846676d2fc7a354e,7b15763fe2a348b4bded9b891807f3b3,b57ae4d5f220486d9e686230c8c5382e,b86f7835c80b433ab4e1c625067d0f3c"
0.0,37501011,2,18750505.5,18750505.5,18712989,18788022,53056.3,PushPop,":batch=9c9da249f79b42308257f3f4bb8654e3 phase=decode requests=1811f6ebf58e4b0ea2292b35146cd35f,612ab6a155ee43be83ea6696bd5b8b7f,04a26fdd847647a5a094bbafb63bc469,5f8f2308efff494a9a6a2fa3d4ecc35c"
0.0,37500313,2,18750156.5,18750156.5,18710924,18789389,55483.1,PushPop,":batch=10726587d73d475b8ae54c8506222716 phase=decode requests=fd7f18ee548942ab846676d2fc7a354e,7b15763fe2a348b4bded9b891807f3b3,b57ae4d5f220486d9e686230c8c5382e,b86f7835c80b433ab4e1c625067d0f3c"
0.0,37499702,2,18749851.0,18749851.0,18727641,18772061,31409.7,PushPop,":batch=2989a799bf5249c985cf0afb167784b1 phase=decode requests=fd7f18ee548942ab846676d2fc7a354e,7b15763fe2a348b4bded9b891807f3b3,b57ae4d5f220486d9e686230c8c5382e,b86f7835c80b433ab4e1c625067d0f3c"
0.0,37499001,2,18749500.5,18749500.5,18685145,18813856,91012.4,PushPop,:batch=82a1ffdb01f243e59298e13f28afbc5e phase=decode requests=25de90a8b4234cdd9f459bf44de5f72b
0.0,37496589,2,18748294.5,18748294.5,18712224,18784365,51011.4,PushPop,":batch=8026a9d725d04d8ba001ae719ec345aa phase=decode requests=fd7f18ee548942ab846676d2fc7a354e,7b15763fe2a348b4bded9b891807f3b3,b57ae4d5f220486d9e686230c8c5382e,b86f7835c80b433ab4e1c625067d0f3c"
0.0,37495783,2,18747891.5,18747891.5,18727453,18768330,28904.4,PushPop,":batch=c478865331564c5f8e09e9bd344ce88d phase=decode requests=fd7f18ee548942ab846676d2fc7a354e,7b15763fe2a348b4bded9b891807f3b3,b57ae4d5f220486d9e686230c8c5382e,b86f7835c80b433ab4e1c625067d0f3c"
0.0,37495730,2,18747865.0,18747865.0,18726272,18769458,30537.1,PushPop,":batch=90b0adb5465a4035b8da1590c57e4ed9 phase=decode requests=eef2914bac744c1ea29ede0988703e4c,91919f5803e44b6faa967b57bddb81bd,4eba997a613d41f1b98e92a342465594,2c91d8351bd845e18b1e6646cd0b5f4b"
0.0,37495394,2,18747697.0,18747697.0,18714411,18780983,47073.5,PushPop,":batch=c8d196561c874c1e9e453cde4435a075 phase=decode requests=fd7f18ee548942ab846676d2fc7a354e,7b15763fe2a348b4bded9b891807f3b3,b57ae4d5f220486d9e686230c8c5382e,b86f7835c80b433ab4e1c625067d0f3c"
0.0,37494889,2,18747444.5,18747444.5,18699566,18795323,67710.4,PushPop,":batch=4b3935fb1f6d4cda80639dfdbd7bcdbe phase=decode requests=fd7f18ee548942ab846676d2fc7a354e,7b15763fe2a348b4bded9b891807f3b3,b57ae4d5f220486d9e686230c8c5382e,b86f7835c80b433ab4e1c625067d0f3c"
0.0,37494167,2,18747083.5,18747083.5,18714610,18779557,45924.5,PushPop,":batch=1172600cf8ff42a5a7dbca56a34cc342 phase=decode requests=fd7f18ee548942ab846676d2fc7a354e,7b15763fe2a348b4bded9b891807f3b3,b57ae4d5f220486d9e686230c8c5382e,b86f7835c80b433ab4e1c625067d0f3c"
0.0,37492747,2,18746373.5,18746373.5,18695904,18796843,71374.7,PushPop,:batch=41e2814f6c6d44d09bec814c8d815f84 phase=decode requests=25de90a8b4234cdd9f459bf44de5f72b
0.0,37492470,2,18746235.0,18746235.0,18712171,18780299,48173.8,PushPop,":batch=d1039ffca60440ecac3c7973d5402a3d phase=decode requests=dfa53ed7b1db427c979733175e83eed5,1b90b5029a8e4095a0953f707b492bc0,2b642560cfbc46a3b415e89ad3a03675,1d3635c1d1b8417da02febe5bb56858c"
0.0,37491567,2,18745783.5,18745783.5,18726080,18765487,27865.0,PushPop,":batch=0016924bcd4248169b8e115ea36ae06a phase=decode requests=eef2914bac744c1ea29ede0988703e4c,91919f5803e44b6faa967b57bddb81bd,4eba997a613d41f1b98e92a342465594,2c91d8351bd845e18b1e6646cd0b5f4b"
0.0,37488110,2,18744055.0,18744055.0,18722131,18765979,31005.2,PushPop,":batch=ff25b2c085f34ad184ee6fd7e97fea03 phase=decode requests=eef2914bac744c1ea29ede0988703e4c,91919f5803e44b6faa967b57bddb81bd,4eba997a613d41f1b98e92a342465594,2c91d8351bd845e18b1e6646cd0b5f4b"
0.0,37487835,2,18743917.5,18743917.5,18709438,18778397,48761.4,PushPop,":batch=6637eaeaaefe43608f787af6153eb92c phase=decode requests=fd7f18ee548942ab846676d2fc7a354e,7b15763fe2a348b4bded9b891807f3b3,b57ae4d5f220486d9e686230c8c5382e,b86f7835c80b433ab4e1c625067d0f3c"
0.0,37487240,2,18743620.0,18743620.0,18726092,18761148,24788.3,PushPop,":batch=333a09e3ca45453582c6a230b156c403 phase=decode requests=fd7f18ee548942ab846676d2fc7a354e,7b15763fe2a348b4bded9b891807f3b3,b57ae4d5f220486d9e686230c8c5382e,b86f7835c80b433ab4e1c625067d0f3c"
0.0,37486946,2,18743473.0,18743473.0,18717786,18769160,36326.9,PushPop,":batch=c775f6376c9449528e2e1a0b0ad89730 phase=decode requests=eef2914bac744c1ea29ede0988703e4c,91919f5803e44b6faa967b57bddb81bd,4eba997a613d41f1b98e92a342465594,2c91d8351bd845e18b1e6646cd0b5f4b"
0.0,37484837,2,18742418.5,18742418.5,18716030,18768807,37319.0,PushPop,":batch=bcc69acdb9404aeaa2698573c11c5396 phase=decode requests=1811f6ebf58e4b0ea2292b35146cd35f,612ab6a155ee43be83ea6696bd5b8b7f,04a26fdd847647a5a094bbafb63bc469,5f8f2308efff494a9a6a2fa3d4ecc35c"
0.0,37484377,2,18742188.5,18742188.5,18714480,18769897,39185.7,PushPop,":batch=441f779754f24e7992d9df29d9145321 phase=decode requests=eef2914bac744c1ea29ede0988703e4c,91919f5803e44b6faa967b57bddb81bd,4eba997a613d41f1b98e92a342465594,2c91d8351bd845e18b1e6646cd0b5f4b"
0.0,37483924,2,18741962.0,18741962.0,18726516,18757408,21843.9,PushPop,":batch=ae71e87ab8b546efa49f67bbf4fb3d29 phase=decode requests=eef2914bac744c1ea29ede0988703e4c,91919f5803e44b6faa967b57bddb81bd,4eba997a613d41f1b98e92a342465594,2c91d8351bd845e18b1e6646cd0b5f4b"
0.0,37481287,2,18740643.5,18740643.5,18716006,18765281,34842.7,PushPop,":batch=957c034182da4c57b66d3e03d280c616 phase=decode requests=fd7f18ee548942ab846676d2fc7a354e,7b15763fe2a348b4bded9b891807f3b3,b57ae4d5f220486d9e686230c8c5382e,b86f7835c80b433ab4e1c625067d0f3c"
0.0,37479398,2,18739699.0,18739699.0,18721465,18757933,25786.8,PushPop,":batch=a8c1f1e5af244988920a150c45aee24c phase=decode requests=eef2914bac744c1ea29ede0988703e4c,91919f5803e44b6faa967b57bddb81bd,4eba997a613d41f1b98e92a342465594,2c91d8351bd845e18b1e6646cd0b5f4b"
0.0,37479083,2,18739541.5,18739541.5,18710640,18768443,40872.9,PushPop,":batch=b52447ae71364ae2a084d1eb8d3c5c27 phase=decode requests=fd7f18ee548942ab846676d2fc7a354e,7b15763fe2a348b4bded9b891807f3b3,b57ae4d5f220486d9e686230c8c5382e,b86f7835c80b433ab4e1c625067d0f3c"
0.0,37478768,2,18739384.0,18739384.0,18705431,18773337,48016.8,PushPop,":batch=89091e9b587d42e68136960d12ccb44b phase=decode requests=fd7f18ee548942ab846676d2fc7a354e,7b15763fe2a348b4bded9b891807f3b3,b57ae4d5f220486d9e686230c8c5382e,b86f7835c80b433ab4e1c625067d0f3c"
0.0,37478602,2,18739301.0,18739301.0,18718570,18760032,29318.1,PushPop,:batch=5875e79e6dc5441aa11eb5f7b34f5388 phase=decode requests=25de90a8b4234cdd9f459bf44de5f72b
0.0,37478539,2,18739269.5,18739269.5,18707420,18771119,45042.0,PushPop,":batch=cf4c06cd5aa34f9c9cfd277c4c072ba4 phase=decode requests=eef2914bac744c1ea29ede0988703e4c,91919f5803e44b6faa967b57bddb81bd,4eba997a613d41f1b98e92a342465594,2c91d8351bd845e18b1e6646cd0b5f4b"
0.0,37477897,2,18738948.5,18738948.5,18713967,18763930,35329.2,PushPop,":batch=accd534be69a47e494f7523c402eab2b phase=decode requests=fd7f18ee548942ab846676d2fc7a354e,7b15763fe2a348b4bded9b891807f3b3,b57ae4d5f220486d9e686230c8c5382e,b86f7835c80b433ab4e1c625067d0f3c"
0.0,37477757,2,18738878.5,18738878.5,18704588,18773169,48494.1,PushPop,":batch=5d92a7dff31c41f6afb2ece6b9bd255c phase=decode requests=fd7f18ee548942ab846676d2fc7a354e,7b15763fe2a348b4bded9b891807f3b3,b57ae4d5f220486d9e686230c8c5382e,b86f7835c80b433ab4e1c625067d0f3c"
0.0,37476225,2,18738112.5,18738112.5,18722563,18753662,21990.3,PushPop,":batch=2c9c2cfe078848448a905a141824883b phase=decode requests=eef2914bac744c1ea29ede0988703e4c,91919f5803e44b6faa967b57bddb81bd,4eba997a613d41f1b98e92a342465594,2c91d8351bd845e18b1e6646cd0b5f4b"
0.0,37472564,2,18736282.0,18736282.0,18720596,18751968,22183.4,PushPop,":batch=800855dfd51748f3b645b2be3b4dbcae phase=decode requests=eef2914bac744c1ea29ede0988703e4c,91919f5803e44b6faa967b57bddb81bd,4eba997a613d41f1b98e92a342465594,2c91d8351bd845e18b1e6646cd0b5f4b"
0.0,37470808,2,18735404.0,18735404.0,18712023,18758785,33065.7,PushPop,:batch=8405994a59fa4acca4ad21520371d6d7 phase=decode requests=25de90a8b4234cdd9f459bf44de5f72b
0.0,37468368,2,18734184.0,18734184.0,18694445,18773923,56199.4,PushPop,":batch=c3ffe1dc2da24e1d9055fff27e1670a8 phase=decode requests=fd7f18ee548942ab846676d2fc7a354e,7b15763fe2a348b4bded9b891807f3b3,b57ae4d5f220486d9e686230c8c5382e,b86f7835c80b433ab4e1c625067d0f3c"
0.0,37468335,2,18734167.5,18734167.5,18710905,18757430,32898.1,PushPop,:batch=76213043d39544f7b46b39cc36c1cef8 phase=decode requests=f613ba29e5e3458d8e63b0275b98ac68
0.0,37466708,2,18733354.0,18733354.0,18709172,18757536,34198.5,PushPop,":batch=cbe3109eaab44960a44c9d7fd20944d2 phase=decode requests=fd7f18ee548942ab846676d2fc7a354e,7b15763fe2a348b4bded9b891807f3b3,b57ae4d5f220486d9e686230c8c5382e,b86f7835c80b433ab4e1c625067d0f3c"
0.0,37463912,2,18731956.0,18731956.0,18448431,19015481,400964.9,PushPop,":batch=23fe8adab5ab4b1597173cf5e8fb2e0f phase=decode requests=fd7f18ee548942ab846676d2fc7a354e,7b15763fe2a348b4bded9b891807f3b3,b57ae4d5f220486d9e686230c8c5382e,b86f7835c80b433ab4e1c625067d0f3c"
0.0,37463603,2,18731801.5,18731801.5,18699868,18763735,45160.8,PushPop,":batch=05ac6be0b7e34d45b441200514d50ba4 phase=decode requests=fd7f18ee548942ab846676d2fc7a354e,7b15763fe2a348b4bded9b891807f3b3,b57ae4d5f220486d9e686230c8c5382e,b86f7835c80b433ab4e1c625067d0f3c"
0.0,37461870,2,18730935.0,18730935.0,18708301,18753569,32009.3,PushPop,":batch=632b59927c6b458abadbb8114a2b5eea phase=decode requests=eef2914bac744c1ea29ede0988703e4c,91919f5803e44b6faa967b57bddb81bd,4eba997a613d41f1b98e92a342465594,2c91d8351bd845e18b1e6646cd0b5f4b"
0.0,37460260,2,18730130.0,18730130.0,18703171,18757089,38125.8,PushPop,:batch=1817aacb51364878bd513b4e9ba43f3d phase=decode requests=268bc1a668514718addc6aee590d0f20
0.0,37458183,2,18729091.5,18729091.5,18717748,18740435,16042.1,PushPop,":batch=c99acb270d1e47c4b86db269e4fa60e5 phase=decode requests=eef2914bac744c1ea29ede0988703e4c,91919f5803e44b6faa967b57bddb81bd,4eba997a613d41f1b98e92a342465594,2c91d8351bd845e18b1e6646cd0b5f4b"
0.0,37458150,2,18729075.0,18729075.0,18698180,18759970,43692.1,PushPop,":batch=d2821fc13c0748e098650e28f4a04da2 phase=decode requests=fd7f18ee548942ab846676d2fc7a354e,7b15763fe2a348b4bded9b891807f3b3,b57ae4d5f220486d9e686230c8c5382e,b86f7835c80b433ab4e1c625067d0f3c"
0.0,37457082,2,18728541.0,18728541.0,18714365,18742717,20047.9,PushPop,":batch=86f9ed1f9f374b56bae0ea57208c172b phase=decode requests=dfa53ed7b1db427c979733175e83eed5,1b90b5029a8e4095a0953f707b492bc0,2b642560cfbc46a3b415e89ad3a03675,1d3635c1d1b8417da02febe5bb56858c"
0.0,37457008,2,18728504.0,18728504.0,18707165,18749843,30177.9,PushPop,":batch=ac669391004e4abeb2b426e84b4e623a phase=decode requests=eef2914bac744c1ea29ede0988703e4c,91919f5803e44b6faa967b57bddb81bd,4eba997a613d41f1b98e92a342465594,2c91d8351bd845e18b1e6646cd0b5f4b"
0.0,37456106,2,18728053.0,18728053.0,18707581,18748525,28951.8,PushPop,":batch=1af114c0a1834ff887462ba9fe6b35f6 phase=decode requests=eef2914bac744c1ea29ede0988703e4c,91919f5803e44b6faa967b57bddb81bd,4eba997a613d41f1b98e92a342465594,2c91d8351bd845e18b1e6646cd0b5f4b"
0.0,37456046,2,18728023.0,18728023.0,18691025,18765021,52323.1,PushPop,":batch=f38baa8c76fc40d0b3d3480a19ce33de phase=decode requests=eef2914bac744c1ea29ede0988703e4c,91919f5803e44b6faa967b57bddb81bd,4eba997a613d41f1b98e92a342465594,2c91d8351bd845e18b1e6646cd0b5f4b"
0.0,37455518,2,18727759.0,18727759.0,18701296,18754222,37424.3,PushPop,":batch=79ecf4d8da9140de9fbbaab7c423f1cf phase=decode requests=eef2914bac744c1ea29ede0988703e4c,91919f5803e44b6faa967b57bddb81bd,4eba997a613d41f1b98e92a342465594,2c91d8351bd845e18b1e6646cd0b5f4b"
0.0,37455478,2,18727739.0,18727739.0,18725556,18729922,3087.2,PushPop,:batch=763f0be423414b6fb8d5dadefff889da phase=decode requests=f613ba29e5e3458d8e63b0275b98ac68
0.0,37454414,2,18727207.0,18727207.0,18712415,18741999,20919.0,PushPop,":batch=24defb454ca94f978adb24e20d3a4b5a phase=decode requests=fd7f18ee548942ab846676d2fc7a354e,7b15763fe2a348b4bded9b891807f3b3,b57ae4d5f220486d9e686230c8c5382e,b86f7835c80b433ab4e1c625067d0f3c"
0.0,37448650,2,18724325.0,18724325.0,18693917,18754733,43003.4,PushPop,":batch=b0ddf8de415642e4956f6b163c2919ae phase=decode requests=fd7f18ee548942ab846676d2fc7a354e,7b15763fe2a348b4bded9b891807f3b3,b57ae4d5f220486d9e686230c8c5382e,b86f7835c80b433ab4e1c625067d0f3c"
0.0,37448618,2,18724309.0,18724309.0,18687168,18761450,52525.3,PushPop,":batch=caf61ea41c0648eb9d8c3590d894ae67 phase=decode requests=eef2914bac744c1ea29ede0988703e4c,91919f5803e44b6faa967b57bddb81bd,4eba997a613d41f1b98e92a342465594,2c91d8351bd845e18b1e6646cd0b5f4b"
0.0,37447522,2,18723761.0,18723761.0,18686748,18760774,52344.3,PushPop,:batch=acab23c30e92456e99ed2f7967643374 phase=decode requests=f613ba29e5e3458d8e63b0275b98ac68
0.0,37447218,2,18723609.0,18723609.0,18689872,18757346,47711.3,PushPop,":batch=fe187886ba964478b09708008b3013f1 phase=decode requests=fd7f18ee548942ab846676d2fc7a354e,7b15763fe2a348b4bded9b891807f3b3,b57ae4d5f220486d9e686230c8c5382e,b86f7835c80b433ab4e1c625067d0f3c"
0.0,37446946,2,18723473.0,18723473.0,18703216,18743730,28647.7,PushPop,":batch=526b7948b84d4f87aa831caf7a4ad760 phase=decode requests=fd7f18ee548942ab846676d2fc7a354e,7b15763fe2a348b4bded9b891807f3b3,b57ae4d5f220486d9e686230c8c5382e,b86f7835c80b433ab4e1c625067d0f3c"
0.0,37445923,2,18722961.5,18722961.5,18692020,18753903,43757.9,PushPop,":batch=1043db9f228d42b2b56049dc69da4237 phase=decode requests=fd7f18ee548942ab846676d2fc7a354e,7b15763fe2a348b4bded9b891807f3b3,b57ae4d5f220486d9e686230c8c5382e,b86f7835c80b433ab4e1c625067d0f3c"
0.0,37444805,2,18722402.5,18722402.5,18698244,18746561,34165.3,PushPop,":batch=a1c99d4172d1454c8cf0bfafe68cd37d phase=decode requests=1811f6ebf58e4b0ea2292b35146cd35f,612ab6a155ee43be83ea6696bd5b8b7f,04a26fdd847647a5a094bbafb63bc469,5f8f2308efff494a9a6a2fa3d4ecc35c"
0.0,37441528,2,18720764.0,18720764.0,18702839,18738689,25349.8,PushPop,:batch=a1d0b6932a174e4bbd5c252dae091ac6 phase=decode requests=f613ba29e5e3458d8e63b0275b98ac68
0.0,37440485,2,18720242.5,18720242.5,18701975,18738510,25834.1,PushPop,":batch=0d647908841f45278f6c8a889e733395 phase=decode requests=fd7f18ee548942ab846676d2fc7a354e,7b15763fe2a348b4bded9b891807f3b3,b57ae4d5f220486d9e686230c8c5382e,b86f7835c80b433ab4e1c625067d0f3c"
0.0,37439460,2,18719730.0,18719730.0,18693304,18746156,37372.0,PushPop,":batch=8767cafc323b492abffb64e45676d39d phase=decode requests=eef2914bac744c1ea29ede0988703e4c,91919f5803e44b6faa967b57bddb81bd,4eba997a613d41f1b98e92a342465594,2c91d8351bd845e18b1e6646cd0b5f4b"
0.0,37439268,2,18719634.0,18719634.0,18688971,18750297,43364.0,PushPop,":batch=50604fad081c4ea0b16596590d731b5e phase=decode requests=eef2914bac744c1ea29ede0988703e4c,91919f5803e44b6faa967b57bddb81bd,4eba997a613d41f1b98e92a342465594,2c91d8351bd845e18b1e6646cd0b5f4b"
0.0,37438515,2,18719257.5,18719257.5,18706707,18731808,17749.1,PushPop,":batch=fd145793bbe349cc860cc92ed5ed6304 phase=decode requests=1811f6ebf58e4b0ea2292b35146cd35f,612ab6a155ee43be83ea6696bd5b8b7f,04a26fdd847647a5a094bbafb63bc469,5f8f2308efff494a9a6a2fa3d4ecc35c"
0.0,37438184,2,18719092.0,18719092.0,18693182,18745002,36642.3,PushPop,":batch=941c699878dc469bbc9f3690679504ae phase=decode requests=eef2914bac744c1ea29ede0988703e4c,91919f5803e44b6faa967b57bddb81bd,4eba997a613d41f1b98e92a342465594,2c91d8351bd845e18b1e6646cd0b5f4b"
0.0,37437475,2,18718737.5,18718737.5,18677453,18760022,58385.1,PushPop,":batch=a4757b316836490c87d2ac8496c0aee9 phase=decode requests=eef2914bac744c1ea29ede0988703e4c,91919f5803e44b6faa967b57bddb81bd,4eba997a613d41f1b98e92a342465594,2c91d8351bd845e18b1e6646cd0b5f4b"
0.0,37435313,2,18717656.5,18717656.5,18679020,18756293,54640.3,PushPop,":batch=3bfe0d882bc54ab0896f97c42a130fd5 phase=decode requests=1811f6ebf58e4b0ea2292b35146cd35f,612ab6a155ee43be83ea6696bd5b8b7f,04a26fdd847647a5a094bbafb63bc469,5f8f2308efff494a9a6a2fa3d4ecc35c"
0.0,37435146,2,18717573.0,18717573.0,18692341,18742805,35683.4,PushPop,:batch=0834d3da13cc41b69616079bb80bdbef phase=decode requests=f613ba29e5e3458d8e63b0275b98ac68
0.0,37432456,2,18716228.0,18716228.0,18684441,18748015,44953.6,PushPop,":batch=ed03ae12089e4f7b9705f9015e91f163 phase=decode requests=fd7f18ee548942ab846676d2fc7a354e,7b15763fe2a348b4bded9b891807f3b3,b57ae4d5f220486d9e686230c8c5382e,b86f7835c80b433ab4e1c625067d0f3c"
0.0,37431491,2,18715745.5,18715745.5,18691275,18740216,34606.5,PushPop,":batch=0a0eb241f7d843baafbcd39d4c724897 phase=decode requests=fd7f18ee548942ab846676d2fc7a354e,7b15763fe2a348b4bded9b891807f3b3,b57ae4d5f220486d9e686230c8c5382e,b86f7835c80b433ab4e1c625067d0f3c"
0.0,37430746,2,18715373.0,18715373.0,18683021,18747725,45752.6,PushPop,":batch=76f5da88013c4bb088c36d7a304da540 phase=decode requests=fd7f18ee548942ab846676d2fc7a354e,7b15763fe2a348b4bded9b891807f3b3,b57ae4d5f220486d9e686230c8c5382e,b86f7835c80b433ab4e1c625067d0f3c"
0.0,37430498,2,18715249.0,18715249.0,18675453,18755045,56280.0,PushPop,":batch=e84be77111c44cb5aa5d428f82e67f6e phase=decode requests=fd7f18ee548942ab846676d2fc7a354e,7b15763fe2a348b4bded9b891807f3b3,b57ae4d5f220486d9e686230c8c5382e,b86f7835c80b433ab4e1c625067d0f3c"
0.0,37428884,2,18714442.0,18714442.0,18701353,18727531,18510.6,PushPop,":batch=b7c97b1d8f2b44dc842b5e01b3c21b41 phase=decode requests=1811f6ebf58e4b0ea2292b35146cd35f,612ab6a155ee43be83ea6696bd5b8b7f,04a26fdd847647a5a094bbafb63bc469,5f8f2308efff494a9a6a2fa3d4ecc35c"
0.0,37427827,2,18713913.5,18713913.5,18685195,18742632,40614.1,PushPop,":batch=a1a73e3ccd7a4f33bd4ce080a83fe827 phase=decode requests=fd7f18ee548942ab846676d2fc7a354e,7b15763fe2a348b4bded9b891807f3b3,b57ae4d5f220486d9e686230c8c5382e,b86f7835c80b433ab4e1c625067d0f3c"
0.0,37426544,2,18713272.0,18713272.0,18712365,18714179,1282.7,PushPop,:batch=211e85bddfa44e4398ef2311300577de phase=decode requests=25de90a8b4234cdd9f459bf44de5f72b
0.0,37424213,2,18712106.5,18712106.5,18682505,18741708,41862.8,PushPop,":batch=0b45a050afc14877849301716ebb823e phase=decode requests=fd7f18ee548942ab846676d2fc7a354e,7b15763fe2a348b4bded9b891807f3b3,b57ae4d5f220486d9e686230c8c5382e,b86f7835c80b433ab4e1c625067d0f3c"
0.0,37420251,2,18710125.5,18710125.5,18668308,18751943,59138.9,PushPop,":batch=65a8d353b13847a78ffb855514514d43 phase=decode requests=eef2914bac744c1ea29ede0988703e4c,91919f5803e44b6faa967b57bddb81bd,4eba997a613d41f1b98e92a342465594,2c91d8351bd845e18b1e6646cd0b5f4b"
0.0,37419763,2,18709881.5,18709881.5,18687203,18732560,32072.2,PushPop,":batch=ccd9cd5c50894201b606a2625e0ef127 phase=decode requests=fd7f18ee548942ab846676d2fc7a354e,7b15763fe2a348b4bded9b891807f3b3,b57ae4d5f220486d9e686230c8c5382e,b86f7835c80b433ab4e1c625067d0f3c"
0.0,37418747,2,18709373.5,18709373.5,18689041,18729706,28754.5,PushPop,":batch=150f223781354befb081c86bcae2b976 phase=decode requests=eef2914bac744c1ea29ede0988703e4c,91919f5803e44b6faa967b57bddb81bd,4eba997a613d41f1b98e92a342465594,2c91d8351bd845e18b1e6646cd0b5f4b"
0.0,37418540,2,18709270.0,18709270.0,18691983,18726557,24447.5,PushPop,":batch=e98cc07f24b14f9cbd3a2a9494bcbafe phase=decode requests=fd7f18ee548942ab846676d2fc7a354e,7b15763fe2a348b4bded9b891807f3b3,b57ae4d5f220486d9e686230c8c5382e,b86f7835c80b433ab4e1c625067d0f3c"
0.0,37412223,2,18706111.5,18706111.5,18674001,18738222,45411.1,PushPop,":batch=19dd821dd33841c88c1757730354abd6 phase=decode requests=eef2914bac744c1ea29ede0988703e4c,91919f5803e44b6faa967b57bddb81bd,4eba997a613d41f1b98e92a342465594,2c91d8351bd845e18b1e6646cd0b5f4b"
0.0,37411969,2,18705984.5,18705984.5,18680177,18731792,36497.3,PushPop,":batch=c1f4ac7fc63e4f7aa0db696b14b8cc79 phase=decode requests=fd7f18ee548942ab846676d2fc7a354e,7b15763fe2a348b4bded9b891807f3b3,b57ae4d5f220486d9e686230c8c5382e,b86f7835c80b433ab4e1c625067d0f3c"
0.0,37411399,2,18705699.5,18705699.5,18676945,18734454,40665.0,PushPop,":batch=6f685ce1e40b4d70bc30e9995c7f86fe phase=decode requests=fd7f18ee548942ab846676d2fc7a354e,7b15763fe2a348b4bded9b891807f3b3,b57ae4d5f220486d9e686230c8c5382e,b86f7835c80b433ab4e1c625067d0f3c"
0.0,37409587,2,18704793.5,18704793.5,18675261,18734326,41765.3,PushPop,":batch=f53c8c1fba15472a829b2e8e20e1236b phase=decode requests=fd7f18ee548942ab846676d2fc7a354e,7b15763fe2a348b4bded9b891807f3b3,b57ae4d5f220486d9e686230c8c5382e,b86f7835c80b433ab4e1c625067d0f3c"
0.0,37408452,2,18704226.0,18704226.0,18659906,18748546,62677.9,PushPop,:batch=11b133886ab04d0a95801ae3871a8e54 phase=decode requests=25de90a8b4234cdd9f459bf44de5f72b
0.0,37407156,2,18703578.0,18703578.0,18697877,18709279,8062.4,PushPop,":batch=7cee7d049d7b492fb3272e005f126388 phase=decode requests=1811f6ebf58e4b0ea2292b35146cd35f,612ab6a155ee43be83ea6696bd5b8b7f,04a26fdd847647a5a094bbafb63bc469,5f8f2308efff494a9a6a2fa3d4ecc35c"
0.0,37404675,2,18702337.5,18702337.5,18676658,18728017,36316.3,PushPop,":batch=3ee43e1508c843f3826c6bd73b1fff70 phase=decode requests=eef2914bac744c1ea29ede0988703e4c,91919f5803e44b6faa967b57bddb81bd,4eba997a613d41f1b98e92a342465594,2c91d8351bd845e18b1e6646cd0b5f4b"
0.0,37400177,2,18700088.5,18700088.5,18662495,18737682,53165.2,PushPop,":batch=7b99c14b881142e5bdba12dbfc6a49af phase=decode requests=eef2914bac744c1ea29ede0988703e4c,91919f5803e44b6faa967b57bddb81bd,4eba997a613d41f1b98e92a342465594,2c91d8351bd845e18b1e6646cd0b5f4b"
0.0,37399325,2,18699662.5,18699662.5,18681770,18717555,25303.8,PushPop,:batch=5288cdea54a949e492d470dff082f70c phase=decode requests=f613ba29e5e3458d8e63b0275b98ac68
0.0,37397647,2,18698823.5,18698823.5,18672397,18725250,37372.7,PushPop,":batch=9290495791cd400a8cf67449b351aad0 phase=decode requests=eef2914bac744c1ea29ede0988703e4c,91919f5803e44b6faa967b57bddb81bd,4eba997a613d41f1b98e92a342465594,2c91d8351bd845e18b1e6646cd0b5f4b"
0.0,37397436,2,18698718.0,18698718.0,18667349,18730087,44362.5,PushPop,":batch=18894e260e8441138c5224eaa9fdcc8e phase=decode requests=eef2914bac744c1ea29ede0988703e4c,91919f5803e44b6faa967b57bddb81bd,4eba997a613d41f1b98e92a342465594,2c91d8351bd845e18b1e6646cd0b5f4b"
0.0,37394784,2,18697392.0,18697392.0,18641921,18752863,78447.8,PushPop,":batch=274357f5377c46559ff5d01c71e4af83 phase=decode requests=fd7f18ee548942ab846676d2fc7a354e,7b15763fe2a348b4bded9b891807f3b3,b57ae4d5f220486d9e686230c8c5382e,b86f7835c80b433ab4e1c625067d0f3c"
0.0,37394306,2,18697153.0,18697153.0,18667067,18727239,42548.0,PushPop,":batch=5abb95f083854e5c9b9fce4a1afa0f62 phase=decode requests=fd7f18ee548942ab846676d2fc7a354e,7b15763fe2a348b4bded9b891807f3b3,b57ae4d5f220486d9e686230c8c5382e,b86f7835c80b433ab4e1c625067d0f3c"
0.0,37392906,2,18696453.0,18696453.0,18672830,18720076,33408.0,PushPop,":batch=ef9238d466fa4816ad08d549c37264d1 phase=decode requests=fd7f18ee548942ab846676d2fc7a354e,7b15763fe2a348b4bded9b891807f3b3,b57ae4d5f220486d9e686230c8c5382e,b86f7835c80b433ab4e1c625067d0f3c"
0.0,37392806,2,18696403.0,18696403.0,18666195,18726611,42720.6,PushPop,":batch=1b5a7ad761664c2e884254d89183ec92 phase=decode requests=fd7f18ee548942ab846676d2fc7a354e,7b15763fe2a348b4bded9b891807f3b3,b57ae4d5f220486d9e686230c8c5382e,b86f7835c80b433ab4e1c625067d0f3c"
0.0,37392473,2,18696236.5,18696236.5,18669103,18723370,38372.6,PushPop,":batch=36eaa52f86ca4a6b9a04df868d0e3cae phase=decode requests=eef2914bac744c1ea29ede0988703e4c,91919f5803e44b6faa967b57bddb81bd,4eba997a613d41f1b98e92a342465594,2c91d8351bd845e18b1e6646cd0b5f4b"
0.0,37392444,2,18696222.0,18696222.0,18647835,18744609,68429.6,PushPop,:batch=7bde671c4957469eb9198cf4dfc1cdf7 phase=decode requests=e6255778e8534404ac5ca8451b4d8752
0.0,37391923,2,18695961.5,18695961.5,18664995,18726928,43793.2,PushPop,":batch=0adb8e93d1f44c669272fc0da7c180a8 phase=decode requests=fd7f18ee548942ab846676d2fc7a354e,7b15763fe2a348b4bded9b891807f3b3,b57ae4d5f220486d9e686230c8c5382e,b86f7835c80b433ab4e1c625067d0f3c"
0.0,37391762,2,18695881.0,18695881.0,18692102,18699660,5344.3,PushPop,":batch=7a8f1c2824574589b533ed8403342e4a phase=decode requests=eef2914bac744c1ea29ede0988703e4c,91919f5803e44b6faa967b57bddb81bd,4eba997a613d41f1b98e92a342465594,2c91d8351bd845e18b1e6646cd0b5f4b"
0.0,37389468,2,18694734.0,18694734.0,18674056,18715412,29243.1,PushPop,":batch=8b7626c6cb93486f921ea82a3b3636f9 phase=decode requests=fd7f18ee548942ab846676d2fc7a354e,7b15763fe2a348b4bded9b891807f3b3,b57ae4d5f220486d9e686230c8c5382e,b86f7835c80b433ab4e1c625067d0f3c"
0.0,37388913,2,18694456.5,18694456.5,18658088,18730825,51432.8,PushPop,":batch=4dd78b56802643caa502edc7829f1687 phase=decode requests=dfa53ed7b1db427c979733175e83eed5,1b90b5029a8e4095a0953f707b492bc0,2b642560cfbc46a3b415e89ad3a03675,1d3635c1d1b8417da02febe5bb56858c"
0.0,37388890,2,18694445.0,18694445.0,18657579,18731311,52136.4,PushPop,":batch=dc13f0fb39d341bda8c23dc429462f85 phase=decode requests=eef2914bac744c1ea29ede0988703e4c,91919f5803e44b6faa967b57bddb81bd,4eba997a613d41f1b98e92a342465594,2c91d8351bd845e18b1e6646cd0b5f4b"
0.0,37386606,2,18693303.0,18693303.0,18672298,18714308,29705.6,PushPop,":batch=3abba24aec3b4548b32f6b29737a9038 phase=decode requests=eef2914bac744c1ea29ede0988703e4c,91919f5803e44b6faa967b57bddb81bd,4eba997a613d41f1b98e92a342465594,2c91d8351bd845e18b1e6646cd0b5f4b"
0.0,37386557,2,18693278.5,18693278.5,18655653,18730904,53210.5,PushPop,:batch=4dca26e445084563a589b9289b1c3865 phase=decode requests=268bc1a668514718addc6aee590d0f20
0.0,37386025,2,18693012.5,18693012.5,18665762,18720263,38538.0,PushPop,":batch=434b98c0abe64e9facd002dd9293cf2f phase=decode requests=1811f6ebf58e4b0ea2292b35146cd35f,612ab6a155ee43be83ea6696bd5b8b7f,04a26fdd847647a5a094bbafb63bc469,5f8f2308efff494a9a6a2fa3d4ecc35c"
0.0,37384463,2,18692231.5,18692231.5,18654433,18730030,53455.2,PushPop,:batch=bc96fffe3b8d491dbd894f2472824e54 phase=decode requests=f613ba29e5e3458d8e63b0275b98ac68
0.0,37383597,2,18691798.5,18691798.5,18658144,18725453,47594.7,PushPop,:batch=515256d5dbdc47ac9fb3403ee26e19ac phase=decode requests=f613ba29e5e3458d8e63b0275b98ac68
0.0,37383298,2,18691649.0,18691649.0,18663522,18719776,39777.6,PushPop,":batch=48649f0bfc9d471380001ad8ab026d41 phase=decode requests=eef2914bac744c1ea29ede0988703e4c,91919f5803e44b6faa967b57bddb81bd,4eba997a613d41f1b98e92a342465594,2c91d8351bd845e18b1e6646cd0b5f4b"
0.0,37380881,2,18690440.5,18690440.5,18679621,18701260,15301.1,PushPop,:batch=7aa6bb3139d24200bb371ce6e443683f phase=decode requests=f613ba29e5e3458d8e63b0275b98ac68
0.0,37380167,2,18690083.5,18690083.5,18682359,18697808,10924.1,PushPop,:batch=a3a4158805ff425da5a6083c4f23385a phase=decode requests=25de90a8b4234cdd9f459bf44de5f72b
0.0,37375524,2,18687762.0,18687762.0,18651084,18724440,51870.5,PushPop,":batch=fd20de2c5c1446c9b39fc7c37567020b phase=decode requests=fd7f18ee548942ab846676d2fc7a354e,7b15763fe2a348b4bded9b891807f3b3,b57ae4d5f220486d9e686230c8c5382e,b86f7835c80b433ab4e1c625067d0f3c"
0.0,37372394,2,18686197.0,18686197.0,18634327,18738067,73355.3,PushPop,":batch=ab42019116fe476d8a6f1de34be493b0 phase=decode requests=1811f6ebf58e4b0ea2292b35146cd35f,612ab6a155ee43be83ea6696bd5b8b7f,04a26fdd847647a5a094bbafb63bc469,5f8f2308efff494a9a6a2fa3d4ecc35c"
0.0,37370938,2,18685469.0,18685469.0,18659179,18711759,37179.7,PushPop,":batch=59dda6a4c9d8413ab6def7311439162b phase=decode requests=eef2914bac744c1ea29ede0988703e4c,91919f5803e44b6faa967b57bddb81bd,4eba997a613d41f1b98e92a342465594,2c91d8351bd845e18b1e6646cd0b5f4b"
0.0,37367958,2,18683979.0,18683979.0,18671015,18696943,18333.9,PushPop,":batch=c1310517cb044f8b9a96cb236e38624b phase=decode requests=eef2914bac744c1ea29ede0988703e4c,91919f5803e44b6faa967b57bddb81bd,4eba997a613d41f1b98e92a342465594,2c91d8351bd845e18b1e6646cd0b5f4b"
0.0,37365240,2,18682620.0,18682620.0,18636720,18728520,64912.4,PushPop,:batch=152fe8411781420aa5ee87619bc1c79e phase=decode requests=268bc1a668514718addc6aee590d0f20
0.0,37364445,2,18682222.5,18682222.5,18647391,18717054,49259.2,PushPop,:batch=076f367465fa4ad89730398040bdef87 phase=decode requests=268bc1a668514718addc6aee590d0f20
0.0,37359523,2,18679761.5,18679761.5,18651093,18708430,40543.4,PushPop,":batch=b047846472454da486b6052df07e6c33 phase=decode requests=eef2914bac744c1ea29ede0988703e4c,91919f5803e44b6faa967b57bddb81bd,4eba997a613d41f1b98e92a342465594,2c91d8351bd845e18b1e6646cd0b5f4b"
0.0,37358824,2,18679412.0,18679412.0,18672668,18686156,9537.5,PushPop,":batch=4fcad0aad83d43f7a49a0194cf83ee55 phase=decode requests=1811f6ebf58e4b0ea2292b35146cd35f,612ab6a155ee43be83ea6696bd5b8b7f,04a26fdd847647a5a094bbafb63bc469,5f8f2308efff494a9a6a2fa3d4ecc35c"
0.0,37357384,2,18678692.0,18678692.0,18649419,18707965,41398.3,PushPop,:batch=6408e6aff6c441bbbd2d0f4064559241 phase=decode requests=e6255778e8534404ac5ca8451b4d8752
0.0,37354686,2,18677343.0,18677343.0,18658745,18695941,26301.5,PushPop,":batch=352f3608dd514dbd95edd3324126c496 phase=decode requests=eef2914bac744c1ea29ede0988703e4c,91919f5803e44b6faa967b57bddb81bd,4eba997a613d41f1b98e92a342465594,2c91d8351bd845e18b1e6646cd0b5f4b"
0.0,37351125,2,18675562.5,18675562.5,18637312,18713813,54094.4,PushPop,":batch=4c5ad0b950f647aa881efc7aec28ce8b phase=decode requests=dfa53ed7b1db427c979733175e83eed5,1b90b5029a8e4095a0953f707b492bc0,2b642560cfbc46a3b415e89ad3a03675,1d3635c1d1b8417da02febe5bb56858c"
0.0,37349998,2,18674999.0,18674999.0,18652257,18697741,32162.0,PushPop,:batch=121db889740d42b790fa6399c7dcf10e phase=decode requests=268bc1a668514718addc6aee590d0f20
0.0,37348813,2,18674406.5,18674406.5,18649509,18699304,35210.4,PushPop,":batch=300f0ef4f7e54fae8e280115496fe356 phase=decode requests=eef2914bac744c1ea29ede0988703e4c,91919f5803e44b6faa967b57bddb81bd,4eba997a613d41f1b98e92a342465594,2c91d8351bd845e18b1e6646cd0b5f4b"
0.0,37347487,2,18673743.5,18673743.5,18640254,18707233,47361.3,PushPop,":batch=06991bcdcdea4063a697eb35ec0711ce phase=decode requests=dfa53ed7b1db427c979733175e83eed5,1b90b5029a8e4095a0953f707b492bc0,2b642560cfbc46a3b415e89ad3a03675,1d3635c1d1b8417da02febe5bb56858c"
0.0,37346214,2,18673107.0,18673107.0,18637860,18708354,49846.8,PushPop,:batch=988b6aba022643b79c489727041593c1 phase=decode requests=268bc1a668514718addc6aee590d0f20
0.0,37344509,2,18672254.5,18672254.5,18636818,18707691,50114.8,PushPop,":batch=7f7bc9605b924bb6bc600addb497099e phase=decode requests=fd7f18ee548942ab846676d2fc7a354e,7b15763fe2a348b4bded9b891807f3b3,b57ae4d5f220486d9e686230c8c5382e,b86f7835c80b433ab4e1c625067d0f3c"
0.0,37340389,2,18670194.5,18670194.5,18656281,18684108,19676.7,PushPop,:batch=b8ef595eeff7459692fbb4219980ae3b phase=decode requests=e6255778e8534404ac5ca8451b4d8752
0.0,37336245,2,18668122.5,18668122.5,18651890,18684355,22956.2,PushPop,:batch=2724e3f56c25483bbf0e52ab1427b647 phase=decode requests=e6255778e8534404ac5ca8451b4d8752
0.0,37334563,2,18667281.5,18667281.5,18648642,18685921,26360.2,PushPop,:batch=6d0b32b41f9c4bba8376b74c6e13c48d phase=decode requests=25de90a8b4234cdd9f459bf44de5f72b
0.0,37326139,2,18663069.5,18663069.5,18640109,18686030,32471.1,PushPop,":batch=0ec01b17ce4e4b05a0ae7d56a2ac715b phase=decode requests=eef2914bac744c1ea29ede0988703e4c,91919f5803e44b6faa967b57bddb81bd,4eba997a613d41f1b98e92a342465594,2c91d8351bd845e18b1e6646cd0b5f4b"
0.0,37325778,2,18662889.0,18662889.0,18617395,18708383,64338.2,PushPop,":batch=7e2c048975974c99ae8002487b12ccb5 phase=decode requests=dfa53ed7b1db427c979733175e83eed5,1b90b5029a8e4095a0953f707b492bc0,2b642560cfbc46a3b415e89ad3a03675,1d3635c1d1b8417da02febe5bb56858c"
0.0,37321007,2,18660503.5,18660503.5,18636425,18684582,34052.1,PushPop,:batch=625fe6dff1274bb49cde8f82de7195b8 phase=decode requests=268bc1a668514718addc6aee590d0f20
0.0,37320136,2,18660068.0,18660068.0,18622440,18697696,53214.0,PushPop,:batch=5c0cf36fa5914637a86b2695960084a3 phase=decode requests=e6255778e8534404ac5ca8451b4d8752
0.0,37318755,2,18659377.5,18659377.5,18621776,18696979,53176.6,PushPop,":batch=65f57a08c302410b8fb99cf1684ffb4f phase=decode requests=1811f6ebf58e4b0ea2292b35146cd35f,612ab6a155ee43be83ea6696bd5b8b7f,04a26fdd847647a5a094bbafb63bc469,5f8f2308efff494a9a6a2fa3d4ecc35c"
0.0,37318549,2,18659274.5,18659274.5,18623333,18695216,50829.0,PushPop,:batch=9249b58bd5844a04a845620ea2893cdc phase=decode requests=268bc1a668514718addc6aee590d0f20
0.0,37317089,2,18658544.5,18658544.5,18623067,18694022,50172.8,PushPop,:batch=04f1accfa309433bbed821b632e46f99 phase=decode requests=e6255778e8534404ac5ca8451b4d8752
0.0,37315185,2,18657592.5,18657592.5,18620363,18694822,52650.5,PushPop,":batch=5ea9bd8fc65a4378923e2f051423562d phase=decode requests=1811f6ebf58e4b0ea2292b35146cd35f,612ab6a155ee43be83ea6696bd5b8b7f,04a26fdd847647a5a094bbafb63bc469,5f8f2308efff494a9a6a2fa3d4ecc35c"
0.0,37314297,2,18657148.5,18657148.5,18625062,18689235,45377.2,PushPop,":batch=a76f06d1d94e465a9499feffe1717703 phase=decode requests=dfa53ed7b1db427c979733175e83eed5,1b90b5029a8e4095a0953f707b492bc0,2b642560cfbc46a3b415e89ad3a03675,1d3635c1d1b8417da02febe5bb56858c"
0.0,37313954,2,18656977.0,18656977.0,18622479,18691475,48787.5,PushPop,:batch=c87902beb28a4497b1b846a2ddfbeb9f phase=decode requests=268bc1a668514718addc6aee590d0f20
0.0,37313614,2,18656807.0,18656807.0,18628703,18684911,39745.1,PushPop,:batch=1cf3a8e1febf49beb68650ffab6f3e46 phase=decode requests=f613ba29e5e3458d8e63b0275b98ac68
0.0,37310976,2,18655488.0,18655488.0,18645100,18665876,14690.9,PushPop,:batch=a5f1e54001cb4c4492607671310a75a2 phase=decode requests=f613ba29e5e3458d8e63b0275b98ac68
0.0,37310845,2,18655422.5,18655422.5,18642641,18668204,18075.8,PushPop,":batch=a8920fe627644f87bfaa735c6c4a678d phase=decode requests=fd7f18ee548942ab846676d2fc7a354e,7b15763fe2a348b4bded9b891807f3b3,b57ae4d5f220486d9e686230c8c5382e,b86f7835c80b433ab4e1c625067d0f3c"
0.0,37307709,2,18653854.5,18653854.5,18624618,18683091,41346.7,PushPop,:batch=a8b846d3678243809de8429d2df47424 phase=decode requests=f613ba29e5e3458d8e63b0275b98ac68
0.0,37305737,2,18652868.5,18652868.5,18637807,18667930,21300.2,PushPop,":batch=31b7ccb1b1dd46bcbc10fac80119bc6a phase=decode requests=eef2914bac744c1ea29ede0988703e4c,91919f5803e44b6faa967b57bddb81bd,4eba997a613d41f1b98e92a342465594,2c91d8351bd845e18b1e6646cd0b5f4b"
0.0,37304218,2,18652109.0,18652109.0,18624543,18679675,38984.2,PushPop,:batch=26c54af429ac46eda1aa9013d073fb18 phase=decode requests=e6255778e8534404ac5ca8451b4d8752
0.0,37300412,2,18650206.0,18650206.0,18623448,18676964,37841.5,PushPop,":batch=6af9ba74ed4249289cddd5df6a8054ed phase=decode requests=dfa53ed7b1db427c979733175e83eed5,1b90b5029a8e4095a0953f707b492bc0,2b642560cfbc46a3b415e89ad3a03675,1d3635c1d1b8417da02febe5bb56858c"
0.0,37297839,2,18648919.5,18648919.5,18622340,18675499,37589.1,PushPop,:batch=3f72325d5c194faea8a993caafc7db3a phase=decode requests=268bc1a668514718addc6aee590d0f20
0.0,37297763,2,18648881.5,18648881.5,18615343,18682420,47430.6,PushPop,":batch=bc5dec0b7723415a9321362384a2eb7a phase=decode requests=dfa53ed7b1db427c979733175e83eed5,1b90b5029a8e4095a0953f707b492bc0,2b642560cfbc46a3b415e89ad3a03675,1d3635c1d1b8417da02febe5bb56858c"
0.0,37296904,2,18648452.0,18648452.0,18620315,18676589,39791.7,PushPop,:batch=c757d90dfb8d4e6eb7867578b73e7323 phase=decode requests=f613ba29e5e3458d8e63b0275b98ac68
0.0,37294127,2,18647063.5,18647063.5,18635271,18658856,16677.1,PushPop,":batch=2bae0adda575413fb2f1b77dff0d637e phase=decode requests=eef2914bac744c1ea29ede0988703e4c,91919f5803e44b6faa967b57bddb81bd,4eba997a613d41f1b98e92a342465594,2c91d8351bd845e18b1e6646cd0b5f4b"
0.0,37292364,2,18646182.0,18646182.0,18603627,18688737,60181.9,PushPop,:batch=8808aa7835b141febe19f1a8d93289b9 phase=decode requests=e6255778e8534404ac5ca8451b4d8752
0.0,37291980,2,18645990.0,18645990.0,18610918,18681062,49599.3,PushPop,":batch=6502ced75bf64359b9c90db8c4102474 phase=decode requests=1811f6ebf58e4b0ea2292b35146cd35f,612ab6a155ee43be83ea6696bd5b8b7f,04a26fdd847647a5a094bbafb63bc469,5f8f2308efff494a9a6a2fa3d4ecc35c"
0.0,37290669,2,18645334.5,18645334.5,18609837,18680832,50201.0,PushPop,":batch=66f2bbdc71f34f5bb54bbfee25c177c9 phase=decode requests=eef2914bac744c1ea29ede0988703e4c,91919f5803e44b6faa967b57bddb81bd,4eba997a613d41f1b98e92a342465594,2c91d8351bd845e18b1e6646cd0b5f4b"
0.0,37290547,2,18645273.5,18645273.5,18610075,18680472,49778.2,PushPop,":batch=13ecf4a2ebc7443a9f3ca53b52010f3c phase=decode requests=eef2914bac744c1ea29ede0988703e4c,91919f5803e44b6faa967b57bddb81bd,4eba997a613d41f1b98e92a342465594,2c91d8351bd845e18b1e6646cd0b5f4b"
0.0,37289676,2,18644838.0,18644838.0,18621673,18668003,32760.3,PushPop,:batch=738acbf5f24c4b5a878b00838fb20013 phase=decode requests=f613ba29e5e3458d8e63b0275b98ac68
0.0,37289135,2,18644567.5,18644567.5,18615972,18673163,40440.1,PushPop,":batch=5dccd1c8437d4e589275b2c3ba9c26a8 phase=decode requests=eef2914bac744c1ea29ede0988703e4c,91919f5803e44b6faa967b57bddb81bd,4eba997a613d41f1b98e92a342465594,2c91d8351bd845e18b1e6646cd0b5f4b"
0.0,37285269,2,18642634.5,18642634.5,18543957,18741312,139551.1,PushPop,:batch=6347dbc9172b45b0b00f95c0354b3682 phase=decode requests=25de90a8b4234cdd9f459bf44de5f72b
0.0,37284611,2,18642305.5,18642305.5,18613596,18671015,40601.4,PushPop,":batch=0470c128ba7641979cbdcd6e22b7d90b phase=decode requests=eef2914bac744c1ea29ede0988703e4c,91919f5803e44b6faa967b57bddb81bd,4eba997a613d41f1b98e92a342465594,2c91d8351bd845e18b1e6646cd0b5f4b"
0.0,37282217,2,18641108.5,18641108.5,18616860,18665357,34292.6,PushPop,":batch=0339e5260dfb4ffa87ae24045cfa1bea phase=decode requests=1811f6ebf58e4b0ea2292b35146cd35f,612ab6a155ee43be83ea6696bd5b8b7f,04a26fdd847647a5a094bbafb63bc469,5f8f2308efff494a9a6a2fa3d4ecc35c"
0.0,37281294,2,18640647.0,18640647.0,18625135,18656159,21937.3,PushPop,:batch=f4284691f9cf4b3d9a069ebef440fdff phase=decode requests=f613ba29e5e3458d8e63b0275b98ac68
0.0,37276979,2,18638489.5,18638489.5,18616039,18660940,31749.8,PushPop,:batch=adf64620adbb4f52b1d5c55b7046212c phase=decode requests=e6255778e8534404ac5ca8451b4d8752
0.0,37273471,2,18636735.5,18636735.5,18602743,18670728,48072.7,PushPop,:batch=3010b406a335474b827a90a27e55a499 phase=decode requests=268bc1a668514718addc6aee590d0f20
0.0,37273277,2,18636638.5,18636638.5,18616024,18657253,29153.3,PushPop,":batch=a1a7394a0f19452ebd51faf7b0659781 phase=decode requests=dfa53ed7b1db427c979733175e83eed5,1b90b5029a8e4095a0953f707b492bc0,2b642560cfbc46a3b415e89ad3a03675,1d3635c1d1b8417da02febe5bb56858c"
0.0,37272507,2,18636253.5,18636253.5,18602474,18670033,47771.4,PushPop,":batch=b58f39ae02b04903842f693eef294474 phase=decode requests=dfa53ed7b1db427c979733175e83eed5,1b90b5029a8e4095a0953f707b492bc0,2b642560cfbc46a3b415e89ad3a03675,1d3635c1d1b8417da02febe5bb56858c"
0.0,37270178,2,18635089.0,18635089.0,18614095,18656083,29690.0,PushPop,:batch=3864b04e9c13439caf919585be20034a phase=decode requests=f613ba29e5e3458d8e63b0275b98ac68
0.0,37268704,2,18634352.0,18634352.0,18601118,18667586,47000.0,PushPop,:batch=464e1e63cb7843d9a990cf3fa45d60ce phase=decode requests=e6255778e8534404ac5ca8451b4d8752
0.0,37268333,2,18634166.5,18634166.5,18582929,18685404,72460.8,PushPop,":batch=4b001a82c620491381a49da100c78eee phase=decode requests=dfa53ed7b1db427c979733175e83eed5,1b90b5029a8e4095a0953f707b492bc0,2b642560cfbc46a3b415e89ad3a03675,1d3635c1d1b8417da02febe5bb56858c"
0.0,37268186,2,18634093.0,18634093.0,18596704,18671482,52876.0,PushPop,":batch=302c967885ca45c6b89d23113d7ac182 phase=decode requests=dfa53ed7b1db427c979733175e83eed5,1b90b5029a8e4095a0953f707b492bc0,2b642560cfbc46a3b415e89ad3a03675,1d3635c1d1b8417da02febe5bb56858c"
0.0,37268068,2,18634034.0,18634034.0,18593034,18675034,57982.8,PushPop,":batch=e1c934398ce34cf6a89cc1da7fefe62f phase=decode requests=1811f6ebf58e4b0ea2292b35146cd35f,612ab6a155ee43be83ea6696bd5b8b7f,04a26fdd847647a5a094bbafb63bc469,5f8f2308efff494a9a6a2fa3d4ecc35c"
0.0,37263291,2,18631645.5,18631645.5,18604903,18658388,37819.6,PushPop,":batch=15d524f72d62426bbcc0d95afe9c6ad4 phase=decode requests=1811f6ebf58e4b0ea2292b35146cd35f,612ab6a155ee43be83ea6696bd5b8b7f,04a26fdd847647a5a094bbafb63bc469,5f8f2308efff494a9a6a2fa3d4ecc35c"
0.0,37260168,2,18630084.0,18630084.0,18600000,18660168,42545.2,PushPop,:batch=fb94d4b542724657baf5eb1dfa69ed9d phase=decode requests=e6255778e8534404ac5ca8451b4d8752
0.0,37259846,2,18629923.0,18629923.0,18597016,18662830,46537.5,PushPop,:batch=46b8126c2e764602b700bd591f797b8f phase=decode requests=f613ba29e5e3458d8e63b0275b98ac68
0.0,37259394,2,18629697.0,18629697.0,18604674,18654720,35387.9,PushPop,:batch=f9a8cbb9be274af3b2c5ef1fa968831f phase=decode requests=e6255778e8534404ac5ca8451b4d8752
0.0,37258898,2,18629449.0,18629449.0,18605878,18653020,33334.4,PushPop,:batch=76f1b624d50c4d2d922bc12357fc2295 phase=decode requests=e6255778e8534404ac5ca8451b4d8752
0.0,37258007,2,18629003.5,18629003.5,18598810,18659197,42700.1,PushPop,":batch=47d1faf761294607af531eef0c783205 phase=decode requests=eef2914bac744c1ea29ede0988703e4c,91919f5803e44b6faa967b57bddb81bd,4eba997a613d41f1b98e92a342465594,2c91d8351bd845e18b1e6646cd0b5f4b"
0.0,37257550,2,18628775.0,18628775.0,18602417,18655133,37275.8,PushPop,:batch=98b047b98852490ca51c23dbf3b59249 phase=decode requests=f613ba29e5e3458d8e63b0275b98ac68
0.0,37257194,2,18628597.0,18628597.0,18603082,18654112,36083.7,PushPop,":batch=c535b8aed59b4153b8a10b1793b0c76f phase=decode requests=fd7f18ee548942ab846676d2fc7a354e,7b15763fe2a348b4bded9b891807f3b3,b57ae4d5f220486d9e686230c8c5382e,b86f7835c80b433ab4e1c625067d0f3c"
0.0,37256021,2,18628010.5,18628010.5,18582575,18673446,64255.5,PushPop,:batch=6e51c2645b784f478bbabd2b8cc371b7 phase=decode requests=e6255778e8534404ac5ca8451b4d8752
0.0,37254197,2,18627098.5,18627098.5,18562031,18692166,92019.3,PushPop,:batch=6d97d2e2cf3841329a6b9a72bed38922 phase=decode requests=25de90a8b4234cdd9f459bf44de5f72b
0.0,37250211,2,18625105.5,18625105.5,18602778,18647433,31575.9,PushPop,":batch=1b98f9e44f484082afca25fc55643d35 phase=decode requests=1811f6ebf58e4b0ea2292b35146cd35f,612ab6a155ee43be83ea6696bd5b8b7f,04a26fdd847647a5a094bbafb63bc469,5f8f2308efff494a9a6a2fa3d4ecc35c"
0.0,37248435,2,18624217.5,18624217.5,18598538,18649897,36316.3,PushPop,:batch=1f98d66398ab4d6184b6c38949ded744 phase=decode requests=e6255778e8534404ac5ca8451b4d8752
0.0,37246726,2,18623363.0,18623363.0,18591827,18654899,44598.6,PushPop,:batch=618e928b4e7c4775bda25a5febf7fac3 phase=decode requests=268bc1a668514718addc6aee590d0f20
0.0,37246200,2,18623100.0,18623100.0,18580945,18665255,59616.2,PushPop,":batch=1a6e4a3359424575b81be5977a4c21d3 phase=decode requests=1811f6ebf58e4b0ea2292b35146cd35f,612ab6a155ee43be83ea6696bd5b8b7f,04a26fdd847647a5a094bbafb63bc469,5f8f2308efff494a9a6a2fa3d4ecc35c"
0.0,37246152,2,18623076.0,18623076.0,18606581,18639571,23327.5,PushPop,":batch=6a956d01887f410d9a8b169a6de3dce2 phase=decode requests=eef2914bac744c1ea29ede0988703e4c,91919f5803e44b6faa967b57bddb81bd,4eba997a613d41f1b98e92a342465594,2c91d8351bd845e18b1e6646cd0b5f4b"
0.0,37245573,2,18622786.5,18622786.5,18589334,18656239,47309.0,PushPop,:batch=a400ad8a5a8a4151955c9f82e080142f phase=decode requests=f613ba29e5e3458d8e63b0275b98ac68
0.0,37244923,2,18622461.5,18622461.5,18603140,18641783,27324.7,PushPop,":batch=48c667304f1f49bcb7c4ada11e9e589c phase=decode requests=1811f6ebf58e4b0ea2292b35146cd35f,612ab6a155ee43be83ea6696bd5b8b7f,04a26fdd847647a5a094bbafb63bc469,5f8f2308efff494a9a6a2fa3d4ecc35c"
0.0,37243585,2,18621792.5,18621792.5,18570598,18672987,72400.0,PushPop,:batch=396c7bc55cb14e4e96d7cc7e81ea9b91 phase=decode requests=e6255778e8534404ac5ca8451b4d8752
0.0,37241988,2,18620994.0,18620994.0,18599444,18642544,30476.3,PushPop,:batch=56614210e0c44339b9654433526d185a phase=decode requests=268bc1a668514718addc6aee590d0f20
0.0,37241564,2,18620782.0,18620782.0,18582318,18659246,54396.3,PushPop,":batch=fcb53f42c1b84d8f8be863c33aa2b4bb phase=decode requests=fd7f18ee548942ab846676d2fc7a354e,7b15763fe2a348b4bded9b891807f3b3,b57ae4d5f220486d9e686230c8c5382e,b86f7835c80b433ab4e1c625067d0f3c"
0.0,37235607,2,18617803.5,18617803.5,18563290,18672317,77093.7,PushPop,":batch=8afcc82e025e40f59c6bb26e279e0830 phase=decode requests=1811f6ebf58e4b0ea2292b35146cd35f,612ab6a155ee43be83ea6696bd5b8b7f,04a26fdd847647a5a094bbafb63bc469,5f8f2308efff494a9a6a2fa3d4ecc35c"
0.0,37233729,2,18616864.5,18616864.5,18575241,18658488,58864.5,PushPop,:batch=18bf8de099ac445b9c8ca9f43b939a61 phase=decode requests=25de90a8b4234cdd9f459bf44de5f72b
0.0,37231474,2,18615737.0,18615737.0,18574038,18657436,58971.3,PushPop,:batch=4830c076a3634120868875d1564b3ef1 phase=decode requests=25de90a8b4234cdd9f459bf44de5f72b
0.0,37230191,2,18615095.5,18615095.5,18586339,18643852,40667.8,PushPop,:batch=87ec8c6855d14b9b8caeccd0d5946744 phase=decode requests=268bc1a668514718addc6aee590d0f20
0.0,37230019,2,18615009.5,18615009.5,18570634,18659385,62756.4,PushPop,":batch=848c4ca006334f7bb45ba3c4e0bf48d2 phase=decode requests=dfa53ed7b1db427c979733175e83eed5,1b90b5029a8e4095a0953f707b492bc0,2b642560cfbc46a3b415e89ad3a03675,1d3635c1d1b8417da02febe5bb56858c"
0.0,37229457,2,18614728.5,18614728.5,18592936,18636521,30819.2,PushPop,:batch=e37069ef81e94ce9b01ed20fa6b074cd phase=decode requests=f613ba29e5e3458d8e63b0275b98ac68
0.0,37229218,2,18614609.0,18614609.0,18598450,18630768,22852.3,PushPop,:batch=39be2dbf7cac4eaa872775476b76daa1 phase=decode requests=f613ba29e5e3458d8e63b0275b98ac68
0.0,37229194,2,18614597.0,18614597.0,18588304,18640890,37183.9,PushPop,":batch=44d93f2841e04630a4765d0a7a680766 phase=decode requests=fd7f18ee548942ab846676d2fc7a354e,7b15763fe2a348b4bded9b891807f3b3,b57ae4d5f220486d9e686230c8c5382e,b86f7835c80b433ab4e1c625067d0f3c"
0.0,37226399,2,18613199.5,18613199.5,18576479,18649920,51930.6,PushPop,:batch=467366cd2a7940b9bc2a2a0d863ec293 phase=decode requests=268bc1a668514718addc6aee590d0f20
0.0,37224771,2,18612385.5,18612385.5,18581264,18643507,44012.4,PushPop,:batch=640de3e750e4422bbe81c6d74a517e35 phase=decode requests=268bc1a668514718addc6aee590d0f20
0.0,37223729,2,18611864.5,18611864.5,18589959,18633770,30979.1,PushPop,:batch=dc7d17fc28134a03b0c8224c28e84bc7 phase=decode requests=f613ba29e5e3458d8e63b0275b98ac68
0.0,37223326,2,18611663.0,18611663.0,18578745,18644581,46553.1,PushPop,:batch=5d66a7e576f54a39a49f4b1c372cb895 phase=decode requests=e6255778e8534404ac5ca8451b4d8752
0.0,37222672,2,18611336.0,18611336.0,18590424,18632248,29574.0,PushPop,:batch=d0d9d39b12b944d6a8d17de1205c361e phase=decode requests=268bc1a668514718addc6aee590d0f20
0.0,37221123,2,18610561.5,18610561.5,18607833,18613290,3858.7,PushPop,:batch=a4727e2c8a2b4824852de9b0c284d0b4 phase=decode requests=25de90a8b4234cdd9f459bf44de5f72b
0.0,37220888,2,18610444.0,18610444.0,18604224,18616664,8796.4,PushPop,:batch=02d4c830efc74177baa7e3a6b9eab296 phase=decode requests=268bc1a668514718addc6aee590d0f20
0.0,37220810,2,18610405.0,18610405.0,18586077,18634733,34405.0,PushPop,:batch=25e4f45dbfe84326bd4684d0652a3462 phase=decode requests=f613ba29e5e3458d8e63b0275b98ac68
0.0,37220486,2,18610243.0,18610243.0,18573100,18647386,52528.1,PushPop,:batch=3a7ce472d5fe44229a4aa97b881fc880 phase=decode requests=268bc1a668514718addc6aee590d0f20
0.0,37218267,2,18609133.5,18609133.5,18596779,18621488,17471.9,PushPop,":batch=bb9ebcd805f54c25830d91ed812ba4c1 phase=decode requests=1811f6ebf58e4b0ea2292b35146cd35f,612ab6a155ee43be83ea6696bd5b8b7f,04a26fdd847647a5a094bbafb63bc469,5f8f2308efff494a9a6a2fa3d4ecc35c"
0.0,37217167,2,18608583.5,18608583.5,18565405,18651762,61063.6,PushPop,:batch=cde7c6b7c6d84a278e5863d60543d061 phase=decode requests=268bc1a668514718addc6aee590d0f20
0.0,37216052,2,18608026.0,18608026.0,18579081,18636971,40934.4,PushPop,":batch=d426d717cbcc4ff8b0a3ecad74a2d3c6 phase=decode requests=1811f6ebf58e4b0ea2292b35146cd35f,612ab6a155ee43be83ea6696bd5b8b7f,04a26fdd847647a5a094bbafb63bc469,5f8f2308efff494a9a6a2fa3d4ecc35c"
0.0,37215804,2,18607902.0,18607902.0,18572427,18643377,50169.2,PushPop,":batch=adba5ee733444dd5b45ba3d3140c4385 phase=decode requests=fd7f18ee548942ab846676d2fc7a354e,7b15763fe2a348b4bded9b891807f3b3,b57ae4d5f220486d9e686230c8c5382e,b86f7835c80b433ab4e1c625067d0f3c"
0.0,37214497,2,18607248.5,18607248.5,18587101,18627396,28492.9,PushPop,":batch=6fce261d54ff4350afda35bf196dc275 phase=decode requests=1811f6ebf58e4b0ea2292b35146cd35f,612ab6a155ee43be83ea6696bd5b8b7f,04a26fdd847647a5a094bbafb63bc469,5f8f2308efff494a9a6a2fa3d4ecc35c"
0.0,37211629,2,18605814.5,18605814.5,18576075,18635554,42058.0,PushPop,:batch=89fae84182654921b6e04b63e1b9976c phase=decode requests=e6255778e8534404ac5ca8451b4d8752
0.0,37209152,2,18604576.0,18604576.0,18561959,18647193,60269.5,PushPop,":batch=0c53dbb59d00477a8b3e12e0238a3a9f phase=decode requests=1811f6ebf58e4b0ea2292b35146cd35f,612ab6a155ee43be83ea6696bd5b8b7f,04a26fdd847647a5a094bbafb63bc469,5f8f2308efff494a9a6a2fa3d4ecc35c"
0.0,37208733,2,18604366.5,18604366.5,18585042,18623691,27329.0,PushPop,":batch=f77b2386a6324bcb9d7bfbf0ebd60901 phase=decode requests=1811f6ebf58e4b0ea2292b35146cd35f,612ab6a155ee43be83ea6696bd5b8b7f,04a26fdd847647a5a094bbafb63bc469,5f8f2308efff494a9a6a2fa3d4ecc35c"
0.0,37208332,2,18604166.0,18604166.0,18580821,18627511,33014.8,PushPop,:batch=f0d01485047f465f846f7350f5d89a0f phase=decode requests=e6255778e8534404ac5ca8451b4d8752
0.0,37207528,2,18603764.0,18603764.0,18583186,18624342,29101.7,PushPop,":batch=38fa0da0652d4b2b92165c3cb93630b1 phase=decode requests=1811f6ebf58e4b0ea2292b35146cd35f,612ab6a155ee43be83ea6696bd5b8b7f,04a26fdd847647a5a094bbafb63bc469,5f8f2308efff494a9a6a2fa3d4ecc35c"
0.0,37206168,2,18603084.0,18603084.0,18589362,18616806,19405.8,PushPop,:batch=70bcda3ea0be4d6b828f39333a5b390d phase=decode requests=e6255778e8534404ac5ca8451b4d8752
0.0,37205871,2,18602935.5,18602935.5,18568199,18637672,49124.8,PushPop,:batch=f0d332854e154397bbba3e9398ad4ad5 phase=decode requests=f613ba29e5e3458d8e63b0275b98ac68
0.0,37203233,2,18601616.5,18601616.5,18573059,18630174,40386.4,PushPop,":batch=adce24ec4ca848a6924ab2b749f991f3 phase=decode requests=1811f6ebf58e4b0ea2292b35146cd35f,612ab6a155ee43be83ea6696bd5b8b7f,04a26fdd847647a5a094bbafb63bc469,5f8f2308efff494a9a6a2fa3d4ecc35c"
0.0,37202910,2,18601455.0,18601455.0,18569200,18633710,45615.5,PushPop,":batch=789b9dc6671543ab9e5ee972ab2453ce phase=decode requests=dfa53ed7b1db427c979733175e83eed5,1b90b5029a8e4095a0953f707b492bc0,2b642560cfbc46a3b415e89ad3a03675,1d3635c1d1b8417da02febe5bb56858c"
0.0,37202302,2,18601151.0,18601151.0,18570580,18631722,43233.9,PushPop,":batch=f83ced9ab628474593c08230dfe54d50 phase=decode requests=dfa53ed7b1db427c979733175e83eed5,1b90b5029a8e4095a0953f707b492bc0,2b642560cfbc46a3b415e89ad3a03675,1d3635c1d1b8417da02febe5bb56858c"
0.0,37201807,2,18600903.5,18600903.5,18576634,18625173,34322.3,PushPop,:batch=e65ac822ef3240e2bfecb0f449ab223e phase=decode requests=f613ba29e5e3458d8e63b0275b98ac68
0.0,37201377,2,18600688.5,18600688.5,18566600,18634777,48208.4,PushPop,:batch=ce39df11104e4e92a34cafd29d00f964 phase=decode requests=268bc1a668514718addc6aee590d0f20
0.0,37200078,2,18600039.0,18600039.0,18574398,18625680,36261.8,PushPop,:batch=9a1c518e0662478d9e4eab12199cd334 phase=decode requests=268bc1a668514718addc6aee590d0f20
0.0,37199593,2,18599796.5,18599796.5,18584843,18614750,21147.4,PushPop,:batch=a3f5b3430e654521b5b4145072976d4b phase=decode requests=268bc1a668514718addc6aee590d0f20
0.0,37199375,2,18599687.5,18599687.5,18559788,18639587,56426.4,PushPop,:batch=8097377359c747a1a2a0a6f49432fb59 phase=decode requests=f613ba29e5e3458d8e63b0275b98ac68
0.0,37199315,2,18599657.5,18599657.5,18562604,18636711,52401.6,PushPop,:batch=4345c99941074ec2ae31ee4cabd4478d phase=decode requests=e6255778e8534404ac5ca8451b4d8752
0.0,37199082,2,18599541.0,18599541.0,18546489,18652593,75026.9,PushPop,:batch=2db81728d7ac4a2eb4dd3cf98871b498 phase=decode requests=e6255778e8534404ac5ca8451b4d8752
0.0,37199065,2,18599532.5,18599532.5,18566268,18632797,47043.1,PushPop,:batch=5f00b6cfe04d409db910cde2c52e89d8 phase=decode requests=268bc1a668514718addc6aee590d0f20
0.0,37198997,2,18599498.5,18599498.5,18598605,18600392,1263.6,PushPop,":batch=1267ef12e0a64c0695d4eff439acb9e1 phase=decode requests=dfa53ed7b1db427c979733175e83eed5,1b90b5029a8e4095a0953f707b492bc0,2b642560cfbc46a3b415e89ad3a03675,1d3635c1d1b8417da02febe5bb56858c"
0.0,37198638,2,18599319.0,18599319.0,18553457,18645181,64858.7,PushPop,":batch=2162a79a84264c92913d5fa01a882018 phase=decode requests=dfa53ed7b1db427c979733175e83eed5,1b90b5029a8e4095a0953f707b492bc0,2b642560cfbc46a3b415e89ad3a03675,1d3635c1d1b8417da02febe5bb56858c"
0.0,37197907,2,18598953.5,18598953.5,18574610,18623297,34426.9,PushPop,":batch=e6c6e7cea5e94b6990d393d2b98a3ac3 phase=decode requests=1811f6ebf58e4b0ea2292b35146cd35f,612ab6a155ee43be83ea6696bd5b8b7f,04a26fdd847647a5a094bbafb63bc469,5f8f2308efff494a9a6a2fa3d4ecc35c"
0.0,37197538,2,18598769.0,18598769.0,18591606,18605932,10130.0,PushPop,:batch=41776b7748e2442aaed24f81fc17d9a0 phase=decode requests=f613ba29e5e3458d8e63b0275b98ac68
0.0,37195761,2,18597880.5,18597880.5,18556625,18639136,58344.1,PushPop,:batch=2b29032855074ce4ad08350c3a7d3cfd phase=decode requests=e6255778e8534404ac5ca8451b4d8752
0.0,37195482,2,18597741.0,18597741.0,18585462,18610020,17365.1,PushPop,":batch=a6586b273f3f4d8992f5e1780d080b84 phase=decode requests=1811f6ebf58e4b0ea2292b35146cd35f,612ab6a155ee43be83ea6696bd5b8b7f,04a26fdd847647a5a094bbafb63bc469,5f8f2308efff494a9a6a2fa3d4ecc35c"
0.0,37194688,2,18597344.0,18597344.0,18559091,18635597,54097.9,PushPop,":batch=dfef8973aaa949aa92f2b03b3b1935d9 phase=decode requests=dfa53ed7b1db427c979733175e83eed5,1b90b5029a8e4095a0953f707b492bc0,2b642560cfbc46a3b415e89ad3a03675,1d3635c1d1b8417da02febe5bb56858c"
0.0,37194560,2,18597280.0,18597280.0,18580756,18613804,23368.5,PushPop,:batch=869d09c242634ff79393376d930717d9 phase=decode requests=f613ba29e5e3458d8e63b0275b98ac68
0.0,37194254,2,18597127.0,18597127.0,18569419,18624835,39185.0,PushPop,:batch=54a1ce5b60764152b1f005eb227226c4 phase=decode requests=268bc1a668514718addc6aee590d0f20
0.0,37192702,2,18596351.0,18596351.0,18566727,18625975,41894.7,PushPop,":batch=6fa4f4254dc5409c9dd00539410077d4 phase=decode requests=1811f6ebf58e4b0ea2292b35146cd35f,612ab6a155ee43be83ea6696bd5b8b7f,04a26fdd847647a5a094bbafb63bc469,5f8f2308efff494a9a6a2fa3d4ecc35c"
0.0,37192540,2,18596270.0,18596270.0,18578516,18614024,25107.9,PushPop,:batch=0ce0ed16347e40e0972bfa2c2022f36e phase=decode requests=268bc1a668514718addc6aee590d0f20
0.0,37191890,2,18595945.0,18595945.0,18579919,18611971,22664.2,PushPop,:batch=656c293b9001408dbc82fe82a57a5ea4 phase=decode requests=25de90a8b4234cdd9f459bf44de5f72b
0.0,37191385,2,18595692.5,18595692.5,18592018,18599367,5196.5,PushPop,":batch=ae85af9abaf5485c846af80005994e28 phase=decode requests=1811f6ebf58e4b0ea2292b35146cd35f,612ab6a155ee43be83ea6696bd5b8b7f,04a26fdd847647a5a094bbafb63bc469,5f8f2308efff494a9a6a2fa3d4ecc35c"
0.0,37189168,2,18594584.0,18594584.0,18593999,18595169,827.3,PushPop,":batch=a914654f630e472dbb3105cd88ab34ab phase=decode requests=1811f6ebf58e4b0ea2292b35146cd35f,612ab6a155ee43be83ea6696bd5b8b7f,04a26fdd847647a5a094bbafb63bc469,5f8f2308efff494a9a6a2fa3d4ecc35c"
0.0,37188735,2,18594367.5,18594367.5,18560747,18627988,47546.6,PushPop,":batch=e9a8da06377b4009b31e4faa6af8c26e phase=decode requests=dfa53ed7b1db427c979733175e83eed5,1b90b5029a8e4095a0953f707b492bc0,2b642560cfbc46a3b415e89ad3a03675,1d3635c1d1b8417da02febe5bb56858c"
0.0,37188294,2,18594147.0,18594147.0,18566759,18621535,38732.5,PushPop,":batch=98523df5e3e34a2d8bf84eb4d90ff7a4 phase=decode requests=1811f6ebf58e4b0ea2292b35146cd35f,612ab6a155ee43be83ea6696bd5b8b7f,04a26fdd847647a5a094bbafb63bc469,5f8f2308efff494a9a6a2fa3d4ecc35c"
0.0,37187912,2,18593956.0,18593956.0,18550052,18637860,62089.6,PushPop,":batch=2519b9783ffd4720b577d9fe3aeb8858 phase=decode requests=dfa53ed7b1db427c979733175e83eed5,1b90b5029a8e4095a0953f707b492bc0,2b642560cfbc46a3b415e89ad3a03675,1d3635c1d1b8417da02febe5bb56858c"
0.0,37186931,2,18593465.5,18593465.5,18548071,18638860,64197.5,PushPop,":batch=071b4921d6d44b558b062328dd85af78 phase=decode requests=dfa53ed7b1db427c979733175e83eed5,1b90b5029a8e4095a0953f707b492bc0,2b642560cfbc46a3b415e89ad3a03675,1d3635c1d1b8417da02febe5bb56858c"
0.0,37185547,2,18592773.5,18592773.5,18546153,18639394,65931.3,PushPop,":batch=a820360028df4067a6372eb4f5bb9cc5 phase=decode requests=dfa53ed7b1db427c979733175e83eed5,1b90b5029a8e4095a0953f707b492bc0,2b642560cfbc46a3b415e89ad3a03675,1d3635c1d1b8417da02febe5bb56858c"
0.0,37184577,2,18592288.5,18592288.5,18571271,18613306,29723.2,PushPop,:batch=1875a360dac14e169100e21699ea5336 phase=decode requests=f613ba29e5e3458d8e63b0275b98ac68
0.0,37183831,2,18591915.5,18591915.5,18559676,18624155,45593.5,PushPop,:batch=2caee0d1a40a41328df4e6d55dfd6777 phase=decode requests=e6255778e8534404ac5ca8451b4d8752
0.0,37181949,2,18590974.5,18590974.5,18553176,18628773,53455.2,PushPop,":batch=662e43633b1a456db87f9f31c9226f02 phase=decode requests=1811f6ebf58e4b0ea2292b35146cd35f,612ab6a155ee43be83ea6696bd5b8b7f,04a26fdd847647a5a094bbafb63bc469,5f8f2308efff494a9a6a2fa3d4ecc35c"
0.0,37181345,2,18590672.5,18590672.5,18580309,18601036,14656.2,PushPop,:batch=3f933ad650af49b48f795af794fb7cd2 phase=decode requests=f613ba29e5e3458d8e63b0275b98ac68
0.0,37180766,2,18590383.0,18590383.0,18566477,18614289,33808.2,PushPop,:batch=cafc8f2418404c6195b7c103bd51e05f phase=decode requests=268bc1a668514718addc6aee590d0f20
0.0,37179983,2,18589991.5,18589991.5,18566264,18613719,33555.8,PushPop,":batch=27d01df28c1b4061bf760235eefee31c phase=decode requests=1811f6ebf58e4b0ea2292b35146cd35f,612ab6a155ee43be83ea6696bd5b8b7f,04a26fdd847647a5a094bbafb63bc469,5f8f2308efff494a9a6a2fa3d4ecc35c"
0.0,37179950,2,18589975.0,18589975.0,18546532,18633418,61437.7,PushPop,:batch=9e1754f3956c4d39a0726a128c5a839f phase=decode requests=f613ba29e5e3458d8e63b0275b98ac68
0.0,37178326,2,18589163.0,18589163.0,18560502,18617824,40532.8,PushPop,:batch=546513cdcfd744a5bb77eca039f874f4 phase=decode requests=e6255778e8534404ac5ca8451b4d8752
0.0,37177094,2,18588547.0,18588547.0,18555078,18622016,47332.3,PushPop,":batch=2649f2e145dc4e239825a7e347972428 phase=decode requests=1811f6ebf58e4b0ea2292b35146cd35f,612ab6a155ee43be83ea6696bd5b8b7f,04a26fdd847647a5a094bbafb63bc469,5f8f2308efff494a9a6a2fa3d4ecc35c"
0.0,37176065,2,18588032.5,18588032.5,18550366,18625699,53268.5,PushPop,:batch=575c1ac284a84d1e8a92795e157df240 phase=decode requests=e6255778e8534404ac5ca8451b4d8752
0.0,37169287,2,18584643.5,18584643.5,18549056,18620231,50328.3,PushPop,":batch=e3c5c00d7088413a8affb062e31ff080 phase=decode requests=eef2914bac744c1ea29ede0988703e4c,91919f5803e44b6faa967b57bddb81bd,4eba997a613d41f1b98e92a342465594,2c91d8351bd845e18b1e6646cd0b5f4b"
0.0,37169043,2,18584521.5,18584521.5,18560399,18608644,34114.4,PushPop,":batch=6b42336bf28a41cd8e3b79079f97916f phase=decode requests=dfa53ed7b1db427c979733175e83eed5,1b90b5029a8e4095a0953f707b492bc0,2b642560cfbc46a3b415e89ad3a03675,1d3635c1d1b8417da02febe5bb56858c"
0.0,37168607,2,18584303.5,18584303.5,18559843,18608764,34592.4,PushPop,:batch=8dc3cd7a1b334c7b9844245b7d8bceca phase=decode requests=e6255778e8534404ac5ca8451b4d8752
0.0,37168199,2,18584099.5,18584099.5,18554120,18614079,42397.4,PushPop,:batch=380539bff08a421bbf60f9e8efa17591 phase=decode requests=e6255778e8534404ac5ca8451b4d8752
0.0,37166808,2,18583404.0,18583404.0,18546937,18619871,51572.1,PushPop,:batch=55d3b90ce060452d87ed728e39603c02 phase=decode requests=e6255778e8534404ac5ca8451b4d8752
0.0,37165782,2,18582891.0,18582891.0,18542267,18623515,57451.0,PushPop,:batch=dfc6c65e16b641948c82a328176285d7 phase=decode requests=f613ba29e5e3458d8e63b0275b98ac68
0.0,37165620,2,18582810.0,18582810.0,18120771,19044849,653421.8,PushPop,:batch=afe513212af440e581905405f77c44fd phase=decode requests=f613ba29e5e3458d8e63b0275b98ac68
0.0,37164794,2,18582397.0,18582397.0,18560548,18604246,30899.2,PushPop,:batch=3dd5d6f57a6e49139cd28b00cbd08bbf phase=decode requests=f613ba29e5e3458d8e63b0275b98ac68
0.0,37163946,2,18581973.0,18581973.0,18554364,18609582,39045.0,PushPop,:batch=d2df8482de7d49358522e558670ca1ad phase=decode requests=e6255778e8534404ac5ca8451b4d8752
0.0,37163423,2,18581711.5,18581711.5,18568458,18594965,18743.3,PushPop,":batch=9e4dbe3d4f2c49ac90f78c0aa0100633 phase=decode requests=1811f6ebf58e4b0ea2292b35146cd35f,612ab6a155ee43be83ea6696bd5b8b7f,04a26fdd847647a5a094bbafb63bc469,5f8f2308efff494a9a6a2fa3d4ecc35c"
0.0,37162762,2,18581381.0,18581381.0,18521047,18641715,85325.2,PushPop,:batch=2068ae3d5e72448bb1f410db993de7c5 phase=decode requests=f613ba29e5e3458d8e63b0275b98ac68
0.0,37162746,2,18581373.0,18581373.0,18541213,18621533,56794.8,PushPop,":batch=2fde165e6c254bc292d0b6a134635528 phase=decode requests=1811f6ebf58e4b0ea2292b35146cd35f,612ab6a155ee43be83ea6696bd5b8b7f,04a26fdd847647a5a094bbafb63bc469,5f8f2308efff494a9a6a2fa3d4ecc35c"
0.0,37162690,2,18581345.0,18581345.0,18547484,18615206,47886.7,PushPop,":batch=288c36dcc8f44c97b726552309b7bdef phase=decode requests=dfa53ed7b1db427c979733175e83eed5,1b90b5029a8e4095a0953f707b492bc0,2b642560cfbc46a3b415e89ad3a03675,1d3635c1d1b8417da02febe5bb56858c"
0.0,37162300,2,18581150.0,18581150.0,18562428,18599872,26476.9,PushPop,:batch=3383a6cff5614bc3aa6e22836e9ddd44 phase=decode requests=f613ba29e5e3458d8e63b0275b98ac68
0.0,37162252,2,18581126.0,18581126.0,18558856,18603396,31494.5,PushPop,":batch=7bac9cb641104ac299891717f8e8692f phase=decode requests=1811f6ebf58e4b0ea2292b35146cd35f,612ab6a155ee43be83ea6696bd5b8b7f,04a26fdd847647a5a094bbafb63bc469,5f8f2308efff494a9a6a2fa3d4ecc35c"
0.0,37161782,2,18580891.0,18580891.0,18557440,18604342,33164.7,PushPop,:batch=fedde82e06994e779187131ed40ee12e phase=decode requests=f613ba29e5e3458d8e63b0275b98ac68
0.0,37161265,2,18580632.5,18580632.5,18549211,18612054,44436.7,PushPop,":batch=9967cc25fb624dd5a4b906bee4d23ef3 phase=decode requests=dfa53ed7b1db427c979733175e83eed5,1b90b5029a8e4095a0953f707b492bc0,2b642560cfbc46a3b415e89ad3a03675,1d3635c1d1b8417da02febe5bb56858c"
0.0,37160124,2,18580062.0,18580062.0,18551208,18608916,40805.7,PushPop,:batch=20d3ab1dd4774c609c48cd35541d1eb6 phase=decode requests=f613ba29e5e3458d8e63b0275b98ac68
0.0,37159673,2,18579836.5,18579836.5,18555611,18604062,34260.0,PushPop,":batch=4916cc072e2444deb4e6d1027d3d0148 phase=decode requests=1811f6ebf58e4b0ea2292b35146cd35f,612ab6a155ee43be83ea6696bd5b8b7f,04a26fdd847647a5a094bbafb63bc469,5f8f2308efff494a9a6a2fa3d4ecc35c"
0.0,37157699,2,18578849.5,18578849.5,18557405,18600294,30327.1,PushPop,:batch=eb412a9fb49c47f3afe4889ee0896e74 phase=decode requests=f613ba29e5e3458d8e63b0275b98ac68
0.0,37155832,2,18577916.0,18577916.0,18539063,18616769,54946.4,PushPop,:batch=03c76c8fdf634abf8ece39b3e3143b78 phase=decode requests=268bc1a668514718addc6aee590d0f20
0.0,37155351,2,18577675.5,18577675.5,18554701,18600650,32490.8,PushPop,":batch=8100f68ef75044ce824f0581c73e8184 phase=decode requests=1811f6ebf58e4b0ea2292b35146cd35f,612ab6a155ee43be83ea6696bd5b8b7f,04a26fdd847647a5a094bbafb63bc469,5f8f2308efff494a9a6a2fa3d4ecc35c"
0.0,37154562,2,18577281.0,18577281.0,18549865,18604697,38772.1,PushPop,":batch=dfae2e9b66ac42c89dcb36be5cddcc13 phase=decode requests=1811f6ebf58e4b0ea2292b35146cd35f,612ab6a155ee43be83ea6696bd5b8b7f,04a26fdd847647a5a094bbafb63bc469,5f8f2308efff494a9a6a2fa3d4ecc35c"
0.0,37154079,2,18577039.5,18577039.5,18542060,18612019,49468.5,PushPop,":batch=102c36a392d14922a777757cd3b8e446 phase=decode requests=1811f6ebf58e4b0ea2292b35146cd35f,612ab6a155ee43be83ea6696bd5b8b7f,04a26fdd847647a5a094bbafb63bc469,5f8f2308efff494a9a6a2fa3d4ecc35c"
0.0,37153127,2,18576563.5,18576563.5,18558906,18594221,24971.5,PushPop,:batch=880cf7d951d64f348a2a9a91680cc93e phase=decode requests=f613ba29e5e3458d8e63b0275b98ac68
0.0,37151976,2,18575988.0,18575988.0,18539761,18612215,51232.7,PushPop,:batch=f225cd0a703548a7aab91bc0e5e6369b phase=decode requests=f613ba29e5e3458d8e63b0275b98ac68
0.0,37151188,2,18575594.0,18575594.0,18545389,18605799,42716.3,PushPop,:batch=b17ac119c47941af8c69b73177d5e91b phase=decode requests=e6255778e8534404ac5ca8451b4d8752
0.0,37150842,2,18575421.0,18575421.0,18546858,18603984,40394.2,PushPop,":batch=04a922b5d71949bd9a2f9f00f9398f40 phase=decode requests=dfa53ed7b1db427c979733175e83eed5,1b90b5029a8e4095a0953f707b492bc0,2b642560cfbc46a3b415e89ad3a03675,1d3635c1d1b8417da02febe5bb56858c"
0.0,37149985,2,18574992.5,18574992.5,18549931,18600054,35442.3,PushPop,:batch=3235cab98fc645eb8d3fdc68e282acbf phase=decode requests=e6255778e8534404ac5ca8451b4d8752
0.0,37149036,2,18574518.0,18574518.0,18534288,18614748,56893.8,PushPop,:batch=1cbe7ce11726492c8acd25afcb84eec9 phase=decode requests=e6255778e8534404ac5ca8451b4d8752
0.0,37148698,2,18574349.0,18574349.0,18554702,18593996,27785.1,PushPop,:batch=4a8c779ab7d847d5a4fb2b48d3edae23 phase=decode requests=25de90a8b4234cdd9f459bf44de5f72b
0.0,37147630,2,18573815.0,18573815.0,18535547,18612083,54119.1,PushPop,:batch=00b577374ab44a6588bf5c64a0cc6e43 phase=decode requests=f613ba29e5e3458d8e63b0275b98ac68
0.0,37147461,2,18573730.5,18573730.5,18549486,18597975,34286.9,PushPop,:batch=a33b1c09a10c4315af4874dd894414df phase=decode requests=e6255778e8534404ac5ca8451b4d8752
0.0,37147247,2,18573623.5,18573623.5,18546725,18600522,38040.2,PushPop,:batch=a3a63a53e39844e4858795ac25c56e3d phase=decode requests=f613ba29e5e3458d8e63b0275b98ac68
0.0,37146942,2,18573471.0,18573471.0,18529190,18617752,62622.8,PushPop,":batch=ec19f359732046abaf51e2f111603928 phase=decode requests=1811f6ebf58e4b0ea2292b35146cd35f,612ab6a155ee43be83ea6696bd5b8b7f,04a26fdd847647a5a094bbafb63bc469,5f8f2308efff494a9a6a2fa3d4ecc35c"
0.0,37146200,2,18573100.0,18573100.0,18503155,18643045,98917.2,PushPop,:batch=8cceebe9553749a090437f2c46bb63ac phase=decode requests=f613ba29e5e3458d8e63b0275b98ac68
0.0,37146045,2,18573022.5,18573022.5,18568551,18577494,6323.7,PushPop,:batch=0b909c5491674707bd395272e7b27a20 phase=decode requests=f613ba29e5e3458d8e63b0275b98ac68
0.0,37145307,2,18572653.5,18572653.5,18543282,18602025,41537.6,PushPop,:batch=b4b7943fbae142dab1d026f365701983 phase=decode requests=f613ba29e5e3458d8e63b0275b98ac68
0.0,37144423,2,18572211.5,18572211.5,18543169,18601254,41072.3,PushPop,":batch=cd9ca880c170446d9f71f95bfcab8070 phase=decode requests=1811f6ebf58e4b0ea2292b35146cd35f,612ab6a155ee43be83ea6696bd5b8b7f,04a26fdd847647a5a094bbafb63bc469,5f8f2308efff494a9a6a2fa3d4ecc35c"
0.0,37144011,2,18572005.5,18572005.5,18538484,18605527,47406.6,PushPop,:batch=94cd532759c64621b26e5a270eda796f phase=decode requests=e6255778e8534404ac5ca8451b4d8752
0.0,37143917,2,18571958.5,18571958.5,18548732,18595185,32847.2,PushPop,:batch=b25cca49c4cb4db4a3252d0ca9f96ec1 phase=decode requests=e6255778e8534404ac5ca8451b4d8752
0.0,37143261,2,18571630.5,18571630.5,18570186,18573075,2042.8,PushPop,:batch=f32276575f7e48658159a9d02a835e49 phase=decode requests=f613ba29e5e3458d8e63b0275b98ac68
0.0,37143211,2,18571605.5,18571605.5,18539280,18603931,45715.2,PushPop,:batch=956bf2b9a7e847479e1f77451c9e4857 phase=decode requests=268bc1a668514718addc6aee590d0f20
0.0,37142867,2,18571433.5,18571433.5,18534535,18608332,52182.4,PushPop,:batch=134c2eaf8146443f8050a6c6fe658175 phase=decode requests=e6255778e8534404ac5ca8451b4d8752
0.0,37142866,2,18571433.0,18571433.0,18552046,18590820,27417.4,PushPop,:batch=082db67dc6d94a17964e525308146510 phase=decode requests=268bc1a668514718addc6aee590d0f20
0.0,37141417,2,18570708.5,18570708.5,18559555,18581862,15773.4,PushPop,:batch=1b763a0d524348cc954fa99a6df90661 phase=decode requests=f613ba29e5e3458d8e63b0275b98ac68
0.0,37141228,2,18570614.0,18570614.0,18534385,18606843,51235.5,PushPop,:batch=38fa6a67225a42eb95d348c6d1303094 phase=decode requests=e6255778e8534404ac5ca8451b4d8752
0.0,37141135,2,18570567.5,18570567.5,18529458,18611677,58137.6,PushPop,:batch=3424ea195ef84d2cbf86758d77e73c39 phase=decode requests=e6255778e8534404ac5ca8451b4d8752
0.0,37141075,2,18570537.5,18570537.5,18546641,18594434,33794.8,PushPop,:batch=afb71954d8a94445b84f82f05a5b9151 phase=decode requests=e6255778e8534404ac5ca8451b4d8752
0.0,37140726,2,18570363.0,18570363.0,18558726,18582000,16457.2,PushPop,":batch=aa6dc7b8aeb24eb7a855a2330f5dc64a phase=decode requests=1811f6ebf58e4b0ea2292b35146cd35f,612ab6a155ee43be83ea6696bd5b8b7f,04a26fdd847647a5a094bbafb63bc469,5f8f2308efff494a9a6a2fa3d4ecc35c"
0.0,37140173,2,18570086.5,18570086.5,18545520,18594653,34742.3,PushPop,:batch=94b08407979d441c8d45224c5840baf6 phase=decode requests=f613ba29e5e3458d8e63b0275b98ac68
0.0,37139953,2,18569976.5,18569976.5,18551231,18588722,26510.1,PushPop,:batch=78fb981c178f4a35b1f1b05168f56543 phase=decode requests=f613ba29e5e3458d8e63b0275b98ac68
0.0,37139593,2,18569796.5,18569796.5,18528314,18611279,58665.1,PushPop,:batch=eeb320dd842a429ab260f462741c825a phase=decode requests=e6255778e8534404ac5ca8451b4d8752
0.0,37139482,2,18569741.0,18569741.0,18547739,18591743,31115.5,PushPop,:batch=27223f8c75df437aa3c305fa6358d9d6 phase=decode requests=e6255778e8534404ac5ca8451b4d8752
0.0,37137981,2,18568990.5,18568990.5,18536576,18601405,45841.0,PushPop,:batch=06299a16801742dca42a2febe3e662ec phase=decode requests=e6255778e8534404ac5ca8451b4d8752
0.0,37136740,2,18568370.0,18568370.0,18532608,18604132,50575.1,PushPop,:batch=13578a390e284e5aab0e83f1068ca9a6 phase=decode requests=e6255778e8534404ac5ca8451b4d8752
0.0,37135969,2,18567984.5,18567984.5,18534368,18601601,47540.9,PushPop,:batch=9f1ec6061836407b8e6b9b3335e161fb phase=decode requests=f613ba29e5e3458d8e63b0275b98ac68
0.0,37135824,2,18567912.0,18567912.0,18537452,18598372,43076.9,PushPop,":batch=ec335afc27c544fc97b8d92fb9f341db phase=decode requests=1811f6ebf58e4b0ea2292b35146cd35f,612ab6a155ee43be83ea6696bd5b8b7f,04a26fdd847647a5a094bbafb63bc469,5f8f2308efff494a9a6a2fa3d4ecc35c"
0.0,37135537,2,18567768.5,18567768.5,18552927,18582610,20989.1,PushPop,:batch=e53d7e669fc14514892807ec31debd3c phase=decode requests=268bc1a668514718addc6aee590d0f20
0.0,37134768,2,18567384.0,18567384.0,18537361,18597407,42458.9,PushPop,:batch=12d4a50142d94668aa2c43bda20996c7 phase=decode requests=f613ba29e5e3458d8e63b0275b98ac68
0.0,37131579,2,18565789.5,18565789.5,18550320,18581259,21877.2,PushPop,":batch=f2ecb2774380400d9d5385b3e27cce7b phase=decode requests=1811f6ebf58e4b0ea2292b35146cd35f,612ab6a155ee43be83ea6696bd5b8b7f,04a26fdd847647a5a094bbafb63bc469,5f8f2308efff494a9a6a2fa3d4ecc35c"
0.0,37131416,2,18565708.0,18565708.0,18526056,18605360,56076.4,PushPop,:batch=26672dad1b314621953eebb975f394f3 phase=decode requests=f613ba29e5e3458d8e63b0275b98ac68
0.0,37130759,2,18565379.5,18565379.5,18520180,18610579,63921.7,PushPop,:batch=8d39f096377548d6bc676bc3fcd9575f phase=decode requests=f613ba29e5e3458d8e63b0275b98ac68
0.0,37130659,2,18565329.5,18565329.5,18523646,18607013,58949.4,PushPop,":batch=946e934b3e0d4050871cf84d11e1e18e phase=decode requests=dfa53ed7b1db427c979733175e83eed5,1b90b5029a8e4095a0953f707b492bc0,2b642560cfbc46a3b415e89ad3a03675,1d3635c1d1b8417da02febe5bb56858c"
0.0,37129345,2,18564672.5,18564672.5,18554821,18574524,13932.1,PushPop,:batch=b66f00d351c34e768c1b161cbc729bd5 phase=decode requests=f613ba29e5e3458d8e63b0275b98ac68
0.0,37129119,2,18564559.5,18564559.5,18528704,18600415,50707.3,PushPop,:batch=c75e48da59c149369c5b259cf23424b4 phase=decode requests=e6255778e8534404ac5ca8451b4d8752
0.0,37128963,2,18564481.5,18564481.5,18531746,18597217,46295.0,PushPop,":batch=1c9a8a85f46c443c9f06b12ca699c851 phase=decode requests=dfa53ed7b1db427c979733175e83eed5,1b90b5029a8e4095a0953f707b492bc0,2b642560cfbc46a3b415e89ad3a03675,1d3635c1d1b8417da02febe5bb56858c"
0.0,37128126,2,18564063.0,18564063.0,18529140,18598986,49388.6,PushPop,":batch=fdeffdfb5e284111b693784422f83b41 phase=decode requests=1811f6ebf58e4b0ea2292b35146cd35f,612ab6a155ee43be83ea6696bd5b8b7f,04a26fdd847647a5a094bbafb63bc469,5f8f2308efff494a9a6a2fa3d4ecc35c"
0.0,37127401,2,18563700.5,18563700.5,18539713,18587688,33923.4,PushPop,:batch=b7027983addc4b389aaacf21e1a2be28 phase=decode requests=e6255778e8534404ac5ca8451b4d8752
0.0,37126512,2,18563256.0,18563256.0,18547163,18579349,22758.9,PushPop,:batch=7bf400d647b74b59b40cd388b6dc6df3 phase=decode requests=268bc1a668514718addc6aee590d0f20
0.0,37125614,2,18562807.0,18562807.0,18533644,18591970,41242.7,PushPop,":batch=73ee2f72a3574d418c1211769214ac4b phase=decode requests=dfa53ed7b1db427c979733175e83eed5,1b90b5029a8e4095a0953f707b492bc0,2b642560cfbc46a3b415e89ad3a03675,1d3635c1d1b8417da02febe5bb56858c"
0.0,37124961,2,18562480.5,18562480.5,18540499,18584462,31086.5,PushPop,:batch=812ea1d19ca6437e83cc98f788e6f8a6 phase=decode requests=e6255778e8534404ac5ca8451b4d8752
0.0,37124959,2,18562479.5,18562479.5,18539170,18585789,32964.6,PushPop,":batch=f1d5a2e74bb0482f85b0eaa0da660219 phase=decode requests=dfa53ed7b1db427c979733175e83eed5,1b90b5029a8e4095a0953f707b492bc0,2b642560cfbc46a3b415e89ad3a03675,1d3635c1d1b8417da02febe5bb56858c"
0.0,37124836,2,18562418.0,18562418.0,18558616,18566220,5376.8,PushPop,":batch=36cc353935594102a69410c930c3c7bb phase=decode requests=dfa53ed7b1db427c979733175e83eed5,1b90b5029a8e4095a0953f707b492bc0,2b642560cfbc46a3b415e89ad3a03675,1d3635c1d1b8417da02febe5bb56858c"
0.0,37124005,2,18562002.5,18562002.5,18539381,18584624,31991.6,PushPop,:batch=524d69138a4149fbb4026810ab7ff052 phase=decode requests=f613ba29e5e3458d8e63b0275b98ac68
0.0,37122677,2,18561338.5,18561338.5,18561253,18561424,120.9,PushPop,":batch=2acefaf4b22641528a146267770e1ee2 phase=decode requests=1811f6ebf58e4b0ea2292b35146cd35f,612ab6a155ee43be83ea6696bd5b8b7f,04a26fdd847647a5a094bbafb63bc469,5f8f2308efff494a9a6a2fa3d4ecc35c"
0.0,37122410,2,18561205.0,18561205.0,18519173,18603237,59442.2,PushPop,:batch=a48e59c417044ed78046d988269f65a3 phase=decode requests=f613ba29e5e3458d8e63b0275b98ac68
0.0,37121369,2,18560684.5,18560684.5,18529971,18591398,43435.4,PushPop,":batch=6faa37ab1dca440dbc7a25c9014cf9c3 phase=decode requests=1811f6ebf58e4b0ea2292b35146cd35f,612ab6a155ee43be83ea6696bd5b8b7f,04a26fdd847647a5a094bbafb63bc469,5f8f2308efff494a9a6a2fa3d4ecc35c"
0.0,37120755,2,18560377.5,18560377.5,18548583,18572172,16679.9,PushPop,:batch=8a30ba8175a7462488a11241306b8dcf phase=decode requests=f613ba29e5e3458d8e63b0275b98ac68
0.0,37120749,2,18560374.5,18560374.5,18530216,18590533,42650.6,PushPop,:batch=c5e40540a2c34322843da6f0c37e48d1 phase=decode requests=e6255778e8534404ac5ca8451b4d8752
0.0,37120664,2,18560332.0,18560332.0,18556604,18564060,5272.2,PushPop,":batch=62eb980d5e1b4a8ab3abbf425d35d119 phase=decode requests=1811f6ebf58e4b0ea2292b35146cd35f,612ab6a155ee43be83ea6696bd5b8b7f,04a26fdd847647a5a094bbafb63bc469,5f8f2308efff494a9a6a2fa3d4ecc35c"
0.0,37120607,2,18560303.5,18560303.5,18522761,18597846,53093.1,PushPop,:batch=b676ec0321334f6b8ccd53219347806f phase=decode requests=f613ba29e5e3458d8e63b0275b98ac68
0.0,37119847,2,18559923.5,18559923.5,18513772,18606075,65268.1,PushPop,:batch=9d77b5eb886b46998a57b3fa0b1c0872 phase=decode requests=25de90a8b4234cdd9f459bf44de5f72b
0.0,37119549,2,18559774.5,18559774.5,18538430,18581119,30185.7,PushPop,:batch=5fe45e9bcc644058948015834e1b6f58 phase=decode requests=e6255778e8534404ac5ca8451b4d8752
0.0,37119388,2,18559694.0,18559694.0,18539419,18579969,28673.2,PushPop,:batch=f6e74e890fde48f582d76dd96c3015c9 phase=decode requests=e6255778e8534404ac5ca8451b4d8752
0.0,37119141,2,18559570.5,18559570.5,18549947,18569194,13609.7,PushPop,:batch=179460d5cebb478a9f2bcb1eae1cad9c phase=decode requests=e6255778e8534404ac5ca8451b4d8752
0.0,37119087,2,18559543.5,18559543.5,18532642,18586445,38044.5,PushPop,":batch=029325793d864bcd91a54ab943e309c0 phase=decode requests=dfa53ed7b1db427c979733175e83eed5,1b90b5029a8e4095a0953f707b492bc0,2b642560cfbc46a3b415e89ad3a03675,1d3635c1d1b8417da02febe5bb56858c"
0.0,37118693,2,18559346.5,18559346.5,18528534,18590159,43575.5,PushPop,:batch=47a7066f19f8487fbf3a7b028dd7eed5 phase=decode requests=e6255778e8534404ac5ca8451b4d8752
0.0,37118629,2,18559314.5,18559314.5,18529810,18588819,41725.7,PushPop,":batch=8214e85d38f44019a8632be0463b686c phase=decode requests=dfa53ed7b1db427c979733175e83eed5,1b90b5029a8e4095a0953f707b492bc0,2b642560cfbc46a3b415e89ad3a03675,1d3635c1d1b8417da02febe5bb56858c"
0.0,37118532,2,18559266.0,18559266.0,18530059,18588473,41304.9,PushPop,:batch=c81f41fd1a6a42ddb1f759d21b10fee6 phase=decode requests=f613ba29e5e3458d8e63b0275b98ac68
0.0,37117810,2,18558905.0,18558905.0,18549424,18568386,13408.2,PushPop,:batch=f69e77fd5b1048378b9e53b6384aa162 phase=decode requests=25de90a8b4234cdd9f459bf44de5f72b
0.0,37117143,2,18558571.5,18558571.5,18535165,18581978,33101.8,PushPop,:batch=4a6df0152c6e4b33b53ccda97f18ecb2 phase=decode requests=268bc1a668514718addc6aee590d0f20
0.0,37116972,2,18558486.0,18558486.0,18521137,18595835,52819.5,PushPop,:batch=6d7fa300e00e4dfb85f27d7c15a8309d phase=decode requests=f613ba29e5e3458d8e63b0275b98ac68
0.0,37116969,2,18558484.5,18558484.5,18493698,18623271,91621.9,PushPop,":batch=5553977d3610434d9b1e12f02ef0732f phase=decode requests=dfa53ed7b1db427c979733175e83eed5,1b90b5029a8e4095a0953f707b492bc0,2b642560cfbc46a3b415e89ad3a03675,1d3635c1d1b8417da02febe5bb56858c"
0.0,37116263,2,18558131.5,18558131.5,18529299,18586964,40775.3,PushPop,:batch=479a023c4d2e4263989181058c186963 phase=decode requests=e6255778e8534404ac5ca8451b4d8752
0.0,37116242,2,18558121.0,18558121.0,18528971,18587271,41224.3,PushPop,:batch=fee2e99a34424480a5cafaccb7d21a4f phase=decode requests=e6255778e8534404ac5ca8451b4d8752
0.0,37116022,2,18558011.0,18558011.0,18528062,18587960,42354.3,PushPop,":batch=cb9ba093450c4662a1062ba817f562c5 phase=decode requests=dfa53ed7b1db427c979733175e83eed5,1b90b5029a8e4095a0953f707b492bc0,2b642560cfbc46a3b415e89ad3a03675,1d3635c1d1b8417da02febe5bb56858c"
0.0,37113899,2,18556949.5,18556949.5,18527220,18586679,42043.9,PushPop,":batch=f4a8577d1c7740e59097d536aa5ea511 phase=decode requests=dfa53ed7b1db427c979733175e83eed5,1b90b5029a8e4095a0953f707b492bc0,2b642560cfbc46a3b415e89ad3a03675,1d3635c1d1b8417da02febe5bb56858c"
0.0,37113851,2,18556925.5,18556925.5,18513102,18600749,61975.8,PushPop,":batch=2fb764b4a2864ef79a39b32d576e1d9c phase=decode requests=dfa53ed7b1db427c979733175e83eed5,1b90b5029a8e4095a0953f707b492bc0,2b642560cfbc46a3b415e89ad3a03675,1d3635c1d1b8417da02febe5bb56858c"
0.0,37113194,2,18556597.0,18556597.0,18542738,18570456,19599.6,PushPop,":batch=c5b4c3d66e2b44989fd07e6251f3797c phase=decode requests=1811f6ebf58e4b0ea2292b35146cd35f,612ab6a155ee43be83ea6696bd5b8b7f,04a26fdd847647a5a094bbafb63bc469,5f8f2308efff494a9a6a2fa3d4ecc35c"
0.0,37112047,2,18556023.5,18556023.5,18530198,18581849,36522.8,PushPop,":batch=4baa2e648ae54743afde1f484459137f phase=decode requests=1811f6ebf58e4b0ea2292b35146cd35f,612ab6a155ee43be83ea6696bd5b8b7f,04a26fdd847647a5a094bbafb63bc469,5f8f2308efff494a9a6a2fa3d4ecc35c"
0.0,37111155,2,18555577.5,18555577.5,18550009,18561146,7875.0,PushPop,:batch=6e6985b49d404e55a27d0547273e3bca phase=decode requests=f613ba29e5e3458d8e63b0275b98ac68
0.0,37110203,2,18555101.5,18555101.5,18534592,18575611,29004.8,PushPop,:batch=783628c3f9154e2a89bfd34b5935ef4b phase=decode requests=e6255778e8534404ac5ca8451b4d8752
0.0,37109885,2,18554942.5,18554942.5,18524476,18585409,43086.1,PushPop,":batch=84ec1e40c4014e04bafb2be3b3d9172d phase=decode requests=dfa53ed7b1db427c979733175e83eed5,1b90b5029a8e4095a0953f707b492bc0,2b642560cfbc46a3b415e89ad3a03675,1d3635c1d1b8417da02febe5bb56858c"
0.0,37109281,2,18554640.5,18554640.5,18522518,18586763,45428.1,PushPop,:batch=4ece539a41c64fd694b2d68b4bd09e18 phase=decode requests=e6255778e8534404ac5ca8451b4d8752
0.0,37109117,2,18554558.5,18554558.5,18517132,18591985,52929.1,PushPop,":batch=9cb2eb5eb8c34d81ab92a2abe0938443 phase=decode requests=1811f6ebf58e4b0ea2292b35146cd35f,612ab6a155ee43be83ea6696bd5b8b7f,04a26fdd847647a5a094bbafb63bc469,5f8f2308efff494a9a6a2fa3d4ecc35c"
0.0,37106695,2,18553347.5,18553347.5,18516761,18589934,51741.1,PushPop,:batch=c67e62ef6b7e438f9768d5f560bd9f06 phase=decode requests=e6255778e8534404ac5ca8451b4d8752
0.0,37106652,2,18553326.0,18553326.0,18518508,18588144,49240.1,PushPop,:batch=24b5cf4570244815a97f4726e6f5e393 phase=decode requests=e6255778e8534404ac5ca8451b4d8752
0.0,37106460,2,18553230.0,18553230.0,18532145,18574315,29818.7,PushPop,:batch=b465c5cb93c44a34b400028decc8fa27 phase=decode requests=e6255778e8534404ac5ca8451b4d8752
0.0,37106274,2,18553137.0,18553137.0,18510815,18595459,59852.3,PushPop,:batch=b8a650995959488caf7ff9c0a2972dd2 phase=decode requests=25de90a8b4234cdd9f459bf44de5f72b
0.0,37105950,2,18552975.0,18552975.0,18533335,18572615,27775.2,PushPop,":batch=0a0fde65f7184fb8b107b537042ab776 phase=decode requests=1811f6ebf58e4b0ea2292b35146cd35f,612ab6a155ee43be83ea6696bd5b8b7f,04a26fdd847647a5a094bbafb63bc469,5f8f2308efff494a9a6a2fa3d4ecc35c"
0.0,37105948,2,18552974.0,18552974.0,18531147,18574801,30868.0,PushPop,:batch=ae3e993f9cac43498825a950cc9b92e3 phase=decode requests=25de90a8b4234cdd9f459bf44de5f72b
0.0,37103300,2,18551650.0,18551650.0,18523920,18579380,39216.1,PushPop,":batch=5984b9f7d6294b1f91d9fd65e1fc1858 phase=decode requests=dfa53ed7b1db427c979733175e83eed5,1b90b5029a8e4095a0953f707b492bc0,2b642560cfbc46a3b415e89ad3a03675,1d3635c1d1b8417da02febe5bb56858c"
0.0,37102820,2,18551410.0,18551410.0,18516388,18586432,49528.6,PushPop,:batch=01d8765d7df6431bb4b482e097f8ef22 phase=decode requests=e6255778e8534404ac5ca8451b4d8752
0.0,37102232,2,18551116.0,18551116.0,18512293,18589939,54904.0,PushPop,:batch=9e5f2fe5961c4976a285f4bd88fa363f phase=decode requests=f613ba29e5e3458d8e63b0275b98ac68
0.0,37101971,2,18550985.5,18550985.5,18535004,18566967,22601.3,PushPop,":batch=8b6b2fe2aa39482aa1ce8ead34e7efac phase=decode requests=1811f6ebf58e4b0ea2292b35146cd35f,612ab6a155ee43be83ea6696bd5b8b7f,04a26fdd847647a5a094bbafb63bc469,5f8f2308efff494a9a6a2fa3d4ecc35c"
0.0,37101277,2,18550638.5,18550638.5,18527834,18573443,32250.4,PushPop,:batch=b4139cda1b5b4a21a4885006c8fcc8c9 phase=decode requests=e6255778e8534404ac5ca8451b4d8752
0.0,37100839,2,18550419.5,18550419.5,18520888,18579951,41763.8,PushPop,:batch=a836550380b143cd9d7eb6230312de8c phase=decode requests=e6255778e8534404ac5ca8451b4d8752
0.0,37100108,2,18550054.0,18550054.0,18527923,18572185,31298.0,PushPop,":batch=8a3bde58de7b40059f1f00be786e821d phase=decode requests=1811f6ebf58e4b0ea2292b35146cd35f,612ab6a155ee43be83ea6696bd5b8b7f,04a26fdd847647a5a094bbafb63bc469,5f8f2308efff494a9a6a2fa3d4ecc35c"
0.0,37099550,2,18549775.0,18549775.0,18523243,18576307,37521.9,PushPop,":batch=d691129ab5be40f4984f022c6ed0f803 phase=decode requests=1811f6ebf58e4b0ea2292b35146cd35f,612ab6a155ee43be83ea6696bd5b8b7f,04a26fdd847647a5a094bbafb63bc469,5f8f2308efff494a9a6a2fa3d4ecc35c"
0.0,37099491,2,18549745.5,18549745.5,18527277,18572214,31775.3,PushPop,:batch=fdca2f9f087a490dad099b9a8b5efd89 phase=decode requests=268bc1a668514718addc6aee590d0f20
0.0,37099447,2,18549723.5,18549723.5,18521079,18578368,40509.4,PushPop,":batch=f1e71e2942fd49e39df24a0800d3ce1e phase=decode requests=1811f6ebf58e4b0ea2292b35146cd35f,612ab6a155ee43be83ea6696bd5b8b7f,04a26fdd847647a5a094bbafb63bc469,5f8f2308efff494a9a6a2fa3d4ecc35c"
0.0,37099119,2,18549559.5,18549559.5,18512315,18586804,52671.7,PushPop,:batch=bd99ee973d224cc09ff40d1c5b3271bd phase=decode requests=f613ba29e5e3458d8e63b0275b98ac68
0.0,37099003,2,18549501.5,18549501.5,18514925,18584078,48898.6,PushPop,":batch=3d496bc5514842148f399d60bbf0d3e8 phase=decode requests=1811f6ebf58e4b0ea2292b35146cd35f,612ab6a155ee43be83ea6696bd5b8b7f,04a26fdd847647a5a094bbafb63bc469,5f8f2308efff494a9a6a2fa3d4ecc35c"
0.0,37098647,2,18549323.5,18549323.5,18509784,18588863,55917.3,PushPop,:batch=f889059e69a44b8780af10ac2d561eec phase=decode requests=e6255778e8534404ac5ca8451b4d8752
0.0,37097287,2,18548643.5,18548643.5,18524358,18572929,34344.9,PushPop,:batch=a9adfba03eb74f4ebb6244cb83c4e2df phase=decode requests=f613ba29e5e3458d8e63b0275b98ac68
0.0,37097073,2,18548536.5,18548536.5,18519733,18577340,40734.3,PushPop,:batch=7b1345eb080e42179c3bb4e10eff4097 phase=decode requests=e6255778e8534404ac5ca8451b4d8752
0.0,37096724,2,18548362.0,18548362.0,18523228,18573496,35544.8,PushPop,:batch=29c6f44180614abb924dbb24041803cc phase=decode requests=e6255778e8534404ac5ca8451b4d8752
0.0,37096078,2,18548039.0,18548039.0,18516087,18579991,45187.0,PushPop,":batch=8aa29f73ed2c40eb9999aadcf1f485b9 phase=decode requests=dfa53ed7b1db427c979733175e83eed5,1b90b5029a8e4095a0953f707b492bc0,2b642560cfbc46a3b415e89ad3a03675,1d3635c1d1b8417da02febe5bb56858c"
0.0,37095399,2,18547699.5,18547699.5,18506706,18588693,57973.6,PushPop,:batch=f5fb0fc8070f4e9faa796a733eda5c28 phase=decode requests=f613ba29e5e3458d8e63b0275b98ac68
0.0,37095324,2,18547662.0,18547662.0,18508022,18587302,56059.4,PushPop,":batch=690ef2866d524805ab9a77b2672afe88 phase=decode requests=dfa53ed7b1db427c979733175e83eed5,1b90b5029a8e4095a0953f707b492bc0,2b642560cfbc46a3b415e89ad3a03675,1d3635c1d1b8417da02febe5bb56858c"
0.0,37094813,2,18547406.5,18547406.5,18507237,18587576,56808.3,PushPop,:batch=98c14862710145ba92f7895470321673 phase=decode requests=25de90a8b4234cdd9f459bf44de5f72b
0.0,37094501,2,18547250.5,18547250.5,18517534,18576967,42025.5,PushPop,:batch=6eadfc8d604d4fa4a709c17d3a6ebc20 phase=decode requests=e6255778e8534404ac5ca8451b4d8752
0.0,37094468,2,18547234.0,18547234.0,18514559,18579909,46209.4,PushPop,":batch=d1dfa27f7bf34200afe56b06b9271dcf phase=decode requests=dfa53ed7b1db427c979733175e83eed5,1b90b5029a8e4095a0953f707b492bc0,2b642560cfbc46a3b415e89ad3a03675,1d3635c1d1b8417da02febe5bb56858c"
0.0,37093796,2,18546898.0,18546898.0,18522091,18571705,35082.4,PushPop,":batch=b0efdd5ce7b34628b00fb5dd559cc9cc phase=decode requests=1811f6ebf58e4b0ea2292b35146cd35f,612ab6a155ee43be83ea6696bd5b8b7f,04a26fdd847647a5a094bbafb63bc469,5f8f2308efff494a9a6a2fa3d4ecc35c"
0.0,37093640,2,18546820.0,18546820.0,18528510,18565130,25894.3,PushPop,":batch=2aed51c9ebda4694b38e3db81f5ac1db phase=decode requests=1811f6ebf58e4b0ea2292b35146cd35f,612ab6a155ee43be83ea6696bd5b8b7f,04a26fdd847647a5a094bbafb63bc469,5f8f2308efff494a9a6a2fa3d4ecc35c"
0.0,37093236,2,18546618.0,18546618.0,18516063,18577173,43211.3,PushPop,":batch=c0fda2ce4f83430c8a04b15806622674 phase=decode requests=dfa53ed7b1db427c979733175e83eed5,1b90b5029a8e4095a0953f707b492bc0,2b642560cfbc46a3b415e89ad3a03675,1d3635c1d1b8417da02febe5bb56858c"
0.0,37092919,2,18546459.5,18546459.5,18501103,18591816,64143.8,PushPop,:batch=0930ca21bf8142b3af2de16c1ad8c010 phase=decode requests=f613ba29e5e3458d8e63b0275b98ac68
0.0,37092877,2,18546438.5,18546438.5,18513675,18579202,46334.6,PushPop,":batch=96d652dea6244643a919331daed556db phase=decode requests=1811f6ebf58e4b0ea2292b35146cd35f,612ab6a155ee43be83ea6696bd5b8b7f,04a26fdd847647a5a094bbafb63bc469,5f8f2308efff494a9a6a2fa3d4ecc35c"
0.0,37091743,2,18545871.5,18545871.5,18530748,18560995,21387.9,PushPop,":batch=745951401a3448f28104368e70562584 phase=decode requests=dfa53ed7b1db427c979733175e83eed5,1b90b5029a8e4095a0953f707b492bc0,2b642560cfbc46a3b415e89ad3a03675,1d3635c1d1b8417da02febe5bb56858c"
0.0,37091611,2,18545805.5,18545805.5,18520705,18570906,35497.5,PushPop,:batch=a0055a17793c488d9862e5f1ca8b86b2 phase=decode requests=268bc1a668514718addc6aee590d0f20
0.0,37091026,2,18545513.0,18545513.0,18519887,18571139,36240.6,PushPop,:batch=47829471d18c4bc2b614307270a00233 phase=decode requests=f613ba29e5e3458d8e63b0275b98ac68
0.0,37090872,2,18545436.0,18545436.0,18527889,18562983,24815.2,PushPop,:batch=4781a7310e0a4da2bf059f602fe09338 phase=decode requests=e6255778e8534404ac5ca8451b4d8752
0.0,37090543,2,18545271.5,18545271.5,18520353,18570190,35240.1,PushPop,:batch=b2d8e77d9f6a45f38752e22f7ad03eac phase=decode requests=f613ba29e5e3458d8e63b0275b98ac68
0.0,37089714,2,18544857.0,18544857.0,18522918,18566796,31026.4,PushPop,:batch=bd86621dbb9742a2971d49ba54dbd94b phase=decode requests=e6255778e8534404ac5ca8451b4d8752
0.0,37088836,2,18544418.0,18544418.0,18516750,18572086,39128.5,PushPop,:batch=84cb3b87ad994e26afd7913113b5d7de phase=decode requests=f613ba29e5e3458d8e63b0275b98ac68
0.0,37088332,2,18544166.0,18544166.0,18507561,18580771,51767.3,PushPop,:batch=e2e10bb7505940db9d22156a41b9130a phase=decode requests=268bc1a668514718addc6aee590d0f20
0.0,37086661,2,18543330.5,18543330.5,18520062,18566599,32906.6,PushPop,:batch=513776fb5a2741df810b1074589c0c54 phase=decode requests=e6255778e8534404ac5ca8451b4d8752
0.0,37086601,2,18543300.5,18543300.5,18508699,18577902,48933.9,PushPop,":batch=77c22f44f8164fb4bb7ef26d7dfcd7f5 phase=decode requests=dfa53ed7b1db427c979733175e83eed5,1b90b5029a8e4095a0953f707b492bc0,2b642560cfbc46a3b415e89ad3a03675,1d3635c1d1b8417da02febe5bb56858c"
0.0,37086008,2,18543004.0,18543004.0,18511704,18574304,44264.9,PushPop,:batch=00c14c640a05476abae51a2e1020f480 phase=decode requests=268bc1a668514718addc6aee590d0f20
0.0,37085817,2,18542908.5,18542908.5,18506629,18579188,51307.0,PushPop,:batch=fe093a6563d940b8938d62733d9c771c phase=decode requests=f613ba29e5e3458d8e63b0275b98ac68
0.0,37085533,2,18542766.5,18542766.5,18534415,18551118,11810.8,PushPop,":batch=bf375360633f4c00ba4ef1afc2158a8f phase=decode requests=1811f6ebf58e4b0ea2292b35146cd35f,612ab6a155ee43be83ea6696bd5b8b7f,04a26fdd847647a5a094bbafb63bc469,5f8f2308efff494a9a6a2fa3d4ecc35c"
0.0,37085419,2,18542709.5,18542709.5,18488485,18596934,76685.0,PushPop,":batch=52d20ea56bb54708b8b0feeeddbd7975 phase=decode requests=dfa53ed7b1db427c979733175e83eed5,1b90b5029a8e4095a0953f707b492bc0,2b642560cfbc46a3b415e89ad3a03675,1d3635c1d1b8417da02febe5bb56858c"
0.0,37084417,2,18542208.5,18542208.5,18529895,18554522,17413.9,PushPop,:batch=3b72583529b94972a21f67a035c28a03 phase=decode requests=25de90a8b4234cdd9f459bf44de5f72b
0.0,37084272,2,18542136.0,18542136.0,18508217,18576055,47968.7,PushPop,":batch=b6e6d9c2961f4ebf91380fe26eac195e phase=decode requests=dfa53ed7b1db427c979733175e83eed5,1b90b5029a8e4095a0953f707b492bc0,2b642560cfbc46a3b415e89ad3a03675,1d3635c1d1b8417da02febe5bb56858c"
0.0,37084091,2,18542045.5,18542045.5,18507238,18576853,49225.2,PushPop,":batch=a97265b92abb44909b6da2aaaf03ad37 phase=decode requests=1811f6ebf58e4b0ea2292b35146cd35f,612ab6a155ee43be83ea6696bd5b8b7f,04a26fdd847647a5a094bbafb63bc469,5f8f2308efff494a9a6a2fa3d4ecc35c"
0.0,37084090,2,18542045.0,18542045.0,18510973,18573117,43942.4,PushPop,:batch=d73e8316b2f84e5ca5f0f651a4646954 phase=decode requests=f613ba29e5e3458d8e63b0275b98ac68
0.0,37083527,2,18541763.5,18541763.5,18511876,18571651,42267.3,PushPop,":batch=c1fa404c87984017bc4ba5f2b2333725 phase=decode requests=dfa53ed7b1db427c979733175e83eed5,1b90b5029a8e4095a0953f707b492bc0,2b642560cfbc46a3b415e89ad3a03675,1d3635c1d1b8417da02febe5bb56858c"
0.0,37083443,2,18541721.5,18541721.5,18515890,18567553,36531.3,PushPop,:batch=9a452a85233f40b39af30df11a9339db phase=decode requests=e6255778e8534404ac5ca8451b4d8752
0.0,37082977,2,18541488.5,18541488.5,18511307,18571670,42683.1,PushPop,:batch=9416f74856e94a6db6c823b8644c93ee phase=decode requests=e6255778e8534404ac5ca8451b4d8752
0.0,37082600,2,18541300.0,18541300.0,18517980,18564620,32979.5,PushPop,":batch=6f82661114a1457eb689fb9f91a3e04d phase=decode requests=1811f6ebf58e4b0ea2292b35146cd35f,612ab6a155ee43be83ea6696bd5b8b7f,04a26fdd847647a5a094bbafb63bc469,5f8f2308efff494a9a6a2fa3d4ecc35c"
0.0,37082556,2,18541278.0,18541278.0,18522099,18560457,27123.2,PushPop,:batch=855b62af25b64d1bac50944507c47ecc phase=decode requests=268bc1a668514718addc6aee590d0f20
0.0,37081058,2,18540529.0,18540529.0,18510187,18570871,42910.1,PushPop,:batch=24646af300e6442e973642133d3b9c36 phase=decode requests=e6255778e8534404ac5ca8451b4d8752
0.0,37080847,2,18540423.5,18540423.5,18513391,18567456,38229.7,PushPop,:batch=19cc09ab241249b2bac2b871a3f96728 phase=decode requests=f613ba29e5e3458d8e63b0275b98ac68
0.0,37080185,2,18540092.5,18540092.5,18503441,18576744,51833.0,PushPop,:batch=b74243d9546a4f74a950886c1ec68c71 phase=decode requests=e6255778e8534404ac5ca8451b4d8752
0.0,37079851,2,18539925.5,18539925.5,18502150,18577701,53422.6,PushPop,:batch=44d47a5236d34fb88ff7e83c26abc89f phase=decode requests=e6255778e8534404ac5ca8451b4d8752
0.0,37079275,2,18539637.5,18539637.5,18506352,18572923,47072.8,PushPop,:batch=407be87b33934daca07f525f81db7e09 phase=decode requests=f613ba29e5e3458d8e63b0275b98ac68
0.0,37079113,2,18539556.5,18539556.5,18508490,18570623,43934.7,PushPop,:batch=cdb97ab941f64adc8e4b065552ad29c5 phase=decode requests=268bc1a668514718addc6aee590d0f20
0.0,37078887,2,18539443.5,18539443.5,18511584,18567303,39399.3,PushPop,":batch=313e452c24ed48a6977f355f12449258 phase=decode requests=dfa53ed7b1db427c979733175e83eed5,1b90b5029a8e4095a0953f707b492bc0,2b642560cfbc46a3b415e89ad3a03675,1d3635c1d1b8417da02febe5bb56858c"
0.0,37078850,2,18539425.0,18539425.0,18496198,18582652,61132.2,PushPop,":batch=2a414f636bae4262adcc921c25f28f97 phase=decode requests=1811f6ebf58e4b0ea2292b35146cd35f,612ab6a155ee43be83ea6696bd5b8b7f,04a26fdd847647a5a094bbafb63bc469,5f8f2308efff494a9a6a2fa3d4ecc35c"
0.0,37078517,2,18539258.5,18539258.5,18501552,18576965,53325.0,PushPop,":batch=9d095dcf7d0e4ddead9d0a5fd7796eab phase=decode requests=1811f6ebf58e4b0ea2292b35146cd35f,612ab6a155ee43be83ea6696bd5b8b7f,04a26fdd847647a5a094bbafb63bc469,5f8f2308efff494a9a6a2fa3d4ecc35c"
0.0,37078335,2,18539167.5,18539167.5,18506480,18571855,46227.1,PushPop,:batch=238110af9cc6419c971e145625906a19 phase=decode requests=268bc1a668514718addc6aee590d0f20
0.0,37078228,2,18539114.0,18539114.0,18507574,18570654,44604.3,PushPop,":batch=ea3958e77a154503b836340e9e9ce415 phase=decode requests=dfa53ed7b1db427c979733175e83eed5,1b90b5029a8e4095a0953f707b492bc0,2b642560cfbc46a3b415e89ad3a03675,1d3635c1d1b8417da02febe5bb56858c"
0.0,37077122,2,18538561.0,18538561.0,18497426,18579696,58173.7,PushPop,:batch=cbfbfa43b549425cafb106987795b74f phase=decode requests=f613ba29e5e3458d8e63b0275b98ac68
0.0,37076491,2,18538245.5,18538245.5,18508432,18568059,42162.7,PushPop,:batch=ac2b2e79271d453895b7eff07341c9d7 phase=decode requests=e6255778e8534404ac5ca8451b4d8752
0.0,37076266,2,18538133.0,18538133.0,18516460,18559806,30650.3,PushPop,":batch=20b267e15bf0461681886645983532f0 phase=decode requests=1811f6ebf58e4b0ea2292b35146cd35f,612ab6a155ee43be83ea6696bd5b8b7f,04a26fdd847647a5a094bbafb63bc469,5f8f2308efff494a9a6a2fa3d4ecc35c"
0.0,37075104,2,18537552.0,18537552.0,18507820,18567284,42047.4,PushPop,:batch=51513ec711ac4c65a316183d5c25b865 phase=decode requests=e6255778e8534404ac5ca8451b4d8752
0.0,37075036,2,18537518.0,18537518.0,18487738,18587298,70399.6,PushPop,:batch=426d39145ecd48b586a0623ce1e2d3d9 phase=decode requests=25de90a8b4234cdd9f459bf44de5f72b
0.0,37075012,2,18537506.0,18537506.0,18510822,18564190,37736.9,PushPop,":batch=fdb2b7eb991e4c2886010b68a876b3ba phase=decode requests=1811f6ebf58e4b0ea2292b35146cd35f,612ab6a155ee43be83ea6696bd5b8b7f,04a26fdd847647a5a094bbafb63bc469,5f8f2308efff494a9a6a2fa3d4ecc35c"
0.0,37073730,2,18536865.0,18536865.0,18513228,18560502,33427.8,PushPop,:batch=be62cb8d9ec64ac3b560da9a16bb89b5 phase=decode requests=f613ba29e5e3458d8e63b0275b98ac68
0.0,37072311,2,18536155.5,18536155.5,18507010,18565301,41218.0,PushPop,":batch=a318a88a6f8d4778a189e423ceee1ac8 phase=decode requests=dfa53ed7b1db427c979733175e83eed5,1b90b5029a8e4095a0953f707b492bc0,2b642560cfbc46a3b415e89ad3a03675,1d3635c1d1b8417da02febe5bb56858c"
0.0,37071672,2,18535836.0,18535836.0,18498595,18573077,52666.7,PushPop,":batch=62f22d8b8032444cbc7908f63d6d0b27 phase=decode requests=dfa53ed7b1db427c979733175e83eed5,1b90b5029a8e4095a0953f707b492bc0,2b642560cfbc46a3b415e89ad3a03675,1d3635c1d1b8417da02febe5bb56858c"
0.0,37071222,2,18535611.0,18535611.0,18510406,18560816,35645.3,PushPop,:batch=a3f2d87aebc9458fa0c5925ae12d533c phase=decode requests=25de90a8b4234cdd9f459bf44de5f72b
0.0,37070694,2,18535347.0,18535347.0,18493954,18576740,58538.5,PushPop,":batch=fae5b6cae22c4375889b9b7d5190099a phase=decode requests=dfa53ed7b1db427c979733175e83eed5,1b90b5029a8e4095a0953f707b492bc0,2b642560cfbc46a3b415e89ad3a03675,1d3635c1d1b8417da02febe5bb56858c"
0.0,37070312,2,18535156.0,18535156.0,18507756,18562556,38749.5,PushPop,":batch=c90f8bbff57440b994d9373f4950593a phase=decode requests=1811f6ebf58e4b0ea2292b35146cd35f,612ab6a155ee43be83ea6696bd5b8b7f,04a26fdd847647a5a094bbafb63bc469,5f8f2308efff494a9a6a2fa3d4ecc35c"
0.0,37069554,2,18534777.0,18534777.0,18508267,18561287,37490.8,PushPop,:batch=a8d52b927a0f43f78cfe952cd8316180 phase=decode requests=f613ba29e5e3458d8e63b0275b98ac68
0.0,37068470,2,18534235.0,18534235.0,18516685,18551785,24819.4,PushPop,":batch=d0214aafa9ee47e3984bc81041eb8357 phase=decode requests=1811f6ebf58e4b0ea2292b35146cd35f,612ab6a155ee43be83ea6696bd5b8b7f,04a26fdd847647a5a094bbafb63bc469,5f8f2308efff494a9a6a2fa3d4ecc35c"
0.0,37068155,2,18534077.5,18534077.5,18501204,18566951,46490.1,PushPop,":batch=e6111fbf9c7146e89c2b2f48453222d7 phase=decode requests=dfa53ed7b1db427c979733175e83eed5,1b90b5029a8e4095a0953f707b492bc0,2b642560cfbc46a3b415e89ad3a03675,1d3635c1d1b8417da02febe5bb56858c"
0.0,37068069,2,18534034.5,18534034.5,18497075,18570994,52268.6,PushPop,":batch=631d28c9d0434f10bb76dfbfeb684bab phase=decode requests=dfa53ed7b1db427c979733175e83eed5,1b90b5029a8e4095a0953f707b492bc0,2b642560cfbc46a3b415e89ad3a03675,1d3635c1d1b8417da02febe5bb56858c"
0.0,37067261,2,18533630.5,18533630.5,18493448,18573813,56826.6,PushPop,:batch=9854eb499d9341ad9aa4c066146d1951 phase=decode requests=268bc1a668514718addc6aee590d0f20
0.0,37066849,2,18533424.5,18533424.5,18501100,18565749,45713.7,PushPop,":batch=aa0b5f96c7dc4ed48a22bf248bec9b64 phase=decode requests=dfa53ed7b1db427c979733175e83eed5,1b90b5029a8e4095a0953f707b492bc0,2b642560cfbc46a3b415e89ad3a03675,1d3635c1d1b8417da02febe5bb56858c"
0.0,37065719,2,18532859.5,18532859.5,18509272,18556447,33357.8,PushPop,:batch=e1e875d1c71846969486ccaedfda368d phase=decode requests=f613ba29e5e3458d8e63b0275b98ac68
0.0,37065294,2,18532647.0,18532647.0,18496856,18568438,50616.1,PushPop,":batch=8ba2107fee6d4f828850437e5341638a phase=decode requests=dfa53ed7b1db427c979733175e83eed5,1b90b5029a8e4095a0953f707b492bc0,2b642560cfbc46a3b415e89ad3a03675,1d3635c1d1b8417da02febe5bb56858c"
0.0,37064656,2,18532328.0,18532328.0,18501113,18563543,44144.7,PushPop,:batch=2c1c212950994629ac0799d655b3e3bf phase=decode requests=f613ba29e5e3458d8e63b0275b98ac68
0.0,37064019,2,18532009.5,18532009.5,18500277,18563742,44876.5,PushPop,":batch=6eeedbfaf99848e9ba4e06f6fc3dd5cb phase=decode requests=dfa53ed7b1db427c979733175e83eed5,1b90b5029a8e4095a0953f707b492bc0,2b642560cfbc46a3b415e89ad3a03675,1d3635c1d1b8417da02febe5bb56858c"
0.0,37063965,2,18531982.5,18531982.5,18522025,18541940,14082.0,PushPop,":batch=6133d5bf05f74330b9c0331d16dc565b phase=decode requests=1811f6ebf58e4b0ea2292b35146cd35f,612ab6a155ee43be83ea6696bd5b8b7f,04a26fdd847647a5a094bbafb63bc469,5f8f2308efff494a9a6a2fa3d4ecc35c"
0.0,37063865,2,18531932.5,18531932.5,18502319,18561546,41879.8,PushPop,:batch=6766ac19db914e2fb4b19da907a22248 phase=decode requests=e6255778e8534404ac5ca8451b4d8752
0.0,37062436,2,18531218.0,18531218.0,18491437,18570999,56258.8,PushPop,":batch=16d0d1f9f7574f0587591383b4ea01f6 phase=decode requests=dfa53ed7b1db427c979733175e83eed5,1b90b5029a8e4095a0953f707b492bc0,2b642560cfbc46a3b415e89ad3a03675,1d3635c1d1b8417da02febe5bb56858c"
0.0,37062365,2,18531182.5,18531182.5,18492577,18569788,54596.4,PushPop,:batch=70a3b7f42c3144c8a1828de560985185 phase=decode requests=268bc1a668514718addc6aee590d0f20
0.0,37061791,2,18530895.5,18530895.5,18506764,18555027,34127.1,PushPop,:batch=94bfd1feba774309afb43f2ba136e63e phase=decode requests=e6255778e8534404ac5ca8451b4d8752
0.0,37061718,2,18530859.0,18530859.0,18504078,18557640,37874.1,PushPop,:batch=e5169a17261c43fc880d6375f845a725 phase=decode requests=e6255778e8534404ac5ca8451b4d8752
0.0,37060925,2,18530462.5,18530462.5,18501748,18559177,40608.4,PushPop,:batch=310f0e74afbc4f808596d26818391add phase=decode requests=f613ba29e5e3458d8e63b0275b98ac68
0.0,37059724,2,18529862.0,18529862.0,18497279,18562445,46079.3,PushPop,:batch=154347c5afbe4d0b89f66dcb8f9f0bbd phase=decode requests=268bc1a668514718addc6aee590d0f20
0.0,37059684,2,18529842.0,18529842.0,18505497,18554187,34429.0,PushPop,:batch=8f7eb339435942fabdf3a1016919c651 phase=decode requests=f613ba29e5e3458d8e63b0275b98ac68
0.0,37059158,2,18529579.0,18529579.0,18500866,18558292,40606.3,PushPop,:batch=bd2b43f578b54e19b838f0e102d7f9b3 phase=decode requests=e6255778e8534404ac5ca8451b4d8752
0.0,37055850,2,18527925.0,18527925.0,18504692,18551158,32856.4,PushPop,:batch=5ea59e01841246e98c97e4bd967ce7d0 phase=decode requests=f613ba29e5e3458d8e63b0275b98ac68
0.0,37055830,2,18527915.0,18527915.0,18486780,18569050,58173.7,PushPop,":batch=55fc5a7c841d438bba3a1b3e50935e17 phase=decode requests=1811f6ebf58e4b0ea2292b35146cd35f,612ab6a155ee43be83ea6696bd5b8b7f,04a26fdd847647a5a094bbafb63bc469,5f8f2308efff494a9a6a2fa3d4ecc35c"
0.0,37055291,2,18527645.5,18527645.5,18513265,18542026,20337.1,PushPop,":batch=4c858994bb304356bb94519152f2e0c7 phase=decode requests=1811f6ebf58e4b0ea2292b35146cd35f,612ab6a155ee43be83ea6696bd5b8b7f,04a26fdd847647a5a094bbafb63bc469,5f8f2308efff494a9a6a2fa3d4ecc35c"
0.0,37054025,2,18527012.5,18527012.5,18491029,18562996,50888.4,PushPop,:batch=ac752c6ae00b4913be1ce63ded3f26da phase=decode requests=e6255778e8534404ac5ca8451b4d8752
0.0,37053410,2,18526705.0,18526705.0,18505756,18547654,29626.4,PushPop,":batch=ca3149166fdd4d52a4450d1b052f4372 phase=decode requests=dfa53ed7b1db427c979733175e83eed5,1b90b5029a8e4095a0953f707b492bc0,2b642560cfbc46a3b415e89ad3a03675,1d3635c1d1b8417da02febe5bb56858c"
0.0,37053303,2,18526651.5,18526651.5,18501272,18552031,35892.0,PushPop,":batch=9f5c67393860499ebf4c758fdf8fbb8b phase=decode requests=1811f6ebf58e4b0ea2292b35146cd35f,612ab6a155ee43be83ea6696bd5b8b7f,04a26fdd847647a5a094bbafb63bc469,5f8f2308efff494a9a6a2fa3d4ecc35c"
0.0,37051927,2,18525963.5,18525963.5,18509842,18542085,22799.2,PushPop,":batch=e2189bf027eb4d15a90937d9c162236e phase=decode requests=1811f6ebf58e4b0ea2292b35146cd35f,612ab6a155ee43be83ea6696bd5b8b7f,04a26fdd847647a5a094bbafb63bc469,5f8f2308efff494a9a6a2fa3d4ecc35c"
0.0,37051795,2,18525897.5,18525897.5,18508194,18543601,25036.5,PushPop,":batch=3009bfbbc55546c7a3fbe12822c86e23 phase=decode requests=1811f6ebf58e4b0ea2292b35146cd35f,612ab6a155ee43be83ea6696bd5b8b7f,04a26fdd847647a5a094bbafb63bc469,5f8f2308efff494a9a6a2fa3d4ecc35c"
0.0,37051059,2,18525529.5,18525529.5,18496815,18554244,40608.4,PushPop,:batch=569d4af85d0f4843af1f7685adf27ba6 phase=decode requests=e6255778e8534404ac5ca8451b4d8752
0.0,37050595,2,18525297.5,18525297.5,18504771,18545824,29028.9,PushPop,:batch=91b7f37f8036453a9f3afc9340e0a471 phase=decode requests=e6255778e8534404ac5ca8451b4d8752
0.0,37050519,2,18525259.5,18525259.5,18496700,18553819,40389.2,PushPop,:batch=00b6e35e8afd452cb4e745d8e3f18ed9 phase=decode requests=e6255778e8534404ac5ca8451b4d8752
0.0,37049638,2,18524819.0,18524819.0,18495605,18554033,41314.8,PushPop,:batch=88a592c0d064445b9c0326882440aeaa phase=decode requests=e6255778e8534404ac5ca8451b4d8752
0.0,37049597,2,18524798.5,18524798.5,18473325,18576272,72794.5,PushPop,":batch=a984264e34b64bf0a811d2e986145337 phase=decode requests=dfa53ed7b1db427c979733175e83eed5,1b90b5029a8e4095a0953f707b492bc0,2b642560cfbc46a3b415e89ad3a03675,1d3635c1d1b8417da02febe5bb56858c"
0.0,37049342,2,18524671.0,18524671.0,18474881,18574461,70413.7,PushPop,":batch=138338c5dc76464cb9f8609268c2aeab phase=decode requests=dfa53ed7b1db427c979733175e83eed5,1b90b5029a8e4095a0953f707b492bc0,2b642560cfbc46a3b415e89ad3a03675,1d3635c1d1b8417da02febe5bb56858c"
0.0,37049151,2,18524575.5,18524575.5,18500217,18548934,34448.1,PushPop,":batch=331cce60ae7946e39e4d6facbcc712ed phase=decode requests=dfa53ed7b1db427c979733175e83eed5,1b90b5029a8e4095a0953f707b492bc0,2b642560cfbc46a3b415e89ad3a03675,1d3635c1d1b8417da02febe5bb56858c"
0.0,37047833,2,18523916.5,18523916.5,18489826,18558007,48211.2,PushPop,":batch=0f8efd7832f8425d8efe7e36f0af1106 phase=decode requests=1811f6ebf58e4b0ea2292b35146cd35f,612ab6a155ee43be83ea6696bd5b8b7f,04a26fdd847647a5a094bbafb63bc469,5f8f2308efff494a9a6a2fa3d4ecc35c"
0.0,37047567,2,18523783.5,18523783.5,18488096,18559471,50469.7,PushPop,":batch=cbffa537aebf4391926af1fb9af370f0 phase=decode requests=dfa53ed7b1db427c979733175e83eed5,1b90b5029a8e4095a0953f707b492bc0,2b642560cfbc46a3b415e89ad3a03675,1d3635c1d1b8417da02febe5bb56858c"
0.0,37047416,2,18523708.0,18523708.0,18501043,18546373,32053.2,PushPop,":batch=51c78720a4224a84a8a65ffce3d93d30 phase=decode requests=dfa53ed7b1db427c979733175e83eed5,1b90b5029a8e4095a0953f707b492bc0,2b642560cfbc46a3b415e89ad3a03675,1d3635c1d1b8417da02febe5bb56858c"
0.0,37047178,2,18523589.0,18523589.0,18495332,18551846,39961.4,PushPop,":batch=3b360acd0bf847f1a704f2d1ffa4b905 phase=decode requests=1811f6ebf58e4b0ea2292b35146cd35f,612ab6a155ee43be83ea6696bd5b8b7f,04a26fdd847647a5a094bbafb63bc469,5f8f2308efff494a9a6a2fa3d4ecc35c"
0.0,37047153,2,18523576.5,18523576.5,18492979,18554174,43271.4,PushPop,:batch=304320e17a97426b8dcfce63ed8b71b0 phase=decode requests=e6255778e8534404ac5ca8451b4d8752
0.0,37046927,2,18523463.5,18523463.5,18503606,18543321,28082.7,PushPop,:batch=bdd11f979d9949abb49f1cb88ffdd197 phase=decode requests=e6255778e8534404ac5ca8451b4d8752
0.0,37046881,2,18523440.5,18523440.5,18500636,18546245,32250.4,PushPop,:batch=449b5c05b73e474c9de28676fe2a909d phase=decode requests=e6255778e8534404ac5ca8451b4d8752
0.0,37046706,2,18523353.0,18523353.0,18498148,18548558,35645.3,PushPop,":batch=002861d4f3f54b368c9d0f2cd7d2a9ca phase=decode requests=1811f6ebf58e4b0ea2292b35146cd35f,612ab6a155ee43be83ea6696bd5b8b7f,04a26fdd847647a5a094bbafb63bc469,5f8f2308efff494a9a6a2fa3d4ecc35c"
0.0,37046313,2,18523156.5,18523156.5,18495291,18551022,39407.8,PushPop,:batch=eaecb57df43c40d3884872136b2d176f phase=decode requests=f613ba29e5e3458d8e63b0275b98ac68
0.0,37046261,2,18523130.5,18523130.5,18488850,18557411,48479.9,PushPop,:batch=0caaf0962eeb459d84a529b3f9b7cb68 phase=decode requests=25de90a8b4234cdd9f459bf44de5f72b
0.0,37045418,2,18522709.0,18522709.0,18489261,18556157,47302.6,PushPop,":batch=06f7dbf1852a438bab36d59312afc629 phase=decode requests=1811f6ebf58e4b0ea2292b35146cd35f,612ab6a155ee43be83ea6696bd5b8b7f,04a26fdd847647a5a094bbafb63bc469,5f8f2308efff494a9a6a2fa3d4ecc35c"
0.0,37044328,2,18522164.0,18522164.0,18507190,18537138,21176.4,PushPop,:batch=1f7ba4f0d5154d289a2a3a2cb9a83004 phase=decode requests=f613ba29e5e3458d8e63b0275b98ac68
0.0,37044275,2,18522137.5,18522137.5,18491705,18552570,43038.1,PushPop,:batch=fb9bd12945e0455bad60639e071829f5 phase=decode requests=e6255778e8534404ac5ca8451b4d8752
0.0,37044227,2,18522113.5,18522113.5,18477195,18567032,63524.4,PushPop,":batch=a073e55090404061bcebd31f54b077e7 phase=decode requests=1811f6ebf58e4b0ea2292b35146cd35f,612ab6a155ee43be83ea6696bd5b8b7f,04a26fdd847647a5a094bbafb63bc469,5f8f2308efff494a9a6a2fa3d4ecc35c"
0.0,37043697,2,18521848.5,18521848.5,18504386,18539311,24695.7,PushPop,:batch=62adfd3d84f249919077410db9d6bbc7 phase=decode requests=f613ba29e5e3458d8e63b0275b98ac68
0.0,37043454,2,18521727.0,18521727.0,18503157,18540297,26261.9,PushPop,:batch=08f2b792686a4e6bb0bc7f16c020ce39 phase=decode requests=e6255778e8534404ac5ca8451b4d8752
0.0,37043116,2,18521558.0,18521558.0,18489693,18553423,45063.9,PushPop,:batch=4d1cd87d3a874ab5bddb6babef205360 phase=decode requests=25de90a8b4234cdd9f459bf44de5f72b
0.0,37042067,2,18521033.5,18521033.5,18508897,18533170,17163.6,PushPop,:batch=d47cf6ef503c456e808018abc2b2ffab phase=decode requests=f613ba29e5e3458d8e63b0275b98ac68
0.0,37041201,2,18520600.5,18520600.5,18483750,18557451,52114.5,PushPop,:batch=76f954f633e14ee99bf9ddaaf49df32e phase=decode requests=f613ba29e5e3458d8e63b0275b98ac68
0.0,37040978,2,18520489.0,18520489.0,18481089,18559889,55720.0,PushPop,":batch=6413a7fea5c1494f919b0705370ac595 phase=decode requests=dfa53ed7b1db427c979733175e83eed5,1b90b5029a8e4095a0953f707b492bc0,2b642560cfbc46a3b415e89ad3a03675,1d3635c1d1b8417da02febe5bb56858c"
0.0,37040018,2,18520009.0,18520009.0,18492554,18547464,38827.2,PushPop,":batch=593664d8de034384a7b9ca2b7d77d597 phase=decode requests=dfa53ed7b1db427c979733175e83eed5,1b90b5029a8e4095a0953f707b492bc0,2b642560cfbc46a3b415e89ad3a03675,1d3635c1d1b8417da02febe5bb56858c"
0.0,37038836,2,18519418.0,18519418.0,18496178,18542658,32866.3,PushPop,":batch=86c1329b98ea4edfa75bbc926d096745 phase=decode requests=dfa53ed7b1db427c979733175e83eed5,1b90b5029a8e4095a0953f707b492bc0,2b642560cfbc46a3b415e89ad3a03675,1d3635c1d1b8417da02febe5bb56858c"
0.0,37038474,2,18519237.0,18519237.0,18504038,18534436,21494.6,PushPop,":batch=903961e82a14444ea0c406a74d132b45 phase=decode requests=1811f6ebf58e4b0ea2292b35146cd35f,612ab6a155ee43be83ea6696bd5b8b7f,04a26fdd847647a5a094bbafb63bc469,5f8f2308efff494a9a6a2fa3d4ecc35c"
0.0,37038174,2,18519087.0,18519087.0,18496168,18542006,32412.4,PushPop,:batch=6d1b5ddd780644acaf6316b766ce91d1 phase=decode requests=f613ba29e5e3458d8e63b0275b98ac68
0.0,37038154,2,18519077.0,18519077.0,18484273,18553881,49220.3,PushPop,":batch=f0fc8ba8a2c448d5aeb9b93dfffb16ee phase=decode requests=dfa53ed7b1db427c979733175e83eed5,1b90b5029a8e4095a0953f707b492bc0,2b642560cfbc46a3b415e89ad3a03675,1d3635c1d1b8417da02febe5bb56858c"
0.0,37036563,2,18518281.5,18518281.5,18488138,18548425,42629.3,PushPop,:batch=1d764b56f11141e8b610cd5361db958e phase=decode requests=e6255778e8534404ac5ca8451b4d8752
0.0,37036519,2,18518259.5,18518259.5,18495209,18541310,32598.3,PushPop,:batch=858fef55d2624ad78d6b6a4b5e13a0cc phase=decode requests=268bc1a668514718addc6aee590d0f20
0.0,37036230,2,18518115.0,18518115.0,18473342,18562888,63318.6,PushPop,:batch=8cb2dc826a9047eba5c1cd18c6e330bd phase=decode requests=f613ba29e5e3458d8e63b0275b98ac68
0.0,37035093,2,18517546.5,18517546.5,18471829,18563264,64654.3,PushPop,:batch=9188bc3383aa4d848d6d43cfb2dff203 phase=decode requests=f613ba29e5e3458d8e63b0275b98ac68
0.0,37034532,2,18517266.0,18517266.0,18480838,18553694,51517.0,PushPop,":batch=3738b0f0282b40d8bf5349b976b69fad phase=decode requests=1811f6ebf58e4b0ea2292b35146cd35f,612ab6a155ee43be83ea6696bd5b8b7f,04a26fdd847647a5a094bbafb63bc469,5f8f2308efff494a9a6a2fa3d4ecc35c"
0.0,37034224,2,18517112.0,18517112.0,18497627,18536597,27556.0,PushPop,:batch=5cdc567d87dd4f2cb80f23b65a9a741f phase=decode requests=f613ba29e5e3458d8e63b0275b98ac68
0.0,37034123,2,18517061.5,18517061.5,18488913,18545210,39808.0,PushPop,:batch=3f28aacf90c0456aafedce372273bc72 phase=decode requests=e6255778e8534404ac5ca8451b4d8752
0.0,37033290,2,18516645.0,18516645.0,18477174,18556116,55820.4,PushPop,":batch=a49097b5760747f3b8376fd6f9735215 phase=decode requests=dfa53ed7b1db427c979733175e83eed5,1b90b5029a8e4095a0953f707b492bc0,2b642560cfbc46a3b415e89ad3a03675,1d3635c1d1b8417da02febe5bb56858c"
0.0,37032957,2,18516478.5,18516478.5,18492457,18540500,33971.5,PushPop,":batch=f7d68c9da69f47ad87da8635d741a624 phase=decode requests=1811f6ebf58e4b0ea2292b35146cd35f,612ab6a155ee43be83ea6696bd5b8b7f,04a26fdd847647a5a094bbafb63bc469,5f8f2308efff494a9a6a2fa3d4ecc35c"
0.0,37031942,2,18515971.0,18515971.0,18499549,18532393,23224.2,PushPop,:batch=5239d0506677427fb467dc515a3ac294 phase=decode requests=e6255778e8534404ac5ca8451b4d8752
0.0,37031623,2,18515811.5,18515811.5,18493334,18538289,31788.0,PushPop,:batch=ce812a1b9cdb44dc976f8fa48756f60b phase=decode requests=f613ba29e5e3458d8e63b0275b98ac68
0.0,37030599,2,18515299.5,18515299.5,18479802,18550797,50201.0,PushPop,":batch=2a04340dd16e4dfaa685594a3b688130 phase=decode requests=dfa53ed7b1db427c979733175e83eed5,1b90b5029a8e4095a0953f707b492bc0,2b642560cfbc46a3b415e89ad3a03675,1d3635c1d1b8417da02febe5bb56858c"
0.0,37029329,2,18514664.5,18514664.5,18488479,18540850,37031.9,PushPop,":batch=6770ba443ebd468086c91082eda3960e phase=decode requests=dfa53ed7b1db427c979733175e83eed5,1b90b5029a8e4095a0953f707b492bc0,2b642560cfbc46a3b415e89ad3a03675,1d3635c1d1b8417da02febe5bb56858c"
0.0,37029274,2,18514637.0,18514637.0,18455875,18573399,83102.0,PushPop,:batch=99b3941ba58b47128757bf560f98e83b phase=decode requests=e6255778e8534404ac5ca8451b4d8752
0.0,37029113,2,18514556.5,18514556.5,18489617,18539496,35269.8,PushPop,:batch=db6462173d064718a413b4e1de414707 phase=decode requests=f613ba29e5e3458d8e63b0275b98ac68
0.0,37029042,2,18514521.0,18514521.0,18465188,18563854,69767.4,PushPop,:batch=d338ab88caf942c5bb36afa46064f0e8 phase=decode requests=e6255778e8534404ac5ca8451b4d8752
0.0,37029016,2,18514508.0,18514508.0,18493038,18535978,30363.2,PushPop,:batch=e3ad56ff4dac426ca62c054ba82458a1 phase=decode requests=f613ba29e5e3458d8e63b0275b98ac68
0.0,37028998,2,18514499.0,18514499.0,18479230,18549768,49877.9,PushPop,":batch=2699f791e6874ce98b020ae47bdf74d2 phase=decode requests=dfa53ed7b1db427c979733175e83eed5,1b90b5029a8e4095a0953f707b492bc0,2b642560cfbc46a3b415e89ad3a03675,1d3635c1d1b8417da02febe5bb56858c"
0.0,37028048,2,18514024.0,18514024.0,18484867,18543181,41234.2,PushPop,":batch=97b59e78dfa94bd2b7c4efb20538b4d3 phase=decode requests=1811f6ebf58e4b0ea2292b35146cd35f,612ab6a155ee43be83ea6696bd5b8b7f,04a26fdd847647a5a094bbafb63bc469,5f8f2308efff494a9a6a2fa3d4ecc35c"
0.0,37027996,2,18513998.0,18513998.0,18487153,18540843,37964.6,PushPop,:batch=6da51beec16442a5846686a1881c6551 phase=decode requests=e6255778e8534404ac5ca8451b4d8752
0.0,37027273,2,18513636.5,18513636.5,18476775,18550498,52130.0,PushPop,":batch=484a2a2bf9fb4bb3873032917a7af378 phase=decode requests=dfa53ed7b1db427c979733175e83eed5,1b90b5029a8e4095a0953f707b492bc0,2b642560cfbc46a3b415e89ad3a03675,1d3635c1d1b8417da02febe5bb56858c"
0.0,37027009,2,18513504.5,18513504.5,18486152,18540857,38682.3,PushPop,:batch=0d01f8b912f24db98d11aa3467e4bb0b phase=decode requests=f613ba29e5e3458d8e63b0275b98ac68
0.0,37026840,2,18513420.0,18513420.0,18488391,18538449,35396.4,PushPop,":batch=7491dc44e36e4dac865c067281665ba9 phase=decode requests=1811f6ebf58e4b0ea2292b35146cd35f,612ab6a155ee43be83ea6696bd5b8b7f,04a26fdd847647a5a094bbafb63bc469,5f8f2308efff494a9a6a2fa3d4ecc35c"
0.0,37026207,2,18513103.5,18513103.5,18480829,18545378,45643.0,PushPop,:batch=cd86521a52f446038bf86d42e4a100a4 phase=decode requests=e6255778e8534404ac5ca8451b4d8752
0.0,37026128,2,18513064.0,18513064.0,18467265,18558863,64769.6,PushPop,":batch=22fcb8607d8b47549f695a4b96e4ec06 phase=decode requests=dfa53ed7b1db427c979733175e83eed5,1b90b5029a8e4095a0953f707b492bc0,2b642560cfbc46a3b415e89ad3a03675,1d3635c1d1b8417da02febe5bb56858c"
0.0,37025693,2,18512846.5,18512846.5,18481526,18544167,44293.9,PushPop,":batch=f0dd65926b6e4fe1a465fd50efd44e7e phase=decode requests=dfa53ed7b1db427c979733175e83eed5,1b90b5029a8e4095a0953f707b492bc0,2b642560cfbc46a3b415e89ad3a03675,1d3635c1d1b8417da02febe5bb56858c"
0.0,37024991,2,18512495.5,18512495.5,18497803,18527188,20778.3,PushPop,:batch=8d22f80c85d64bf7853356074f093fbd phase=decode requests=e6255778e8534404ac5ca8451b4d8752
0.0,37023244,2,18511622.0,18511622.0,18479378,18543866,45599.9,PushPop,:batch=6bf881fb616f427b8fbe83e57de628ac phase=decode requests=e6255778e8534404ac5ca8451b4d8752
0.0,37021947,2,18510973.5,18510973.5,18482531,18539416,40223.8,PushPop,:batch=00a974fe6c964031995efca4eca4a925 phase=decode requests=e6255778e8534404ac5ca8451b4d8752
0.0,37020881,2,18510440.5,18510440.5,18480617,18540264,42176.8,PushPop,:batch=f806c2d50b7246cc9abe980e34c84167 phase=decode requests=268bc1a668514718addc6aee590d0f20
0.0,37020796,2,18510398.0,18510398.0,18484182,18536614,37075.0,PushPop,:batch=995de70078b544e2a55c5f7ff44fc93e phase=decode requests=e6255778e8534404ac5ca8451b4d8752
0.0,37020386,2,18510193.0,18510193.0,18487266,18533120,32423.7,PushPop,":batch=f0895e4da2ec4529b362df8b1ad50871 phase=decode requests=1811f6ebf58e4b0ea2292b35146cd35f,612ab6a155ee43be83ea6696bd5b8b7f,04a26fdd847647a5a094bbafb63bc469,5f8f2308efff494a9a6a2fa3d4ecc35c"
0.0,37020352,2,18510176.0,18510176.0,18483204,18537148,38144.2,PushPop,":batch=3a935dc6614144d5b82df8f70133f110 phase=decode requests=1811f6ebf58e4b0ea2292b35146cd35f,612ab6a155ee43be83ea6696bd5b8b7f,04a26fdd847647a5a094bbafb63bc469,5f8f2308efff494a9a6a2fa3d4ecc35c"
0.0,37019715,2,18509857.5,18509857.5,18472728,18546987,52509.0,PushPop,:batch=3b8f9abf1676435cb0564938a76e27c6 phase=decode requests=25de90a8b4234cdd9f459bf44de5f72b
0.0,37019596,2,18509798.0,18509798.0,18481646,18537950,39812.9,PushPop,:batch=3e765090957e48569346f4f4c020d1a4 phase=decode requests=e6255778e8534404ac5ca8451b4d8752
0.0,37018866,2,18509433.0,18509433.0,18491258,18527608,25703.3,PushPop,:batch=423d367dbd05464f9acc5486794b1e41 phase=decode requests=268bc1a668514718addc6aee590d0f20
0.0,37018714,2,18509357.0,18509357.0,18480498,18538216,40812.8,PushPop,":batch=3c932642d8ca4349ae8d3d830ecd4928 phase=decode requests=1811f6ebf58e4b0ea2292b35146cd35f,612ab6a155ee43be83ea6696bd5b8b7f,04a26fdd847647a5a094bbafb63bc469,5f8f2308efff494a9a6a2fa3d4ecc35c"
0.0,37018628,2,18509314.0,18509314.0,18498356,18520272,15497.0,PushPop,":batch=b0d2731c65f34a5c883494bd9d81fa63 phase=decode requests=dfa53ed7b1db427c979733175e83eed5,1b90b5029a8e4095a0953f707b492bc0,2b642560cfbc46a3b415e89ad3a03675,1d3635c1d1b8417da02febe5bb56858c"
0.0,37018447,2,18509223.5,18509223.5,18479446,18539001,42111.7,PushPop,":batch=d773db7ad795407fa339b5ba6ebd0e98 phase=decode requests=1811f6ebf58e4b0ea2292b35146cd35f,612ab6a155ee43be83ea6696bd5b8b7f,04a26fdd847647a5a094bbafb63bc469,5f8f2308efff494a9a6a2fa3d4ecc35c"
0.0,37017677,2,18508838.5,18508838.5,18490954,18526723,25292.5,PushPop,":batch=eb35367b308744fba861a2e454a36391 phase=decode requests=dfa53ed7b1db427c979733175e83eed5,1b90b5029a8e4095a0953f707b492bc0,2b642560cfbc46a3b415e89ad3a03675,1d3635c1d1b8417da02febe5bb56858c"
0.0,37017198,2,18508599.0,18508599.0,18478447,18538751,42641.4,PushPop,":batch=b359dd79377449419778cc0f43504174 phase=decode requests=1811f6ebf58e4b0ea2292b35146cd35f,612ab6a155ee43be83ea6696bd5b8b7f,04a26fdd847647a5a094bbafb63bc469,5f8f2308efff494a9a6a2fa3d4ecc35c"
0.0,37016817,2,18508408.5,18508408.5,18491480,18525337,23940.5,PushPop,":batch=17cb2c92f7564794a9e16981e7283700 phase=decode requests=1811f6ebf58e4b0ea2292b35146cd35f,612ab6a155ee43be83ea6696bd5b8b7f,04a26fdd847647a5a094bbafb63bc469,5f8f2308efff494a9a6a2fa3d4ecc35c"
0.0,37016475,2,18508237.5,18508237.5,18488538,18527937,27859.3,PushPop,:batch=8644d6ec5978419ca3cf24bccd0225bd phase=decode requests=e6255778e8534404ac5ca8451b4d8752
0.0,37015548,2,18507774.0,18507774.0,18483781,18531767,33931.2,PushPop,":batch=ca22263407a34adebc30ddaf0ed2fd27 phase=decode requests=1811f6ebf58e4b0ea2292b35146cd35f,612ab6a155ee43be83ea6696bd5b8b7f,04a26fdd847647a5a094bbafb63bc469,5f8f2308efff494a9a6a2fa3d4ecc35c"
0.0,37015048,2,18507524.0,18507524.0,18469594,18545454,53641.1,PushPop,:batch=89f3ad0437754698a39341125b8295e7 phase=decode requests=e6255778e8534404ac5ca8451b4d8752
0.0,37014826,2,18507413.0,18507413.0,18475305,18539521,45407.6,PushPop,:batch=e0b1c38ac316438e800b1d3883541371 phase=decode requests=e6255778e8534404ac5ca8451b4d8752
0.0,37014111,2,18507055.5,18507055.5,18477627,18536484,41618.2,PushPop,:batch=41848094f2794b09a26e0b228794304d phase=decode requests=f613ba29e5e3458d8e63b0275b98ac68
0.0,37013722,2,18506861.0,18506861.0,18481251,18532471,36218.0,PushPop,":batch=a3e655d81a814a0bb1ff0a2de1461cc9 phase=decode requests=1811f6ebf58e4b0ea2292b35146cd35f,612ab6a155ee43be83ea6696bd5b8b7f,04a26fdd847647a5a094bbafb63bc469,5f8f2308efff494a9a6a2fa3d4ecc35c"
0.0,37011909,2,18505954.5,18505954.5,18471492,18540417,48737.3,PushPop,":batch=1ae35e39b88a45ee94ccdae87a55f745 phase=decode requests=dfa53ed7b1db427c979733175e83eed5,1b90b5029a8e4095a0953f707b492bc0,2b642560cfbc46a3b415e89ad3a03675,1d3635c1d1b8417da02febe5bb56858c"
0.0,37011803,2,18505901.5,18505901.5,18469638,18542165,51284.3,PushPop,:batch=2b1eff58522c4f90a253a46bddf847fa phase=decode requests=e6255778e8534404ac5ca8451b4d8752
0.0,37011729,2,18505864.5,18505864.5,18474745,18536984,44009.6,PushPop,":batch=420cc6b5dec04158a3af65c448018ac9 phase=decode requests=dfa53ed7b1db427c979733175e83eed5,1b90b5029a8e4095a0953f707b492bc0,2b642560cfbc46a3b415e89ad3a03675,1d3635c1d1b8417da02febe5bb56858c"
0.0,37011480,2,18505740.0,18505740.0,18487567,18523913,25700.5,PushPop,:batch=c406e92801504ef1b1f237d7b99f3bc4 phase=decode requests=f613ba29e5e3458d8e63b0275b98ac68
0.0,37010856,2,18505428.0,18505428.0,18466124,18544732,55584.2,PushPop,":batch=273f887be30f4bde8a8320319d4055a6 phase=decode requests=dfa53ed7b1db427c979733175e83eed5,1b90b5029a8e4095a0953f707b492bc0,2b642560cfbc46a3b415e89ad3a03675,1d3635c1d1b8417da02febe5bb56858c"
0.0,37010802,2,18505401.0,18505401.0,18478906,18531896,37469.6,PushPop,:batch=a6061b2b03c04300bbed285216e2645f phase=decode requests=e6255778e8534404ac5ca8451b4d8752
0.0,37010794,2,18505397.0,18505397.0,18471076,18539718,48537.2,PushPop,":batch=10181a4332f5449187bf5cab62492e94 phase=decode requests=1811f6ebf58e4b0ea2292b35146cd35f,612ab6a155ee43be83ea6696bd5b8b7f,04a26fdd847647a5a094bbafb63bc469,5f8f2308efff494a9a6a2fa3d4ecc35c"
0.0,37010379,2,18505189.5,18505189.5,18453311,18557068,73367.3,PushPop,":batch=559a43423a354a4bba992223461c2d28 phase=decode requests=1811f6ebf58e4b0ea2292b35146cd35f,612ab6a155ee43be83ea6696bd5b8b7f,04a26fdd847647a5a094bbafb63bc469,5f8f2308efff494a9a6a2fa3d4ecc35c"
0.0,37009914,2,18504957.0,18504957.0,18487013,18522901,25376.6,PushPop,:batch=8e2518c8edf84a4a964c2a9ed233f43c phase=decode requests=e6255778e8534404ac5ca8451b4d8752
0.0,37009736,2,18504868.0,18504868.0,18488684,18521052,22887.6,PushPop,":batch=2c7825d9a55740a98fb79602d17a7e92 phase=decode requests=1811f6ebf58e4b0ea2292b35146cd35f,612ab6a155ee43be83ea6696bd5b8b7f,04a26fdd847647a5a094bbafb63bc469,5f8f2308efff494a9a6a2fa3d4ecc35c"
0.0,37009725,2,18504862.5,18504862.5,18462818,18546907,59459.9,PushPop,":batch=a5d5cafe6f8348d3b3845e8319448683 phase=decode requests=dfa53ed7b1db427c979733175e83eed5,1b90b5029a8e4095a0953f707b492bc0,2b642560cfbc46a3b415e89ad3a03675,1d3635c1d1b8417da02febe5bb56858c"
0.0,37009379,2,18504689.5,18504689.5,18465920,18543459,54828.4,PushPop,":batch=5e4d9d5deb884ee7b70659f24dd330fb phase=decode requests=dfa53ed7b1db427c979733175e83eed5,1b90b5029a8e4095a0953f707b492bc0,2b642560cfbc46a3b415e89ad3a03675,1d3635c1d1b8417da02febe5bb56858c"
0.0,37009336,2,18504668.0,18504668.0,18488802,18520534,22437.9,PushPop,":batch=b00a556ebf2c4dd2ab14a857e609486a phase=decode requests=1811f6ebf58e4b0ea2292b35146cd35f,612ab6a155ee43be83ea6696bd5b8b7f,04a26fdd847647a5a094bbafb63bc469,5f8f2308efff494a9a6a2fa3d4ecc35c"
0.0,37008798,2,18504399.0,18504399.0,18474433,18534365,42378.3,PushPop,:batch=9b9375f30ae0473d8c347b16b8a44054 phase=decode requests=f613ba29e5e3458d8e63b0275b98ac68
0.0,37008475,2,18504237.5,18504237.5,18481632,18526843,31969.0,PushPop,:batch=2380414cef814e6fb71adf1b4ede488c phase=decode requests=268bc1a668514718addc6aee590d0f20
0.0,37008182,2,18504091.0,18504091.0,18464376,18543806,56165.5,PushPop,:batch=8dc7d1a113f847d1ab076a2fcee0dc4f phase=decode requests=f613ba29e5e3458d8e63b0275b98ac68
0.0,37007914,2,18503957.0,18503957.0,18487611,18520303,23116.7,PushPop,:batch=21b4996f48994862afdd6373dfcfb145 phase=decode requests=268bc1a668514718addc6aee590d0f20
0.0,37007589,2,18503794.5,18503794.5,18473814,18533775,42398.8,PushPop,":batch=0e274955e7ef49fe83986dc6cd027e9f phase=decode requests=dfa53ed7b1db427c979733175e83eed5,1b90b5029a8e4095a0953f707b492bc0,2b642560cfbc46a3b415e89ad3a03675,1d3635c1d1b8417da02febe5bb56858c"
0.0,37006286,2,18503143.0,18503143.0,18471464,18534822,44800.9,PushPop,":batch=b0061e0b3caf4b42bf66ebef115f5c22 phase=decode requests=dfa53ed7b1db427c979733175e83eed5,1b90b5029a8e4095a0953f707b492bc0,2b642560cfbc46a3b415e89ad3a03675,1d3635c1d1b8417da02febe5bb56858c"
0.0,37005874,2,18502937.0,18502937.0,18478683,18527191,34300.3,PushPop,:batch=8c0fe9d451fa41a695254ce12276e62a phase=decode requests=f613ba29e5e3458d8e63b0275b98ac68
0.0,37005500,2,18502750.0,18502750.0,18467147,18538353,50350.2,PushPop,:batch=a4a796ffd5ba4f77867104e421419a0f phase=decode requests=268bc1a668514718addc6aee590d0f20
0.0,37005357,2,18502678.5,18502678.5,18466988,18538369,50474.0,PushPop,:batch=1caaa4aa880c4833bd85af81ae6127ec phase=decode requests=25de90a8b4234cdd9f459bf44de5f72b
0.0,37005032,2,18502516.0,18502516.0,18453466,18551566,69367.2,PushPop,":batch=384b6a97934443189871a3ff5817e0f5 phase=decode requests=dfa53ed7b1db427c979733175e83eed5,1b90b5029a8e4095a0953f707b492bc0,2b642560cfbc46a3b415e89ad3a03675,1d3635c1d1b8417da02febe5bb56858c"
0.0,37004299,2,18502149.5,18502149.5,18477433,18526866,34954.4,PushPop,":batch=de1eed0defba40e0aa8ad64cbfadd667 phase=decode requests=1811f6ebf58e4b0ea2292b35146cd35f,612ab6a155ee43be83ea6696bd5b8b7f,04a26fdd847647a5a094bbafb63bc469,5f8f2308efff494a9a6a2fa3d4ecc35c"
0.0,37004165,2,18502082.5,18502082.5,18482638,18521527,27498.7,PushPop,":batch=12a7ac030a5e40a3b8b2f7183ac3500c phase=decode requests=1811f6ebf58e4b0ea2292b35146cd35f,612ab6a155ee43be83ea6696bd5b8b7f,04a26fdd847647a5a094bbafb63bc469,5f8f2308efff494a9a6a2fa3d4ecc35c"
0.0,37003930,2,18501965.0,18501965.0,18471947,18531983,42451.9,PushPop,:batch=6f2752cbbe3b4b129d3f5ec6a7466f02 phase=decode requests=e6255778e8534404ac5ca8451b4d8752
0.0,37003688,2,18501844.0,18501844.0,18484388,18519300,24686.5,PushPop,:batch=8f908e2afe1d45a2b25a20bdff2b5552 phase=decode requests=f613ba29e5e3458d8e63b0275b98ac68
0.0,37003437,2,18501718.5,18501718.5,18479370,18524067,31605.6,PushPop,:batch=82b7a570c97c4aa0a992c1ee54a82d4c phase=decode requests=f613ba29e5e3458d8e63b0275b98ac68
0.0,37003171,2,18501585.5,18501585.5,18457100,18546071,62912.0,PushPop,":batch=322bb5c22d344d35b1a98037c5f2b3fc phase=decode requests=dfa53ed7b1db427c979733175e83eed5,1b90b5029a8e4095a0953f707b492bc0,2b642560cfbc46a3b415e89ad3a03675,1d3635c1d1b8417da02febe5bb56858c"
0.0,37002963,2,18501481.5,18501481.5,18469819,18533144,44777.5,PushPop,":batch=5bdee63c43c240b6bcebfebe7f91eed1 phase=decode requests=dfa53ed7b1db427c979733175e83eed5,1b90b5029a8e4095a0953f707b492bc0,2b642560cfbc46a3b415e89ad3a03675,1d3635c1d1b8417da02febe5bb56858c"
0.0,37002689,2,18501344.5,18501344.5,18488929,18513760,17558.2,PushPop,":batch=2a7065632ebc4c7c87d307cfdd734400 phase=decode requests=1811f6ebf58e4b0ea2292b35146cd35f,612ab6a155ee43be83ea6696bd5b8b7f,04a26fdd847647a5a094bbafb63bc469,5f8f2308efff494a9a6a2fa3d4ecc35c"
0.0,37001913,2,18500956.5,18500956.5,18478520,18523393,31730.0,PushPop,:batch=f7c4e523bd8440e9854f7c205e0c5595 phase=decode requests=e6255778e8534404ac5ca8451b4d8752
0.0,37001633,2,18500816.5,18500816.5,18471290,18530343,41756.8,PushPop,":batch=c3b286482b08418e9ce9e3c0c5cff218 phase=decode requests=1811f6ebf58e4b0ea2292b35146cd35f,612ab6a155ee43be83ea6696bd5b8b7f,04a26fdd847647a5a094bbafb63bc469,5f8f2308efff494a9a6a2fa3d4ecc35c"
0.0,37001300,2,18500650.0,18500650.0,18458654,18542646,59391.3,PushPop,":batch=2b22fbe6e3854061ad7f073c53816baf phase=decode requests=1811f6ebf58e4b0ea2292b35146cd35f,612ab6a155ee43be83ea6696bd5b8b7f,04a26fdd847647a5a094bbafb63bc469,5f8f2308efff494a9a6a2fa3d4ecc35c"
0.0,37000956,2,18500478.0,18500478.0,18469669,18531287,43570.5,PushPop,":batch=e736750f5b904ec3bb62f491b9fabad6 phase=decode requests=dfa53ed7b1db427c979733175e83eed5,1b90b5029a8e4095a0953f707b492bc0,2b642560cfbc46a3b415e89ad3a03675,1d3635c1d1b8417da02febe5bb56858c"
0.0,37000783,2,18500391.5,18500391.5,18466777,18534006,47538.1,PushPop,":batch=8115dd28841d45deb314a6a26cb4cc4c phase=decode requests=dfa53ed7b1db427c979733175e83eed5,1b90b5029a8e4095a0953f707b492bc0,2b642560cfbc46a3b415e89ad3a03675,1d3635c1d1b8417da02febe5bb56858c"
0.0,37000542,2,18500271.0,18500271.0,18471935,18528607,40073.2,PushPop,":batch=67a65ed74d92488a9d896ec5e6c2709b phase=decode requests=dfa53ed7b1db427c979733175e83eed5,1b90b5029a8e4095a0953f707b492bc0,2b642560cfbc46a3b415e89ad3a03675,1d3635c1d1b8417da02febe5bb56858c"
0.0,37000519,2,18500259.5,18500259.5,18460228,18540291,56613.1,PushPop,:batch=a9a37f08b051438da5db464947fe3ce8 phase=decode requests=e6255778e8534404ac5ca8451b4d8752
0.0,37000471,2,18500235.5,18500235.5,18473873,18526598,37282.2,PushPop,":batch=bca42327f455447784e2d3a8b55475e7 phase=decode requests=1811f6ebf58e4b0ea2292b35146cd35f,612ab6a155ee43be83ea6696bd5b8b7f,04a26fdd847647a5a094bbafb63bc469,5f8f2308efff494a9a6a2fa3d4ecc35c"
0.0,37000262,2,18500131.0,18500131.0,18464225,18536037,50778.8,PushPop,:batch=28e194f9458b4780b1da2ef5f5a37a65 phase=decode requests=e6255778e8534404ac5ca8451b4d8752
0.0,37000068,2,18500034.0,18500034.0,18470326,18529742,42013.5,PushPop,:batch=1fd7c75400cc48009fa6e0e6970ada3e phase=decode requests=e6255778e8534404ac5ca8451b4d8752
0.0,37000042,2,18500021.0,18500021.0,18457837,18542205,59657.2,PushPop,":batch=bb8f367529e645298634651fd15c5d57 phase=decode requests=1811f6ebf58e4b0ea2292b35146cd35f,612ab6a155ee43be83ea6696bd5b8b7f,04a26fdd847647a5a094bbafb63bc469,5f8f2308efff494a9a6a2fa3d4ecc35c"
0.0,36999177,2,18499588.5,18499588.5,18466877,18532300,46261.0,PushPop,:batch=5cbbe49ff88d4742903f397627d8acc4 phase=decode requests=f613ba29e5e3458d8e63b0275b98ac68
0.0,36998944,2,18499472.0,18499472.0,18470659,18528285,40747.7,PushPop,":batch=cea5df6176144d688a5c052c031e9b9e phase=decode requests=1811f6ebf58e4b0ea2292b35146cd35f,612ab6a155ee43be83ea6696bd5b8b7f,04a26fdd847647a5a094bbafb63bc469,5f8f2308efff494a9a6a2fa3d4ecc35c"
0.0,36998358,2,18499179.0,18499179.0,18458021,18540337,58206.2,PushPop,":batch=e911146da8d84874afc1327feffeaf00 phase=decode requests=1811f6ebf58e4b0ea2292b35146cd35f,612ab6a155ee43be83ea6696bd5b8b7f,04a26fdd847647a5a094bbafb63bc469,5f8f2308efff494a9a6a2fa3d4ecc35c"
0.0,36997011,2,18498505.5,18498505.5,18476711,18520300,30822.1,PushPop,:batch=7781a463e2024568bc5148b2be2f27ec phase=decode requests=e6255778e8534404ac5ca8451b4d8752
0.0,36996995,2,18498497.5,18498497.5,18465886,18531109,46119.6,PushPop,:batch=a9575313e6ff4b2aa1294a50abea14cb phase=decode requests=f613ba29e5e3458d8e63b0275b98ac68
0.0,36996511,2,18498255.5,18498255.5,18480205,18516306,25527.3,PushPop,":batch=a920d5b9a1054b27bb3378252a6f6284 phase=decode requests=1811f6ebf58e4b0ea2292b35146cd35f,612ab6a155ee43be83ea6696bd5b8b7f,04a26fdd847647a5a094bbafb63bc469,5f8f2308efff494a9a6a2fa3d4ecc35c"
0.0,36996283,2,18498141.5,18498141.5,18477367,18518916,29379.6,PushPop,:batch=6014c6352cc842168d5fe2d6167cfece phase=decode requests=f613ba29e5e3458d8e63b0275b98ac68
0.0,36995730,2,18497865.0,18497865.0,18482904,18512826,21158.0,PushPop,":batch=d55287bc33914f578ec3c86721ffb640 phase=decode requests=dfa53ed7b1db427c979733175e83eed5,1b90b5029a8e4095a0953f707b492bc0,2b642560cfbc46a3b415e89ad3a03675,1d3635c1d1b8417da02febe5bb56858c"
0.0,36995331,2,18497665.5,18497665.5,18455121,18540210,60167.0,PushPop,:batch=bd980390301d48fba6578f6a8f6dbfac phase=decode requests=e6255778e8534404ac5ca8451b4d8752
0.0,36995184,2,18497592.0,18497592.0,18447968,18547216,70178.9,PushPop,":batch=3e397494e8774663b9db0e8c3f6f2c25 phase=decode requests=dfa53ed7b1db427c979733175e83eed5,1b90b5029a8e4095a0953f707b492bc0,2b642560cfbc46a3b415e89ad3a03675,1d3635c1d1b8417da02febe5bb56858c"
0.0,36994541,2,18497270.5,18497270.5,18471913,18522628,35860.9,PushPop,:batch=59a8fb0b29c64285a6c2fd3cc2866806 phase=decode requests=f613ba29e5e3458d8e63b0275b98ac68
0.0,36994424,2,18497212.0,18497212.0,18452584,18541840,63113.5,PushPop,":batch=a93b1f7127bc4f38ac7b0f77f91d6972 phase=decode requests=dfa53ed7b1db427c979733175e83eed5,1b90b5029a8e4095a0953f707b492bc0,2b642560cfbc46a3b415e89ad3a03675,1d3635c1d1b8417da02febe5bb56858c"
0.0,36994394,2,18497197.0,18497197.0,18474129,18520265,32623.1,PushPop,:batch=edc97b32d8984a5b929a034ca88b8458 phase=decode requests=268bc1a668514718addc6aee590d0f20
0.0,36994165,2,18497082.5,18497082.5,18474146,18520019,32437.1,PushPop,":batch=b87a2c0b28414e0297592f1f199a03cb phase=decode requests=dfa53ed7b1db427c979733175e83eed5,1b90b5029a8e4095a0953f707b492bc0,2b642560cfbc46a3b415e89ad3a03675,1d3635c1d1b8417da02febe5bb56858c"
0.0,36994018,2,18497009.0,18497009.0,18463935,18530083,46773.7,PushPop,":batch=f6e539569ba9475aa82b70d206fc407b phase=decode requests=dfa53ed7b1db427c979733175e83eed5,1b90b5029a8e4095a0953f707b492bc0,2b642560cfbc46a3b415e89ad3a03675,1d3635c1d1b8417da02febe5bb56858c"
0.0,36993981,2,18496990.5,18496990.5,18464155,18529826,46436.4,PushPop,:batch=b3005cbc0168400eb573a3cd8884311b phase=decode requests=e6255778e8534404ac5ca8451b4d8752
0.0,36993882,2,18496941.0,18496941.0,18465309,18528573,44734.4,PushPop,":batch=d14868b44fb846779853d5481c090c2f phase=decode requests=1811f6ebf58e4b0ea2292b35146cd35f,612ab6a155ee43be83ea6696bd5b8b7f,04a26fdd847647a5a094bbafb63bc469,5f8f2308efff494a9a6a2fa3d4ecc35c"
0.0,36993758,2,18496879.0,18496879.0,18474334,18519424,31883.4,PushPop,:batch=f978bcceb80b49e596fe3a831a376e99 phase=decode requests=f613ba29e5e3458d8e63b0275b98ac68
0.0,36993008,2,18496504.0,18496504.0,18474300,18518708,31401.2,PushPop,":batch=d8bf7c2749924095b5bc350b56d92a1d phase=decode requests=1811f6ebf58e4b0ea2292b35146cd35f,612ab6a155ee43be83ea6696bd5b8b7f,04a26fdd847647a5a094bbafb63bc469,5f8f2308efff494a9a6a2fa3d4ecc35c"
0.0,36991666,2,18495833.0,18495833.0,18469424,18522242,37348.0,PushPop,":batch=5fbdf9b8dbb04c67aac2fc221eebc98d phase=decode requests=dfa53ed7b1db427c979733175e83eed5,1b90b5029a8e4095a0953f707b492bc0,2b642560cfbc46a3b415e89ad3a03675,1d3635c1d1b8417da02febe5bb56858c"
0.0,36991635,2,18495817.5,18495817.5,18478632,18513003,24304.0,PushPop,:batch=3b32a7681d5e4f4187b90c8aead0f403 phase=decode requests=e6255778e8534404ac5ca8451b4d8752
0.0,36991450,2,18495725.0,18495725.0,18482687,18508763,18438.5,PushPop,":batch=8b1741a2b2cb4a2caec56369b0525470 phase=decode requests=1811f6ebf58e4b0ea2292b35146cd35f,612ab6a155ee43be83ea6696bd5b8b7f,04a26fdd847647a5a094bbafb63bc469,5f8f2308efff494a9a6a2fa3d4ecc35c"
0.0,36991287,2,18495643.5,18495643.5,18472588,18518699,32605.4,PushPop,:batch=0c25e51d72e4403780c9c1aadf4eaabd phase=decode requests=e6255778e8534404ac5ca8451b4d8752
0.0,36991076,2,18495538.0,18495538.0,18459211,18531865,51374.1,PushPop,":batch=10891afb248c404fb91a4637f54a233c phase=decode requests=dfa53ed7b1db427c979733175e83eed5,1b90b5029a8e4095a0953f707b492bc0,2b642560cfbc46a3b415e89ad3a03675,1d3635c1d1b8417da02febe5bb56858c"
0.0,36990936,2,18495468.0,18495468.0,18470922,18520014,34713.3,PushPop,":batch=df407804b3d145929fe495edf69eaf54 phase=decode requests=dfa53ed7b1db427c979733175e83eed5,1b90b5029a8e4095a0953f707b492bc0,2b642560cfbc46a3b415e89ad3a03675,1d3635c1d1b8417da02febe5bb56858c"
0.0,36990799,2,18495399.5,18495399.5,18461020,18529779,48620.0,PushPop,:batch=a78e18af207240e1b6dc1c268fb7baeb phase=decode requests=f613ba29e5e3458d8e63b0275b98ac68
0.0,36989714,2,18494857.0,18494857.0,18473178,18516536,30658.7,PushPop,:batch=572a3d75871d4538a3690666064a254a phase=decode requests=e6255778e8534404ac5ca8451b4d8752
0.0,36988850,2,18494425.0,18494425.0,18452540,18536310,59234.3,PushPop,":batch=9c38cfbe98e8448e8d438909e1bb5fb8 phase=decode requests=1811f6ebf58e4b0ea2292b35146cd35f,612ab6a155ee43be83ea6696bd5b8b7f,04a26fdd847647a5a094bbafb63bc469,5f8f2308efff494a9a6a2fa3d4ecc35c"
0.0,36988815,2,18494407.5,18494407.5,18461672,18527143,46295.0,PushPop,:batch=c276dbbf23aa4613a3e84f1388586db1 phase=decode requests=f613ba29e5e3458d8e63b0275b98ac68
0.0,36988107,2,18494053.5,18494053.5,18473165,18514942,29540.8,PushPop,":batch=ad97b8c169374bb98565db383bf9e1f5 phase=decode requests=1811f6ebf58e4b0ea2292b35146cd35f,612ab6a155ee43be83ea6696bd5b8b7f,04a26fdd847647a5a094bbafb63bc469,5f8f2308efff494a9a6a2fa3d4ecc35c"
0.0,36987742,2,18493871.0,18493871.0,18474446,18513296,27471.1,PushPop,":batch=87f4c8d8397e4532851e28aed9aa4c7d phase=decode requests=1811f6ebf58e4b0ea2292b35146cd35f,612ab6a155ee43be83ea6696bd5b8b7f,04a26fdd847647a5a094bbafb63bc469,5f8f2308efff494a9a6a2fa3d4ecc35c"
0.0,36987672,2,18493836.0,18493836.0,18467143,18520529,37749.6,PushPop,":batch=9ce831c5687c4927962e98bb3172f771 phase=decode requests=1811f6ebf58e4b0ea2292b35146cd35f,612ab6a155ee43be83ea6696bd5b8b7f,04a26fdd847647a5a094bbafb63bc469,5f8f2308efff494a9a6a2fa3d4ecc35c"
0.0,36986650,2,18493325.0,18493325.0,18464688,18521962,40498.8,PushPop,":batch=1c41b4a1d89a4f05bc429dad3f5d8e7a phase=decode requests=dfa53ed7b1db427c979733175e83eed5,1b90b5029a8e4095a0953f707b492bc0,2b642560cfbc46a3b415e89ad3a03675,1d3635c1d1b8417da02febe5bb56858c"
0.0,36986523,2,18493261.5,18493261.5,18467470,18519053,36474.7,PushPop,:batch=ed5643dc2dde4476953c2dc27dd82b83 phase=decode requests=e6255778e8534404ac5ca8451b4d8752
0.0,36985854,2,18492927.0,18492927.0,18464549,18521305,40132.6,PushPop,":batch=555c9b3f16804211a33c6cc522723d99 phase=decode requests=dfa53ed7b1db427c979733175e83eed5,1b90b5029a8e4095a0953f707b492bc0,2b642560cfbc46a3b415e89ad3a03675,1d3635c1d1b8417da02febe5bb56858c"
0.0,36985111,2,18492555.5,18492555.5,18465915,18519196,37675.4,PushPop,":batch=d5760999db93454e9cc00948e2f56c77 phase=decode requests=dfa53ed7b1db427c979733175e83eed5,1b90b5029a8e4095a0953f707b492bc0,2b642560cfbc46a3b415e89ad3a03675,1d3635c1d1b8417da02febe5bb56858c"
0.0,36984774,2,18492387.0,18492387.0,18472756,18512018,27762.4,PushPop,:batch=8be4746ceaa145479f7ddf2b3943d95a phase=decode requests=f613ba29e5e3458d8e63b0275b98ac68
0.0,36984723,2,18492361.5,18492361.5,18467228,18517495,35544.1,PushPop,":batch=0e2458e7d70d4e5c989e2a59dc3a2881 phase=decode requests=dfa53ed7b1db427c979733175e83eed5,1b90b5029a8e4095a0953f707b492bc0,2b642560cfbc46a3b415e89ad3a03675,1d3635c1d1b8417da02febe5bb56858c"
0.0,36984707,2,18492353.5,18492353.5,18459954,18524753,45819.8,PushPop,":batch=718c8c1faeff4867b3f6045dfd85bf09 phase=decode requests=1811f6ebf58e4b0ea2292b35146cd35f,612ab6a155ee43be83ea6696bd5b8b7f,04a26fdd847647a5a094bbafb63bc469,5f8f2308efff494a9a6a2fa3d4ecc35c"
0.0,36984597,2,18492298.5,18492298.5,18479158,18505439,18583.5,PushPop,:batch=2e3781e313b343e0bebc0a44952032c5 phase=decode requests=25de90a8b4234cdd9f459bf44de5f72b
0.0,36983532,2,18491766.0,18491766.0,18456761,18526771,49504.5,PushPop,":batch=788ec237013244fd87407bef2b591806 phase=decode requests=dfa53ed7b1db427c979733175e83eed5,1b90b5029a8e4095a0953f707b492bc0,2b642560cfbc46a3b415e89ad3a03675,1d3635c1d1b8417da02febe5bb56858c"
0.0,36983423,2,18491711.5,18491711.5,18476477,18506946,21544.8,PushPop,:batch=01abdf252a5b4aea8a6be763133be266 phase=decode requests=25de90a8b4234cdd9f459bf44de5f72b
0.0,36982652,2,18491326.0,18491326.0,18470197,18512455,29880.9,PushPop,:batch=bf540d8b434748f69dfa8501924e7908 phase=decode requests=e6255778e8534404ac5ca8451b4d8752
0.0,36982154,2,18491077.0,18491077.0,18462738,18519416,40077.4,PushPop,":batch=68d4a7a274b447a0ac0e83c2fa89602f phase=decode requests=dfa53ed7b1db427c979733175e83eed5,1b90b5029a8e4095a0953f707b492bc0,2b642560cfbc46a3b415e89ad3a03675,1d3635c1d1b8417da02febe5bb56858c"
0.0,36982111,2,18491055.5,18491055.5,18468605,18513506,31749.8,PushPop,:batch=b89f629db8594beea14e60db396e207c phase=decode requests=f613ba29e5e3458d8e63b0275b98ac68
0.0,36981794,2,18490897.0,18490897.0,18470629,18511165,28663.3,PushPop,":batch=1adf1f1e0b3d494cac20e08f6761c1f1 phase=decode requests=1811f6ebf58e4b0ea2292b35146cd35f,612ab6a155ee43be83ea6696bd5b8b7f,04a26fdd847647a5a094bbafb63bc469,5f8f2308efff494a9a6a2fa3d4ecc35c"
0.0,36981265,2,18490632.5,18490632.5,18452678,18528587,53675.8,PushPop,":batch=5e299717bb204f0eadb26dfeda8bf1f6 phase=decode requests=dfa53ed7b1db427c979733175e83eed5,1b90b5029a8e4095a0953f707b492bc0,2b642560cfbc46a3b415e89ad3a03675,1d3635c1d1b8417da02febe5bb56858c"
0.0,36981032,2,18490516.0,18490516.0,18457222,18523810,47084.8,PushPop,:batch=6859425115cd4ac6b2cfbe1b8074a90c phase=decode requests=e6255778e8534404ac5ca8451b4d8752
0.0,36980997,2,18490498.5,18490498.5,18468765,18512232,30735.8,PushPop,:batch=95884fe80c1344dd8b0104518f14b5b7 phase=decode requests=268bc1a668514718addc6aee590d0f20
0.0,36980342,2,18490171.0,18490171.0,18462042,18518300,39780.4,PushPop,:batch=99d193f706fd45368d2509c897934264 phase=decode requests=f613ba29e5e3458d8e63b0275b98ac68
0.0,36980189,2,18490094.5,18490094.5,18447002,18533187,60942.0,PushPop,":batch=d94128cb6b07473489cc2d2d452fbee0 phase=decode requests=1811f6ebf58e4b0ea2292b35146cd35f,612ab6a155ee43be83ea6696bd5b8b7f,04a26fdd847647a5a094bbafb63bc469,5f8f2308efff494a9a6a2fa3d4ecc35c"
0.0,36980124,2,18490062.0,18490062.0,18445676,18534448,62771.3,PushPop,:batch=2945fdd3bde14718af7adc5640a5fca3 phase=decode requests=f613ba29e5e3458d8e63b0275b98ac68
0.0,36980018,2,18490009.0,18490009.0,18461909,18518109,39739.4,PushPop,:batch=57369c7d2c1c40d38102e447310fca70 phase=decode requests=f613ba29e5e3458d8e63b0275b98ac68
0.0,36978452,2,18489226.0,18489226.0,18468219,18510233,29708.4,PushPop,:batch=179ceb930a754a18ad0f1673fee005d2 phase=decode requests=e6255778e8534404ac5ca8451b4d8752
0.0,36978298,2,18489149.0,18489149.0,18454321,18523977,49254.2,PushPop,:batch=74c610c4c3f8425f915e146ce50aeb67 phase=decode requests=e6255778e8534404ac5ca8451b4d8752
0.0,36978219,2,18489109.5,18489109.5,18461006,18517213,39744.4,PushPop,:batch=8910e0481dcb41ce913170f4a7c4eff7 phase=decode requests=f613ba29e5e3458d8e63b0275b98ac68
0.0,36977892,2,18488946.0,18488946.0,18448766,18529126,56823.1,PushPop,":batch=00bb224ba00f462cbf5ad5dd76c2ab64 phase=decode requests=dfa53ed7b1db427c979733175e83eed5,1b90b5029a8e4095a0953f707b492bc0,2b642560cfbc46a3b415e89ad3a03675,1d3635c1d1b8417da02febe5bb56858c"
0.0,36977853,2,18488926.5,18488926.5,18454142,18523711,49192.7,PushPop,":batch=a87db92b6908446f827fd9d3a9d7194a phase=decode requests=dfa53ed7b1db427c979733175e83eed5,1b90b5029a8e4095a0953f707b492bc0,2b642560cfbc46a3b415e89ad3a03675,1d3635c1d1b8417da02febe5bb56858c"
0.0,36977302,2,18488651.0,18488651.0,18457437,18519865,44143.3,PushPop,:batch=d6e6466a29da4f1daabf98b72a3db3a4 phase=decode requests=e6255778e8534404ac5ca8451b4d8752
0.0,36976881,2,18488440.5,18488440.5,18462052,18514829,37319.0,PushPop,:batch=c39e9b8ff7584433995bd12e4a979a39 phase=decode requests=e6255778e8534404ac5ca8451b4d8752
0.0,36976745,2,18488372.5,18488372.5,18441052,18535693,66921.3,PushPop,":batch=24898bdb2a1247e3a7bdca8cfe846b1e phase=decode requests=dfa53ed7b1db427c979733175e83eed5,1b90b5029a8e4095a0953f707b492bc0,2b642560cfbc46a3b415e89ad3a03675,1d3635c1d1b8417da02febe5bb56858c"
0.0,36976343,2,18488171.5,18488171.5,18467919,18508424,28641.4,PushPop,":batch=9f3ea9f2709b4bbda0bb4b05898018d1 phase=decode requests=1811f6ebf58e4b0ea2292b35146cd35f,612ab6a155ee43be83ea6696bd5b8b7f,04a26fdd847647a5a094bbafb63bc469,5f8f2308efff494a9a6a2fa3d4ecc35c"
0.0,36975810,2,18487905.0,18487905.0,18464172,18511638,33563.5,PushPop,:batch=7f390fb855a549f1a033fcd73e996682 phase=decode requests=e6255778e8534404ac5ca8451b4d8752
0.0,36975322,2,18487661.0,18487661.0,18451312,18524010,51405.2,PushPop,:batch=9c62df78e3d44a1eb5b4934e7d43e00f phase=decode requests=e6255778e8534404ac5ca8451b4d8752
0.0,36975194,2,18487597.0,18487597.0,18463069,18512125,34687.8,PushPop,:batch=cd8423f4c4c74c82960a944f10c3762e phase=decode requests=f613ba29e5e3458d8e63b0275b98ac68
0.0,36974703,2,18487351.5,18487351.5,18456055,18518648,44259.9,PushPop,":batch=cf48e682489648d8adf09876e9b38208 phase=decode requests=dfa53ed7b1db427c979733175e83eed5,1b90b5029a8e4095a0953f707b492bc0,2b642560cfbc46a3b415e89ad3a03675,1d3635c1d1b8417da02febe5bb56858c"
0.0,36974625,2,18487312.5,18487312.5,18465271,18509354,31171.4,PushPop,":batch=4049b9a9679241c6bee10f58b00f8e31 phase=decode requests=dfa53ed7b1db427c979733175e83eed5,1b90b5029a8e4095a0953f707b492bc0,2b642560cfbc46a3b415e89ad3a03675,1d3635c1d1b8417da02febe5bb56858c"
0.0,36973478,2,18486739.0,18486739.0,18444506,18528972,59726.5,PushPop,":batch=b12bb3cbc1754f7da1f70189aacf5eda phase=decode requests=1811f6ebf58e4b0ea2292b35146cd35f,612ab6a155ee43be83ea6696bd5b8b7f,04a26fdd847647a5a094bbafb63bc469,5f8f2308efff494a9a6a2fa3d4ecc35c"
0.0,36973456,2,18486728.0,18486728.0,18460549,18512907,37022.7,PushPop,:batch=b3e5d56f4f7d42fe8ea99c5fd8219603 phase=decode requests=f613ba29e5e3458d8e63b0275b98ac68
0.0,36973144,2,18486572.0,18486572.0,18486569,18486575,4.2,PushPop,:batch=10f1d418deee46ae96b32d815c0f905b phase=decode requests=f613ba29e5e3458d8e63b0275b98ac68
0.0,36972744,2,18486372.0,18486372.0,18455202,18517542,44081.0,PushPop,":batch=7e69d7b579064e41a18791c2853c87a4 phase=decode requests=dfa53ed7b1db427c979733175e83eed5,1b90b5029a8e4095a0953f707b492bc0,2b642560cfbc46a3b415e89ad3a03675,1d3635c1d1b8417da02febe5bb56858c"
0.0,36972447,2,18486223.5,18486223.5,18454489,18517958,44879.4,PushPop,:batch=0eeb6d5f4e8b4b0b8d642e5bf0cca8ae phase=decode requests=e6255778e8534404ac5ca8451b4d8752
0.0,36971837,2,18485918.5,18485918.5,18449622,18522215,51331.0,PushPop,:batch=df388026c128461ebe4ef8432f05967d phase=decode requests=f613ba29e5e3458d8e63b0275b98ac68
0.0,36971734,2,18485867.0,18485867.0,18458516,18513218,38680.2,PushPop,":batch=7b208b5c4acb4c0d80d2a13925a224ae phase=decode requests=dfa53ed7b1db427c979733175e83eed5,1b90b5029a8e4095a0953f707b492bc0,2b642560cfbc46a3b415e89ad3a03675,1d3635c1d1b8417da02febe5bb56858c"
0.0,36971477,2,18485738.5,18485738.5,18460429,18511048,35793.0,PushPop,":batch=bdc63ae18b274ffd93eca35e2fd09135 phase=decode requests=dfa53ed7b1db427c979733175e83eed5,1b90b5029a8e4095a0953f707b492bc0,2b642560cfbc46a3b415e89ad3a03675,1d3635c1d1b8417da02febe5bb56858c"
0.0,36971234,2,18485617.0,18485617.0,18442968,18528266,60314.8,PushPop,:batch=0faed608c42a43ee8becf8c0a3a80062 phase=decode requests=f613ba29e5e3458d8e63b0275b98ac68
0.0,36970880,2,18485440.0,18485440.0,18455326,18515554,42587.6,PushPop,":batch=7f993ceb2c5948548607b19ed5109564 phase=decode requests=dfa53ed7b1db427c979733175e83eed5,1b90b5029a8e4095a0953f707b492bc0,2b642560cfbc46a3b415e89ad3a03675,1d3635c1d1b8417da02febe5bb56858c"
0.0,36970801,2,18485400.5,18485400.5,18450534,18520267,49308.7,PushPop,:batch=e9027dd0d5814b7191453a256181e4e5 phase=decode requests=e6255778e8534404ac5ca8451b4d8752
0.0,36970615,2,18485307.5,18485307.5,18449494,18521121,50647.9,PushPop,":batch=2a3208db01d5428a8f06bbebfadecd4a phase=decode requests=dfa53ed7b1db427c979733175e83eed5,1b90b5029a8e4095a0953f707b492bc0,2b642560cfbc46a3b415e89ad3a03675,1d3635c1d1b8417da02febe5bb56858c"
0.0,36970409,2,18485204.5,18485204.5,18440108,18530301,63776.1,PushPop,":batch=6430fb66a93d4fa8819656d95418795c phase=decode requests=1811f6ebf58e4b0ea2292b35146cd35f,612ab6a155ee43be83ea6696bd5b8b7f,04a26fdd847647a5a094bbafb63bc469,5f8f2308efff494a9a6a2fa3d4ecc35c"
0.0,36970179,2,18485089.5,18485089.5,18457387,18512792,39177.3,PushPop,:batch=6928c595047e48da938daac5981d5b2e phase=decode requests=e6255778e8534404ac5ca8451b4d8752
0.0,36969572,2,18484786.0,18484786.0,18440682,18528890,62372.5,PushPop,:batch=3d0c09c552444f589a7e642cc4ad295a phase=decode requests=e6255778e8534404ac5ca8451b4d8752
0.0,36968552,2,18484276.0,18484276.0,18463673,18504879,29137.0,PushPop,:batch=b9aed9354da54b06bda2f010ccc724c3 phase=decode requests=e6255778e8534404ac5ca8451b4d8752
0.0,36968118,2,18484059.0,18484059.0,18454844,18513274,41316.2,PushPop,:batch=ddfcbfdffd08465e97fc6bea0f5208d2 phase=decode requests=e6255778e8534404ac5ca8451b4d8752
0.0,36967629,2,18483814.5,18483814.5,18447917,18519712,50766.7,PushPop,:batch=383047368c504dbf8ef16b2def6a2609 phase=decode requests=25de90a8b4234cdd9f459bf44de5f72b
0.0,36967425,2,18483712.5,18483712.5,18459721,18507704,33929.1,PushPop,:batch=2d4dca2528154f889eb178c852613a27 phase=decode requests=e6255778e8534404ac5ca8451b4d8752
0.0,36967370,2,18483685.0,18483685.0,18442320,18525050,58498.9,PushPop,:batch=43e79f4dd8e843b08c56de9cdd1dab32 phase=decode requests=f613ba29e5e3458d8e63b0275b98ac68
0.0,36967144,2,18483572.0,18483572.0,18434778,18532366,69005.1,PushPop,":batch=e741d96d1e3447bd84a82705932f88c0 phase=decode requests=dfa53ed7b1db427c979733175e83eed5,1b90b5029a8e4095a0953f707b492bc0,2b642560cfbc46a3b415e89ad3a03675,1d3635c1d1b8417da02febe5bb56858c"
0.0,36966986,2,18483493.0,18483493.0,18442642,18524344,57772.0,PushPop,":batch=760a613e008647f1964327a6e4174637 phase=decode requests=dfa53ed7b1db427c979733175e83eed5,1b90b5029a8e4095a0953f707b492bc0,2b642560cfbc46a3b415e89ad3a03675,1d3635c1d1b8417da02febe5bb56858c"
0.0,36966693,2,18483346.5,18483346.5,18464791,18501902,26241.4,PushPop,":batch=003a220224384ed58282a463962a33ef phase=decode requests=1811f6ebf58e4b0ea2292b35146cd35f,612ab6a155ee43be83ea6696bd5b8b7f,04a26fdd847647a5a094bbafb63bc469,5f8f2308efff494a9a6a2fa3d4ecc35c"
0.0,36966233,2,18483116.5,18483116.5,18448298,18517935,49240.8,PushPop,":batch=1edece45c4b04f96a306661d43ed632a phase=decode requests=dfa53ed7b1db427c979733175e83eed5,1b90b5029a8e4095a0953f707b492bc0,2b642560cfbc46a3b415e89ad3a03675,1d3635c1d1b8417da02febe5bb56858c"
0.0,36965897,2,18482948.5,18482948.5,18453445,18512452,41724.2,PushPop,:batch=b372683b3bbb4e89bffa4f8951fb07ef phase=decode requests=e6255778e8534404ac5ca8451b4d8752
0.0,36965647,2,18482823.5,18482823.5,18468249,18497398,20611.5,PushPop,":batch=ad0720e87587491dafaa840fee710860 phase=decode requests=dfa53ed7b1db427c979733175e83eed5,1b90b5029a8e4095a0953f707b492bc0,2b642560cfbc46a3b415e89ad3a03675,1d3635c1d1b8417da02febe5bb56858c"
0.0,36965202,2,18482601.0,18482601.0,18432657,18532545,70631.5,PushPop,:batch=862c930007d14bb5b56b76415ad1332f phase=decode requests=268bc1a668514718addc6aee590d0f20
0.0,36964939,2,18482469.5,18482469.5,18450107,18514832,45767.5,PushPop,:batch=3cf34325e8624b199766b5968a362d49 phase=decode requests=e6255778e8534404ac5ca8451b4d8752
0.0,36964372,2,18482186.0,18482186.0,18463851,18500521,25929.6,PushPop,:batch=ac873ee09bec46adba22d12f9504a4cd phase=decode requests=f613ba29e5e3458d8e63b0275b98ac68
0.0,36964323,2,18482161.5,18482161.5,18450142,18514181,45282.4,PushPop,":batch=f7029fe1002b49ca9eac7fe0dbe67aaf phase=decode requests=1811f6ebf58e4b0ea2292b35146cd35f,612ab6a155ee43be83ea6696bd5b8b7f,04a26fdd847647a5a094bbafb63bc469,5f8f2308efff494a9a6a2fa3d4ecc35c"
0.0,36964107,2,18482053.5,18482053.5,18455818,18508289,37102.6,PushPop,:batch=9a6cd72e107e4e6eb4ecfb38bb912c3f phase=decode requests=e6255778e8534404ac5ca8451b4d8752
0.0,36964098,2,18482049.0,18482049.0,18441938,18522160,56725.5,PushPop,":batch=77f0ecba8226431abd0b76f05fb6ebed phase=decode requests=1811f6ebf58e4b0ea2292b35146cd35f,612ab6a155ee43be83ea6696bd5b8b7f,04a26fdd847647a5a094bbafb63bc469,5f8f2308efff494a9a6a2fa3d4ecc35c"
0.0,36963530,2,18481765.0,18481765.0,18448710,18514820,46746.8,PushPop,":batch=cc6dcfd33e3f45a4ae1d17a74f5fb986 phase=decode requests=dfa53ed7b1db427c979733175e83eed5,1b90b5029a8e4095a0953f707b492bc0,2b642560cfbc46a3b415e89ad3a03675,1d3635c1d1b8417da02febe5bb56858c"
0.0,36963308,2,18481654.0,18481654.0,18445307,18518001,51402.4,PushPop,":batch=2eaf9172ccf947749c0f71d4bdfa4313 phase=decode requests=dfa53ed7b1db427c979733175e83eed5,1b90b5029a8e4095a0953f707b492bc0,2b642560cfbc46a3b415e89ad3a03675,1d3635c1d1b8417da02febe5bb56858c"
0.0,36963247,2,18481623.5,18481623.5,18444600,18518647,52359.1,PushPop,:batch=e053c04c84644603829532a335537d4d phase=decode requests=268bc1a668514718addc6aee590d0f20
0.0,36963133,2,18481566.5,18481566.5,18455770,18507363,36481.8,PushPop,:batch=f841c763ab3b413a830c6ccb2b4e5140 phase=decode requests=f613ba29e5e3458d8e63b0275b98ac68
0.0,36963131,2,18481565.5,18481565.5,18464297,18498834,24421.3,PushPop,:batch=d9f84babc4d645258961ce26a31496c0 phase=decode requests=f613ba29e5e3458d8e63b0275b98ac68
0.0,36962738,2,18481369.0,18481369.0,18044590,18918148,617698.8,PushPop,:batch=a850bddbb52946e389b0ce560988753f phase=decode requests=25de90a8b4234cdd9f459bf44de5f72b
0.0,36962239,2,18481119.5,18481119.5,18448079,18514160,46726.3,PushPop,:batch=465c736b58214a71968820aadd4835a9 phase=decode requests=e6255778e8534404ac5ca8451b4d8752
0.0,36961978,2,18480989.0,18480989.0,18455521,18506457,36017.2,PushPop,":batch=a26dd2ead4bf4a38a17c997439e2112a phase=decode requests=1811f6ebf58e4b0ea2292b35146cd35f,612ab6a155ee43be83ea6696bd5b8b7f,04a26fdd847647a5a094bbafb63bc469,5f8f2308efff494a9a6a2fa3d4ecc35c"
0.0,36961562,2,18480781.0,18480781.0,18427993,18533569,74653.5,PushPop,":batch=c99d5310ee6e4b4fb65aa787226591fa phase=decode requests=1811f6ebf58e4b0ea2292b35146cd35f,612ab6a155ee43be83ea6696bd5b8b7f,04a26fdd847647a5a094bbafb63bc469,5f8f2308efff494a9a6a2fa3d4ecc35c"
0.0,36961276,2,18480638.0,18480638.0,18478671,18482605,2781.8,PushPop,:batch=c0f270395ff440568395754905e68c80 phase=decode requests=f613ba29e5e3458d8e63b0275b98ac68
0.0,36960857,2,18480428.5,18480428.5,18458719,18502138,30701.9,PushPop,":batch=c0a67b5cefde4916a13a7528de77a7fd phase=decode requests=dfa53ed7b1db427c979733175e83eed5,1b90b5029a8e4095a0953f707b492bc0,2b642560cfbc46a3b415e89ad3a03675,1d3635c1d1b8417da02febe5bb56858c"
0.0,36960704,2,18480352.0,18480352.0,18461667,18499037,26424.6,PushPop,":batch=8f8362ab02bf44e38dd61e1fd2f5ca2b phase=decode requests=1811f6ebf58e4b0ea2292b35146cd35f,612ab6a155ee43be83ea6696bd5b8b7f,04a26fdd847647a5a094bbafb63bc469,5f8f2308efff494a9a6a2fa3d4ecc35c"
0.0,36960359,2,18480179.5,18480179.5,18438066,18522293,59557.5,PushPop,":batch=7b0e610907ee41c8bfa4b65929d5dbea phase=decode requests=dfa53ed7b1db427c979733175e83eed5,1b90b5029a8e4095a0953f707b492bc0,2b642560cfbc46a3b415e89ad3a03675,1d3635c1d1b8417da02febe5bb56858c"
0.0,36960067,2,18480033.5,18480033.5,18455740,18504327,34356.2,PushPop,:batch=13ca6ec5ac4c44799aea048c2e2dce4c phase=decode requests=e6255778e8534404ac5ca8451b4d8752
0.0,36959711,2,18479855.5,18479855.5,18452353,18507358,38894.4,PushPop,:batch=de499a1b7df64610b78cf3bfdb4d659b phase=decode requests=f613ba29e5e3458d8e63b0275b98ac68
0.0,36959284,2,18479642.0,18479642.0,18455019,18504265,34822.2,PushPop,:batch=052cdee243fe4a74a1ba489b4f789702 phase=decode requests=e6255778e8534404ac5ca8451b4d8752
0.0,36959222,2,18479611.0,18479611.0,18443963,18515259,50413.9,PushPop,":batch=8f002fdf8a14401cb89c40fe4863b439 phase=decode requests=1811f6ebf58e4b0ea2292b35146cd35f,612ab6a155ee43be83ea6696bd5b8b7f,04a26fdd847647a5a094bbafb63bc469,5f8f2308efff494a9a6a2fa3d4ecc35c"
0.0,36958889,2,18479444.5,18479444.5,18464670,18494219,20894.3,PushPop,":batch=470120a9e46d47e398ab2e731016cf42 phase=decode requests=1811f6ebf58e4b0ea2292b35146cd35f,612ab6a155ee43be83ea6696bd5b8b7f,04a26fdd847647a5a094bbafb63bc469,5f8f2308efff494a9a6a2fa3d4ecc35c"
0.0,36958660,2,18479330.0,18479330.0,18448614,18510046,43439.0,PushPop,":batch=96d0b6491ea649d4bc165129f3d4884e phase=decode requests=dfa53ed7b1db427c979733175e83eed5,1b90b5029a8e4095a0953f707b492bc0,2b642560cfbc46a3b415e89ad3a03675,1d3635c1d1b8417da02febe5bb56858c"
0.0,36958422,2,18479211.0,18479211.0,18446387,18512035,46420.1,PushPop,:batch=494cb3d6ab604233821959833ca14b05 phase=decode requests=25de90a8b4234cdd9f459bf44de5f72b
0.0,36957962,2,18478981.0,18478981.0,18441448,18516514,53079.7,PushPop,":batch=6f7f9a9a69554a8990e666353a345538 phase=decode requests=dfa53ed7b1db427c979733175e83eed5,1b90b5029a8e4095a0953f707b492bc0,2b642560cfbc46a3b415e89ad3a03675,1d3635c1d1b8417da02febe5bb56858c"
0.0,36957497,2,18478748.5,18478748.5,18431712,18525785,66519.7,PushPop,":batch=2106a7902f5e44a992fba92992fcc3bc phase=decode requests=1811f6ebf58e4b0ea2292b35146cd35f,612ab6a155ee43be83ea6696bd5b8b7f,04a26fdd847647a5a094bbafb63bc469,5f8f2308efff494a9a6a2fa3d4ecc35c"
0.0,36957493,2,18478746.5,18478746.5,18454499,18502994,34291.1,PushPop,:batch=402d6773e72e43d49c1a3814962e945e phase=decode requests=e6255778e8534404ac5ca8451b4d8752
0.0,36957369,2,18478684.5,18478684.5,18437393,18519976,58395.0,PushPop,:batch=198f55e18d71458c80b84b7f395f2391 phase=decode requests=e6255778e8534404ac5ca8451b4d8752
0.0,36957345,2,18478672.5,18478672.5,18457755,18499590,29581.8,PushPop,:batch=bc24a552aca540499eb545c18ae28322 phase=decode requests=f613ba29e5e3458d8e63b0275b98ac68
0.0,36955994,2,18477997.0,18477997.0,18452332,18503662,36295.8,PushPop,":batch=350f9ca61b38415ebc9bfdde97917fd3 phase=decode requests=1811f6ebf58e4b0ea2292b35146cd35f,612ab6a155ee43be83ea6696bd5b8b7f,04a26fdd847647a5a094bbafb63bc469,5f8f2308efff494a9a6a2fa3d4ecc35c"
0.0,36955821,2,18477910.5,18477910.5,18445910,18509911,45255.5,PushPop,:batch=5a14444c592f4cd7ac56a3b5920f90ef phase=decode requests=e6255778e8534404ac5ca8451b4d8752
0.0,36955616,2,18477808.0,18477808.0,18454093,18501523,33538.1,PushPop,:batch=9ebd3ee938424bb381c83d665965cc46 phase=decode requests=f613ba29e5e3458d8e63b0275b98ac68
0.0,36955340,2,18477670.0,18477670.0,18441570,18513770,51053.1,PushPop,":batch=97edcb562db64f62929699ab1b04e0ca phase=decode requests=dfa53ed7b1db427c979733175e83eed5,1b90b5029a8e4095a0953f707b492bc0,2b642560cfbc46a3b415e89ad3a03675,1d3635c1d1b8417da02febe5bb56858c"
0.0,36955310,2,18477655.0,18477655.0,18430505,18524805,66680.2,PushPop,:batch=65649abbac3e4366b2cee2dd781de4a4 phase=decode requests=e6255778e8534404ac5ca8451b4d8752
0.0,36955232,2,18477616.0,18477616.0,18439697,18515535,53625.6,PushPop,:batch=9e257fee744b4562af12a7013849d7bc phase=decode requests=f613ba29e5e3458d8e63b0275b98ac68
0.0,36955187,2,18477593.5,18477593.5,18445541,18509646,45329.1,PushPop,":batch=3021d1238b974ae88b57f47a2506a0e3 phase=decode requests=dfa53ed7b1db427c979733175e83eed5,1b90b5029a8e4095a0953f707b492bc0,2b642560cfbc46a3b415e89ad3a03675,1d3635c1d1b8417da02febe5bb56858c"
0.0,36955061,2,18477530.5,18477530.5,18446741,18508320,43542.9,PushPop,":batch=be29204af038458f8e6121293d7e681b phase=decode requests=dfa53ed7b1db427c979733175e83eed5,1b90b5029a8e4095a0953f707b492bc0,2b642560cfbc46a3b415e89ad3a03675,1d3635c1d1b8417da02febe5bb56858c"
0.0,36954515,2,18477257.5,18477257.5,18452981,18501534,34332.2,PushPop,":batch=bda3add56d1e42829fd12150cfeaad59 phase=decode requests=dfa53ed7b1db427c979733175e83eed5,1b90b5029a8e4095a0953f707b492bc0,2b642560cfbc46a3b415e89ad3a03675,1d3635c1d1b8417da02febe5bb56858c"
0.0,36954375,2,18477187.5,18477187.5,18447831,18506544,41516.4,PushPop,":batch=2196bbca9ebd4cf7bce4cfd450f58e44 phase=decode requests=dfa53ed7b1db427c979733175e83eed5,1b90b5029a8e4095a0953f707b492bc0,2b642560cfbc46a3b415e89ad3a03675,1d3635c1d1b8417da02febe5bb56858c"
0.0,36953737,2,18476868.5,18476868.5,18446171,18507566,43412.8,PushPop,:batch=f6f72366ab7c4137a3cb0b2508fc11d6 phase=decode requests=f613ba29e5e3458d8e63b0275b98ac68
0.0,36953466,2,18476733.0,18476733.0,18450171,18503295,37564.3,PushPop,:batch=755bb30d83364a64ae3f143b969226a9 phase=decode requests=f613ba29e5e3458d8e63b0275b98ac68
0.0,36953324,2,18476662.0,18476662.0,18444915,18508409,44897.0,PushPop,:batch=66760306d56f432aa39bf0295ffb0bc4 phase=decode requests=268bc1a668514718addc6aee590d0f20
0.0,36953054,2,18476527.0,18476527.0,18443376,18509678,46882.6,PushPop,":batch=84d5991ab59a478b913c7316afc9671e phase=decode requests=dfa53ed7b1db427c979733175e83eed5,1b90b5029a8e4095a0953f707b492bc0,2b642560cfbc46a3b415e89ad3a03675,1d3635c1d1b8417da02febe5bb56858c"
0.0,36953039,2,18476519.5,18476519.5,18433666,18519373,60604.0,PushPop,":batch=82a8387fc6d44a6c9abee6d33ecbb8a3 phase=decode requests=dfa53ed7b1db427c979733175e83eed5,1b90b5029a8e4095a0953f707b492bc0,2b642560cfbc46a3b415e89ad3a03675,1d3635c1d1b8417da02febe5bb56858c"
0.0,36952726,2,18476363.0,18476363.0,18440668,18512058,50480.4,PushPop,":batch=f26aaf9a90904393b7795480fc3abe3d phase=decode requests=dfa53ed7b1db427c979733175e83eed5,1b90b5029a8e4095a0953f707b492bc0,2b642560cfbc46a3b415e89ad3a03675,1d3635c1d1b8417da02febe5bb56858c"
0.0,36952697,2,18476348.5,18476348.5,18454268,18498429,31226.5,PushPop,":batch=f4f365cb47cd4644990d7a8622db5e24 phase=decode requests=1811f6ebf58e4b0ea2292b35146cd35f,612ab6a155ee43be83ea6696bd5b8b7f,04a26fdd847647a5a094bbafb63bc469,5f8f2308efff494a9a6a2fa3d4ecc35c"
0.0,36952491,2,18476245.5,18476245.5,18443741,18508750,45968.3,PushPop,:batch=d0c5d2d7897e45a694662cf81e95ae3c phase=decode requests=e6255778e8534404ac5ca8451b4d8752
0.0,36952390,2,18476195.0,18476195.0,18468171,18484219,11347.6,PushPop,:batch=1da8741f71de4e799f6512b7746b61f2 phase=decode requests=f613ba29e5e3458d8e63b0275b98ac68
0.0,36952204,2,18476102.0,18476102.0,18453622,18498582,31791.5,PushPop,:batch=d891ee09f050413b81044dac890df438 phase=decode requests=e6255778e8534404ac5ca8451b4d8752
0.0,36952192,2,18476096.0,18476096.0,18444692,18507500,44412.0,PushPop,:batch=796a5d99d1134af9a3e6716a21dec1ce phase=decode requests=e6255778e8534404ac5ca8451b4d8752
0.0,36952132,2,18476066.0,18476066.0,18443988,18508144,45365.1,PushPop,":batch=b95c8b56a53247b1a0f370d59b85cbb7 phase=decode requests=dfa53ed7b1db427c979733175e83eed5,1b90b5029a8e4095a0953f707b492bc0,2b642560cfbc46a3b415e89ad3a03675,1d3635c1d1b8417da02febe5bb56858c"
0.0,36951318,2,18475659.0,18475659.0,18460505,18490813,21431.0,PushPop,:batch=388abfcbcfe04ba8a265b717678ddc39 phase=decode requests=e6255778e8534404ac5ca8451b4d8752
0.0,36950969,2,18475484.5,18475484.5,18442326,18508643,46893.2,PushPop,":batch=2db1fbf921684ca2bbf86d3f7d286857 phase=decode requests=dfa53ed7b1db427c979733175e83eed5,1b90b5029a8e4095a0953f707b492bc0,2b642560cfbc46a3b415e89ad3a03675,1d3635c1d1b8417da02febe5bb56858c"
0.0,36950940,2,18475470.0,18475470.0,18460253,18490687,21520.1,PushPop,":batch=42ebb7bdd34a4dc5adeced74431c284e phase=decode requests=1811f6ebf58e4b0ea2292b35146cd35f,612ab6a155ee43be83ea6696bd5b8b7f,04a26fdd847647a5a094bbafb63bc469,5f8f2308efff494a9a6a2fa3d4ecc35c"
0.0,36950674,2,18475337.0,18475337.0,18445634,18505040,42006.4,PushPop,:batch=3f36d38e885f4f70a2747b01f9ed2c0a phase=decode requests=f613ba29e5e3458d8e63b0275b98ac68
0.0,36950511,2,18475255.5,18475255.5,18464888,18485623,14661.9,PushPop,:batch=f0b943b4b0ff46cd9b2c052aba12672c phase=decode requests=f613ba29e5e3458d8e63b0275b98ac68
0.0,36950321,2,18475160.5,18475160.5,18440429,18509892,49117.8,PushPop,:batch=453cc8efc8434257b60a85248d4667d6 phase=decode requests=e6255778e8534404ac5ca8451b4d8752
0.0,36950284,2,18475142.0,18475142.0,18452625,18497659,31843.8,PushPop,:batch=690d443bbcf540768971b17d3b65d903 phase=decode requests=f613ba29e5e3458d8e63b0275b98ac68
0.0,36950262,2,18475131.0,18475131.0,18442516,18507746,46124.6,PushPop,:batch=ebade481871545e59cc01d6d815139d8 phase=decode requests=f613ba29e5e3458d8e63b0275b98ac68
0.0,36949612,2,18474806.0,18474806.0,18443562,18506050,44185.7,PushPop,:batch=ce7b5904a4eb4416bd538c70bdc9eade phase=decode requests=f613ba29e5e3458d8e63b0275b98ac68
0.0,36949586,2,18474793.0,18474793.0,18449936,18499650,35153.1,PushPop,:batch=be8b42ad8381492ea118311e2f9e4f64 phase=decode requests=e6255778e8534404ac5ca8451b4d8752
0.0,36949395,2,18474697.5,18474697.5,18440511,18508884,48347.0,PushPop,":batch=a1975338cb1b4342b5efab8975a87cd6 phase=decode requests=dfa53ed7b1db427c979733175e83eed5,1b90b5029a8e4095a0953f707b492bc0,2b642560cfbc46a3b415e89ad3a03675,1d3635c1d1b8417da02febe5bb56858c"
0.0,36949385,2,18474692.5,18474692.5,18435274,18514111,55746.2,PushPop,":batch=bd5a8497e56f427c85cd0e70b9f20121 phase=decode requests=dfa53ed7b1db427c979733175e83eed5,1b90b5029a8e4095a0953f707b492bc0,2b642560cfbc46a3b415e89ad3a03675,1d3635c1d1b8417da02febe5bb56858c"
0.0,36949351,2,18474675.5,18474675.5,18455509,18493842,27105.5,PushPop,:batch=a6ea8b20b0dd41d1b8f024263d71443a phase=decode requests=e6255778e8534404ac5ca8451b4d8752
0.0,36949006,2,18474503.0,18474503.0,18446535,18502471,39552.7,PushPop,":batch=f6f4cb3b931e4c05846fd43448765a1e phase=decode requests=dfa53ed7b1db427c979733175e83eed5,1b90b5029a8e4095a0953f707b492bc0,2b642560cfbc46a3b415e89ad3a03675,1d3635c1d1b8417da02febe5bb56858c"
0.0,36948774,2,18474387.0,18474387.0,18442107,18506667,45650.8,PushPop,:batch=dd8ce9ba0994444a841f07f85704fc64 phase=decode requests=268bc1a668514718addc6aee590d0f20
0.0,36948728,2,18474364.0,18474364.0,18440576,18508152,47783.4,PushPop,:batch=29987ecdea41462b9bfba2dbaf9d91bd phase=decode requests=268bc1a668514718addc6aee590d0f20
0.0,36948278,2,18474139.0,18474139.0,18445829,18502449,40036.4,PushPop,":batch=d79e583109b54369a356b128b2be2369 phase=decode requests=dfa53ed7b1db427c979733175e83eed5,1b90b5029a8e4095a0953f707b492bc0,2b642560cfbc46a3b415e89ad3a03675,1d3635c1d1b8417da02febe5bb56858c"
0.0,36947976,2,18473988.0,18473988.0,18449353,18498623,34839.2,PushPop,:batch=c566b858ad6a4af3a84e5044222e21f7 phase=decode requests=f613ba29e5e3458d8e63b0275b98ac68
0.0,36947801,2,18473900.5,18473900.5,18430315,18517486,61639.2,PushPop,":batch=21f6587fad0c4d4db6e6490c2c13f822 phase=decode requests=dfa53ed7b1db427c979733175e83eed5,1b90b5029a8e4095a0953f707b492bc0,2b642560cfbc46a3b415e89ad3a03675,1d3635c1d1b8417da02febe5bb56858c"
0.0,36947649,2,18473824.5,18473824.5,18438693,18508956,49683.4,PushPop,:batch=29d95afeba514803b37ee014245d41f6 phase=decode requests=e6255778e8534404ac5ca8451b4d8752
0.0,36947115,2,18473557.5,18473557.5,18435468,18511647,53866.7,PushPop,":batch=f3443d96e74c47a98b9e56e81e902d03 phase=decode requests=dfa53ed7b1db427c979733175e83eed5,1b90b5029a8e4095a0953f707b492bc0,2b642560cfbc46a3b415e89ad3a03675,1d3635c1d1b8417da02febe5bb56858c"
0.0,36947098,2,18473549.0,18473549.0,18442225,18504873,44298.8,PushPop,:batch=29638eb2c5ef44d494df9186a7e0ec95 phase=decode requests=f613ba29e5e3458d8e63b0275b98ac68
0.0,36946564,2,18473282.0,18473282.0,18436765,18509799,51642.8,PushPop,":batch=8b65056d465b4187b1ff150dbf1081b7 phase=decode requests=dfa53ed7b1db427c979733175e83eed5,1b90b5029a8e4095a0953f707b492bc0,2b642560cfbc46a3b415e89ad3a03675,1d3635c1d1b8417da02febe5bb56858c"
0.0,36946080,2,18473040.0,18473040.0,18436811,18509269,51235.5,PushPop,":batch=58538bdbad7b477da80868c600145b52 phase=decode requests=dfa53ed7b1db427c979733175e83eed5,1b90b5029a8e4095a0953f707b492bc0,2b642560cfbc46a3b415e89ad3a03675,1d3635c1d1b8417da02febe5bb56858c"
0.0,36945996,2,18472998.0,18472998.0,18443505,18502491,41709.4,PushPop,":batch=dcc0002a98064ffdae77df7bc06011d9 phase=decode requests=dfa53ed7b1db427c979733175e83eed5,1b90b5029a8e4095a0953f707b492bc0,2b642560cfbc46a3b415e89ad3a03675,1d3635c1d1b8417da02febe5bb56858c"
0.0,36945474,2,18472737.0,18472737.0,18446845,18498629,36616.8,PushPop,":batch=c34788c8c44b4f04b225c1e27d72add6 phase=decode requests=dfa53ed7b1db427c979733175e83eed5,1b90b5029a8e4095a0953f707b492bc0,2b642560cfbc46a3b415e89ad3a03675,1d3635c1d1b8417da02febe5bb56858c"
0.0,36944741,2,18472370.5,18472370.5,18440971,18503770,44405.6,PushPop,":batch=5bdc6f407048486ca2120e16a5d7fc9b phase=decode requests=dfa53ed7b1db427c979733175e83eed5,1b90b5029a8e4095a0953f707b492bc0,2b642560cfbc46a3b415e89ad3a03675,1d3635c1d1b8417da02febe5bb56858c"
0.0,36944698,2,18472349.0,18472349.0,18436204,18508494,51116.7,PushPop,":batch=0937c4bc0f594f7f97dcb03877081a58 phase=decode requests=dfa53ed7b1db427c979733175e83eed5,1b90b5029a8e4095a0953f707b492bc0,2b642560cfbc46a3b415e89ad3a03675,1d3635c1d1b8417da02febe5bb56858c"
0.0,36944273,2,18472136.5,18472136.5,18442677,18501596,41662.0,PushPop,":batch=bda49a009d834eca9bd5837953c606a8 phase=decode requests=dfa53ed7b1db427c979733175e83eed5,1b90b5029a8e4095a0953f707b492bc0,2b642560cfbc46a3b415e89ad3a03675,1d3635c1d1b8417da02febe5bb56858c"
0.0,36944112,2,18472056.0,18472056.0,18443058,18501054,41009.4,PushPop,":batch=302b256b073a491ca707243a8659d936 phase=decode requests=dfa53ed7b1db427c979733175e83eed5,1b90b5029a8e4095a0953f707b492bc0,2b642560cfbc46a3b415e89ad3a03675,1d3635c1d1b8417da02febe5bb56858c"
0.0,36944048,2,18472024.0,18472024.0,18450791,18493257,30028.0,PushPop,:batch=424b0d0272164c1f92525e80048432eb phase=decode requests=e6255778e8534404ac5ca8451b4d8752
0.0,36943559,2,18471779.5,18471779.5,18449447,18494112,31582.9,PushPop,:batch=f6411a6148154eeab71e33aba7249f21 phase=decode requests=f613ba29e5e3458d8e63b0275b98ac68
0.0,36942829,2,18471414.5,18471414.5,18430072,18512757,58467.1,PushPop,:batch=199d8fbbbe3c41c2a1184c6d3d318dd6 phase=decode requests=25de90a8b4234cdd9f459bf44de5f72b
0.0,36942710,2,18471355.0,18471355.0,18444667,18498043,37742.5,PushPop,":batch=54b667aef17547329ca6e02e2b96bbc3 phase=decode requests=dfa53ed7b1db427c979733175e83eed5,1b90b5029a8e4095a0953f707b492bc0,2b642560cfbc46a3b415e89ad3a03675,1d3635c1d1b8417da02febe5bb56858c"
0.0,36941903,2,18470951.5,18470951.5,18442748,18499155,39885.8,PushPop,":batch=f49168e0446b490291b929b48b98e87f phase=decode requests=dfa53ed7b1db427c979733175e83eed5,1b90b5029a8e4095a0953f707b492bc0,2b642560cfbc46a3b415e89ad3a03675,1d3635c1d1b8417da02febe5bb56858c"
0.0,36941828,2,18470914.0,18470914.0,18447114,18494714,33658.3,PushPop,:batch=a13e7cc4cb404907b8b2175643abdf4c phase=decode requests=f613ba29e5e3458d8e63b0275b98ac68
0.0,36941222,2,18470611.0,18470611.0,18449367,18491855,30043.6,PushPop,":batch=d20e6fe20fc54afcbaa035f57596ff95 phase=decode requests=dfa53ed7b1db427c979733175e83eed5,1b90b5029a8e4095a0953f707b492bc0,2b642560cfbc46a3b415e89ad3a03675,1d3635c1d1b8417da02febe5bb56858c"
0.0,36940835,2,18470417.5,18470417.5,18432920,18507915,53029.5,PushPop,:batch=13bade80682a425aa087ae775d595bf5 phase=decode requests=e6255778e8534404ac5ca8451b4d8752
0.0,36940725,2,18470362.5,18470362.5,18448061,18492664,31539.1,PushPop,":batch=3f746b620e0c4953b2e18090b0056bae phase=decode requests=1811f6ebf58e4b0ea2292b35146cd35f,612ab6a155ee43be83ea6696bd5b8b7f,04a26fdd847647a5a094bbafb63bc469,5f8f2308efff494a9a6a2fa3d4ecc35c"
0.0,36939678,2,18469839.0,18469839.0,18453284,18486394,23412.3,PushPop,":batch=37d62dcf88df4cd5bc0c5b3791b1b7c4 phase=decode requests=dfa53ed7b1db427c979733175e83eed5,1b90b5029a8e4095a0953f707b492bc0,2b642560cfbc46a3b415e89ad3a03675,1d3635c1d1b8417da02febe5bb56858c"
0.0,36939243,2,18469621.5,18469621.5,18433092,18506151,51660.5,PushPop,:batch=83d3b0f308df4dc9888727c2a01d7812 phase=decode requests=e6255778e8534404ac5ca8451b4d8752
0.0,36938769,2,18469384.5,18469384.5,18422694,18516075,66030.3,PushPop,":batch=3df6dfd2f065441e8eb413d10bd47ee4 phase=decode requests=1811f6ebf58e4b0ea2292b35146cd35f,612ab6a155ee43be83ea6696bd5b8b7f,04a26fdd847647a5a094bbafb63bc469,5f8f2308efff494a9a6a2fa3d4ecc35c"
0.0,36938694,2,18469347.0,18469347.0,18435802,18502892,47439.8,PushPop,":batch=46f15171fbf44fb1b1cb7ee1e9ea2584 phase=decode requests=dfa53ed7b1db427c979733175e83eed5,1b90b5029a8e4095a0953f707b492bc0,2b642560cfbc46a3b415e89ad3a03675,1d3635c1d1b8417da02febe5bb56858c"
0.0,36938283,2,18469141.5,18469141.5,18444354,18493929,35054.8,PushPop,":batch=53f75974b18c4b2e8c6d8cd70cd26622 phase=decode requests=dfa53ed7b1db427c979733175e83eed5,1b90b5029a8e4095a0953f707b492bc0,2b642560cfbc46a3b415e89ad3a03675,1d3635c1d1b8417da02febe5bb56858c"
0.0,36937903,2,18468951.5,18468951.5,18443382,18494521,36160.7,PushPop,:batch=bb2c9392ca9245d987ea4a5b329fd07e phase=decode requests=f613ba29e5e3458d8e63b0275b98ac68
0.0,36937442,2,18468721.0,18468721.0,18451922,18485520,23757.4,PushPop,:batch=b1428d7ebb4846ae843accf542cabc6d phase=decode requests=e6255778e8534404ac5ca8451b4d8752
0.0,36937379,2,18468689.5,18468689.5,18447276,18490103,30283.3,PushPop,":batch=a07d58a529af4c41be2fcd6135837b34 phase=decode requests=dfa53ed7b1db427c979733175e83eed5,1b90b5029a8e4095a0953f707b492bc0,2b642560cfbc46a3b415e89ad3a03675,1d3635c1d1b8417da02febe5bb56858c"
0.0,36937358,2,18468679.0,18468679.0,18433037,18504321,50405.4,PushPop,":batch=1b0bf00de2064d2a9b10c6118efb385b phase=decode requests=dfa53ed7b1db427c979733175e83eed5,1b90b5029a8e4095a0953f707b492bc0,2b642560cfbc46a3b415e89ad3a03675,1d3635c1d1b8417da02febe5bb56858c"
0.0,36937007,2,18468503.5,18468503.5,18446524,18490483,31083.7,PushPop,":batch=5518773ad1bf4daebbfc8cd6a0258ac7 phase=decode requests=dfa53ed7b1db427c979733175e83eed5,1b90b5029a8e4095a0953f707b492bc0,2b642560cfbc46a3b415e89ad3a03675,1d3635c1d1b8417da02febe5bb56858c"
0.0,36936423,2,18468211.5,18468211.5,18430413,18506010,53455.2,PushPop,":batch=e1164388d486446fb8919770219d4c7d phase=decode requests=dfa53ed7b1db427c979733175e83eed5,1b90b5029a8e4095a0953f707b492bc0,2b642560cfbc46a3b415e89ad3a03675,1d3635c1d1b8417da02febe5bb56858c"
0.0,36936243,2,18468121.5,18468121.5,18427397,18508846,57593.1,PushPop,:batch=f0afb157d2a049ebbb0dcdd9c8c0175d phase=decode requests=e6255778e8534404ac5ca8451b4d8752
0.0,36936091,2,18468045.5,18468045.5,18039763,18896328,605682.9,PushPop,:batch=24bf618e00bb402bb93a4f27b24be61c phase=decode requests=25de90a8b4234cdd9f459bf44de5f72b
0.0,36935762,2,18467881.0,18467881.0,18427585,18508177,56987.1,PushPop,:batch=cd696949067d45e58434b6179f39af67 phase=decode requests=f613ba29e5e3458d8e63b0275b98ac68
0.0,36935739,2,18467869.5,18467869.5,18426224,18509515,58895.6,PushPop,:batch=e2798f804e6e4d44ad52ffb203e086a2 phase=decode requests=f613ba29e5e3458d8e63b0275b98ac68
0.0,36935413,2,18467706.5,18467706.5,18451379,18484034,23090.6,PushPop,":batch=fa496e08310c40c5a29b8cae013fcbb8 phase=decode requests=1811f6ebf58e4b0ea2292b35146cd35f,612ab6a155ee43be83ea6696bd5b8b7f,04a26fdd847647a5a094bbafb63bc469,5f8f2308efff494a9a6a2fa3d4ecc35c"
0.0,36935366,2,18467683.0,18467683.0,18444341,18491025,33010.6,PushPop,:batch=66c7bed6df69412fa2e0687d71a62be7 phase=decode requests=f613ba29e5e3458d8e63b0275b98ac68
0.0,36935223,2,18467611.5,18467611.5,18443782,18491441,33700.0,PushPop,:batch=40d39f846b494baba058c3fc8592c007 phase=decode requests=f613ba29e5e3458d8e63b0275b98ac68
0.0,36935122,2,18467561.0,18467561.0,18428726,18506396,54921.0,PushPop,":batch=d270372305234dae9a6d07b7fe4ed3bc phase=decode requests=dfa53ed7b1db427c979733175e83eed5,1b90b5029a8e4095a0953f707b492bc0,2b642560cfbc46a3b415e89ad3a03675,1d3635c1d1b8417da02febe5bb56858c"
0.0,36934939,2,18467469.5,18467469.5,18435985,18498954,44525.8,PushPop,:batch=8698a2fd86b44774abebbf59cf4c00d2 phase=decode requests=e6255778e8534404ac5ca8451b4d8752
0.0,36934729,2,18467364.5,18467364.5,18425685,18509044,58943.7,PushPop,":batch=9d157a13c8f34d20bb1c02969fcd3911 phase=decode requests=dfa53ed7b1db427c979733175e83eed5,1b90b5029a8e4095a0953f707b492bc0,2b642560cfbc46a3b415e89ad3a03675,1d3635c1d1b8417da02febe5bb56858c"
0.0,36934192,2,18467096.0,18467096.0,18428444,18505748,54662.2,PushPop,:batch=9d80f6e71aba48d393da9727bc26ee8b phase=decode requests=e6255778e8534404ac5ca8451b4d8752
0.0,36933206,2,18466603.0,18466603.0,18466353,18466853,353.6,PushPop,":batch=4fc7e7f43e7f47bd98c924427812c03d phase=decode requests=1811f6ebf58e4b0ea2292b35146cd35f,612ab6a155ee43be83ea6696bd5b8b7f,04a26fdd847647a5a094bbafb63bc469,5f8f2308efff494a9a6a2fa3d4ecc35c"
0.0,36932776,2,18466388.0,18466388.0,18439276,18493500,38342.2,PushPop,:batch=74b6318f82bb495bb2d5280fd387b23b phase=decode requests=f613ba29e5e3458d8e63b0275b98ac68
0.0,36932499,2,18466249.5,18466249.5,18443989,18488510,31481.1,PushPop,":batch=15e0f368a0bc47b894601b70a3ee9efc phase=decode requests=1811f6ebf58e4b0ea2292b35146cd35f,612ab6a155ee43be83ea6696bd5b8b7f,04a26fdd847647a5a094bbafb63bc469,5f8f2308efff494a9a6a2fa3d4ecc35c"
0.0,36932456,2,18466228.0,18466228.0,18427279,18505177,55082.2,PushPop,":batch=045f82e2092f4090a5a3d16e5dc925a4 phase=decode requests=dfa53ed7b1db427c979733175e83eed5,1b90b5029a8e4095a0953f707b492bc0,2b642560cfbc46a3b415e89ad3a03675,1d3635c1d1b8417da02febe5bb56858c"
0.0,36932398,2,18466199.0,18466199.0,18452418,18479980,19489.3,PushPop,:batch=732b39bc7e1d49ce92b1b41dc04076d6 phase=decode requests=f613ba29e5e3458d8e63b0275b98ac68
0.0,36932268,2,18466134.0,18466134.0,18424909,18507359,58301.0,PushPop,:batch=001b6c8d74d34fbdb729a13985f439eb phase=decode requests=268bc1a668514718addc6aee590d0f20
0.0,36932142,2,18466071.0,18466071.0,18433107,18499035,46618.1,PushPop,:batch=0ab57bc4557c4bd2b851951ae55dc788 phase=decode requests=e6255778e8534404ac5ca8451b4d8752
0.0,36931723,2,18465861.5,18465861.5,18442114,18489609,33584.0,PushPop,":batch=2eee5702ae3a448c91ca945bc04a4b3e phase=decode requests=dfa53ed7b1db427c979733175e83eed5,1b90b5029a8e4095a0953f707b492bc0,2b642560cfbc46a3b415e89ad3a03675,1d3635c1d1b8417da02febe5bb56858c"
0.0,36931709,2,18465854.5,18465854.5,18442068,18489641,33639.2,PushPop,":batch=fbbb055430834a2b9f8e6f5dbd475e64 phase=decode requests=dfa53ed7b1db427c979733175e83eed5,1b90b5029a8e4095a0953f707b492bc0,2b642560cfbc46a3b415e89ad3a03675,1d3635c1d1b8417da02febe5bb56858c"
0.0,36931415,2,18465707.5,18465707.5,18425464,18505951,56912.9,PushPop,:batch=0edfd6f0f4424b0fb3b0abce1bb9998f phase=decode requests=f613ba29e5e3458d8e63b0275b98ac68
0.0,36931340,2,18465670.0,18465670.0,18449531,18481809,22824.0,PushPop,:batch=9cd294a5e8984993af3996fdf357c897 phase=decode requests=f613ba29e5e3458d8e63b0275b98ac68
0.0,36931321,2,18465660.5,18465660.5,18407915,18523406,81664.5,PushPop,":batch=0d1e5f9cfab348ba8ea121a5f226884c phase=decode requests=dfa53ed7b1db427c979733175e83eed5,1b90b5029a8e4095a0953f707b492bc0,2b642560cfbc46a3b415e89ad3a03675,1d3635c1d1b8417da02febe5bb56858c"
0.0,36930928,2,18465464.0,18465464.0,18430185,18500743,49892.0,PushPop,":batch=5bc72927ab6d4c8d9276d7200197d6b5 phase=decode requests=1811f6ebf58e4b0ea2292b35146cd35f,612ab6a155ee43be83ea6696bd5b8b7f,04a26fdd847647a5a094bbafb63bc469,5f8f2308efff494a9a6a2fa3d4ecc35c"
0.0,36930622,2,18465311.0,18465311.0,18431936,18498686,47199.4,PushPop,":batch=e8b1120ac1b3484c891b96f1553010f8 phase=decode requests=1811f6ebf58e4b0ea2292b35146cd35f,612ab6a155ee43be83ea6696bd5b8b7f,04a26fdd847647a5a094bbafb63bc469,5f8f2308efff494a9a6a2fa3d4ecc35c"
0.0,36930529,2,18465264.5,18465264.5,18434779,18495750,43113.0,PushPop,":batch=b7b53b2ac99244568fff2bd38175f877 phase=decode requests=dfa53ed7b1db427c979733175e83eed5,1b90b5029a8e4095a0953f707b492bc0,2b642560cfbc46a3b415e89ad3a03675,1d3635c1d1b8417da02febe5bb56858c"
0.0,36929988,2,18464994.0,18464994.0,18425629,18504359,55670.5,PushPop,":batch=c73d9d2eb424420daded52ecb7d0d656 phase=decode requests=dfa53ed7b1db427c979733175e83eed5,1b90b5029a8e4095a0953f707b492bc0,2b642560cfbc46a3b415e89ad3a03675,1d3635c1d1b8417da02febe5bb56858c"
0.0,36929810,2,18464905.0,18464905.0,18445996,18483814,26741.4,PushPop,:batch=cd29ba6ba4e24fedb76ff98e1a3acafa phase=decode requests=e6255778e8534404ac5ca8451b4d8752
0.0,36929227,2,18464613.5,18464613.5,18437349,18491878,38557.8,PushPop,":batch=ce6cf7bb45c84db1af34b7370c729b1a phase=decode requests=dfa53ed7b1db427c979733175e83eed5,1b90b5029a8e4095a0953f707b492bc0,2b642560cfbc46a3b415e89ad3a03675,1d3635c1d1b8417da02febe5bb56858c"
0.0,36929168,2,18464584.0,18464584.0,18434483,18494685,42569.2,PushPop,:batch=2748376827c64c83b9cb3fab1ed4cefe phase=decode requests=25de90a8b4234cdd9f459bf44de5f72b
0.0,36929147,2,18464573.5,18464573.5,18427547,18501600,52363.4,PushPop,":batch=91f997967cc1477293d182f0e01776f9 phase=decode requests=dfa53ed7b1db427c979733175e83eed5,1b90b5029a8e4095a0953f707b492bc0,2b642560cfbc46a3b415e89ad3a03675,1d3635c1d1b8417da02febe5bb56858c"
0.0,36928555,2,18464277.5,18464277.5,18425182,18503373,55289.4,PushPop,:batch=1febd2b587334352aeb54500ddb4ead7 phase=decode requests=e6255778e8534404ac5ca8451b4d8752
0.0,36927701,2,18463850.5,18463850.5,18423250,18504451,57417.8,PushPop,:batch=28ecc04b44564c9e891156a86bfd14e8 phase=decode requests=f613ba29e5e3458d8e63b0275b98ac68
0.0,36927661,2,18463830.5,18463830.5,18433223,18494438,43285.5,PushPop,":batch=efec8882a0c1456dadd8232160016441 phase=decode requests=dfa53ed7b1db427c979733175e83eed5,1b90b5029a8e4095a0953f707b492bc0,2b642560cfbc46a3b415e89ad3a03675,1d3635c1d1b8417da02febe5bb56858c"
0.0,36927608,2,18463804.0,18463804.0,18433280,18494328,43167.5,PushPop,":batch=72d66161f8004060b93c1bb998b32df4 phase=decode requests=dfa53ed7b1db427c979733175e83eed5,1b90b5029a8e4095a0953f707b492bc0,2b642560cfbc46a3b415e89ad3a03675,1d3635c1d1b8417da02febe5bb56858c"
0.0,36927285,2,18463642.5,18463642.5,18433401,18493884,42767.9,PushPop,:batch=c54bba662c9545148b126383bfd59a8c phase=decode requests=f613ba29e5e3458d8e63b0275b98ac68
0.0,36927145,2,18463572.5,18463572.5,18434513,18492632,41096.3,PushPop,:batch=d4eca14e0de848c1a6289dd9d6988b81 phase=decode requests=e6255778e8534404ac5ca8451b4d8752
0.0,36927131,2,18463565.5,18463565.5,18433339,18493792,42746.7,PushPop,:batch=f471f6fba3964822b321c3a320e1c584 phase=decode requests=f613ba29e5e3458d8e63b0275b98ac68
0.0,36926787,2,18463393.5,18463393.5,18435792,18490995,39034.4,PushPop,":batch=e39389086f7c4645bb46bb3dc7780fa4 phase=decode requests=dfa53ed7b1db427c979733175e83eed5,1b90b5029a8e4095a0953f707b492bc0,2b642560cfbc46a3b415e89ad3a03675,1d3635c1d1b8417da02febe5bb56858c"
0.0,36926737,2,18463368.5,18463368.5,18437421,18489316,36695.3,PushPop,:batch=82524741beb74999b26907e57bffe408 phase=decode requests=f613ba29e5e3458d8e63b0275b98ac68
0.0,36926727,2,18463363.5,18463363.5,18416954,18509773,65632.9,PushPop,":batch=e865dc214e4a40989a317bd945c7c138 phase=decode requests=dfa53ed7b1db427c979733175e83eed5,1b90b5029a8e4095a0953f707b492bc0,2b642560cfbc46a3b415e89ad3a03675,1d3635c1d1b8417da02febe5bb56858c"
0.0,36926576,2,18463288.0,18463288.0,18429829,18496747,47318.2,PushPop,":batch=ba05c053a722480785e10219626813cd phase=decode requests=dfa53ed7b1db427c979733175e83eed5,1b90b5029a8e4095a0953f707b492bc0,2b642560cfbc46a3b415e89ad3a03675,1d3635c1d1b8417da02febe5bb56858c"
0.0,36926445,2,18463222.5,18463222.5,18433224,18493221,42424.3,PushPop,":batch=81258bfc721941f681f9e92876026571 phase=decode requests=dfa53ed7b1db427c979733175e83eed5,1b90b5029a8e4095a0953f707b492bc0,2b642560cfbc46a3b415e89ad3a03675,1d3635c1d1b8417da02febe5bb56858c"
0.0,36926427,2,18463213.5,18463213.5,18436805,18489622,37347.3,PushPop,:batch=de81709e96c142759e4123faebaea2bb phase=decode requests=268bc1a668514718addc6aee590d0f20
0.0,36926169,2,18463084.5,18463084.5,18420434,18505735,60316.9,PushPop,:batch=2e3df7c72b404b4aa53a4de3ce026cdd phase=decode requests=e6255778e8534404ac5ca8451b4d8752
0.0,36926083,2,18463041.5,18463041.5,18438010,18488073,35399.9,PushPop,:batch=7f8fb556b4f84e54b963c084d754721d phase=decode requests=f613ba29e5e3458d8e63b0275b98ac68
0.0,36926005,2,18463002.5,18463002.5,18430443,18495562,46046.1,PushPop,":batch=bbf10de17f304e64aa8a80e572cdb114 phase=decode requests=1811f6ebf58e4b0ea2292b35146cd35f,612ab6a155ee43be83ea6696bd5b8b7f,04a26fdd847647a5a094bbafb63bc469,5f8f2308efff494a9a6a2fa3d4ecc35c"
0.0,36925433,2,18462716.5,18462716.5,18448466,18476967,20153.3,PushPop,:batch=e1f4a5957608445685edeb0c87c9a2d0 phase=decode requests=f613ba29e5e3458d8e63b0275b98ac68
0.0,36924696,2,18462348.0,18462348.0,18425032,18499664,52772.8,PushPop,":batch=571de7d7f5254f80a5c1e2e75f3478d8 phase=decode requests=dfa53ed7b1db427c979733175e83eed5,1b90b5029a8e4095a0953f707b492bc0,2b642560cfbc46a3b415e89ad3a03675,1d3635c1d1b8417da02febe5bb56858c"
0.0,36924639,2,18462319.5,18462319.5,18421482,18503157,57752.9,PushPop,":batch=c12002b4cf5d478ab5976919acdf0435 phase=decode requests=dfa53ed7b1db427c979733175e83eed5,1b90b5029a8e4095a0953f707b492bc0,2b642560cfbc46a3b415e89ad3a03675,1d3635c1d1b8417da02febe5bb56858c"
0.0,36924362,2,18462181.0,18462181.0,18419632,18504730,60173.4,PushPop,:batch=bdc16c2f0d2d4635acccebf525e2ed5f phase=decode requests=e6255778e8534404ac5ca8451b4d8752
0.0,36924286,2,18462143.0,18462143.0,18427966,18496320,48333.6,PushPop,":batch=9857a160e48f4a21aa0421c9ea381f5f phase=decode requests=dfa53ed7b1db427c979733175e83eed5,1b90b5029a8e4095a0953f707b492bc0,2b642560cfbc46a3b415e89ad3a03675,1d3635c1d1b8417da02febe5bb56858c"
0.0,36923157,2,18461578.5,18461578.5,18438879,18484278,32101.9,PushPop,":batch=12aae972e98a4ce0b4131634db65f43b phase=decode requests=dfa53ed7b1db427c979733175e83eed5,1b90b5029a8e4095a0953f707b492bc0,2b642560cfbc46a3b415e89ad3a03675,1d3635c1d1b8417da02febe5bb56858c"
0.0,36922564,2,18461282.0,18461282.0,18426789,18495775,48780.5,PushPop,":batch=3095677151be4404b3a32a6f1539a2a7 phase=decode requests=dfa53ed7b1db427c979733175e83eed5,1b90b5029a8e4095a0953f707b492bc0,2b642560cfbc46a3b415e89ad3a03675,1d3635c1d1b8417da02febe5bb56858c"
0.0,36922512,2,18461256.0,18461256.0,18442796,18479716,26106.4,PushPop,":batch=1402316418894e5bb7893564b6a8f574 phase=decode requests=1811f6ebf58e4b0ea2292b35146cd35f,612ab6a155ee43be83ea6696bd5b8b7f,04a26fdd847647a5a094bbafb63bc469,5f8f2308efff494a9a6a2fa3d4ecc35c"
0.0,36922221,2,18461110.5,18461110.5,18432047,18490174,41102.0,PushPop,":batch=d40618169dbc43a49d1ff80c0ff6e67a phase=decode requests=dfa53ed7b1db427c979733175e83eed5,1b90b5029a8e4095a0953f707b492bc0,2b642560cfbc46a3b415e89ad3a03675,1d3635c1d1b8417da02febe5bb56858c"
0.0,36922092,2,18461046.0,18461046.0,18438822,18483270,31429.5,PushPop,:batch=068e42eed277400dbcd4d3a40e1e4b5f phase=decode requests=e6255778e8534404ac5ca8451b4d8752
0.0,36921933,2,18460966.5,18460966.5,18419205,18502728,59059.7,PushPop,":batch=8a26e9d6e5c24db798722ea1cba93fcb phase=decode requests=dfa53ed7b1db427c979733175e83eed5,1b90b5029a8e4095a0953f707b492bc0,2b642560cfbc46a3b415e89ad3a03675,1d3635c1d1b8417da02febe5bb56858c"
0.0,36921933,2,18460966.5,18460966.5,18429724,18492209,44183.6,PushPop,:batch=b77e50948d7041c0ba6f0e69bd2215c7 phase=decode requests=25de90a8b4234cdd9f459bf44de5f72b
0.0,36921780,2,18460890.0,18460890.0,18440976,18480804,28162.6,PushPop,":batch=b26dd371effb4ce6aa115477a8556054 phase=decode requests=dfa53ed7b1db427c979733175e83eed5,1b90b5029a8e4095a0953f707b492bc0,2b642560cfbc46a3b415e89ad3a03675,1d3635c1d1b8417da02febe5bb56858c"
0.0,36921386,2,18460693.0,18460693.0,18420331,18501055,57080.5,PushPop,:batch=a99428bf784b4d86a18cebf3b1ab05a0 phase=decode requests=e6255778e8534404ac5ca8451b4d8752
0.0,36921377,2,18460688.5,18460688.5,18424883,18496494,50636.6,PushPop,":batch=43177fdd9e9649cead0c71e572d1ea94 phase=decode requests=dfa53ed7b1db427c979733175e83eed5,1b90b5029a8e4095a0953f707b492bc0,2b642560cfbc46a3b415e89ad3a03675,1d3635c1d1b8417da02febe5bb56858c"
0.0,36921237,2,18460618.5,18460618.5,18441695,18479542,26761.9,PushPop,":batch=9ae3975cbb6942fca1d5200102213ed3 phase=decode requests=1811f6ebf58e4b0ea2292b35146cd35f,612ab6a155ee43be83ea6696bd5b8b7f,04a26fdd847647a5a094bbafb63bc469,5f8f2308efff494a9a6a2fa3d4ecc35c"
0.0,36920891,2,18460445.5,18460445.5,18428808,18492083,44742.2,PushPop,:batch=f3a26c3b53374dd0a0db6a9d5264d252 phase=decode requests=25de90a8b4234cdd9f459bf44de5f72b
0.0,36920870,2,18460435.0,18460435.0,18407174,18513696,75322.4,PushPop,:batch=c8bc9a9822cd447ba75ae31a80de1d76 phase=decode requests=f613ba29e5e3458d8e63b0275b98ac68
0.0,36920839,2,18460419.5,18460419.5,18430237,18490602,42684.5,PushPop,:batch=ec74d05ab07046fb9e1bce08df17b393 phase=decode requests=e6255778e8534404ac5ca8451b4d8752
0.0,36920636,2,18460318.0,18460318.0,18430615,18490021,42006.4,PushPop,":batch=0937f527b0f74e60958154cf04a080e0 phase=decode requests=dfa53ed7b1db427c979733175e83eed5,1b90b5029a8e4095a0953f707b492bc0,2b642560cfbc46a3b415e89ad3a03675,1d3635c1d1b8417da02febe5bb56858c"
0.0,36920617,2,18460308.5,18460308.5,18435464,18485153,35135.4,PushPop,":batch=8ead7d460ddb418db289cc922f132bf1 phase=decode requests=dfa53ed7b1db427c979733175e83eed5,1b90b5029a8e4095a0953f707b492bc0,2b642560cfbc46a3b415e89ad3a03675,1d3635c1d1b8417da02febe5bb56858c"
0.0,36920517,2,18460258.5,18460258.5,18431365,18489152,40861.6,PushPop,:batch=3129f43406ca42f68b170c46b87b412e phase=decode requests=e6255778e8534404ac5ca8451b4d8752
0.0,36920252,2,18460126.0,18460126.0,18444391,18475861,22252.7,PushPop,:batch=badaf6421a34481b95680c1c6739cb8a phase=decode requests=f613ba29e5e3458d8e63b0275b98ac68
0.0,36920126,2,18460063.0,18460063.0,18419312,18500814,57630.6,PushPop,":batch=c7a2399232c54c73a29c702e02af0449 phase=decode requests=1811f6ebf58e4b0ea2292b35146cd35f,612ab6a155ee43be83ea6696bd5b8b7f,04a26fdd847647a5a094bbafb63bc469,5f8f2308efff494a9a6a2fa3d4ecc35c"
0.0,36920016,2,18460008.0,18460008.0,18413688,18506328,65506.4,PushPop,":batch=6e5303c313a14f16baa2aa794e86986c phase=decode requests=1811f6ebf58e4b0ea2292b35146cd35f,612ab6a155ee43be83ea6696bd5b8b7f,04a26fdd847647a5a094bbafb63bc469,5f8f2308efff494a9a6a2fa3d4ecc35c"
0.0,36919877,2,18459938.5,18459938.5,18413879,18505998,65138.0,PushPop,":batch=a280552e6a734a80a36b48cf89ed381c phase=decode requests=dfa53ed7b1db427c979733175e83eed5,1b90b5029a8e4095a0953f707b492bc0,2b642560cfbc46a3b415e89ad3a03675,1d3635c1d1b8417da02febe5bb56858c"
0.0,36919788,2,18459894.0,18459894.0,18424494,18495294,50063.2,PushPop,:batch=04990102da824c9d90ad6b5188dc4ba5 phase=decode requests=e6255778e8534404ac5ca8451b4d8752
0.0,36919264,2,18459632.0,18459632.0,18431998,18487266,39080.4,PushPop,:batch=69ce4dc4ca88494fab12f54f35a912dc phase=decode requests=268bc1a668514718addc6aee590d0f20
0.0,36918992,2,18459496.0,18459496.0,18436411,18482581,32647.1,PushPop,":batch=a4be65ff3d6244e68a096e4e356c0836 phase=decode requests=dfa53ed7b1db427c979733175e83eed5,1b90b5029a8e4095a0953f707b492bc0,2b642560cfbc46a3b415e89ad3a03675,1d3635c1d1b8417da02febe5bb56858c"
0.0,36918570,2,18459285.0,18459285.0,18411964,18506606,66922.0,PushPop,":batch=3731eb1fc2344699b534a4f033b5333e phase=decode requests=dfa53ed7b1db427c979733175e83eed5,1b90b5029a8e4095a0953f707b492bc0,2b642560cfbc46a3b415e89ad3a03675,1d3635c1d1b8417da02febe5bb56858c"
0.0,36918311,2,18459155.5,18459155.5,18438553,18479758,29136.3,PushPop,:batch=e5dd9381a2f541d480eee2139b4f8893 phase=decode requests=f613ba29e5e3458d8e63b0275b98ac68
0.0,36918304,2,18459152.0,18459152.0,18425422,18492882,47701.4,PushPop,":batch=d4752e8020b64d20a155fa950d82fea9 phase=decode requests=dfa53ed7b1db427c979733175e83eed5,1b90b5029a8e4095a0953f707b492bc0,2b642560cfbc46a3b415e89ad3a03675,1d3635c1d1b8417da02febe5bb56858c"
0.0,36917810,2,18458905.0,18458905.0,18426967,18490843,45167.2,PushPop,":batch=1fae69c84b354c468b19893ad4467efc phase=decode requests=1811f6ebf58e4b0ea2292b35146cd35f,612ab6a155ee43be83ea6696bd5b8b7f,04a26fdd847647a5a094bbafb63bc469,5f8f2308efff494a9a6a2fa3d4ecc35c"
0.0,36917486,2,18458743.0,18458743.0,18415767,18501719,60777.2,PushPop,":batch=8b3ede0b66dd47109f6dffaa75174b55 phase=decode requests=dfa53ed7b1db427c979733175e83eed5,1b90b5029a8e4095a0953f707b492bc0,2b642560cfbc46a3b415e89ad3a03675,1d3635c1d1b8417da02febe5bb56858c"
0.0,36917343,2,18458671.5,18458671.5,18447763,18469580,15426.9,PushPop,":batch=405626c87d674376ada140362f7f983b phase=decode requests=1811f6ebf58e4b0ea2292b35146cd35f,612ab6a155ee43be83ea6696bd5b8b7f,04a26fdd847647a5a094bbafb63bc469,5f8f2308efff494a9a6a2fa3d4ecc35c"
0.0,36917044,2,18458522.0,18458522.0,18417229,18499815,58397.1,PushPop,":batch=d6971a6b90d94bafbdd10f490b191bbc phase=decode requests=dfa53ed7b1db427c979733175e83eed5,1b90b5029a8e4095a0953f707b492bc0,2b642560cfbc46a3b415e89ad3a03675,1d3635c1d1b8417da02febe5bb56858c"
0.0,36916194,2,18458097.0,18458097.0,18417401,18498793,57552.8,PushPop,":batch=12ba975dacf14ae7b14442ef062378e4 phase=decode requests=1811f6ebf58e4b0ea2292b35146cd35f,612ab6a155ee43be83ea6696bd5b8b7f,04a26fdd847647a5a094bbafb63bc469,5f8f2308efff494a9a6a2fa3d4ecc35c"
0.0,36915928,2,18457964.0,18457964.0,18424253,18491675,47674.6,PushPop,:batch=e7d55b3f0422488cb49961c6817605f9 phase=decode requests=e6255778e8534404ac5ca8451b4d8752
0.0,36915305,2,18457652.5,18457652.5,18447130,18468175,14881.1,PushPop,":batch=70b68126548e4f9a9c639d7e2ad5fad5 phase=decode requests=1811f6ebf58e4b0ea2292b35146cd35f,612ab6a155ee43be83ea6696bd5b8b7f,04a26fdd847647a5a094bbafb63bc469,5f8f2308efff494a9a6a2fa3d4ecc35c"
0.0,36914166,2,18457083.0,18457083.0,18418419,18495747,54679.2,PushPop,:batch=0b4ff4beda8a49bea4e51ad61393977d phase=decode requests=e6255778e8534404ac5ca8451b4d8752
0.0,36914125,2,18457062.5,18457062.5,18422039,18492086,49530.7,PushPop,":batch=2a5f5e46570044e59be35b43e194f9bd phase=decode requests=dfa53ed7b1db427c979733175e83eed5,1b90b5029a8e4095a0953f707b492bc0,2b642560cfbc46a3b415e89ad3a03675,1d3635c1d1b8417da02febe5bb56858c"
0.0,36914026,2,18457013.0,18457013.0,18428385,18485641,40486.1,PushPop,:batch=928ed51e72c745b0b0883fc0a5b54974 phase=decode requests=e6255778e8534404ac5ca8451b4d8752
0.0,36913887,2,18456943.5,18456943.5,18415270,18498617,58935.2,PushPop,":batch=07778e3daa72496f8debd192596b8972 phase=decode requests=dfa53ed7b1db427c979733175e83eed5,1b90b5029a8e4095a0953f707b492bc0,2b642560cfbc46a3b415e89ad3a03675,1d3635c1d1b8417da02febe5bb56858c"
0.0,36913852,2,18456926.0,18456926.0,18428877,18484975,39667.3,PushPop,":batch=9b92ee29ce5f4658a5fa594a6615a9ce phase=decode requests=dfa53ed7b1db427c979733175e83eed5,1b90b5029a8e4095a0953f707b492bc0,2b642560cfbc46a3b415e89ad3a03675,1d3635c1d1b8417da02febe5bb56858c"
0.0,36913751,2,18456875.5,18456875.5,18383249,18530502,104123.6,PushPop,":batch=7ff2fb00a85c4c269f7a65ee41d00198 phase=decode requests=1811f6ebf58e4b0ea2292b35146cd35f,612ab6a155ee43be83ea6696bd5b8b7f,04a26fdd847647a5a094bbafb63bc469,5f8f2308efff494a9a6a2fa3d4ecc35c"
0.0,36913734,2,18456867.0,18456867.0,18425877,18487857,43826.5,PushPop,:batch=5af4c353cd034639910d0c5f8c6936f4 phase=decode requests=f613ba29e5e3458d8e63b0275b98ac68
0.0,36913439,2,18456719.5,18456719.5,18418033,18495406,54711.0,PushPop,":batch=889e84aac92d413298c7dbf9bb8287ee phase=decode requests=dfa53ed7b1db427c979733175e83eed5,1b90b5029a8e4095a0953f707b492bc0,2b642560cfbc46a3b415e89ad3a03675,1d3635c1d1b8417da02febe5bb56858c"
0.0,36912779,2,18456389.5,18456389.5,18412649,18500130,61858.4,PushPop,":batch=a18f00b77dcf43f6869b775d1a6a0cf7 phase=decode requests=dfa53ed7b1db427c979733175e83eed5,1b90b5029a8e4095a0953f707b492bc0,2b642560cfbc46a3b415e89ad3a03675,1d3635c1d1b8417da02febe5bb56858c"
0.0,36912658,2,18456329.0,18456329.0,18417193,18495465,55346.7,PushPop,:batch=e3b7dd9c5182401a95d2a58897590a12 phase=decode requests=25de90a8b4234cdd9f459bf44de5f72b
0.0,36912351,2,18456175.5,18456175.5,18421363,18490988,49232.3,PushPop,":batch=19e7fc6b0d4e45b2a3e3a6ebaa7d9818 phase=decode requests=dfa53ed7b1db427c979733175e83eed5,1b90b5029a8e4095a0953f707b492bc0,2b642560cfbc46a3b415e89ad3a03675,1d3635c1d1b8417da02febe5bb56858c"
0.0,36911625,2,18455812.5,18455812.5,18424697,18486928,44004.0,PushPop,":batch=f745078502ea4b4499caf0b3fa96d26f phase=decode requests=dfa53ed7b1db427c979733175e83eed5,1b90b5029a8e4095a0953f707b492bc0,2b642560cfbc46a3b415e89ad3a03675,1d3635c1d1b8417da02febe5bb56858c"
0.0,36911491,2,18455745.5,18455745.5,18420265,18491226,50177.0,PushPop,":batch=b2b68179e0be41e19f1142740501d6ec phase=decode requests=dfa53ed7b1db427c979733175e83eed5,1b90b5029a8e4095a0953f707b492bc0,2b642560cfbc46a3b415e89ad3a03675,1d3635c1d1b8417da02febe5bb56858c"
0.0,36911291,2,18455645.5,18455645.5,18436101,18475190,27640.1,PushPop,":batch=ec523121c4e948cdafa1572182026832 phase=decode requests=dfa53ed7b1db427c979733175e83eed5,1b90b5029a8e4095a0953f707b492bc0,2b642560cfbc46a3b415e89ad3a03675,1d3635c1d1b8417da02febe5bb56858c"
0.0,36910267,2,18455133.5,18455133.5,18422218,18488049,46549.5,PushPop,:batch=c5b317e724654359ae157f9b03430973 phase=decode requests=e6255778e8534404ac5ca8451b4d8752
0.0,36910190,2,18455095.0,18455095.0,18428042,18482148,38258.7,PushPop,":batch=de9f67a6854b470b8e9dc5a5caa474d3 phase=decode requests=dfa53ed7b1db427c979733175e83eed5,1b90b5029a8e4095a0953f707b492bc0,2b642560cfbc46a3b415e89ad3a03675,1d3635c1d1b8417da02febe5bb56858c"
0.0,36909270,2,18454635.0,18454635.0,18420947,18488323,47642.0,PushPop,:batch=8a30a6d2dfe340529caae05fc97b3c42 phase=decode requests=f613ba29e5e3458d8e63b0275b98ac68
0.0,36909124,2,18454562.0,18454562.0,18416209,18492915,54239.3,PushPop,":batch=0c798a13379b4164a0b1a7d31c142540 phase=decode requests=dfa53ed7b1db427c979733175e83eed5,1b90b5029a8e4095a0953f707b492bc0,2b642560cfbc46a3b415e89ad3a03675,1d3635c1d1b8417da02febe5bb56858c"
0.0,36909115,2,18454557.5,18454557.5,18430421,18478694,34134.2,PushPop,":batch=e945b501414f499e8ac285e2a453aed7 phase=decode requests=dfa53ed7b1db427c979733175e83eed5,1b90b5029a8e4095a0953f707b492bc0,2b642560cfbc46a3b415e89ad3a03675,1d3635c1d1b8417da02febe5bb56858c"
0.0,36908847,2,18454423.5,18454423.5,18422293,18486554,45439.4,PushPop,:batch=f806e072a09b4f458bb01d1ee72cc649 phase=decode requests=f613ba29e5e3458d8e63b0275b98ac68
0.0,36908697,2,18454348.5,18454348.5,18417355,18491342,52316.7,PushPop,:batch=20f4af826d744b44a751cab937a3733a phase=decode requests=e6255778e8534404ac5ca8451b4d8752
0.0,36908081,2,18454040.5,18454040.5,18419670,18488411,48607.2,PushPop,":batch=a58d1858c6714442a2a623e876e4d1a9 phase=decode requests=dfa53ed7b1db427c979733175e83eed5,1b90b5029a8e4095a0953f707b492bc0,2b642560cfbc46a3b415e89ad3a03675,1d3635c1d1b8417da02febe5bb56858c"
0.0,36908048,2,18454024.0,18454024.0,18425465,18482583,40388.5,PushPop,:batch=a36d981911e04783b5995d8c6a428189 phase=decode requests=e6255778e8534404ac5ca8451b4d8752
0.0,36907796,2,18453898.0,18453898.0,18418978,18488818,49384.3,PushPop,":batch=ce93613bceba46e1a24884daed9081d7 phase=decode requests=1811f6ebf58e4b0ea2292b35146cd35f,612ab6a155ee43be83ea6696bd5b8b7f,04a26fdd847647a5a094bbafb63bc469,5f8f2308efff494a9a6a2fa3d4ecc35c"
0.0,36907418,2,18453709.0,18453709.0,18421462,18485956,45604.1,PushPop,:batch=3409db1a3ff5432187def74503e89421 phase=decode requests=f613ba29e5e3458d8e63b0275b98ac68
0.0,36907376,2,18453688.0,18453688.0,18430808,18476568,32357.2,PushPop,:batch=9a3e3e9b582c4f5aa82cca92a2c77150 phase=decode requests=f613ba29e5e3458d8e63b0275b98ac68
0.0,36907166,2,18453583.0,18453583.0,18420509,18486657,46773.7,PushPop,:batch=1053a51e8ecb4110a0baf74431603f3a phase=decode requests=f613ba29e5e3458d8e63b0275b98ac68
0.0,36906701,2,18453350.5,18453350.5,18428723,18477978,34828.5,PushPop,:batch=a24c5577d3f1493096cd139f9fa65de5 phase=decode requests=f613ba29e5e3458d8e63b0275b98ac68
0.0,36906245,2,18453122.5,18453122.5,18423822,18482423,41437.2,PushPop,:batch=013247627a554504980c0328d9808e9d phase=decode requests=e6255778e8534404ac5ca8451b4d8752
0.0,36906167,2,18453083.5,18453083.5,18417442,18488725,50404.7,PushPop,":batch=fb99e1ca2d4541e4a79f31bb428a7648 phase=decode requests=dfa53ed7b1db427c979733175e83eed5,1b90b5029a8e4095a0953f707b492bc0,2b642560cfbc46a3b415e89ad3a03675,1d3635c1d1b8417da02febe5bb56858c"
0.0,36905886,2,18452943.0,18452943.0,18424495,18481391,40231.5,PushPop,:batch=1426480f50fb4f6083335411aadb2af4 phase=decode requests=f613ba29e5e3458d8e63b0275b98ac68
0.0,36905848,2,18452924.0,18452924.0,18425541,18480307,38725.4,PushPop,":batch=8aaedc5d6d644e00acb10caaa87fe014 phase=decode requests=dfa53ed7b1db427c979733175e83eed5,1b90b5029a8e4095a0953f707b492bc0,2b642560cfbc46a3b415e89ad3a03675,1d3635c1d1b8417da02febe5bb56858c"
0.0,36905550,2,18452775.0,18452775.0,18424504,18481046,39981.2,PushPop,:batch=d363c2419dc349e081ff4fa9b30214bb phase=decode requests=e6255778e8534404ac5ca8451b4d8752
0.0,36905364,2,18452682.0,18452682.0,18407095,18498269,64469.8,PushPop,":batch=563a0dcd8b96415fbbc219dfc3bdf816 phase=decode requests=dfa53ed7b1db427c979733175e83eed5,1b90b5029a8e4095a0953f707b492bc0,2b642560cfbc46a3b415e89ad3a03675,1d3635c1d1b8417da02febe5bb56858c"
0.0,36904626,2,18452313.0,18452313.0,18416392,18488234,50800.0,PushPop,":batch=b42a3b3616fc4462b1113a634208cf10 phase=decode requests=dfa53ed7b1db427c979733175e83eed5,1b90b5029a8e4095a0953f707b492bc0,2b642560cfbc46a3b415e89ad3a03675,1d3635c1d1b8417da02febe5bb56858c"
0.0,36904456,2,18452228.0,18452228.0,18416899,18487557,49962.8,PushPop,":batch=c66a301d5d1e4f53a9b78416459885a3 phase=decode requests=dfa53ed7b1db427c979733175e83eed5,1b90b5029a8e4095a0953f707b492bc0,2b642560cfbc46a3b415e89ad3a03675,1d3635c1d1b8417da02febe5bb56858c"
0.0,36904184,2,18452092.0,18452092.0,18413998,18490186,53873.1,PushPop,":batch=fcd202e4f28546d58c3859a6e3d06305 phase=decode requests=dfa53ed7b1db427c979733175e83eed5,1b90b5029a8e4095a0953f707b492bc0,2b642560cfbc46a3b415e89ad3a03675,1d3635c1d1b8417da02febe5bb56858c"
0.0,36903971,2,18451985.5,18451985.5,18435159,18468812,23796.3,PushPop,:batch=c44eaed12be941caa67156dc6d4b2a32 phase=decode requests=268bc1a668514718addc6aee590d0f20
0.0,36903691,2,18451845.5,18451845.5,18412315,18491376,55904.6,PushPop,:batch=0bc7b74a39104977a78f890cd9c336f3 phase=decode requests=e6255778e8534404ac5ca8451b4d8752
0.0,36903515,2,18451757.5,18451757.5,18419889,18483626,45068.9,PushPop,":batch=220c4ed578c549708388ab687163d88d phase=decode requests=dfa53ed7b1db427c979733175e83eed5,1b90b5029a8e4095a0953f707b492bc0,2b642560cfbc46a3b415e89ad3a03675,1d3635c1d1b8417da02febe5bb56858c"
0.0,36903283,2,18451641.5,18451641.5,18438234,18465049,18961.1,PushPop,:batch=ca7482af7e4048289f4b4d8ae37f808b phase=decode requests=f613ba29e5e3458d8e63b0275b98ac68
0.0,36902363,2,18451181.5,18451181.5,18414660,18487703,51649.2,PushPop,":batch=0ec5abdca4744391a7f6ac4f8d2e9531 phase=decode requests=1811f6ebf58e4b0ea2292b35146cd35f,612ab6a155ee43be83ea6696bd5b8b7f,04a26fdd847647a5a094bbafb63bc469,5f8f2308efff494a9a6a2fa3d4ecc35c"
0.0,36902254,2,18451127.0,18451127.0,18414397,18487857,51944.1,PushPop,":batch=962b943b83514a849961de45fa6ff3e0 phase=decode requests=dfa53ed7b1db427c979733175e83eed5,1b90b5029a8e4095a0953f707b492bc0,2b642560cfbc46a3b415e89ad3a03675,1d3635c1d1b8417da02febe5bb56858c"
0.0,36902109,2,18451054.5,18451054.5,18424640,18477469,37355.7,PushPop,":batch=a501d10e94b748fb95b626ba92afb6e5 phase=decode requests=dfa53ed7b1db427c979733175e83eed5,1b90b5029a8e4095a0953f707b492bc0,2b642560cfbc46a3b415e89ad3a03675,1d3635c1d1b8417da02febe5bb56858c"
0.0,36901860,2,18450930.0,18450930.0,18430948,18470912,28258.8,PushPop,:batch=68d7564086784df4ad622b49e0803ccc phase=decode requests=e6255778e8534404ac5ca8451b4d8752
0.0,36901746,2,18450873.0,18450873.0,18410265,18491481,57428.4,PushPop,:batch=191aec8d2c264b86aa0bd7642ecd47e8 phase=decode requests=e6255778e8534404ac5ca8451b4d8752
0.0,36901216,2,18450608.0,18450608.0,18405886,18495330,63246.5,PushPop,:batch=253fb8e8562b44b09f44cef798031ffd phase=decode requests=e6255778e8534404ac5ca8451b4d8752
0.0,36901188,2,18450594.0,18450594.0,18422259,18478929,40071.7,PushPop,":batch=8905291c09764fe1bec7a2e4997c9db7 phase=decode requests=dfa53ed7b1db427c979733175e83eed5,1b90b5029a8e4095a0953f707b492bc0,2b642560cfbc46a3b415e89ad3a03675,1d3635c1d1b8417da02febe5bb56858c"
0.0,36900161,2,18450080.5,18450080.5,18425439,18474722,34848.3,PushPop,":batch=d418584f474849d1adf03f6cdb2606f3 phase=decode requests=dfa53ed7b1db427c979733175e83eed5,1b90b5029a8e4095a0953f707b492bc0,2b642560cfbc46a3b415e89ad3a03675,1d3635c1d1b8417da02febe5bb56858c"
0.0,36899656,2,18449828.0,18449828.0,18403593,18496063,65386.2,PushPop,":batch=dfd7db94108d40548de57f6ab72139ef phase=decode requests=dfa53ed7b1db427c979733175e83eed5,1b90b5029a8e4095a0953f707b492bc0,2b642560cfbc46a3b415e89ad3a03675,1d3635c1d1b8417da02febe5bb56858c"
0.0,36899639,2,18449819.5,18449819.5,18421356,18478283,40253.5,PushPop,":batch=6adb1b97fa054257815ca2578a9bb62e phase=decode requests=dfa53ed7b1db427c979733175e83eed5,1b90b5029a8e4095a0953f707b492bc0,2b642560cfbc46a3b415e89ad3a03675,1d3635c1d1b8417da02febe5bb56858c"
0.0,36899620,2,18449810.0,18449810.0,18413978,18485642,50674.1,PushPop,":batch=661ab00d0eed40e4bc78dbee9351a011 phase=decode requests=dfa53ed7b1db427c979733175e83eed5,1b90b5029a8e4095a0953f707b492bc0,2b642560cfbc46a3b415e89ad3a03675,1d3635c1d1b8417da02febe5bb56858c"
0.0,36899493,2,18449746.5,18449746.5,18413083,18486410,51850.0,PushPop,":batch=20f34d0dc30e4e4bac3783c6c45ae889 phase=decode requests=1811f6ebf58e4b0ea2292b35146cd35f,612ab6a155ee43be83ea6696bd5b8b7f,04a26fdd847647a5a094bbafb63bc469,5f8f2308efff494a9a6a2fa3d4ecc35c"
0.0,36899104,2,18449552.0,18449552.0,18422554,18476550,38180.9,PushPop,:batch=60d535a99f3b4b5eb716ce445756beca phase=decode requests=25de90a8b4234cdd9f459bf44de5f72b
0.0,36898674,2,18449337.0,18449337.0,18424787,18473887,34718.9,PushPop,:batch=f9b3ac8cd77947a6897dc2b1d44fe69c phase=decode requests=e6255778e8534404ac5ca8451b4d8752
0.0,36898450,2,18449225.0,18449225.0,18412600,18485850,51795.6,PushPop,":batch=527d5f14c79b4ed98692fcac0399681c phase=decode requests=dfa53ed7b1db427c979733175e83eed5,1b90b5029a8e4095a0953f707b492bc0,2b642560cfbc46a3b415e89ad3a03675,1d3635c1d1b8417da02febe5bb56858c"
0.0,36898415,2,18449207.5,18449207.5,18419168,18479247,42482.3,PushPop,:batch=b52aa1c34a0b4d078b4bc704846fe83c phase=decode requests=e6255778e8534404ac5ca8451b4d8752
0.0,36898396,2,18449198.0,18449198.0,18403983,18494413,63943.7,PushPop,":batch=2c192a9dcf6145ac908bb49204293009 phase=decode requests=dfa53ed7b1db427c979733175e83eed5,1b90b5029a8e4095a0953f707b492bc0,2b642560cfbc46a3b415e89ad3a03675,1d3635c1d1b8417da02febe5bb56858c"
0.0,36897785,2,18448892.5,18448892.5,18414464,18483321,48689.3,PushPop,":batch=50693f320a1a421d9bb5a938bb2b5300 phase=decode requests=dfa53ed7b1db427c979733175e83eed5,1b90b5029a8e4095a0953f707b492bc0,2b642560cfbc46a3b415e89ad3a03675,1d3635c1d1b8417da02febe5bb56858c"
0.0,36897737,2,18448868.5,18448868.5,18423809,18473928,35439.5,PushPop,:batch=bcd9f439af204d92b31d97cb35cd2abf phase=decode requests=f613ba29e5e3458d8e63b0275b98ac68
0.0,36897464,2,18448732.0,18448732.0,18407207,18490257,58725.2,PushPop,:batch=c07695b349e543139a950e0a2e8f2ca8 phase=decode requests=e6255778e8534404ac5ca8451b4d8752
0.0,36897188,2,18448594.0,18448594.0,18408860,18488328,56192.4,PushPop,":batch=effc4a2b9aef4b2c99c08407944f9d41 phase=decode requests=dfa53ed7b1db427c979733175e83eed5,1b90b5029a8e4095a0953f707b492bc0,2b642560cfbc46a3b415e89ad3a03675,1d3635c1d1b8417da02febe5bb56858c"
0.0,36897134,2,18448567.0,18448567.0,18406307,18490827,59764.7,PushPop,":batch=a804122acfeb44f68f781a396a637cac phase=decode requests=dfa53ed7b1db427c979733175e83eed5,1b90b5029a8e4095a0953f707b492bc0,2b642560cfbc46a3b415e89ad3a03675,1d3635c1d1b8417da02febe5bb56858c"
0.0,36896821,2,18448410.5,18448410.5,18416755,18480066,44767.6,PushPop,:batch=aa0489f9bfa843908bb452f79b70e51e phase=decode requests=e6255778e8534404ac5ca8451b4d8752
0.0,36896708,2,18448354.0,18448354.0,18414720,18481988,47565.7,PushPop,:batch=5a8657820ea84b94b0375f6353e1a12c phase=decode requests=e6255778e8534404ac5ca8451b4d8752
0.0,36896704,2,18448352.0,18448352.0,18421198,18475506,38401.6,PushPop,":batch=7ae1db0c29114c0eb9ca72318c059bd8 phase=decode requests=dfa53ed7b1db427c979733175e83eed5,1b90b5029a8e4095a0953f707b492bc0,2b642560cfbc46a3b415e89ad3a03675,1d3635c1d1b8417da02febe5bb56858c"
0.0,36896498,2,18448249.0,18448249.0,18411625,18484873,51794.2,PushPop,:batch=6e6e21a3eaa8409c94bd6237e30ec0ac phase=decode requests=268bc1a668514718addc6aee590d0f20
0.0,36896381,2,18448190.5,18448190.5,18405742,18490639,60031.2,PushPop,":batch=d894faded140448ba941554267966092 phase=decode requests=dfa53ed7b1db427c979733175e83eed5,1b90b5029a8e4095a0953f707b492bc0,2b642560cfbc46a3b415e89ad3a03675,1d3635c1d1b8417da02febe5bb56858c"
0.0,36896291,2,18448145.5,18448145.5,18413615,18482676,48833.5,PushPop,":batch=1665fca3eab14b7b855d4d08c9e14c59 phase=decode requests=dfa53ed7b1db427c979733175e83eed5,1b90b5029a8e4095a0953f707b492bc0,2b642560cfbc46a3b415e89ad3a03675,1d3635c1d1b8417da02febe5bb56858c"
0.0,36896160,2,18448080.0,18448080.0,18418991,18477169,41138.1,PushPop,":batch=1862d42131fa4db98a43b21cc292a3ef phase=decode requests=dfa53ed7b1db427c979733175e83eed5,1b90b5029a8e4095a0953f707b492bc0,2b642560cfbc46a3b415e89ad3a03675,1d3635c1d1b8417da02febe5bb56858c"
0.0,36895928,2,18447964.0,18447964.0,18417835,18478093,42608.8,PushPop,":batch=7b69902ccc014133a03be799e7d0fc05 phase=decode requests=dfa53ed7b1db427c979733175e83eed5,1b90b5029a8e4095a0953f707b492bc0,2b642560cfbc46a3b415e89ad3a03675,1d3635c1d1b8417da02febe5bb56858c"
0.0,36894758,2,18447379.0,18447379.0,18423438,18471320,33857.7,PushPop,:batch=be095a81a9d44ebcaff174f931247f73 phase=decode requests=f613ba29e5e3458d8e63b0275b98ac68
0.0,36894485,2,18447242.5,18447242.5,18416060,18478425,44098.7,PushPop,:batch=0d94653c610e4344bf5436a019929513 phase=decode requests=25de90a8b4234cdd9f459bf44de5f72b
0.0,36894447,2,18447223.5,18447223.5,18413670,18480777,47451.8,PushPop,":batch=2073f53ad392493da3875b20cdec669d phase=decode requests=dfa53ed7b1db427c979733175e83eed5,1b90b5029a8e4095a0953f707b492bc0,2b642560cfbc46a3b415e89ad3a03675,1d3635c1d1b8417da02febe5bb56858c"
0.0,36894141,2,18447070.5,18447070.5,18414194,18479947,46494.4,PushPop,:batch=cb69968ae1d5409aa66d1849bcd3bccd phase=decode requests=e6255778e8534404ac5ca8451b4d8752
0.0,36894000,2,18447000.0,18447000.0,18405382,18488618,58856.7,PushPop,":batch=be73bbbe4d2940ddbfbd7f50e050b0e1 phase=decode requests=dfa53ed7b1db427c979733175e83eed5,1b90b5029a8e4095a0953f707b492bc0,2b642560cfbc46a3b415e89ad3a03675,1d3635c1d1b8417da02febe5bb56858c"
0.0,36893865,2,18446932.5,18446932.5,18428350,18465515,26279.6,PushPop,":batch=3aee2d87b4cd415f89337a71b2489f4f phase=decode requests=1811f6ebf58e4b0ea2292b35146cd35f,612ab6a155ee43be83ea6696bd5b8b7f,04a26fdd847647a5a094bbafb63bc469,5f8f2308efff494a9a6a2fa3d4ecc35c"
0.0,36893332,2,18446666.0,18446666.0,18415189,18478143,44515.2,PushPop,:batch=c8d8dc34ffda47f59f1ac15d4888d199 phase=decode requests=f613ba29e5e3458d8e63b0275b98ac68
0.0,36891627,2,18445813.5,18445813.5,18350954,18540673,134151.6,PushPop,:batch=04bda2e56abf49da862b10d074d1999e phase=decode requests=f613ba29e5e3458d8e63b0275b98ac68
0.0,36890136,2,18445068.0,18445068.0,18406480,18483656,54571.7,PushPop,:batch=ce8326ef96ca4090a71352a0258f50ed phase=decode requests=e6255778e8534404ac5ca8451b4d8752
0.0,36890124,2,18445062.0,18445062.0,18402178,18487946,60647.1,PushPop,":batch=8a82e966406542b6a61ff64b2e6fcc77 phase=decode requests=dfa53ed7b1db427c979733175e83eed5,1b90b5029a8e4095a0953f707b492bc0,2b642560cfbc46a3b415e89ad3a03675,1d3635c1d1b8417da02febe5bb56858c"
0.0,36889725,2,18444862.5,18444862.5,18411373,18478352,47361.3,PushPop,:batch=68ecda814447494ab98d3535d3378df8 phase=decode requests=e6255778e8534404ac5ca8451b4d8752
0.0,36889666,2,18444833.0,18444833.0,18408534,18481132,51334.5,PushPop,":batch=8a9523ed9d88475c895e61052f1d00bf phase=decode requests=dfa53ed7b1db427c979733175e83eed5,1b90b5029a8e4095a0953f707b492bc0,2b642560cfbc46a3b415e89ad3a03675,1d3635c1d1b8417da02febe5bb56858c"
0.0,36889587,2,18444793.5,18444793.5,18411494,18478093,47092.6,PushPop,:batch=cbb51082374248e2955726f170332eee phase=decode requests=268bc1a668514718addc6aee590d0f20
0.0,36889326,2,18444663.0,18444663.0,18411184,18478142,47346.5,PushPop,":batch=921aa1da2c7f419592e7e6611da1667f phase=decode requests=dfa53ed7b1db427c979733175e83eed5,1b90b5029a8e4095a0953f707b492bc0,2b642560cfbc46a3b415e89ad3a03675,1d3635c1d1b8417da02febe5bb56858c"
0.0,36888188,2,18444094.0,18444094.0,18411728,18476460,45772.4,PushPop,":batch=af1db6d927d94d51991a1b0142344264 phase=decode requests=dfa53ed7b1db427c979733175e83eed5,1b90b5029a8e4095a0953f707b492bc0,2b642560cfbc46a3b415e89ad3a03675,1d3635c1d1b8417da02febe5bb56858c"
0.0,36888185,2,18444092.5,18444092.5,18410076,18478109,48106.6,PushPop,":batch=136434a666af4c8db15e9292e6cf3c4b phase=decode requests=dfa53ed7b1db427c979733175e83eed5,1b90b5029a8e4095a0953f707b492bc0,2b642560cfbc46a3b415e89ad3a03675,1d3635c1d1b8417da02febe5bb56858c"
0.0,36887914,2,18443957.0,18443957.0,18410216,18477698,47717.0,PushPop,:batch=fe324f12899c48b69ed6cbfc98d7be0b phase=decode requests=f613ba29e5e3458d8e63b0275b98ac68
0.0,36887841,2,18443920.5,18443920.5,18405251,18482590,54686.9,PushPop,:batch=bdb5be9005bc41ee8c1c62acc432db8f phase=decode requests=e6255778e8534404ac5ca8451b4d8752
0.0,36887546,2,18443773.0,18443773.0,18416647,18470899,38362.0,PushPop,":batch=d82ec26b7b374fabb31f7e353b6daebe phase=decode requests=dfa53ed7b1db427c979733175e83eed5,1b90b5029a8e4095a0953f707b492bc0,2b642560cfbc46a3b415e89ad3a03675,1d3635c1d1b8417da02febe5bb56858c"
0.0,36887044,2,18443522.0,18443522.0,18424107,18462937,27457.0,PushPop,":batch=071fecbabb7b414e8dbc2893ed399e60 phase=decode requests=dfa53ed7b1db427c979733175e83eed5,1b90b5029a8e4095a0953f707b492bc0,2b642560cfbc46a3b415e89ad3a03675,1d3635c1d1b8417da02febe5bb56858c"
0.0,36886903,2,18443451.5,18443451.5,18405302,18481601,53951.5,PushPop,":batch=10601f0aabf6471aa65021d2024cea70 phase=decode requests=1811f6ebf58e4b0ea2292b35146cd35f,612ab6a155ee43be83ea6696bd5b8b7f,04a26fdd847647a5a094bbafb63bc469,5f8f2308efff494a9a6a2fa3d4ecc35c"
0.0,36886494,2,18443247.0,18443247.0,18401485,18485009,59060.4,PushPop,":batch=3dcbff042a854b7baf7fc2b6b19b657e phase=decode requests=dfa53ed7b1db427c979733175e83eed5,1b90b5029a8e4095a0953f707b492bc0,2b642560cfbc46a3b415e89ad3a03675,1d3635c1d1b8417da02febe5bb56858c"
0.0,36886322,2,18443161.0,18443161.0,18409729,18476593,47280.0,PushPop,":batch=c7cf8a14b5b64a9da1306d4c04b31691 phase=decode requests=dfa53ed7b1db427c979733175e83eed5,1b90b5029a8e4095a0953f707b492bc0,2b642560cfbc46a3b415e89ad3a03675,1d3635c1d1b8417da02febe5bb56858c"
0.0,36886237,2,18443118.5,18443118.5,18391676,18494561,72750.7,PushPop,":batch=bef9dead27f443119a6de5b2366f58d5 phase=decode requests=dfa53ed7b1db427c979733175e83eed5,1b90b5029a8e4095a0953f707b492bc0,2b642560cfbc46a3b415e89ad3a03675,1d3635c1d1b8417da02febe5bb56858c"
0.0,36885795,2,18442897.5,18442897.5,18423318,18462477,27689.6,PushPop,":batch=7480dcb629be4b33846027bf58d0694c phase=decode requests=dfa53ed7b1db427c979733175e83eed5,1b90b5029a8e4095a0953f707b492bc0,2b642560cfbc46a3b415e89ad3a03675,1d3635c1d1b8417da02febe5bb56858c"
0.0,36885647,2,18442823.5,18442823.5,18412473,18473174,42922.1,PushPop,:batch=dd337e0e719946d0a93948dc8092db6d phase=decode requests=f613ba29e5e3458d8e63b0275b98ac68
0.0,36885587,2,18442793.5,18442793.5,18406355,18479232,51531.8,PushPop,":batch=7e3f5dd775e7451f91f099f08e5cd3e7 phase=decode requests=dfa53ed7b1db427c979733175e83eed5,1b90b5029a8e4095a0953f707b492bc0,2b642560cfbc46a3b415e89ad3a03675,1d3635c1d1b8417da02febe5bb56858c"
0.0,36885559,2,18442779.5,18442779.5,18397118,18488441,64575.1,PushPop,":batch=12f022c4af664985b1a14aa4d61f9f2e phase=decode requests=dfa53ed7b1db427c979733175e83eed5,1b90b5029a8e4095a0953f707b492bc0,2b642560cfbc46a3b415e89ad3a03675,1d3635c1d1b8417da02febe5bb56858c"
0.0,36885251,2,18442625.5,18442625.5,18415557,18469694,38280.6,PushPop,":batch=4496b351bf4e4683add484eee894a6b0 phase=decode requests=1811f6ebf58e4b0ea2292b35146cd35f,612ab6a155ee43be83ea6696bd5b8b7f,04a26fdd847647a5a094bbafb63bc469,5f8f2308efff494a9a6a2fa3d4ecc35c"
0.0,36885153,2,18442576.5,18442576.5,18401962,18483191,57437.6,PushPop,:batch=f4e891def9304ec08fa056eac91e93c0 phase=decode requests=e6255778e8534404ac5ca8451b4d8752
0.0,36884590,2,18442295.0,18442295.0,18407609,18476981,49053.4,PushPop,":batch=c4c512542ed24000850b421bc908b0b3 phase=decode requests=dfa53ed7b1db427c979733175e83eed5,1b90b5029a8e4095a0953f707b492bc0,2b642560cfbc46a3b415e89ad3a03675,1d3635c1d1b8417da02febe5bb56858c"
0.0,36884528,2,18442264.0,18442264.0,18424860,18459668,24613.0,PushPop,":batch=1a8c983c5241423eb1aa9271ee93560b phase=decode requests=dfa53ed7b1db427c979733175e83eed5,1b90b5029a8e4095a0953f707b492bc0,2b642560cfbc46a3b415e89ad3a03675,1d3635c1d1b8417da02febe5bb56858c"
0.0,36884295,2,18442147.5,18442147.5,18426821,18457474,21674.9,PushPop,":batch=f9755fc05a544b2f98deb4c108e893ae phase=decode requests=dfa53ed7b1db427c979733175e83eed5,1b90b5029a8e4095a0953f707b492bc0,2b642560cfbc46a3b415e89ad3a03675,1d3635c1d1b8417da02febe5bb56858c"
0.0,36883332,2,18441666.0,18441666.0,18401479,18481853,56833.0,PushPop,":batch=b9c07b1d1c214fe4b7de44e5fcafc2a0 phase=decode requests=dfa53ed7b1db427c979733175e83eed5,1b90b5029a8e4095a0953f707b492bc0,2b642560cfbc46a3b415e89ad3a03675,1d3635c1d1b8417da02febe5bb56858c"
0.0,36882676,2,18441338.0,18441338.0,18409563,18473113,44936.6,PushPop,":batch=5c565f280a0040b2928bfabe8e1645dc phase=decode requests=dfa53ed7b1db427c979733175e83eed5,1b90b5029a8e4095a0953f707b492bc0,2b642560cfbc46a3b415e89ad3a03675,1d3635c1d1b8417da02febe5bb56858c"
0.0,36882543,2,18441271.5,18441271.5,18406300,18476243,49457.2,PushPop,":batch=4fef72b40e78464eae3074c27eaf8eed phase=decode requests=dfa53ed7b1db427c979733175e83eed5,1b90b5029a8e4095a0953f707b492bc0,2b642560cfbc46a3b415e89ad3a03675,1d3635c1d1b8417da02febe5bb56858c"
0.0,36882533,2,18441266.5,18441266.5,18424178,18458355,24166.8,PushPop,:batch=f0d122127f99410088ef0b301fe12a04 phase=decode requests=f613ba29e5e3458d8e63b0275b98ac68
0.0,36882398,2,18441199.0,18441199.0,18410093,18472305,43990.5,PushPop,":batch=62dbcaf9a0e84381b985e94f355b3f7c phase=decode requests=dfa53ed7b1db427c979733175e83eed5,1b90b5029a8e4095a0953f707b492bc0,2b642560cfbc46a3b415e89ad3a03675,1d3635c1d1b8417da02febe5bb56858c"
0.0,36882260,2,18441130.0,18441130.0,18417491,18464769,33430.6,PushPop,":batch=8778687f3b80480abb5066eea7758ae3 phase=decode requests=dfa53ed7b1db427c979733175e83eed5,1b90b5029a8e4095a0953f707b492bc0,2b642560cfbc46a3b415e89ad3a03675,1d3635c1d1b8417da02febe5bb56858c"
0.0,36881953,2,18440976.5,18440976.5,18412220,18469733,40667.8,PushPop,":batch=e0049698ebbf4167bca8e1e7d5297a01 phase=decode requests=dfa53ed7b1db427c979733175e83eed5,1b90b5029a8e4095a0953f707b492bc0,2b642560cfbc46a3b415e89ad3a03675,1d3635c1d1b8417da02febe5bb56858c"
0.0,36881693,2,18440846.5,18440846.5,18405134,18476559,50505.1,PushPop,":batch=4cc02f1bea894edab7d8d8b7f5b70a2a phase=decode requests=dfa53ed7b1db427c979733175e83eed5,1b90b5029a8e4095a0953f707b492bc0,2b642560cfbc46a3b415e89ad3a03675,1d3635c1d1b8417da02febe5bb56858c"
0.0,36881002,2,18440501.0,18440501.0,18419250,18461752,30053.5,PushPop,":batch=fd713f2d2f014183984af380b0f3ec16 phase=decode requests=dfa53ed7b1db427c979733175e83eed5,1b90b5029a8e4095a0953f707b492bc0,2b642560cfbc46a3b415e89ad3a03675,1d3635c1d1b8417da02febe5bb56858c"
0.0,36880820,2,18440410.0,18440410.0,18399818,18481002,57405.8,PushPop,":batch=2ba8a9c0e7194f0c98f72e9038c53274 phase=decode requests=dfa53ed7b1db427c979733175e83eed5,1b90b5029a8e4095a0953f707b492bc0,2b642560cfbc46a3b415e89ad3a03675,1d3635c1d1b8417da02febe5bb56858c"
0.0,36880145,2,18440072.5,18440072.5,18402792,18477353,52722.6,PushPop,:batch=9db76dc19f7f4e4e921b2673f7732bc4 phase=decode requests=e6255778e8534404ac5ca8451b4d8752
0.0,36880111,2,18440055.5,18440055.5,18407468,18472643,46085.7,PushPop,":batch=e7c3b7af0ba84cb3aec5f85a9ee17f32 phase=decode requests=dfa53ed7b1db427c979733175e83eed5,1b90b5029a8e4095a0953f707b492bc0,2b642560cfbc46a3b415e89ad3a03675,1d3635c1d1b8417da02febe5bb56858c"
0.0,36879822,2,18439911.0,18439911.0,18418780,18461042,29883.7,PushPop,":batch=527976ead87b4596ba013c52fd1d7168 phase=decode requests=dfa53ed7b1db427c979733175e83eed5,1b90b5029a8e4095a0953f707b492bc0,2b642560cfbc46a3b415e89ad3a03675,1d3635c1d1b8417da02febe5bb56858c"
0.0,36879183,2,18439591.5,18439591.5,18402807,18476376,52021.1,PushPop,":batch=035dd6f2126d416d8da7b1b0d3ba8d4b phase=decode requests=dfa53ed7b1db427c979733175e83eed5,1b90b5029a8e4095a0953f707b492bc0,2b642560cfbc46a3b415e89ad3a03675,1d3635c1d1b8417da02febe5bb56858c"
0.0,36878341,2,18439170.5,18439170.5,18411035,18467306,39789.6,PushPop,":batch=dcf4ff7269214f91851f334896c24293 phase=decode requests=dfa53ed7b1db427c979733175e83eed5,1b90b5029a8e4095a0953f707b492bc0,2b642560cfbc46a3b415e89ad3a03675,1d3635c1d1b8417da02febe5bb56858c"
0.0,36878130,2,18439065.0,18439065.0,18412058,18466072,38193.7,PushPop,":batch=f6edfae5df6b4970a9e33a0f03cce049 phase=decode requests=dfa53ed7b1db427c979733175e83eed5,1b90b5029a8e4095a0953f707b492bc0,2b642560cfbc46a3b415e89ad3a03675,1d3635c1d1b8417da02febe5bb56858c"
0.0,36877442,2,18438721.0,18438721.0,18410386,18467056,40071.7,PushPop,:batch=ca42e4fb6d9c408aad353677bf359b1c phase=decode requests=268bc1a668514718addc6aee590d0f20
0.0,36876944,2,18438472.0,18438472.0,18400370,18476574,53884.4,PushPop,:batch=d63db7423a5147aeb624d15a179c71ed phase=decode requests=268bc1a668514718addc6aee590d0f20
0.0,36876895,2,18438447.5,18438447.5,18404504,18472391,48003.4,PushPop,":batch=3093e8e91f284eae8d9c54e61333f7f8 phase=decode requests=dfa53ed7b1db427c979733175e83eed5,1b90b5029a8e4095a0953f707b492bc0,2b642560cfbc46a3b415e89ad3a03675,1d3635c1d1b8417da02febe5bb56858c"
0.0,36876422,2,18438211.0,18438211.0,18411817,18464605,37326.8,PushPop,:batch=b5091e3ded284a91a7369d80059dbcf8 phase=decode requests=f613ba29e5e3458d8e63b0275b98ac68
0.0,36876202,2,18438101.0,18438101.0,18408196,18468006,42292.1,PushPop,":batch=abbf561fb5b34270a362961187b038bf phase=decode requests=dfa53ed7b1db427c979733175e83eed5,1b90b5029a8e4095a0953f707b492bc0,2b642560cfbc46a3b415e89ad3a03675,1d3635c1d1b8417da02febe5bb56858c"
0.0,36875813,2,18437906.5,18437906.5,18408434,18467379,41680.4,PushPop,":batch=46d86f84f2f348eb8885f06b5a4a725b phase=decode requests=dfa53ed7b1db427c979733175e83eed5,1b90b5029a8e4095a0953f707b492bc0,2b642560cfbc46a3b415e89ad3a03675,1d3635c1d1b8417da02febe5bb56858c"
0.0,36875641,2,18437820.5,18437820.5,18411806,18463835,36790.1,PushPop,":batch=186a534b28c04d019d122ffe488bbf53 phase=decode requests=dfa53ed7b1db427c979733175e83eed5,1b90b5029a8e4095a0953f707b492bc0,2b642560cfbc46a3b415e89ad3a03675,1d3635c1d1b8417da02febe5bb56858c"
0.0,36875620,2,18437810.0,18437810.0,18418675,18456945,27061.0,PushPop,:batch=66afa76a3ce646c0847f11e37385dd8b phase=decode requests=268bc1a668514718addc6aee590d0f20
0.0,36875187,2,18437593.5,18437593.5,18409772,18465415,39345.5,PushPop,:batch=a980fc61209c4be68cf9c5f7ce8dad8b phase=decode requests=268bc1a668514718addc6aee590d0f20
0.0,36875000,2,18437500.0,18437500.0,18407424,18467576,42533.9,PushPop,":batch=b71212e95f28400f8e8e95a10c9a3e61 phase=decode requests=dfa53ed7b1db427c979733175e83eed5,1b90b5029a8e4095a0953f707b492bc0,2b642560cfbc46a3b415e89ad3a03675,1d3635c1d1b8417da02febe5bb56858c"
0.0,36874829,2,18437414.5,18437414.5,18405756,18469073,44771.9,PushPop,:batch=4101306fcaf540748cf50ff59f6333bf phase=decode requests=25de90a8b4234cdd9f459bf44de5f72b
0.0,36874648,2,18437324.0,18437324.0,18404111,18470537,46970.3,PushPop,:batch=d8f30c3efcdb416488b33614b590972a phase=decode requests=e6255778e8534404ac5ca8451b4d8752
0.0,36874305,2,18437152.5,18437152.5,18402612,18471693,48847.6,PushPop,":batch=5c5d7dcd11bb4d689c6c7e1f52f4fab0 phase=decode requests=dfa53ed7b1db427c979733175e83eed5,1b90b5029a8e4095a0953f707b492bc0,2b642560cfbc46a3b415e89ad3a03675,1d3635c1d1b8417da02febe5bb56858c"
0.0,36874042,2,18437021.0,18437021.0,18410277,18463765,37821.7,PushPop,:batch=ab8435ff9e834d7d8cf0a5ab5cfa9090 phase=decode requests=e6255778e8534404ac5ca8451b4d8752
0.0,36874022,2,18437011.0,18437011.0,18422372,18451650,20702.7,PushPop,":batch=c06b79d7b6e94724b6424c7ca1f404be phase=decode requests=dfa53ed7b1db427c979733175e83eed5,1b90b5029a8e4095a0953f707b492bc0,2b642560cfbc46a3b415e89ad3a03675,1d3635c1d1b8417da02febe5bb56858c"
0.0,36874006,2,18437003.0,18437003.0,18408192,18465814,40744.9,PushPop,":batch=87ad9c703fbc4ccca382f68f0b197f34 phase=decode requests=dfa53ed7b1db427c979733175e83eed5,1b90b5029a8e4095a0953f707b492bc0,2b642560cfbc46a3b415e89ad3a03675,1d3635c1d1b8417da02febe5bb56858c"
0.0,36873663,2,18436831.5,18436831.5,18401131,18472532,50488.1,PushPop,":batch=dcfd64eec5a944d98bb8ffe8e143dd14 phase=decode requests=dfa53ed7b1db427c979733175e83eed5,1b90b5029a8e4095a0953f707b492bc0,2b642560cfbc46a3b415e89ad3a03675,1d3635c1d1b8417da02febe5bb56858c"
0.0,36873652,2,18436826.0,18436826.0,18406519,18467133,42860.6,PushPop,:batch=f9bc6532d8144af38a85f6a453484be4 phase=decode requests=e6255778e8534404ac5ca8451b4d8752
0.0,36873508,2,18436754.0,18436754.0,18384052,18489456,74531.9,PushPop,":batch=a673aeeade8b46be9aa885348fc7e757 phase=decode requests=dfa53ed7b1db427c979733175e83eed5,1b90b5029a8e4095a0953f707b492bc0,2b642560cfbc46a3b415e89ad3a03675,1d3635c1d1b8417da02febe5bb56858c"
0.0,36873273,2,18436636.5,18436636.5,18408396,18464877,39938.1,PushPop,":batch=2e4882ae26044a63b4202f304a327613 phase=decode requests=dfa53ed7b1db427c979733175e83eed5,1b90b5029a8e4095a0953f707b492bc0,2b642560cfbc46a3b415e89ad3a03675,1d3635c1d1b8417da02febe5bb56858c"
0.0,36873101,2,18436550.5,18436550.5,18401109,18471992,50121.8,PushPop,":batch=62a1bf3857f945baa536c14ec9357bca phase=decode requests=dfa53ed7b1db427c979733175e83eed5,1b90b5029a8e4095a0953f707b492bc0,2b642560cfbc46a3b415e89ad3a03675,1d3635c1d1b8417da02febe5bb56858c"
0.0,36872863,2,18436431.5,18436431.5,18396242,18476621,56836.5,PushPop,":batch=04a3dbc67d41429dad84fdf8b8c64d67 phase=decode requests=1811f6ebf58e4b0ea2292b35146cd35f,612ab6a155ee43be83ea6696bd5b8b7f,04a26fdd847647a5a094bbafb63bc469,5f8f2308efff494a9a6a2fa3d4ecc35c"
0.0,36872688,2,18436344.0,18436344.0,18418372,18454316,25416.2,PushPop,":batch=fe0bfa58dcf74de1bed60861d5ac465b phase=decode requests=dfa53ed7b1db427c979733175e83eed5,1b90b5029a8e4095a0953f707b492bc0,2b642560cfbc46a3b415e89ad3a03675,1d3635c1d1b8417da02febe5bb56858c"
0.0,36872453,2,18436226.5,18436226.5,18404219,18468234,45265.4,PushPop,:batch=a5f0f127408345519faad9d80b964b39 phase=decode requests=25de90a8b4234cdd9f459bf44de5f72b
0.0,36872379,2,18436189.5,18436189.5,18391978,18480401,62524.5,PushPop,":batch=c2522b3754954285befe91b1ba5b03ea phase=decode requests=dfa53ed7b1db427c979733175e83eed5,1b90b5029a8e4095a0953f707b492bc0,2b642560cfbc46a3b415e89ad3a03675,1d3635c1d1b8417da02febe5bb56858c"
0.0,36872279,2,18436139.5,18436139.5,18418998,18453281,24241.7,PushPop,":batch=088db5603a234355b1a38709f91a46e3 phase=decode requests=dfa53ed7b1db427c979733175e83eed5,1b90b5029a8e4095a0953f707b492bc0,2b642560cfbc46a3b415e89ad3a03675,1d3635c1d1b8417da02febe5bb56858c"
0.0,36871923,2,18435961.5,18435961.5,18413033,18458890,32425.8,PushPop,:batch=731de740428c458c873e2c39dfa3554d phase=decode requests=e6255778e8534404ac5ca8451b4d8752
0.0,36871845,2,18435922.5,18435922.5,18402966,18468879,46607.5,PushPop,":batch=510fa1d295ab4f89818b6dee1c2a9247 phase=decode requests=dfa53ed7b1db427c979733175e83eed5,1b90b5029a8e4095a0953f707b492bc0,2b642560cfbc46a3b415e89ad3a03675,1d3635c1d1b8417da02febe5bb56858c"
0.0,36871588,2,18435794.0,18435794.0,18412831,18458757,32474.6,PushPop,:batch=1f82860fd7f44f4cae88e0c3ef17b683 phase=decode requests=e6255778e8534404ac5ca8451b4d8752
0.0,36871511,2,18435755.5,18435755.5,18401969,18469542,47781.3,PushPop,":batch=48f890973e544a818b58af60243ee1c8 phase=decode requests=dfa53ed7b1db427c979733175e83eed5,1b90b5029a8e4095a0953f707b492bc0,2b642560cfbc46a3b415e89ad3a03675,1d3635c1d1b8417da02febe5bb56858c"
0.0,36871325,2,18435662.5,18435662.5,18404361,18466964,44267.0,PushPop,":batch=3a0b7ca30b344c40ae5af840d204554c phase=decode requests=dfa53ed7b1db427c979733175e83eed5,1b90b5029a8e4095a0953f707b492bc0,2b642560cfbc46a3b415e89ad3a03675,1d3635c1d1b8417da02febe5bb56858c"
0.0,36871097,2,18435548.5,18435548.5,18422187,18448910,18896.0,PushPop,:batch=2905df6617b84ffca45b577e2c5bb9a1 phase=decode requests=e6255778e8534404ac5ca8451b4d8752
0.0,36870943,2,18435471.5,18435471.5,18420126,18450817,21701.8,PushPop,":batch=672dc1feefb14f288dea36728be82d5c phase=decode requests=1811f6ebf58e4b0ea2292b35146cd35f,612ab6a155ee43be83ea6696bd5b8b7f,04a26fdd847647a5a094bbafb63bc469,5f8f2308efff494a9a6a2fa3d4ecc35c"
0.0,36870710,2,18435355.0,18435355.0,18411083,18459627,34325.8,PushPop,":batch=50f357a546a74cc48e98503485652678 phase=decode requests=1811f6ebf58e4b0ea2292b35146cd35f,612ab6a155ee43be83ea6696bd5b8b7f,04a26fdd847647a5a094bbafb63bc469,5f8f2308efff494a9a6a2fa3d4ecc35c"
0.0,36870175,2,18435087.5,18435087.5,18417948,18452227,24238.9,PushPop,:batch=2439301e3b3d4796bf825cecc55510c6 phase=decode requests=f613ba29e5e3458d8e63b0275b98ac68
0.0,36869786,2,18434893.0,18434893.0,18413816,18455970,29807.4,PushPop,:batch=e94d98c6914d4904aaa01b0e96525ae8 phase=decode requests=e6255778e8534404ac5ca8451b4d8752
0.0,36869745,2,18434872.5,18434872.5,18402984,18466761,45097.1,PushPop,":batch=6348d12f6a584e6da952cdfcda76e8ea phase=decode requests=dfa53ed7b1db427c979733175e83eed5,1b90b5029a8e4095a0953f707b492bc0,2b642560cfbc46a3b415e89ad3a03675,1d3635c1d1b8417da02febe5bb56858c"
0.0,36869623,2,18434811.5,18434811.5,18401330,18468293,47350.0,PushPop,":batch=56d4c4e045534138a2d62164d947d5cb phase=decode requests=dfa53ed7b1db427c979733175e83eed5,1b90b5029a8e4095a0953f707b492bc0,2b642560cfbc46a3b415e89ad3a03675,1d3635c1d1b8417da02febe5bb56858c"
0.0,36869418,2,18434709.0,18434709.0,18401493,18467925,46974.5,PushPop,":batch=c33deb13d5c2489e9dc89e2f7f0852d1 phase=decode requests=1811f6ebf58e4b0ea2292b35146cd35f,612ab6a155ee43be83ea6696bd5b8b7f,04a26fdd847647a5a094bbafb63bc469,5f8f2308efff494a9a6a2fa3d4ecc35c"
0.0,36869089,2,18434544.5,18434544.5,18390892,18478197,61734.0,PushPop,:batch=d52223b85f9c45ceb217ff7b2cf93e6e phase=decode requests=268bc1a668514718addc6aee590d0f20
0.0,36869080,2,18434540.0,18434540.0,18402003,18467077,46014.3,PushPop,":batch=f285878a4e294140be834637d11567d2 phase=decode requests=dfa53ed7b1db427c979733175e83eed5,1b90b5029a8e4095a0953f707b492bc0,2b642560cfbc46a3b415e89ad3a03675,1d3635c1d1b8417da02febe5bb56858c"
0.0,36868871,2,18434435.5,18434435.5,18403775,18465096,43360.5,PushPop,":batch=8cc097d4b4f140adada01a22948048d4 phase=decode requests=dfa53ed7b1db427c979733175e83eed5,1b90b5029a8e4095a0953f707b492bc0,2b642560cfbc46a3b415e89ad3a03675,1d3635c1d1b8417da02febe5bb56858c"
0.0,36868495,2,18434247.5,18434247.5,18418527,18449968,22232.1,PushPop,":batch=e5c8b1b30c634c2d9beae274e523feef phase=decode requests=dfa53ed7b1db427c979733175e83eed5,1b90b5029a8e4095a0953f707b492bc0,2b642560cfbc46a3b415e89ad3a03675,1d3635c1d1b8417da02febe5bb56858c"
0.0,36868304,2,18434152.0,18434152.0,18395050,18473254,55298.6,PushPop,":batch=fec5bf038f0e40dd891e7c4bddb3371d phase=decode requests=dfa53ed7b1db427c979733175e83eed5,1b90b5029a8e4095a0953f707b492bc0,2b642560cfbc46a3b415e89ad3a03675,1d3635c1d1b8417da02febe5bb56858c"
0.0,36868076,2,18434038.0,18434038.0,18395438,18472638,54588.6,PushPop,:batch=d18ca449820b402eb9836c71d2a3e4ac phase=decode requests=268bc1a668514718addc6aee590d0f20
0.0,36867799,2,18433899.5,18433899.5,18399585,18468214,48528.0,PushPop,":batch=55172694a08944b9a6ef8c406f58407b phase=decode requests=dfa53ed7b1db427c979733175e83eed5,1b90b5029a8e4095a0953f707b492bc0,2b642560cfbc46a3b415e89ad3a03675,1d3635c1d1b8417da02febe5bb56858c"
0.0,36867433,2,18433716.5,18433716.5,18396129,18471304,53156.8,PushPop,":batch=633dc50ff8d24b7aba04312b8a7bc0ca phase=decode requests=dfa53ed7b1db427c979733175e83eed5,1b90b5029a8e4095a0953f707b492bc0,2b642560cfbc46a3b415e89ad3a03675,1d3635c1d1b8417da02febe5bb56858c"
0.0,36867273,2,18433636.5,18433636.5,18394475,18472798,55382.7,PushPop,":batch=f746d16f56b145ec8f4949414396d272 phase=decode requests=1811f6ebf58e4b0ea2292b35146cd35f,612ab6a155ee43be83ea6696bd5b8b7f,04a26fdd847647a5a094bbafb63bc469,5f8f2308efff494a9a6a2fa3d4ecc35c"
0.0,36867055,2,18433527.5,18433527.5,18385846,18481209,67431.8,PushPop,":batch=fcc67f5b1262485093a5805520ef0ada phase=decode requests=dfa53ed7b1db427c979733175e83eed5,1b90b5029a8e4095a0953f707b492bc0,2b642560cfbc46a3b415e89ad3a03675,1d3635c1d1b8417da02febe5bb56858c"
0.0,36866967,2,18433483.5,18433483.5,18403816,18463151,41956.2,PushPop,":batch=6e39e625cf3245658e22a467d472be41 phase=decode requests=dfa53ed7b1db427c979733175e83eed5,1b90b5029a8e4095a0953f707b492bc0,2b642560cfbc46a3b415e89ad3a03675,1d3635c1d1b8417da02febe5bb56858c"
0.0,36866887,2,18433443.5,18433443.5,18406800,18460087,37679.6,PushPop,":batch=fb27fc9cc9e24a2599e55ff100b0763c phase=decode requests=dfa53ed7b1db427c979733175e83eed5,1b90b5029a8e4095a0953f707b492bc0,2b642560cfbc46a3b415e89ad3a03675,1d3635c1d1b8417da02febe5bb56858c"
0.0,36866650,2,18433325.0,18433325.0,18398739,18467911,48912.0,PushPop,":batch=a09a71c257e24c69a39b72b1a881c80f phase=decode requests=dfa53ed7b1db427c979733175e83eed5,1b90b5029a8e4095a0953f707b492bc0,2b642560cfbc46a3b415e89ad3a03675,1d3635c1d1b8417da02febe5bb56858c"
0.0,36866398,2,18433199.0,18433199.0,18411887,18454511,30139.7,PushPop,":batch=90e099e2ea044908a95be97a1968e119 phase=decode requests=dfa53ed7b1db427c979733175e83eed5,1b90b5029a8e4095a0953f707b492bc0,2b642560cfbc46a3b415e89ad3a03675,1d3635c1d1b8417da02febe5bb56858c"
0.0,36866257,2,18433128.5,18433128.5,18392462,18473795,57511.1,PushPop,":batch=09331be1ed0043c19e82ed34b33cd6b9 phase=decode requests=dfa53ed7b1db427c979733175e83eed5,1b90b5029a8e4095a0953f707b492bc0,2b642560cfbc46a3b415e89ad3a03675,1d3635c1d1b8417da02febe5bb56858c"
0.0,36866049,2,18433024.5,18433024.5,18413339,18452710,27839.5,PushPop,":batch=16b0b2711d704c3b9eecfa3a97230763 phase=decode requests=dfa53ed7b1db427c979733175e83eed5,1b90b5029a8e4095a0953f707b492bc0,2b642560cfbc46a3b415e89ad3a03675,1d3635c1d1b8417da02febe5bb56858c"
0.0,36866023,2,18433011.5,18433011.5,18406215,18459808,37896.0,PushPop,":batch=3976d5018fe34582a22c36aca2851b52 phase=decode requests=dfa53ed7b1db427c979733175e83eed5,1b90b5029a8e4095a0953f707b492bc0,2b642560cfbc46a3b415e89ad3a03675,1d3635c1d1b8417da02febe5bb56858c"
0.0,36865981,2,18432990.5,18432990.5,18391919,18474062,58083.9,PushPop,:batch=54bfee694da946a88ec7120d0d7859be phase=decode requests=268bc1a668514718addc6aee590d0f20
0.0,36865399,2,18432699.5,18432699.5,18402794,18462605,42292.8,PushPop,:batch=de5cb8332b524024a299edfd8a0dc31e phase=decode requests=f613ba29e5e3458d8e63b0275b98ac68
0.0,36865252,2,18432626.0,18432626.0,18401900,18463352,43453.1,PushPop,":batch=e84579f9d0f74368b56f48a4fa97e1f0 phase=decode requests=dfa53ed7b1db427c979733175e83eed5,1b90b5029a8e4095a0953f707b492bc0,2b642560cfbc46a3b415e89ad3a03675,1d3635c1d1b8417da02febe5bb56858c"
0.0,36864993,2,18432496.5,18432496.5,18392145,18472848,57065.6,PushPop,":batch=edae5712bbbe4660af919e219dd98da0 phase=decode requests=dfa53ed7b1db427c979733175e83eed5,1b90b5029a8e4095a0953f707b492bc0,2b642560cfbc46a3b415e89ad3a03675,1d3635c1d1b8417da02febe5bb56858c"
0.0,36864624,2,18432312.0,18432312.0,18405837,18458787,37441.3,PushPop,":batch=b67cf4e21fc14827a588bad1df50189b phase=decode requests=dfa53ed7b1db427c979733175e83eed5,1b90b5029a8e4095a0953f707b492bc0,2b642560cfbc46a3b415e89ad3a03675,1d3635c1d1b8417da02febe5bb56858c"
0.0,36864363,2,18432181.5,18432181.5,18398100,18466263,48198.5,PushPop,":batch=215121c324a0455da338105eb1b8873e phase=decode requests=dfa53ed7b1db427c979733175e83eed5,1b90b5029a8e4095a0953f707b492bc0,2b642560cfbc46a3b415e89ad3a03675,1d3635c1d1b8417da02febe5bb56858c"
0.0,36864273,2,18432136.5,18432136.5,18402489,18461784,41927.9,PushPop,":batch=fe4292cae9cf45408ba1fa18b4d385c4 phase=decode requests=dfa53ed7b1db427c979733175e83eed5,1b90b5029a8e4095a0953f707b492bc0,2b642560cfbc46a3b415e89ad3a03675,1d3635c1d1b8417da02febe5bb56858c"
0.0,36864066,2,18432033.0,18432033.0,18400171,18463895,45059.7,PushPop,":batch=d36dfef8d4e84c9c93e6162a1550b4af phase=decode requests=dfa53ed7b1db427c979733175e83eed5,1b90b5029a8e4095a0953f707b492bc0,2b642560cfbc46a3b415e89ad3a03675,1d3635c1d1b8417da02febe5bb56858c"
0.0,36864029,2,18432014.5,18432014.5,18386412,18477617,64491.7,PushPop,":batch=7087522dbf4341c5ae88bbc89aa0374a phase=decode requests=1811f6ebf58e4b0ea2292b35146cd35f,612ab6a155ee43be83ea6696bd5b8b7f,04a26fdd847647a5a094bbafb63bc469,5f8f2308efff494a9a6a2fa3d4ecc35c"
0.0,36863058,2,18431529.0,18431529.0,18405323,18457735,37060.9,PushPop,":batch=ced32e47b98848c5af1d8375c879072a phase=decode requests=1811f6ebf58e4b0ea2292b35146cd35f,612ab6a155ee43be83ea6696bd5b8b7f,04a26fdd847647a5a094bbafb63bc469,5f8f2308efff494a9a6a2fa3d4ecc35c"
0.0,36863028,2,18431514.0,18431514.0,18405762,18457266,36418.8,PushPop,":batch=bee87ae4d8484a5fb571ddb1bf3efd8c phase=decode requests=dfa53ed7b1db427c979733175e83eed5,1b90b5029a8e4095a0953f707b492bc0,2b642560cfbc46a3b415e89ad3a03675,1d3635c1d1b8417da02febe5bb56858c"
0.0,36863014,2,18431507.0,18431507.0,18393958,18469056,53102.3,PushPop,:batch=fb316cade9c14a9bb1a19a128d1841fd phase=decode requests=268bc1a668514718addc6aee590d0f20
0.0,36862693,2,18431346.5,18431346.5,18425532,18437161,8222.9,PushPop,:batch=9cf7ee6092444004891314c9ab312c30 phase=decode requests=f613ba29e5e3458d8e63b0275b98ac68
0.0,36862037,2,18431018.5,18431018.5,18391181,18470856,56338.7,PushPop,":batch=36680d3249694e5ab01a65bd033b8af9 phase=decode requests=1811f6ebf58e4b0ea2292b35146cd35f,612ab6a155ee43be83ea6696bd5b8b7f,04a26fdd847647a5a094bbafb63bc469,5f8f2308efff494a9a6a2fa3d4ecc35c"
0.0,36861760,2,18430880.0,18430880.0,18384541,18477219,65533.2,PushPop,":batch=604276010bca4065b35cba3f78c2f6a9 phase=decode requests=1811f6ebf58e4b0ea2292b35146cd35f,612ab6a155ee43be83ea6696bd5b8b7f,04a26fdd847647a5a094bbafb63bc469,5f8f2308efff494a9a6a2fa3d4ecc35c"
0.0,36861300,2,18430650.0,18430650.0,18398145,18463155,45969.0,PushPop,:batch=76ef51db445646bd981553ff55a54617 phase=decode requests=e6255778e8534404ac5ca8451b4d8752
0.0,36860946,2,18430473.0,18430473.0,18398447,18462499,45291.6,PushPop,":batch=9c422b5f404e464db0106cb4be4289ad phase=decode requests=dfa53ed7b1db427c979733175e83eed5,1b90b5029a8e4095a0953f707b492bc0,2b642560cfbc46a3b415e89ad3a03675,1d3635c1d1b8417da02febe5bb56858c"
0.0,36860828,2,18430414.0,18430414.0,18398601,18462227,44990.4,PushPop,":batch=d8da0b3cfb2b445f94dc1bcf1e1850eb phase=decode requests=dfa53ed7b1db427c979733175e83eed5,1b90b5029a8e4095a0953f707b492bc0,2b642560cfbc46a3b415e89ad3a03675,1d3635c1d1b8417da02febe5bb56858c"
0.0,36860782,2,18430391.0,18430391.0,18394151,18466631,51251.1,PushPop,":batch=0e02ecc9eb404e549cf1a258b8c32993 phase=decode requests=dfa53ed7b1db427c979733175e83eed5,1b90b5029a8e4095a0953f707b492bc0,2b642560cfbc46a3b415e89ad3a03675,1d3635c1d1b8417da02febe5bb56858c"
0.0,36859489,2,18429744.5,18429744.5,18394375,18465114,50020.0,PushPop,":batch=ef9b81fb02e74d7fa1b507172d2a424c phase=decode requests=dfa53ed7b1db427c979733175e83eed5,1b90b5029a8e4095a0953f707b492bc0,2b642560cfbc46a3b415e89ad3a03675,1d3635c1d1b8417da02febe5bb56858c"
0.0,36859440,2,18429720.0,18429720.0,18412316,18447124,24613.0,PushPop,":batch=0587c34124c44a078e0dee0fdb9cd98b phase=decode requests=dfa53ed7b1db427c979733175e83eed5,1b90b5029a8e4095a0953f707b492bc0,2b642560cfbc46a3b415e89ad3a03675,1d3635c1d1b8417da02febe5bb56858c"
0.0,36859251,2,18429625.5,18429625.5,18386894,18472357,60431.5,PushPop,:batch=e47c7263a02343a3bf9cbb5d7e6cb1e0 phase=decode requests=268bc1a668514718addc6aee590d0f20
0.0,36859190,2,18429595.0,18429595.0,18396655,18462535,46584.2,PushPop,":batch=8547a8acd1b24003af85f2a035c48d15 phase=decode requests=dfa53ed7b1db427c979733175e83eed5,1b90b5029a8e4095a0953f707b492bc0,2b642560cfbc46a3b415e89ad3a03675,1d3635c1d1b8417da02febe5bb56858c"
0.0,36858598,2,18429299.0,18429299.0,18415560,18443038,19429.9,PushPop,":batch=f9e8e4943c2e43b08ca7e01cf5848893 phase=decode requests=dfa53ed7b1db427c979733175e83eed5,1b90b5029a8e4095a0953f707b492bc0,2b642560cfbc46a3b415e89ad3a03675,1d3635c1d1b8417da02febe5bb56858c"
0.0,36858433,2,18429216.5,18429216.5,18391756,18466677,52977.1,PushPop,":batch=989d93274a1b481786598c62ac66c713 phase=decode requests=dfa53ed7b1db427c979733175e83eed5,1b90b5029a8e4095a0953f707b492bc0,2b642560cfbc46a3b415e89ad3a03675,1d3635c1d1b8417da02febe5bb56858c"
0.0,36858358,2,18429179.0,18429179.0,18420157,18438201,12759.0,PushPop,:batch=ea1b20ab4e7f4e178a9ad94444eafd21 phase=decode requests=e6255778e8534404ac5ca8451b4d8752
0.0,36857983,2,18428991.5,18428991.5,18378836,18479147,70930.6,PushPop,":batch=010d9eb7051745219833faf54234b27d phase=decode requests=1811f6ebf58e4b0ea2292b35146cd35f,612ab6a155ee43be83ea6696bd5b8b7f,04a26fdd847647a5a094bbafb63bc469,5f8f2308efff494a9a6a2fa3d4ecc35c"
0.0,36857925,2,18428962.5,18428962.5,18395113,18462812,47870.4,PushPop,":batch=3ea58055aa8f418c8b5dde375227a399 phase=decode requests=dfa53ed7b1db427c979733175e83eed5,1b90b5029a8e4095a0953f707b492bc0,2b642560cfbc46a3b415e89ad3a03675,1d3635c1d1b8417da02febe5bb56858c"
0.0,36857872,2,18428936.0,18428936.0,18393378,18464494,50286.6,PushPop,":batch=83d15373308546618ce17fcc1f982146 phase=decode requests=dfa53ed7b1db427c979733175e83eed5,1b90b5029a8e4095a0953f707b492bc0,2b642560cfbc46a3b415e89ad3a03675,1d3635c1d1b8417da02febe5bb56858c"
0.0,36857822,2,18428911.0,18428911.0,18397602,18460220,44277.6,PushPop,:batch=0218f4a6c440488e848f57f417ec42fe phase=decode requests=25de90a8b4234cdd9f459bf44de5f72b
0.0,36857140,2,18428570.0,18428570.0,18398234,18458906,42901.6,PushPop,":batch=85fdf4ff2fbc47458d6a69852c58ac48 phase=decode requests=dfa53ed7b1db427c979733175e83eed5,1b90b5029a8e4095a0953f707b492bc0,2b642560cfbc46a3b415e89ad3a03675,1d3635c1d1b8417da02febe5bb56858c"
0.0,36856854,2,18428427.0,18428427.0,18398936,18457918,41706.6,PushPop,:batch=31d2de13769746fea32b32590b59c717 phase=decode requests=e6255778e8534404ac5ca8451b4d8752
0.0,36856363,2,18428181.5,18428181.5,18399586,18456777,40440.1,PushPop,":batch=f817a1e7be794cb283636762f02575ce phase=decode requests=dfa53ed7b1db427c979733175e83eed5,1b90b5029a8e4095a0953f707b492bc0,2b642560cfbc46a3b415e89ad3a03675,1d3635c1d1b8417da02febe5bb56858c"
0.0,36856072,2,18428036.0,18428036.0,18393728,18462344,48518.8,PushPop,":batch=07e2d06007bf488180417c4a57adee17 phase=decode requests=dfa53ed7b1db427c979733175e83eed5,1b90b5029a8e4095a0953f707b492bc0,2b642560cfbc46a3b415e89ad3a03675,1d3635c1d1b8417da02febe5bb56858c"
0.0,36856025,2,18428012.5,18428012.5,18400044,18455981,39553.4,PushPop,:batch=438c9ef68b8b4282bae1a3fa778adfd1 phase=decode requests=e6255778e8534404ac5ca8451b4d8752
0.0,36855870,2,18427935.0,18427935.0,18386223,18469647,58989.7,PushPop,":batch=05e4aecc99a840dd9dabc89f5d6d0ca3 phase=decode requests=dfa53ed7b1db427c979733175e83eed5,1b90b5029a8e4095a0953f707b492bc0,2b642560cfbc46a3b415e89ad3a03675,1d3635c1d1b8417da02febe5bb56858c"
0.0,36855217,2,18427608.5,18427608.5,18386320,18468897,58390.8,PushPop,:batch=ce9b21e01f704d88aa73ec653b7dcc15 phase=decode requests=268bc1a668514718addc6aee590d0f20
0.0,36854395,2,18427197.5,18427197.5,18398923,18455472,39986.2,PushPop,":batch=c8144ee706244bf5bee515fa5db8db5f phase=decode requests=dfa53ed7b1db427c979733175e83eed5,1b90b5029a8e4095a0953f707b492bc0,2b642560cfbc46a3b415e89ad3a03675,1d3635c1d1b8417da02febe5bb56858c"
0.0,36853752,2,18426876.0,18426876.0,18396292,18457460,43252.3,PushPop,:batch=e1a7be785e124d18af9e1ddf95b80a8c phase=decode requests=f613ba29e5e3458d8e63b0275b98ac68
0.0,36853671,2,18426835.5,18426835.5,18398988,18454683,39382.3,PushPop,":batch=6d259e243d53464ab627983c86c7eafb phase=decode requests=dfa53ed7b1db427c979733175e83eed5,1b90b5029a8e4095a0953f707b492bc0,2b642560cfbc46a3b415e89ad3a03675,1d3635c1d1b8417da02febe5bb56858c"
0.0,36853246,2,18426623.0,18426623.0,18406027,18447219,29127.1,PushPop,":batch=e33d0fd02dfb4ecc8c7c095ace3a5195 phase=decode requests=1811f6ebf58e4b0ea2292b35146cd35f,612ab6a155ee43be83ea6696bd5b8b7f,04a26fdd847647a5a094bbafb63bc469,5f8f2308efff494a9a6a2fa3d4ecc35c"
0.0,36852400,2,18426200.0,18426200.0,18405199,18447201,29699.9,PushPop,:batch=86d408ce96794f589136fe77aff35685 phase=decode requests=f613ba29e5e3458d8e63b0275b98ac68
0.0,36851265,2,18425632.5,18425632.5,18389185,18462080,51544.5,PushPop,:batch=4088b3da29e245b6b1b50241de700e31 phase=decode requests=268bc1a668514718addc6aee590d0f20
0.0,36851125,2,18425562.5,18425562.5,18391477,18459648,48204.2,PushPop,":batch=a647db2dcf844590aafb1c8d43a51f6f phase=decode requests=dfa53ed7b1db427c979733175e83eed5,1b90b5029a8e4095a0953f707b492bc0,2b642560cfbc46a3b415e89ad3a03675,1d3635c1d1b8417da02febe5bb56858c"
0.0,36850549,2,18425274.5,18425274.5,18385703,18464846,55962.6,PushPop,":batch=77102e96bbb448368439000cffcf7dfe phase=decode requests=dfa53ed7b1db427c979733175e83eed5,1b90b5029a8e4095a0953f707b492bc0,2b642560cfbc46a3b415e89ad3a03675,1d3635c1d1b8417da02febe5bb56858c"
0.0,36850490,2,18425245.0,18425245.0,18377763,18472727,67149.7,PushPop,":batch=a1af5c4c130143d89b32580506f68c51 phase=decode requests=1811f6ebf58e4b0ea2292b35146cd35f,612ab6a155ee43be83ea6696bd5b8b7f,04a26fdd847647a5a094bbafb63bc469,5f8f2308efff494a9a6a2fa3d4ecc35c"
0.0,36850302,2,18425151.0,18425151.0,18395209,18455093,42344.4,PushPop,:batch=93259802ad0c4e1cbf47caf1372e0a7f phase=decode requests=f613ba29e5e3458d8e63b0275b98ac68
0.0,36849907,2,18424953.5,18424953.5,18395475,18454432,41688.9,PushPop,":batch=7581f581295b4c14bccc6a2f82af9b6e phase=decode requests=dfa53ed7b1db427c979733175e83eed5,1b90b5029a8e4095a0953f707b492bc0,2b642560cfbc46a3b415e89ad3a03675,1d3635c1d1b8417da02febe5bb56858c"
0.0,36849872,2,18424936.0,18424936.0,18374348,18475524,71542.2,PushPop,":batch=0db8f3df82a4465bbc1ea9af3c5711ae phase=decode requests=dfa53ed7b1db427c979733175e83eed5,1b90b5029a8e4095a0953f707b492bc0,2b642560cfbc46a3b415e89ad3a03675,1d3635c1d1b8417da02febe5bb56858c"
0.0,36849539,2,18424769.5,18424769.5,18386999,18462540,53415.6,PushPop,":batch=0b0f3e72461741309b70d931c6f118bd phase=decode requests=dfa53ed7b1db427c979733175e83eed5,1b90b5029a8e4095a0953f707b492bc0,2b642560cfbc46a3b415e89ad3a03675,1d3635c1d1b8417da02febe5bb56858c"
0.0,36849408,2,18424704.0,18424704.0,18393800,18455608,43704.9,PushPop,":batch=92ca82164d554b628976291082ac5683 phase=decode requests=dfa53ed7b1db427c979733175e83eed5,1b90b5029a8e4095a0953f707b492bc0,2b642560cfbc46a3b415e89ad3a03675,1d3635c1d1b8417da02febe5bb56858c"
0.0,36848993,2,18424496.5,18424496.5,18398532,18450461,36719.3,PushPop,:batch=244f8bcc45484375a2d578b77260568e phase=decode requests=e6255778e8534404ac5ca8451b4d8752
0.0,36848797,2,18424398.5,18424398.5,18397253,18451544,38389.5,PushPop,":batch=7f209e70b6294a24b85e83c586a33c1d phase=decode requests=dfa53ed7b1db427c979733175e83eed5,1b90b5029a8e4095a0953f707b492bc0,2b642560cfbc46a3b415e89ad3a03675,1d3635c1d1b8417da02febe5bb56858c"
0.0,36848753,2,18424376.5,18424376.5,18391363,18457390,46688.1,PushPop,":batch=d3809c831c8f456b8685b92fa2831007 phase=decode requests=dfa53ed7b1db427c979733175e83eed5,1b90b5029a8e4095a0953f707b492bc0,2b642560cfbc46a3b415e89ad3a03675,1d3635c1d1b8417da02febe5bb56858c"
0.0,36848537,2,18424268.5,18424268.5,18394343,18454194,42321.0,PushPop,":batch=3a9d6acdd01c44b6b77f0a44fcb4125d phase=decode requests=dfa53ed7b1db427c979733175e83eed5,1b90b5029a8e4095a0953f707b492bc0,2b642560cfbc46a3b415e89ad3a03675,1d3635c1d1b8417da02febe5bb56858c"
0.0,36848162,2,18424081.0,18424081.0,18393921,18454241,42652.7,PushPop,":batch=02e8be570b4e4fd687dc367aa39a09ca phase=decode requests=dfa53ed7b1db427c979733175e83eed5,1b90b5029a8e4095a0953f707b492bc0,2b642560cfbc46a3b415e89ad3a03675,1d3635c1d1b8417da02febe5bb56858c"
0.0,36848115,2,18424057.5,18424057.5,18385163,18462952,55005.1,PushPop,":batch=1b366dbe229242fc80b5334f6aa803c3 phase=decode requests=dfa53ed7b1db427c979733175e83eed5,1b90b5029a8e4095a0953f707b492bc0,2b642560cfbc46a3b415e89ad3a03675,1d3635c1d1b8417da02febe5bb56858c"
0.0,36847705,2,18423852.5,18423852.5,18383786,18463919,56662.6,PushPop,":batch=ff29b73f87ee4b9aaafedb0628a09337 phase=decode requests=dfa53ed7b1db427c979733175e83eed5,1b90b5029a8e4095a0953f707b492bc0,2b642560cfbc46a3b415e89ad3a03675,1d3635c1d1b8417da02febe5bb56858c"
0.0,36847696,2,18423848.0,18423848.0,18395712,18451984,39790.3,PushPop,":batch=069b1a8f6cc645b19c0ebf8e3c9c49e0 phase=decode requests=dfa53ed7b1db427c979733175e83eed5,1b90b5029a8e4095a0953f707b492bc0,2b642560cfbc46a3b415e89ad3a03675,1d3635c1d1b8417da02febe5bb56858c"
0.0,36847696,2,18423848.0,18423848.0,18398176,18449520,36305.7,PushPop,":batch=23195658c886457aa9a4e096bf03410f phase=decode requests=dfa53ed7b1db427c979733175e83eed5,1b90b5029a8e4095a0953f707b492bc0,2b642560cfbc46a3b415e89ad3a03675,1d3635c1d1b8417da02febe5bb56858c"
0.0,36847341,2,18423670.5,18423670.5,18387921,18459420,50557.4,PushPop,:batch=f117f9c61a894171ae3bc698ce417866 phase=decode requests=f613ba29e5e3458d8e63b0275b98ac68
0.0,36847316,2,18423658.0,18423658.0,18395049,18452267,40459.2,PushPop,":batch=14c1fd3e5dd1447e88d061876b451a9c phase=decode requests=dfa53ed7b1db427c979733175e83eed5,1b90b5029a8e4095a0953f707b492bc0,2b642560cfbc46a3b415e89ad3a03675,1d3635c1d1b8417da02febe5bb56858c"
0.0,36847022,2,18423511.0,18423511.0,18384305,18462717,55445.7,PushPop,":batch=5af6ac0270e043228ac1ddc17f81294c phase=decode requests=dfa53ed7b1db427c979733175e83eed5,1b90b5029a8e4095a0953f707b492bc0,2b642560cfbc46a3b415e89ad3a03675,1d3635c1d1b8417da02febe5bb56858c"
0.0,36846817,2,18423408.5,18423408.5,18391211,18455606,45534.1,PushPop,:batch=0eb2c27282444f7c9911b5d323fe3783 phase=decode requests=f613ba29e5e3458d8e63b0275b98ac68
0.0,36846477,2,18423238.5,18423238.5,18395431,18451046,39325.7,PushPop,:batch=dacc1868d35d484a883ea89c896028bf phase=decode requests=e6255778e8534404ac5ca8451b4d8752
0.0,36846311,2,18423155.5,18423155.5,18397464,18448847,36333.3,PushPop,":batch=4599489404294a2aaf8e96f3b2ddcda8 phase=decode requests=dfa53ed7b1db427c979733175e83eed5,1b90b5029a8e4095a0953f707b492bc0,2b642560cfbc46a3b415e89ad3a03675,1d3635c1d1b8417da02febe5bb56858c"
0.0,36846247,2,18423123.5,18423123.5,18383412,18462835,56160.5,PushPop,:batch=76a17576b0c641cbbd7706dbf3a10fc4 phase=decode requests=e6255778e8534404ac5ca8451b4d8752
0.0,36845181,2,18422590.5,18422590.5,18391974,18453207,43298.3,PushPop,":batch=79fb866659554834a4aaffb85a108aef phase=decode requests=1811f6ebf58e4b0ea2292b35146cd35f,612ab6a155ee43be83ea6696bd5b8b7f,04a26fdd847647a5a094bbafb63bc469,5f8f2308efff494a9a6a2fa3d4ecc35c"
0.0,36845148,2,18422574.0,18422574.0,18393217,18451931,41517.1,PushPop,":batch=a7e5e3445a0d4687ab4526f64e736f83 phase=decode requests=dfa53ed7b1db427c979733175e83eed5,1b90b5029a8e4095a0953f707b492bc0,2b642560cfbc46a3b415e89ad3a03675,1d3635c1d1b8417da02febe5bb56858c"
0.0,36844993,2,18422496.5,18422496.5,18393681,18451312,40751.3,PushPop,":batch=cfe8e9ec625d41ab9e388bb02a0bfbcf phase=decode requests=dfa53ed7b1db427c979733175e83eed5,1b90b5029a8e4095a0953f707b492bc0,2b642560cfbc46a3b415e89ad3a03675,1d3635c1d1b8417da02febe5bb56858c"
0.0,36844936,2,18422468.0,18422468.0,18391431,18453505,43892.9,PushPop,":batch=03820fcb2d2b457ebd2fb20ce3a426f8 phase=decode requests=dfa53ed7b1db427c979733175e83eed5,1b90b5029a8e4095a0953f707b492bc0,2b642560cfbc46a3b415e89ad3a03675,1d3635c1d1b8417da02febe5bb56858c"
0.0,36844802,2,18422401.0,18422401.0,18392203,18452599,42706.4,PushPop,":batch=5b7f0c8bb03c47dd9b558a7f166b118a phase=decode requests=dfa53ed7b1db427c979733175e83eed5,1b90b5029a8e4095a0953f707b492bc0,2b642560cfbc46a3b415e89ad3a03675,1d3635c1d1b8417da02febe5bb56858c"
0.0,36844694,2,18422347.0,18422347.0,18401268,18443426,29810.2,PushPop,:batch=ce032c87e02a4abcbcd8793481ab8d26 phase=decode requests=f613ba29e5e3458d8e63b0275b98ac68
0.0,36843855,2,18421927.5,18421927.5,18378574,18465281,61311.1,PushPop,":batch=dfaf69a6b6d245a4aa32ecbb33a08a1b phase=decode requests=dfa53ed7b1db427c979733175e83eed5,1b90b5029a8e4095a0953f707b492bc0,2b642560cfbc46a3b415e89ad3a03675,1d3635c1d1b8417da02febe5bb56858c"
0.0,36843820,2,18421910.0,18421910.0,18392759,18451061,41225.7,PushPop,":batch=0abe534f53f8462b851350932221d601 phase=decode requests=dfa53ed7b1db427c979733175e83eed5,1b90b5029a8e4095a0953f707b492bc0,2b642560cfbc46a3b415e89ad3a03675,1d3635c1d1b8417da02febe5bb56858c"
0.0,36843703,2,18421851.5,18421851.5,18382531,18461172,55607.6,PushPop,":batch=77b80ee09e6a45e086db57de6cfb38a3 phase=decode requests=dfa53ed7b1db427c979733175e83eed5,1b90b5029a8e4095a0953f707b492bc0,2b642560cfbc46a3b415e89ad3a03675,1d3635c1d1b8417da02febe5bb56858c"
0.0,36843702,2,18421851.0,18421851.0,18388206,18455496,47581.2,PushPop,":batch=46b936b237294b51978ca01aa0467a50 phase=decode requests=dfa53ed7b1db427c979733175e83eed5,1b90b5029a8e4095a0953f707b492bc0,2b642560cfbc46a3b415e89ad3a03675,1d3635c1d1b8417da02febe5bb56858c"
0.0,36842504,2,18421252.0,18421252.0,18381405,18461099,56352.2,PushPop,":batch=76f555af2a774379b142482561c1888b phase=decode requests=dfa53ed7b1db427c979733175e83eed5,1b90b5029a8e4095a0953f707b492bc0,2b642560cfbc46a3b415e89ad3a03675,1d3635c1d1b8417da02febe5bb56858c"
0.0,36842348,2,18421174.0,18421174.0,18388506,18453842,46199.5,PushPop,:batch=ea794f2b3bdf4e83a869bbcc298ee1b9 phase=decode requests=f613ba29e5e3458d8e63b0275b98ac68
0.0,36841394,2,18420697.0,18420697.0,18384930,18456464,50582.2,PushPop,":batch=32e8a975e9634e7a84036aabf9a30fb0 phase=decode requests=dfa53ed7b1db427c979733175e83eed5,1b90b5029a8e4095a0953f707b492bc0,2b642560cfbc46a3b415e89ad3a03675,1d3635c1d1b8417da02febe5bb56858c"
0.0,36841383,2,18420691.5,18420691.5,18400884,18440499,28012.0,PushPop,":batch=c23e96d8fcca47a7be01621cde9493b8 phase=decode requests=1811f6ebf58e4b0ea2292b35146cd35f,612ab6a155ee43be83ea6696bd5b8b7f,04a26fdd847647a5a094bbafb63bc469,5f8f2308efff494a9a6a2fa3d4ecc35c"
0.0,36841018,2,18420509.0,18420509.0,18385046,18455972,50152.3,PushPop,":batch=7851cde460b44f779f2662ff1d60f258 phase=decode requests=dfa53ed7b1db427c979733175e83eed5,1b90b5029a8e4095a0953f707b492bc0,2b642560cfbc46a3b415e89ad3a03675,1d3635c1d1b8417da02febe5bb56858c"
0.0,36840968,2,18420484.0,18420484.0,18393322,18447646,38412.9,PushPop,":batch=95e68276ddb0439185c239c95bb36dc5 phase=decode requests=dfa53ed7b1db427c979733175e83eed5,1b90b5029a8e4095a0953f707b492bc0,2b642560cfbc46a3b415e89ad3a03675,1d3635c1d1b8417da02febe5bb56858c"
0.0,36840396,2,18420198.0,18420198.0,18380798,18459598,55720.0,PushPop,":batch=9f44d68850f9471c8f018aa65ae14e24 phase=decode requests=dfa53ed7b1db427c979733175e83eed5,1b90b5029a8e4095a0953f707b492bc0,2b642560cfbc46a3b415e89ad3a03675,1d3635c1d1b8417da02febe5bb56858c"
0.0,36840128,2,18420064.0,18420064.0,18380940,18459188,55329.7,PushPop,":batch=be4c2b18105f4575965f8e109cee630d phase=decode requests=dfa53ed7b1db427c979733175e83eed5,1b90b5029a8e4095a0953f707b492bc0,2b642560cfbc46a3b415e89ad3a03675,1d3635c1d1b8417da02febe5bb56858c"
0.0,36840016,2,18420008.0,18420008.0,18375379,18464637,63114.9,PushPop,":batch=702f8703854b407c9dd30612a9753f6c phase=decode requests=dfa53ed7b1db427c979733175e83eed5,1b90b5029a8e4095a0953f707b492bc0,2b642560cfbc46a3b415e89ad3a03675,1d3635c1d1b8417da02febe5bb56858c"
0.0,36839828,2,18419914.0,18419914.0,18383870,18455958,50973.9,PushPop,":batch=409349ed2319451eb0a133f55c40cdfe phase=decode requests=1811f6ebf58e4b0ea2292b35146cd35f,612ab6a155ee43be83ea6696bd5b8b7f,04a26fdd847647a5a094bbafb63bc469,5f8f2308efff494a9a6a2fa3d4ecc35c"
0.0,36839163,2,18419581.5,18419581.5,18381908,18457255,53278.4,PushPop,":batch=bd80cc5bf27644b9a9ce3ddaff879c1c phase=decode requests=dfa53ed7b1db427c979733175e83eed5,1b90b5029a8e4095a0953f707b492bc0,2b642560cfbc46a3b415e89ad3a03675,1d3635c1d1b8417da02febe5bb56858c"
0.0,36838847,2,18419423.5,18419423.5,18397951,18440896,30366.7,PushPop,":batch=2396dd7b4b3d4c85a617943770f5a0af phase=decode requests=1811f6ebf58e4b0ea2292b35146cd35f,612ab6a155ee43be83ea6696bd5b8b7f,04a26fdd847647a5a094bbafb63bc469,5f8f2308efff494a9a6a2fa3d4ecc35c"
0.0,36838276,2,18419138.0,18419138.0,18374638,18463638,62932.5,PushPop,":batch=59426d9d7c3744e48007ef179fed7490 phase=decode requests=dfa53ed7b1db427c979733175e83eed5,1b90b5029a8e4095a0953f707b492bc0,2b642560cfbc46a3b415e89ad3a03675,1d3635c1d1b8417da02febe5bb56858c"
0.0,36838008,2,18419004.0,18419004.0,18377739,18460269,58357.5,PushPop,":batch=cff8726911c64eb7855ae40ef2b7088d phase=decode requests=1811f6ebf58e4b0ea2292b35146cd35f,612ab6a155ee43be83ea6696bd5b8b7f,04a26fdd847647a5a094bbafb63bc469,5f8f2308efff494a9a6a2fa3d4ecc35c"
0.0,36837970,2,18418985.0,18418985.0,18382356,18455614,51801.2,PushPop,":batch=21048072f1ac49d0871724a04936439f phase=decode requests=dfa53ed7b1db427c979733175e83eed5,1b90b5029a8e4095a0953f707b492bc0,2b642560cfbc46a3b415e89ad3a03675,1d3635c1d1b8417da02febe5bb56858c"
0.0,36837587,2,18418793.5,18418793.5,18372117,18465470,66010.5,PushPop,":batch=5be2e6e946e64f85a5c9e82aef0fa759 phase=decode requests=1811f6ebf58e4b0ea2292b35146cd35f,612ab6a155ee43be83ea6696bd5b8b7f,04a26fdd847647a5a094bbafb63bc469,5f8f2308efff494a9a6a2fa3d4ecc35c"
0.0,36837228,2,18418614.0,18418614.0,18384256,18452972,48589.5,PushPop,:batch=f6c17b63b5a4403a917fb210ca1edd82 phase=decode requests=25de90a8b4234cdd9f459bf44de5f72b
0.0,36837170,2,18418585.0,18418585.0,18387568,18449602,43864.7,PushPop,":batch=e6be48f253c54dbc920df07370d34349 phase=decode requests=dfa53ed7b1db427c979733175e83eed5,1b90b5029a8e4095a0953f707b492bc0,2b642560cfbc46a3b415e89ad3a03675,1d3635c1d1b8417da02febe5bb56858c"
0.0,36836855,2,18418427.5,18418427.5,18377349,18459506,58093.8,PushPop,":batch=f9ffd351efea4320810b513330316a06 phase=decode requests=dfa53ed7b1db427c979733175e83eed5,1b90b5029a8e4095a0953f707b492bc0,2b642560cfbc46a3b415e89ad3a03675,1d3635c1d1b8417da02febe5bb56858c"
0.0,36836824,2,18418412.0,18418412.0,18383142,18453682,49879.3,PushPop,":batch=1a329e2be8504c9885265175c97e4abc phase=decode requests=dfa53ed7b1db427c979733175e83eed5,1b90b5029a8e4095a0953f707b492bc0,2b642560cfbc46a3b415e89ad3a03675,1d3635c1d1b8417da02febe5bb56858c"
0.0,36836396,2,18418198.0,18418198.0,18393263,18443133,35263.4,PushPop,":batch=d950f05beee74adfb19b54b138cf6b28 phase=decode requests=dfa53ed7b1db427c979733175e83eed5,1b90b5029a8e4095a0953f707b492bc0,2b642560cfbc46a3b415e89ad3a03675,1d3635c1d1b8417da02febe5bb56858c"
0.0,36836262,2,18418131.0,18418131.0,18349648,18486614,96849.6,PushPop,:batch=e483eebfc288432dbfa6c96380c58856 phase=decode requests=268bc1a668514718addc6aee590d0f20
0.0,36836109,2,18418054.5,18418054.5,18387107,18449002,43766.4,PushPop,":batch=525460ae0b7741f3a9609b203c1259ac phase=decode requests=dfa53ed7b1db427c979733175e83eed5,1b90b5029a8e4095a0953f707b492bc0,2b642560cfbc46a3b415e89ad3a03675,1d3635c1d1b8417da02febe5bb56858c"
0.0,36836085,2,18418042.5,18418042.5,18384276,18451809,47753.0,PushPop,":batch=918feffb1b24475e8d31b3c1c7154b35 phase=decode requests=dfa53ed7b1db427c979733175e83eed5,1b90b5029a8e4095a0953f707b492bc0,2b642560cfbc46a3b415e89ad3a03675,1d3635c1d1b8417da02febe5bb56858c"
0.0,36835774,2,18417887.0,18417887.0,18384998,18450776,46512.1,PushPop,:batch=259f344a18b3423bb9c2d4c4969ab97b phase=decode requests=f613ba29e5e3458d8e63b0275b98ac68
0.0,36835592,2,18417796.0,18417796.0,18377162,18458430,57465.2,PushPop,":batch=80eb3bd4c9704f5cae27698a2f589983 phase=decode requests=dfa53ed7b1db427c979733175e83eed5,1b90b5029a8e4095a0953f707b492bc0,2b642560cfbc46a3b415e89ad3a03675,1d3635c1d1b8417da02febe5bb56858c"
0.0,36835500,2,18417750.0,18417750.0,18393370,18442130,34478.5,PushPop,:batch=2e124dfc3f3a46bf83fbaee001c71b9e phase=decode requests=f613ba29e5e3458d8e63b0275b98ac68
0.0,36834777,2,18417388.5,18417388.5,18376138,18458639,58337.0,PushPop,":batch=d4ecff874b13476ab07337902b264276 phase=decode requests=dfa53ed7b1db427c979733175e83eed5,1b90b5029a8e4095a0953f707b492bc0,2b642560cfbc46a3b415e89ad3a03675,1d3635c1d1b8417da02febe5bb56858c"
0.0,36834577,2,18417288.5,18417288.5,18386986,18447591,42854.2,PushPop,":batch=be9763f7be6948dd8277ef0a11d9ab83 phase=decode requests=dfa53ed7b1db427c979733175e83eed5,1b90b5029a8e4095a0953f707b492bc0,2b642560cfbc46a3b415e89ad3a03675,1d3635c1d1b8417da02febe5bb56858c"
0.0,36834551,2,18417275.5,18417275.5,18376915,18457636,57078.4,PushPop,:batch=d44156b635c54aef872ee1e8d9fe4036 phase=decode requests=268bc1a668514718addc6aee590d0f20
0.0,36834295,2,18417147.5,18417147.5,18376262,18458033,57820.8,PushPop,":batch=58c2eda04ff143ff87917cf589132e96 phase=decode requests=dfa53ed7b1db427c979733175e83eed5,1b90b5029a8e4095a0953f707b492bc0,2b642560cfbc46a3b415e89ad3a03675,1d3635c1d1b8417da02febe5bb56858c"
0.0,36834233,2,18417116.5,18417116.5,18400664,18433569,23267.3,PushPop,":batch=05d03aa9c6a848ee9a4999523381bcfc phase=decode requests=1811f6ebf58e4b0ea2292b35146cd35f,612ab6a155ee43be83ea6696bd5b8b7f,04a26fdd847647a5a094bbafb63bc469,5f8f2308efff494a9a6a2fa3d4ecc35c"
0.0,36833706,2,18416853.0,18416853.0,18370940,18462766,64930.8,PushPop,":batch=d9ff504224e24ecda5abe5e9cd49dc45 phase=decode requests=dfa53ed7b1db427c979733175e83eed5,1b90b5029a8e4095a0953f707b492bc0,2b642560cfbc46a3b415e89ad3a03675,1d3635c1d1b8417da02febe5bb56858c"
0.0,36832630,2,18416315.0,18416315.0,18387195,18445435,41181.9,PushPop,":batch=625d78e3775d4ec385cbf691e4628390 phase=decode requests=dfa53ed7b1db427c979733175e83eed5,1b90b5029a8e4095a0953f707b492bc0,2b642560cfbc46a3b415e89ad3a03675,1d3635c1d1b8417da02febe5bb56858c"
0.0,36831745,2,18415872.5,18415872.5,18391642,18440103,34267.1,PushPop,":batch=ef3cd0f7944a4b7d996e73edf5a93aa0 phase=decode requests=dfa53ed7b1db427c979733175e83eed5,1b90b5029a8e4095a0953f707b492bc0,2b642560cfbc46a3b415e89ad3a03675,1d3635c1d1b8417da02febe5bb56858c"
0.0,36831637,2,18415818.5,18415818.5,18388481,18443156,38661.1,PushPop,:batch=1f8c2b88d20842e586a91ab480378fce phase=decode requests=f613ba29e5e3458d8e63b0275b98ac68
0.0,36831604,2,18415802.0,18415802.0,18388727,18442877,38289.8,PushPop,":batch=993085c6cc0e4a42a5490ed0cc0ed939 phase=decode requests=dfa53ed7b1db427c979733175e83eed5,1b90b5029a8e4095a0953f707b492bc0,2b642560cfbc46a3b415e89ad3a03675,1d3635c1d1b8417da02febe5bb56858c"
0.0,36831430,2,18415715.0,18415715.0,18376171,18455259,55923.7,PushPop,":batch=fcf8776d24d24eef951af0151816b328 phase=decode requests=dfa53ed7b1db427c979733175e83eed5,1b90b5029a8e4095a0953f707b492bc0,2b642560cfbc46a3b415e89ad3a03675,1d3635c1d1b8417da02febe5bb56858c"
0.0,36831313,2,18415656.5,18415656.5,18381446,18449867,48381.0,PushPop,":batch=05637d9b55234e1e961c63883fc59dc2 phase=decode requests=dfa53ed7b1db427c979733175e83eed5,1b90b5029a8e4095a0953f707b492bc0,2b642560cfbc46a3b415e89ad3a03675,1d3635c1d1b8417da02febe5bb56858c"
0.0,36831244,2,18415622.0,18415622.0,18391325,18439919,34361.1,PushPop,":batch=92cae8faf2cb4cef882498dad6c778ae phase=decode requests=dfa53ed7b1db427c979733175e83eed5,1b90b5029a8e4095a0953f707b492bc0,2b642560cfbc46a3b415e89ad3a03675,1d3635c1d1b8417da02febe5bb56858c"
0.0,36831111,2,18415555.5,18415555.5,18381912,18449199,47579.1,PushPop,":batch=95ad120209034daf8760b63f2e07bcbe phase=decode requests=dfa53ed7b1db427c979733175e83eed5,1b90b5029a8e4095a0953f707b492bc0,2b642560cfbc46a3b415e89ad3a03675,1d3635c1d1b8417da02febe5bb56858c"
0.0,36830636,2,18415318.0,18415318.0,18378720,18451916,51757.4,PushPop,:batch=c06420ad093541fa891378d7c231af97 phase=decode requests=268bc1a668514718addc6aee590d0f20
0.0,36830364,2,18415182.0,18415182.0,18387014,18443350,39835.6,PushPop,":batch=5215b85e26264e38ad2549c9481635ea phase=decode requests=dfa53ed7b1db427c979733175e83eed5,1b90b5029a8e4095a0953f707b492bc0,2b642560cfbc46a3b415e89ad3a03675,1d3635c1d1b8417da02febe5bb56858c"
0.0,36830184,2,18415092.0,18415092.0,18386764,18443420,40061.8,PushPop,":batch=903756fe234449b4a52d3c3ea091d472 phase=decode requests=dfa53ed7b1db427c979733175e83eed5,1b90b5029a8e4095a0953f707b492bc0,2b642560cfbc46a3b415e89ad3a03675,1d3635c1d1b8417da02febe5bb56858c"
0.0,36829608,2,18414804.0,18414804.0,18366858,18462750,67805.9,PushPop,:batch=c846587a1d564c37a00be33f46d6dd76 phase=decode requests=f613ba29e5e3458d8e63b0275b98ac68
0.0,36829367,2,18414683.5,18414683.5,18381638,18447729,46733.4,PushPop,":batch=be7bede8f7634c5bb6002be9822dab7d phase=decode requests=dfa53ed7b1db427c979733175e83eed5,1b90b5029a8e4095a0953f707b492bc0,2b642560cfbc46a3b415e89ad3a03675,1d3635c1d1b8417da02febe5bb56858c"
0.0,36829276,2,18414638.0,18414638.0,18363436,18465840,72410.6,PushPop,":batch=93303a45a0fa4a9a8878318fd79d2ed4 phase=decode requests=dfa53ed7b1db427c979733175e83eed5,1b90b5029a8e4095a0953f707b492bc0,2b642560cfbc46a3b415e89ad3a03675,1d3635c1d1b8417da02febe5bb56858c"
0.0,36828406,2,18414203.0,18414203.0,18373384,18455022,57726.8,PushPop,":batch=656a0e88d90e439a9a19d6f4fa922526 phase=decode requests=dfa53ed7b1db427c979733175e83eed5,1b90b5029a8e4095a0953f707b492bc0,2b642560cfbc46a3b415e89ad3a03675,1d3635c1d1b8417da02febe5bb56858c"
0.0,36828385,2,18414192.5,18414192.5,18389383,18439002,35085.9,PushPop,:batch=ce6e53c37c1a4d3db6dfff33ced4dfad phase=decode requests=25de90a8b4234cdd9f459bf44de5f72b
0.0,36828372,2,18414186.0,18414186.0,18376813,18451559,52853.4,PushPop,":batch=8036eac7cdef46ed8945faec0a044e02 phase=decode requests=dfa53ed7b1db427c979733175e83eed5,1b90b5029a8e4095a0953f707b492bc0,2b642560cfbc46a3b415e89ad3a03675,1d3635c1d1b8417da02febe5bb56858c"
0.0,36828335,2,18414167.5,18414167.5,18384642,18443693,41755.4,PushPop,":batch=d899e83b060b4c35a3d83015b175374b phase=decode requests=dfa53ed7b1db427c979733175e83eed5,1b90b5029a8e4095a0953f707b492bc0,2b642560cfbc46a3b415e89ad3a03675,1d3635c1d1b8417da02febe5bb56858c"
0.0,36828137,2,18414068.5,18414068.5,18371119,18457018,60739.8,PushPop,":batch=3580dcd6675342f69a89d3e680ddf8c9 phase=decode requests=dfa53ed7b1db427c979733175e83eed5,1b90b5029a8e4095a0953f707b492bc0,2b642560cfbc46a3b415e89ad3a03675,1d3635c1d1b8417da02febe5bb56858c"
0.0,36826726,2,18413363.0,18413363.0,18375206,18451520,53962.1,PushPop,":batch=b1d504b222b34df98c89f8972f137580 phase=decode requests=dfa53ed7b1db427c979733175e83eed5,1b90b5029a8e4095a0953f707b492bc0,2b642560cfbc46a3b415e89ad3a03675,1d3635c1d1b8417da02febe5bb56858c"
0.0,36826075,2,18413037.5,18413037.5,18380280,18445795,46326.1,PushPop,:batch=c18fa29392b546be81954c1ee149165e phase=decode requests=e6255778e8534404ac5ca8451b4d8752
0.0,36825519,2,18412759.5,18412759.5,18383726,18441793,41059.6,PushPop,:batch=3b503715bb644a80ad2e9852b2c85153 phase=decode requests=f613ba29e5e3458d8e63b0275b98ac68
0.0,36824536,2,18412268.0,18412268.0,18383703,18440833,40397.0,PushPop,:batch=edbe8bcba04a4cd690c6052d79db06f3 phase=decode requests=f613ba29e5e3458d8e63b0275b98ac68
0.0,36824263,2,18412131.5,18412131.5,18389640,18434623,31807.8,PushPop,":batch=f1dc882726fa434eafb088dc5a86bd84 phase=decode requests=dfa53ed7b1db427c979733175e83eed5,1b90b5029a8e4095a0953f707b492bc0,2b642560cfbc46a3b415e89ad3a03675,1d3635c1d1b8417da02febe5bb56858c"
0.0,36823711,2,18411855.5,18411855.5,18366880,18456831,63605.0,PushPop,":batch=747cf8130f18486889cf48ac12f14ed1 phase=decode requests=dfa53ed7b1db427c979733175e83eed5,1b90b5029a8e4095a0953f707b492bc0,2b642560cfbc46a3b415e89ad3a03675,1d3635c1d1b8417da02febe5bb56858c"
0.0,36823460,2,18411730.0,18411730.0,18368350,18455110,61348.6,PushPop,":batch=dfaffe47d9fb412da4dcd7b2f2af354d phase=decode requests=1811f6ebf58e4b0ea2292b35146cd35f,612ab6a155ee43be83ea6696bd5b8b7f,04a26fdd847647a5a094bbafb63bc469,5f8f2308efff494a9a6a2fa3d4ecc35c"
0.0,36823456,2,18411728.0,18411728.0,18388324,18435132,33098.3,PushPop,":batch=297f9e7f98ee4b688b244d3fc21e6932 phase=decode requests=1811f6ebf58e4b0ea2292b35146cd35f,612ab6a155ee43be83ea6696bd5b8b7f,04a26fdd847647a5a094bbafb63bc469,5f8f2308efff494a9a6a2fa3d4ecc35c"
0.0,36823442,2,18411721.0,18411721.0,18385359,18438083,37281.5,PushPop,":batch=7b9040c556b94497a5c62b4f2cc9943e phase=decode requests=1811f6ebf58e4b0ea2292b35146cd35f,612ab6a155ee43be83ea6696bd5b8b7f,04a26fdd847647a5a094bbafb63bc469,5f8f2308efff494a9a6a2fa3d4ecc35c"
0.0,36823165,2,18411582.5,18411582.5,18377512,18445653,48183.0,PushPop,:batch=f6681e00773e4778a4eae90cabe02703 phase=decode requests=e6255778e8534404ac5ca8451b4d8752
0.0,36823138,2,18411569.0,18411569.0,18377871,18445267,47656.2,PushPop,":batch=b558d4b9c6e348f5bb0ea14d7ac7e8d8 phase=decode requests=dfa53ed7b1db427c979733175e83eed5,1b90b5029a8e4095a0953f707b492bc0,2b642560cfbc46a3b415e89ad3a03675,1d3635c1d1b8417da02febe5bb56858c"
0.0,36823021,2,18411510.5,18411510.5,18384588,18438433,38074.2,PushPop,:batch=13f195e5fe8a4d7db4f83c37877f3d53 phase=decode requests=f613ba29e5e3458d8e63b0275b98ac68
0.0,36822696,2,18411348.0,18411348.0,18385402,18437294,36693.2,PushPop,":batch=44c456e05eb3447eb4084e7b9318f783 phase=decode requests=dfa53ed7b1db427c979733175e83eed5,1b90b5029a8e4095a0953f707b492bc0,2b642560cfbc46a3b415e89ad3a03675,1d3635c1d1b8417da02febe5bb56858c"
0.0,36822677,2,18411338.5,18411338.5,18370259,18452418,58095.2,PushPop,:batch=37331d85a97b4cfcbb085c6f0298659d phase=decode requests=268bc1a668514718addc6aee590d0f20
0.0,36822247,2,18411123.5,18411123.5,18375756,18446491,50017.2,PushPop,":batch=1f85d051897140058421a557f081c169 phase=decode requests=dfa53ed7b1db427c979733175e83eed5,1b90b5029a8e4095a0953f707b492bc0,2b642560cfbc46a3b415e89ad3a03675,1d3635c1d1b8417da02febe5bb56858c"
0.0,36821839,2,18410919.5,18410919.5,18374146,18447693,52005.6,PushPop,":batch=005ff1bc16124002a6a123ff41ee5327 phase=decode requests=dfa53ed7b1db427c979733175e83eed5,1b90b5029a8e4095a0953f707b492bc0,2b642560cfbc46a3b415e89ad3a03675,1d3635c1d1b8417da02febe5bb56858c"
0.0,36821716,2,18410858.0,18410858.0,18376592,18445124,48459.4,PushPop,:batch=5e82a30a45dc4162bb5bac9e9827605f phase=decode requests=268bc1a668514718addc6aee590d0f20
0.0,36821604,2,18410802.0,18410802.0,18359454,18462150,72617.0,PushPop,:batch=b7a0a249ac014d0eb3549a14fc5382da phase=decode requests=268bc1a668514718addc6aee590d0f20
0.0,36821541,2,18410770.5,18410770.5,18383540,18438001,38509.7,PushPop,:batch=649f543c71064a309bfe391fa8717c7f phase=decode requests=268bc1a668514718addc6aee590d0f20
0.0,36821529,2,18410764.5,18410764.5,18369687,18451842,58092.4,PushPop,":batch=0bfefc1f146649d1bdeedf49a0b6cdfe phase=decode requests=dfa53ed7b1db427c979733175e83eed5,1b90b5029a8e4095a0953f707b492bc0,2b642560cfbc46a3b415e89ad3a03675,1d3635c1d1b8417da02febe5bb56858c"
0.0,36821240,2,18410620.0,18410620.0,18383885,18437355,37809.0,PushPop,:batch=8a110d5535de4b35a01e8915c8ee0e28 phase=decode requests=268bc1a668514718addc6aee590d0f20
0.0,36820977,2,18410488.5,18410488.5,18374078,18446899,51492.2,PushPop,":batch=074dccbc784e488ba2b000fbe5e46a8c phase=decode requests=dfa53ed7b1db427c979733175e83eed5,1b90b5029a8e4095a0953f707b492bc0,2b642560cfbc46a3b415e89ad3a03675,1d3635c1d1b8417da02febe5bb56858c"
0.0,36820689,2,18410344.5,18410344.5,18384136,18436553,37064.4,PushPop,":batch=8158c18812aa431f9a357abda6cd800c phase=decode requests=dfa53ed7b1db427c979733175e83eed5,1b90b5029a8e4095a0953f707b492bc0,2b642560cfbc46a3b415e89ad3a03675,1d3635c1d1b8417da02febe5bb56858c"
0.0,36820022,2,18410011.0,18410011.0,18352458,18467564,81392.2,PushPop,":batch=38fc42b14f4f4936bb8cb433316df0ac phase=decode requests=1811f6ebf58e4b0ea2292b35146cd35f,612ab6a155ee43be83ea6696bd5b8b7f,04a26fdd847647a5a094bbafb63bc469,5f8f2308efff494a9a6a2fa3d4ecc35c"
0.0,36818607,2,18409303.5,18409303.5,18366877,18451730,60000.1,PushPop,":batch=d6b509537e344033ae3027368ecf9bdf phase=decode requests=dfa53ed7b1db427c979733175e83eed5,1b90b5029a8e4095a0953f707b492bc0,2b642560cfbc46a3b415e89ad3a03675,1d3635c1d1b8417da02febe5bb56858c"
0.0,36817832,2,18408916.0,18408916.0,18368370,18449462,57340.7,PushPop,":batch=1836ab2ddab14ed3bc05520de1272d88 phase=decode requests=dfa53ed7b1db427c979733175e83eed5,1b90b5029a8e4095a0953f707b492bc0,2b642560cfbc46a3b415e89ad3a03675,1d3635c1d1b8417da02febe5bb56858c"
0.0,36817030,2,18408515.0,18408515.0,18391664,18425366,23830.9,PushPop,":batch=3d48596a50b44affbd71e1c5a9db26eb phase=decode requests=dfa53ed7b1db427c979733175e83eed5,1b90b5029a8e4095a0953f707b492bc0,2b642560cfbc46a3b415e89ad3a03675,1d3635c1d1b8417da02febe5bb56858c"
0.0,36816876,2,18408438.0,18408438.0,18375023,18441853,47255.9,PushPop,:batch=cdb377b1d65d4a15b62613bd697b905a phase=decode requests=25de90a8b4234cdd9f459bf44de5f72b
0.0,36816425,2,18408212.5,18408212.5,18373272,18443153,49413.3,PushPop,:batch=54522e133e964a1e86fe39d8bef9b33f phase=decode requests=f613ba29e5e3458d8e63b0275b98ac68
0.0,36815891,2,18407945.5,18407945.5,18395693,18420198,17327.7,PushPop,:batch=9b1be77a88cf47439250098faef5e898 phase=decode requests=f613ba29e5e3458d8e63b0275b98ac68
0.0,36815584,2,18407792.0,18407792.0,18384414,18431170,33061.5,PushPop,":batch=c764ea6855ac4f15b42e4079c4bad74f phase=decode requests=dfa53ed7b1db427c979733175e83eed5,1b90b5029a8e4095a0953f707b492bc0,2b642560cfbc46a3b415e89ad3a03675,1d3635c1d1b8417da02febe5bb56858c"
0.0,36815211,2,18407605.5,18407605.5,18379140,18436071,40256.3,PushPop,":batch=792fedaf692345e78b896d1d41e328a1 phase=decode requests=dfa53ed7b1db427c979733175e83eed5,1b90b5029a8e4095a0953f707b492bc0,2b642560cfbc46a3b415e89ad3a03675,1d3635c1d1b8417da02febe5bb56858c"
0.0,36815127,2,18407563.5,18407563.5,18372948,18442179,48953.7,PushPop,":batch=b1cca77b3aab4608a6f8ae0b8e10bb89 phase=decode requests=dfa53ed7b1db427c979733175e83eed5,1b90b5029a8e4095a0953f707b492bc0,2b642560cfbc46a3b415e89ad3a03675,1d3635c1d1b8417da02febe5bb56858c"
0.0,36814818,2,18407409.0,18407409.0,18376626,18438192,43533.7,PushPop,":batch=90522ee2e6e84222bfec46465e486748 phase=decode requests=dfa53ed7b1db427c979733175e83eed5,1b90b5029a8e4095a0953f707b492bc0,2b642560cfbc46a3b415e89ad3a03675,1d3635c1d1b8417da02febe5bb56858c"
0.0,36814591,2,18407295.5,18407295.5,18375792,18438799,44552.7,PushPop,":batch=dcea4bdf4bec45daa458826789ebce15 phase=decode requests=dfa53ed7b1db427c979733175e83eed5,1b90b5029a8e4095a0953f707b492bc0,2b642560cfbc46a3b415e89ad3a03675,1d3635c1d1b8417da02febe5bb56858c"
0.0,36814487,2,18407243.5,18407243.5,18385189,18429298,31189.8,PushPop,:batch=8fbbb805f5c847708f06ca0dc622c057 phase=decode requests=268bc1a668514718addc6aee590d0f20
0.0,36814158,2,18407079.0,18407079.0,18355278,18458880,73257.7,PushPop,":batch=d67cef5cee26469fa8c958a7ed1a6ec0 phase=decode requests=dfa53ed7b1db427c979733175e83eed5,1b90b5029a8e4095a0953f707b492bc0,2b642560cfbc46a3b415e89ad3a03675,1d3635c1d1b8417da02febe5bb56858c"
0.0,36814061,2,18407030.5,18407030.5,18363467,18450594,61608.1,PushPop,":batch=9ef29edf7c684758af9a4a3a8f68c763 phase=decode requests=1811f6ebf58e4b0ea2292b35146cd35f,612ab6a155ee43be83ea6696bd5b8b7f,04a26fdd847647a5a094bbafb63bc469,5f8f2308efff494a9a6a2fa3d4ecc35c"
0.0,36813054,2,18406527.0,18406527.0,18365814,18447240,57576.9,PushPop,":batch=2ccdc3c22f6b4ce0978ff3cb31019c54 phase=decode requests=1811f6ebf58e4b0ea2292b35146cd35f,612ab6a155ee43be83ea6696bd5b8b7f,04a26fdd847647a5a094bbafb63bc469,5f8f2308efff494a9a6a2fa3d4ecc35c"
0.0,36812097,2,18406048.5,18406048.5,18372374,18439723,47622.9,PushPop,":batch=e6d3a25514ae4fd2a09d4197596f5f57 phase=decode requests=dfa53ed7b1db427c979733175e83eed5,1b90b5029a8e4095a0953f707b492bc0,2b642560cfbc46a3b415e89ad3a03675,1d3635c1d1b8417da02febe5bb56858c"
0.0,36811326,2,18405663.0,18405663.0,18383396,18427930,31490.3,PushPop,":batch=926d0d97f3b44b3e882e49077049b7ef phase=decode requests=dfa53ed7b1db427c979733175e83eed5,1b90b5029a8e4095a0953f707b492bc0,2b642560cfbc46a3b415e89ad3a03675,1d3635c1d1b8417da02febe5bb56858c"
0.0,36810835,2,18405417.5,18405417.5,18389462,18421373,22564.5,PushPop,":batch=b3a8ac61111940a3956bcf4c6db3c0b2 phase=decode requests=dfa53ed7b1db427c979733175e83eed5,1b90b5029a8e4095a0953f707b492bc0,2b642560cfbc46a3b415e89ad3a03675,1d3635c1d1b8417da02febe5bb56858c"
0.0,36810462,2,18405231.0,18405231.0,18338492,18471970,94383.2,PushPop,":batch=65189e329a8d423ba226a26ffe5021d1 phase=decode requests=dfa53ed7b1db427c979733175e83eed5,1b90b5029a8e4095a0953f707b492bc0,2b642560cfbc46a3b415e89ad3a03675,1d3635c1d1b8417da02febe5bb56858c"
0.0,36809936,2,18404968.0,18404968.0,18357131,18452805,67651.7,PushPop,":batch=31ce9126cd2d45d99108dba90fa7cff6 phase=decode requests=1811f6ebf58e4b0ea2292b35146cd35f,612ab6a155ee43be83ea6696bd5b8b7f,04a26fdd847647a5a094bbafb63bc469,5f8f2308efff494a9a6a2fa3d4ecc35c"
0.0,36809608,2,18404804.0,18404804.0,18367071,18442537,53362.5,PushPop,":batch=c752cef0588a479cb95241e459bd60ce phase=decode requests=dfa53ed7b1db427c979733175e83eed5,1b90b5029a8e4095a0953f707b492bc0,2b642560cfbc46a3b415e89ad3a03675,1d3635c1d1b8417da02febe5bb56858c"
0.0,36809344,2,18404672.0,18404672.0,18379836,18429508,35123.4,PushPop,:batch=ab031dce1a6a465b97479c00d137bc18 phase=decode requests=e6255778e8534404ac5ca8451b4d8752
0.0,36808782,2,18404391.0,18404391.0,18369323,18439459,49593.6,PushPop,":batch=5eb93c9101d144018c421adc2a284379 phase=decode requests=dfa53ed7b1db427c979733175e83eed5,1b90b5029a8e4095a0953f707b492bc0,2b642560cfbc46a3b415e89ad3a03675,1d3635c1d1b8417da02febe5bb56858c"
0.0,36808777,2,18404388.5,18404388.5,18369440,18439337,49424.6,PushPop,":batch=34b343d7e6c942a8ac7ddf1caf019c21 phase=decode requests=dfa53ed7b1db427c979733175e83eed5,1b90b5029a8e4095a0953f707b492bc0,2b642560cfbc46a3b415e89ad3a03675,1d3635c1d1b8417da02febe5bb56858c"
0.0,36808776,2,18404388.0,18404388.0,18381974,18426802,31698.2,PushPop,:batch=54b036fd301e4b6d8b66d3eb892cf613 phase=decode requests=f613ba29e5e3458d8e63b0275b98ac68
0.0,36808281,2,18404140.5,18404140.5,18373455,18434826,43395.9,PushPop,":batch=2b40e79726814ec586bb60a58a150a97 phase=decode requests=dfa53ed7b1db427c979733175e83eed5,1b90b5029a8e4095a0953f707b492bc0,2b642560cfbc46a3b415e89ad3a03675,1d3635c1d1b8417da02febe5bb56858c"
0.0,36808196,2,18404098.0,18404098.0,18356611,18451585,67156.8,PushPop,":batch=a1efa9403a424a3abc72d11ee8a13d73 phase=decode requests=1811f6ebf58e4b0ea2292b35146cd35f,612ab6a155ee43be83ea6696bd5b8b7f,04a26fdd847647a5a094bbafb63bc469,5f8f2308efff494a9a6a2fa3d4ecc35c"
0.0,36807655,2,18403827.5,18403827.5,18368018,18439637,50642.3,PushPop,":batch=ce76c3a0f88846f6999f0019a156ba0c phase=decode requests=1811f6ebf58e4b0ea2292b35146cd35f,612ab6a155ee43be83ea6696bd5b8b7f,04a26fdd847647a5a094bbafb63bc469,5f8f2308efff494a9a6a2fa3d4ecc35c"
0.0,36807642,2,18403821.0,18403821.0,18365331,18442311,54433.1,PushPop,:batch=33272d8af8ea4ea29de38c4a56b281c5 phase=decode requests=e6255778e8534404ac5ca8451b4d8752
0.0,36807237,2,18403618.5,18403618.5,18355756,18451481,67687.8,PushPop,":batch=1d5feb2f90d24ab190c948eafbf22ed5 phase=decode requests=dfa53ed7b1db427c979733175e83eed5,1b90b5029a8e4095a0953f707b492bc0,2b642560cfbc46a3b415e89ad3a03675,1d3635c1d1b8417da02febe5bb56858c"
0.0,36806902,2,18403451.0,18403451.0,18368033,18438869,50088.6,PushPop,":batch=596ceb2ecab1464fbf7e223211ba6cfd phase=decode requests=dfa53ed7b1db427c979733175e83eed5,1b90b5029a8e4095a0953f707b492bc0,2b642560cfbc46a3b415e89ad3a03675,1d3635c1d1b8417da02febe5bb56858c"
0.0,36806631,2,18403315.5,18403315.5,18370183,18436448,46856.4,PushPop,:batch=c96002e496d44fc48d1f4d3db764538e phase=decode requests=f613ba29e5e3458d8e63b0275b98ac68
0.0,36806609,2,18403304.5,18403304.5,18381619,18424990,30667.9,PushPop,:batch=9305b3c6e4ce4e5bb7ad9076c0814f57 phase=decode requests=25de90a8b4234cdd9f459bf44de5f72b
0.0,36806314,2,18403157.0,18403157.0,18358531,18447783,63110.7,PushPop,":batch=edd90f500afa48fda037952a95a8d243 phase=decode requests=1811f6ebf58e4b0ea2292b35146cd35f,612ab6a155ee43be83ea6696bd5b8b7f,04a26fdd847647a5a094bbafb63bc469,5f8f2308efff494a9a6a2fa3d4ecc35c"
0.0,36806000,2,18403000.0,18403000.0,18375265,18430735,39223.2,PushPop,":batch=abb21867fd9f497cae70749955fd9b7b phase=decode requests=dfa53ed7b1db427c979733175e83eed5,1b90b5029a8e4095a0953f707b492bc0,2b642560cfbc46a3b415e89ad3a03675,1d3635c1d1b8417da02febe5bb56858c"
0.0,36805634,2,18402817.0,18402817.0,18366811,18438823,50920.2,PushPop,":batch=89ea3c2e73e34f7cb7d058ee6cbaaa1a phase=decode requests=dfa53ed7b1db427c979733175e83eed5,1b90b5029a8e4095a0953f707b492bc0,2b642560cfbc46a3b415e89ad3a03675,1d3635c1d1b8417da02febe5bb56858c"
0.0,36804995,2,18402497.5,18402497.5,18383063,18421932,27484.5,PushPop,":batch=eed7c9815b8c4822a1acacd2cdc2c1f8 phase=decode requests=dfa53ed7b1db427c979733175e83eed5,1b90b5029a8e4095a0953f707b492bc0,2b642560cfbc46a3b415e89ad3a03675,1d3635c1d1b8417da02febe5bb56858c"
0.0,36804671,2,18402335.5,18402335.5,18362522,18442149,56304.8,PushPop,":batch=71de377139d644da811e48370771e4dc phase=decode requests=dfa53ed7b1db427c979733175e83eed5,1b90b5029a8e4095a0953f707b492bc0,2b642560cfbc46a3b415e89ad3a03675,1d3635c1d1b8417da02febe5bb56858c"
0.0,36804639,2,18402319.5,18402319.5,18362046,18442593,56955.3,PushPop,":batch=53acf02df1a344219eed8737e03c92d1 phase=decode requests=dfa53ed7b1db427c979733175e83eed5,1b90b5029a8e4095a0953f707b492bc0,2b642560cfbc46a3b415e89ad3a03675,1d3635c1d1b8417da02febe5bb56858c"
0.0,36803905,2,18401952.5,18401952.5,18366384,18437521,50301.5,PushPop,":batch=bba78508e9264bbbb99267c6fa452dd2 phase=decode requests=dfa53ed7b1db427c979733175e83eed5,1b90b5029a8e4095a0953f707b492bc0,2b642560cfbc46a3b415e89ad3a03675,1d3635c1d1b8417da02febe5bb56858c"
0.0,36803412,2,18401706.0,18401706.0,18368886,18434526,46414.5,PushPop,":batch=52ed94e7f8cf47daa9303d034217735c phase=decode requests=dfa53ed7b1db427c979733175e83eed5,1b90b5029a8e4095a0953f707b492bc0,2b642560cfbc46a3b415e89ad3a03675,1d3635c1d1b8417da02febe5bb56858c"
0.0,36803381,2,18401690.5,18401690.5,18363877,18439504,53476.4,PushPop,:batch=77e30b56cbdb45729a3f35dd92837b0e phase=decode requests=268bc1a668514718addc6aee590d0f20
0.0,36803298,2,18401649.0,18401649.0,18370144,18433154,44554.8,PushPop,":batch=b3b0ce83185842f78d9a0904c159f727 phase=decode requests=dfa53ed7b1db427c979733175e83eed5,1b90b5029a8e4095a0953f707b492bc0,2b642560cfbc46a3b415e89ad3a03675,1d3635c1d1b8417da02febe5bb56858c"
0.0,36803018,2,18401509.0,18401509.0,18359125,18443893,59940.0,PushPop,":batch=a76a9161001f4a3c91d8c69b551e3a48 phase=decode requests=dfa53ed7b1db427c979733175e83eed5,1b90b5029a8e4095a0953f707b492bc0,2b642560cfbc46a3b415e89ad3a03675,1d3635c1d1b8417da02febe5bb56858c"
0.0,36802988,2,18401494.0,18401494.0,18378445,18424543,32596.2,PushPop,":batch=926cc361fa8e49628844839d9ca21caf phase=decode requests=dfa53ed7b1db427c979733175e83eed5,1b90b5029a8e4095a0953f707b492bc0,2b642560cfbc46a3b415e89ad3a03675,1d3635c1d1b8417da02febe5bb56858c"
0.0,36802929,2,18401464.5,18401464.5,18376683,18426246,35046.3,PushPop,":batch=1b493d5ac48648b88d0eac036f133ae8 phase=decode requests=dfa53ed7b1db427c979733175e83eed5,1b90b5029a8e4095a0953f707b492bc0,2b642560cfbc46a3b415e89ad3a03675,1d3635c1d1b8417da02febe5bb56858c"
0.0,36802864,2,18401432.0,18401432.0,18366157,18436707,49886.4,PushPop,":batch=a3efdf2c024a4f1eada1a49022d05cd1 phase=decode requests=dfa53ed7b1db427c979733175e83eed5,1b90b5029a8e4095a0953f707b492bc0,2b642560cfbc46a3b415e89ad3a03675,1d3635c1d1b8417da02febe5bb56858c"
0.0,36802750,2,18401375.0,18401375.0,18359061,18443689,59841.0,PushPop,":batch=c55207974aab436891db3c62a24298b9 phase=decode requests=dfa53ed7b1db427c979733175e83eed5,1b90b5029a8e4095a0953f707b492bc0,2b642560cfbc46a3b415e89ad3a03675,1d3635c1d1b8417da02febe5bb56858c"
0.0,36802071,2,18401035.5,18401035.5,18377105,18424966,33842.8,PushPop,:batch=ffa2464e098c4f8dbf8e11b924c54a78 phase=decode requests=268bc1a668514718addc6aee590d0f20
0.0,36802036,2,18401018.0,18401018.0,18366600,18435436,48674.4,PushPop,":batch=616ead489afc4b64b4a5eff803e1a24b phase=decode requests=dfa53ed7b1db427c979733175e83eed5,1b90b5029a8e4095a0953f707b492bc0,2b642560cfbc46a3b415e89ad3a03675,1d3635c1d1b8417da02febe5bb56858c"
0.0,36801822,2,18400911.0,18400911.0,18368787,18433035,45430.2,PushPop,":batch=55cf428b291e4e088a32371d13cfcd7f phase=decode requests=1811f6ebf58e4b0ea2292b35146cd35f,612ab6a155ee43be83ea6696bd5b8b7f,04a26fdd847647a5a094bbafb63bc469,5f8f2308efff494a9a6a2fa3d4ecc35c"
0.0,36801561,2,18400780.5,18400780.5,18366103,18435458,49041.4,PushPop,":batch=da8a49b7edd84f2b8c914de030512de0 phase=decode requests=dfa53ed7b1db427c979733175e83eed5,1b90b5029a8e4095a0953f707b492bc0,2b642560cfbc46a3b415e89ad3a03675,1d3635c1d1b8417da02febe5bb56858c"
0.0,36801533,2,18400766.5,18400766.5,18365063,18436470,50492.4,PushPop,":batch=77b99d30fe4a4f03820518548867fb3c phase=decode requests=dfa53ed7b1db427c979733175e83eed5,1b90b5029a8e4095a0953f707b492bc0,2b642560cfbc46a3b415e89ad3a03675,1d3635c1d1b8417da02febe5bb56858c"
0.0,36801281,2,18400640.5,18400640.5,18366748,18434533,47931.2,PushPop,":batch=4b2e75fb642d422b801c91bc2757b418 phase=decode requests=dfa53ed7b1db427c979733175e83eed5,1b90b5029a8e4095a0953f707b492bc0,2b642560cfbc46a3b415e89ad3a03675,1d3635c1d1b8417da02febe5bb56858c"
0.0,36801115,2,18400557.5,18400557.5,18368764,18432351,44962.8,PushPop,:batch=61f535d71eaa4cf6885d17af0550b365 phase=decode requests=e6255778e8534404ac5ca8451b4d8752
0.0,36800777,2,18400388.5,18400388.5,18383941,18416836,23260.3,PushPop,:batch=d4e44b10868844158045c35bca6431f1 phase=decode requests=268bc1a668514718addc6aee590d0f20
0.0,36799795,2,18399897.5,18399897.5,18360150,18439645,56211.5,PushPop,":batch=bffe74a8dfda41f2b32908ac5a23b815 phase=decode requests=dfa53ed7b1db427c979733175e83eed5,1b90b5029a8e4095a0953f707b492bc0,2b642560cfbc46a3b415e89ad3a03675,1d3635c1d1b8417da02febe5bb56858c"
0.0,36799707,2,18399853.5,18399853.5,18376178,18423529,33482.2,PushPop,:batch=535e69467a1f42729ba51e6bae76d0af phase=decode requests=f613ba29e5e3458d8e63b0275b98ac68
0.0,36799578,2,18399789.0,18399789.0,18368765,18430813,43874.6,PushPop,":batch=0961f2e4b98446c891ac0f094f516254 phase=decode requests=1811f6ebf58e4b0ea2292b35146cd35f,612ab6a155ee43be83ea6696bd5b8b7f,04a26fdd847647a5a094bbafb63bc469,5f8f2308efff494a9a6a2fa3d4ecc35c"
0.0,36798974,2,18399487.0,18399487.0,18372022,18426952,38841.4,PushPop,":batch=b53e92d2ee7542a88853cd15064ba046 phase=decode requests=dfa53ed7b1db427c979733175e83eed5,1b90b5029a8e4095a0953f707b492bc0,2b642560cfbc46a3b415e89ad3a03675,1d3635c1d1b8417da02febe5bb56858c"
0.0,36798949,2,18399474.5,18399474.5,18360051,18438898,55753.2,PushPop,":batch=765da595e31d424db03722ce5cbcc2f1 phase=decode requests=dfa53ed7b1db427c979733175e83eed5,1b90b5029a8e4095a0953f707b492bc0,2b642560cfbc46a3b415e89ad3a03675,1d3635c1d1b8417da02febe5bb56858c"
0.0,36798634,2,18399317.0,18399317.0,18356265,18442369,60884.7,PushPop,":batch=b60b424b657848958fb1f9324de9eb35 phase=decode requests=dfa53ed7b1db427c979733175e83eed5,1b90b5029a8e4095a0953f707b492bc0,2b642560cfbc46a3b415e89ad3a03675,1d3635c1d1b8417da02febe5bb56858c"
0.0,36798451,2,18399225.5,18399225.5,18375686,18422765,33289.9,PushPop,":batch=7b7081c57a6c45ed9c28efb4dc6b3366 phase=decode requests=1811f6ebf58e4b0ea2292b35146cd35f,612ab6a155ee43be83ea6696bd5b8b7f,04a26fdd847647a5a094bbafb63bc469,5f8f2308efff494a9a6a2fa3d4ecc35c"
0.0,36798374,2,18399187.0,18399187.0,18357246,18441128,59313.5,PushPop,":batch=5b6a980a5380433fa5626771baa1252f phase=decode requests=dfa53ed7b1db427c979733175e83eed5,1b90b5029a8e4095a0953f707b492bc0,2b642560cfbc46a3b415e89ad3a03675,1d3635c1d1b8417da02febe5bb56858c"
0.0,36798167,2,18399083.5,18399083.5,18364765,18433402,48533.7,PushPop,":batch=ba979d9f547b4c5aba28e990802be0c1 phase=decode requests=dfa53ed7b1db427c979733175e83eed5,1b90b5029a8e4095a0953f707b492bc0,2b642560cfbc46a3b415e89ad3a03675,1d3635c1d1b8417da02febe5bb56858c"
0.0,36797839,2,18398919.5,18398919.5,18373447,18424392,36023.6,PushPop,:batch=37db840eebcc4caea05774c521f67903 phase=decode requests=e6255778e8534404ac5ca8451b4d8752
0.0,36797696,2,18398848.0,18398848.0,18370247,18427449,40447.9,PushPop,":batch=fa11a0c5d52e4ed4989eb8d427733cb6 phase=decode requests=dfa53ed7b1db427c979733175e83eed5,1b90b5029a8e4095a0953f707b492bc0,2b642560cfbc46a3b415e89ad3a03675,1d3635c1d1b8417da02febe5bb56858c"
0.0,36797672,2,18398836.0,18398836.0,18361905,18435767,52228.3,PushPop,:batch=d7f1b17ef8df4ad3b8d99ae4d23c522d phase=decode requests=f613ba29e5e3458d8e63b0275b98ac68
0.0,36797402,2,18398701.0,18398701.0,18364316,18433086,48627.7,PushPop,":batch=138470660ad748f4a7d8320cce8eb002 phase=decode requests=dfa53ed7b1db427c979733175e83eed5,1b90b5029a8e4095a0953f707b492bc0,2b642560cfbc46a3b415e89ad3a03675,1d3635c1d1b8417da02febe5bb56858c"
0.0,36797181,2,18398590.5,18398590.5,18364234,18432947,48587.4,PushPop,":batch=5edd297e84cd4459ac78e26ba1c60723 phase=decode requests=dfa53ed7b1db427c979733175e83eed5,1b90b5029a8e4095a0953f707b492bc0,2b642560cfbc46a3b415e89ad3a03675,1d3635c1d1b8417da02febe5bb56858c"
0.0,36797163,2,18398581.5,18398581.5,18367042,18430121,44603.6,PushPop,":batch=607499534bf740908757cda9e9e0ae6b phase=decode requests=dfa53ed7b1db427c979733175e83eed5,1b90b5029a8e4095a0953f707b492bc0,2b642560cfbc46a3b415e89ad3a03675,1d3635c1d1b8417da02febe5bb56858c"
0.0,36797049,2,18398524.5,18398524.5,18371965,18425084,37560.8,PushPop,":batch=0f07fb302e8144db963923b300d99f81 phase=decode requests=dfa53ed7b1db427c979733175e83eed5,1b90b5029a8e4095a0953f707b492bc0,2b642560cfbc46a3b415e89ad3a03675,1d3635c1d1b8417da02febe5bb56858c"
0.0,36796638,2,18398319.0,18398319.0,18360484,18436154,53506.8,PushPop,":batch=361727c8aaca4235973c6be099fce501 phase=decode requests=dfa53ed7b1db427c979733175e83eed5,1b90b5029a8e4095a0953f707b492bc0,2b642560cfbc46a3b415e89ad3a03675,1d3635c1d1b8417da02febe5bb56858c"
0.0,36796287,2,18398143.5,18398143.5,18364893,18431394,47023.3,PushPop,":batch=4a47f84b243a4652b122e41df4f7ba23 phase=decode requests=dfa53ed7b1db427c979733175e83eed5,1b90b5029a8e4095a0953f707b492bc0,2b642560cfbc46a3b415e89ad3a03675,1d3635c1d1b8417da02febe5bb56858c"
0.0,36796259,2,18398129.5,18398129.5,18355078,18441181,60884.0,PushPop,":batch=79dcf7750ff24190b2d00990eca17c8a phase=decode requests=1811f6ebf58e4b0ea2292b35146cd35f,612ab6a155ee43be83ea6696bd5b8b7f,04a26fdd847647a5a094bbafb63bc469,5f8f2308efff494a9a6a2fa3d4ecc35c"
0.0,36796015,2,18398007.5,18398007.5,18352752,18443263,64000.9,PushPop,:batch=1b585f17ef434237942bbec9392a9740 phase=decode requests=f613ba29e5e3458d8e63b0275b98ac68
0.0,36795226,2,18397613.0,18397613.0,18358179,18437047,55768.1,PushPop,":batch=2dfeff4957f941e6953e0bc3e19cf630 phase=decode requests=dfa53ed7b1db427c979733175e83eed5,1b90b5029a8e4095a0953f707b492bc0,2b642560cfbc46a3b415e89ad3a03675,1d3635c1d1b8417da02febe5bb56858c"
0.0,36795165,2,18397582.5,18397582.5,18359566,18435599,53763.4,PushPop,":batch=7d181219bf544293b1b06d35fa520bb7 phase=decode requests=dfa53ed7b1db427c979733175e83eed5,1b90b5029a8e4095a0953f707b492bc0,2b642560cfbc46a3b415e89ad3a03675,1d3635c1d1b8417da02febe5bb56858c"
0.0,36794761,2,18397380.5,18397380.5,18354257,18440504,60985.8,PushPop,":batch=2ce136ec9bf34e4291a2dec5ff156f63 phase=decode requests=dfa53ed7b1db427c979733175e83eed5,1b90b5029a8e4095a0953f707b492bc0,2b642560cfbc46a3b415e89ad3a03675,1d3635c1d1b8417da02febe5bb56858c"
0.0,36794392,2,18397196.0,18397196.0,18339483,18454909,81618.5,PushPop,:batch=80ac5f97c47544d09134c3b502a7efc7 phase=decode requests=f613ba29e5e3458d8e63b0275b98ac68
0.0,36794217,2,18397108.5,18397108.5,18366019,18428198,43967.2,PushPop,":batch=3a597fc3e5584910a0b78ade51d862db phase=decode requests=dfa53ed7b1db427c979733175e83eed5,1b90b5029a8e4095a0953f707b492bc0,2b642560cfbc46a3b415e89ad3a03675,1d3635c1d1b8417da02febe5bb56858c"
0.0,36794115,2,18397057.5,18397057.5,18368757,18425358,40023.0,PushPop,":batch=de0e25e12cff42578f9792e4e6baf9c3 phase=decode requests=dfa53ed7b1db427c979733175e83eed5,1b90b5029a8e4095a0953f707b492bc0,2b642560cfbc46a3b415e89ad3a03675,1d3635c1d1b8417da02febe5bb56858c"
0.0,36793936,2,18396968.0,18396968.0,18374218,18419718,32173.4,PushPop,":batch=bdc4e8bc38ff46dfa7c0fbd53d7634d4 phase=decode requests=dfa53ed7b1db427c979733175e83eed5,1b90b5029a8e4095a0953f707b492bc0,2b642560cfbc46a3b415e89ad3a03675,1d3635c1d1b8417da02febe5bb56858c"
0.0,36793866,2,18396933.0,18396933.0,18318197,18475669,111349.5,PushPop,:batch=ea0c0b1454494d82b63151420503e3a3 phase=decode requests=f613ba29e5e3458d8e63b0275b98ac68
0.0,36793520,2,18396760.0,18396760.0,18369387,18424133,38711.3,PushPop,:batch=02374659f1af4f38a59303b5ec0ec684 phase=decode requests=e6255778e8534404ac5ca8451b4d8752
0.0,36792867,2,18396433.5,18396433.5,18358080,18434787,54240.0,PushPop,":batch=b2805d6f5762497e883ed7d3a38ac8f4 phase=decode requests=dfa53ed7b1db427c979733175e83eed5,1b90b5029a8e4095a0953f707b492bc0,2b642560cfbc46a3b415e89ad3a03675,1d3635c1d1b8417da02febe5bb56858c"
0.0,36792353,2,18396176.5,18396176.5,18349553,18442800,65935.6,PushPop,":batch=ecc6d7b095b844858001751333a3d2e1 phase=decode requests=dfa53ed7b1db427c979733175e83eed5,1b90b5029a8e4095a0953f707b492bc0,2b642560cfbc46a3b415e89ad3a03675,1d3635c1d1b8417da02febe5bb56858c"
0.0,36792066,2,18396033.0,18396033.0,18365807,18426259,42746.0,PushPop,":batch=2d9be3b2a08d4195bf2c98e48c48b356 phase=decode requests=dfa53ed7b1db427c979733175e83eed5,1b90b5029a8e4095a0953f707b492bc0,2b642560cfbc46a3b415e89ad3a03675,1d3635c1d1b8417da02febe5bb56858c"
0.0,36791568,2,18395784.0,18395784.0,18356911,18434657,54974.7,PushPop,":batch=af672b8ddcba46acbc1110650c387a62 phase=decode requests=dfa53ed7b1db427c979733175e83eed5,1b90b5029a8e4095a0953f707b492bc0,2b642560cfbc46a3b415e89ad3a03675,1d3635c1d1b8417da02febe5bb56858c"
0.0,36790442,2,18395221.0,18395221.0,18367806,18422636,38770.7,PushPop,":batch=c5ea297f6c9a4e16851dd5080a6ec723 phase=decode requests=dfa53ed7b1db427c979733175e83eed5,1b90b5029a8e4095a0953f707b492bc0,2b642560cfbc46a3b415e89ad3a03675,1d3635c1d1b8417da02febe5bb56858c"
0.0,36790120,2,18395060.0,18395060.0,18357106,18433014,53675.1,PushPop,":batch=052d080dba83463aa754f6f59e9cc62d phase=decode requests=dfa53ed7b1db427c979733175e83eed5,1b90b5029a8e4095a0953f707b492bc0,2b642560cfbc46a3b415e89ad3a03675,1d3635c1d1b8417da02febe5bb56858c"
0.0,36789599,2,18394799.5,18394799.5,18364835,18424764,42376.2,PushPop,":batch=b2f9c6aebbcf4970a5164c926762b515 phase=decode requests=dfa53ed7b1db427c979733175e83eed5,1b90b5029a8e4095a0953f707b492bc0,2b642560cfbc46a3b415e89ad3a03675,1d3635c1d1b8417da02febe5bb56858c"
0.0,36789401,2,18394700.5,18394700.5,18359706,18429695,49489.7,PushPop,":batch=34ff67af049e4c8d972dd1c0df214632 phase=decode requests=dfa53ed7b1db427c979733175e83eed5,1b90b5029a8e4095a0953f707b492bc0,2b642560cfbc46a3b415e89ad3a03675,1d3635c1d1b8417da02febe5bb56858c"
0.0,36789059,2,18394529.5,18394529.5,18368503,18420556,36807.0,PushPop,":batch=f162d1db831547efb6d9de1579131b7f phase=decode requests=dfa53ed7b1db427c979733175e83eed5,1b90b5029a8e4095a0953f707b492bc0,2b642560cfbc46a3b415e89ad3a03675,1d3635c1d1b8417da02febe5bb56858c"
0.0,36788528,2,18394264.0,18394264.0,18352543,18435985,59002.4,PushPop,:batch=5e11fcd4f80f4d868eb247c6b70bed9f phase=decode requests=268bc1a668514718addc6aee590d0f20
0.0,36788408,2,18394204.0,18394204.0,18367617,18420791,37599.7,PushPop,":batch=666526838cd84a219aa281ed1f9106ad phase=decode requests=dfa53ed7b1db427c979733175e83eed5,1b90b5029a8e4095a0953f707b492bc0,2b642560cfbc46a3b415e89ad3a03675,1d3635c1d1b8417da02febe5bb56858c"
0.0,36788148,2,18394074.0,18394074.0,18353463,18434685,57432.6,PushPop,:batch=14e30624805b427c9a6f88fe272882ab phase=decode requests=f613ba29e5e3458d8e63b0275b98ac68
0.0,36787645,2,18393822.5,18393822.5,18372747,18414898,29805.3,PushPop,:batch=45f7b90618a44a42820f01681c519070 phase=decode requests=268bc1a668514718addc6aee590d0f20
0.0,36787609,2,18393804.5,18393804.5,18364946,18422663,40812.1,PushPop,:batch=7c39f6431c504c02a97cab1b007901f6 phase=decode requests=25de90a8b4234cdd9f459bf44de5f72b
0.0,36787465,2,18393732.5,18393732.5,18357644,18429821,51036.8,PushPop,":batch=b8e4f68ccabd4b349fbabc6f74d481f2 phase=decode requests=dfa53ed7b1db427c979733175e83eed5,1b90b5029a8e4095a0953f707b492bc0,2b642560cfbc46a3b415e89ad3a03675,1d3635c1d1b8417da02febe5bb56858c"
0.0,36786860,2,18393430.0,18393430.0,18366508,18420352,38073.5,PushPop,":batch=edd4c2d7a1e4419ebbb65380fbbb493a phase=decode requests=dfa53ed7b1db427c979733175e83eed5,1b90b5029a8e4095a0953f707b492bc0,2b642560cfbc46a3b415e89ad3a03675,1d3635c1d1b8417da02febe5bb56858c"
0.0,36786837,2,18393418.5,18393418.5,18360838,18425999,46075.8,PushPop,":batch=5d550c6a20d043fb8ce3f8863f57c91f phase=decode requests=dfa53ed7b1db427c979733175e83eed5,1b90b5029a8e4095a0953f707b492bc0,2b642560cfbc46a3b415e89ad3a03675,1d3635c1d1b8417da02febe5bb56858c"
0.0,36786776,2,18393388.0,18393388.0,18388738,18398038,6576.1,PushPop,":batch=00f6e5892e77472eb2ca12ec0ccb62f6 phase=decode requests=1811f6ebf58e4b0ea2292b35146cd35f,612ab6a155ee43be83ea6696bd5b8b7f,04a26fdd847647a5a094bbafb63bc469,5f8f2308efff494a9a6a2fa3d4ecc35c"
0.0,36786606,2,18393303.0,18393303.0,18354782,18431824,54476.9,PushPop,:batch=a1a625a6d5d14af1be19cf5465bddba0 phase=decode requests=e6255778e8534404ac5ca8451b4d8752
0.0,36785833,2,18392916.5,18392916.5,18357682,18428151,49829.1,PushPop,":batch=3795bb5e74a840fe8016188a81638e84 phase=decode requests=dfa53ed7b1db427c979733175e83eed5,1b90b5029a8e4095a0953f707b492bc0,2b642560cfbc46a3b415e89ad3a03675,1d3635c1d1b8417da02febe5bb56858c"
0.0,36785757,2,18392878.5,18392878.5,18369400,18416357,33203.6,PushPop,:batch=ee73f336c0c04d699cae2906517feb4a phase=decode requests=f613ba29e5e3458d8e63b0275b98ac68
0.0,36785598,2,18392799.0,18392799.0,18366246,18419352,37551.6,PushPop,":batch=3efdae2261944270b26f7c0c7fa6a080 phase=decode requests=dfa53ed7b1db427c979733175e83eed5,1b90b5029a8e4095a0953f707b492bc0,2b642560cfbc46a3b415e89ad3a03675,1d3635c1d1b8417da02febe5bb56858c"
0.0,36785275,2,18392637.5,18392637.5,18367881,18417394,35011.0,PushPop,":batch=ece7b0838a3a4b579ffb7c7ae3ebf619 phase=decode requests=dfa53ed7b1db427c979733175e83eed5,1b90b5029a8e4095a0953f707b492bc0,2b642560cfbc46a3b415e89ad3a03675,1d3635c1d1b8417da02febe5bb56858c"
0.0,36784254,2,18392127.0,18392127.0,18356790,18427464,49974.1,PushPop,":batch=2956f8048eae4f85ad2a591d09cbfb6a phase=decode requests=1811f6ebf58e4b0ea2292b35146cd35f,612ab6a155ee43be83ea6696bd5b8b7f,04a26fdd847647a5a094bbafb63bc469,5f8f2308efff494a9a6a2fa3d4ecc35c"
0.0,36784159,2,18392079.5,18392079.5,18346704,18437455,64170.6,PushPop,":batch=8783686078854191a3f981c50381bc3f phase=decode requests=dfa53ed7b1db427c979733175e83eed5,1b90b5029a8e4095a0953f707b492bc0,2b642560cfbc46a3b415e89ad3a03675,1d3635c1d1b8417da02febe5bb56858c"
0.0,36783271,2,18391635.5,18391635.5,18355777,18427494,50711.6,PushPop,:batch=2eb553090c514520bbc2cb27e353a2a3 phase=decode requests=268bc1a668514718addc6aee590d0f20
0.0,36782720,2,18391360.0,18391360.0,18363939,18418781,38779.2,PushPop,:batch=f48b8969546b43e3b7e2ac13dafc1b44 phase=decode requests=e6255778e8534404ac5ca8451b4d8752
0.0,36782153,2,18391076.5,18391076.5,18348215,18433938,60615.3,PushPop,":batch=539c5c5077dc4fbabad33d155656471e phase=decode requests=dfa53ed7b1db427c979733175e83eed5,1b90b5029a8e4095a0953f707b492bc0,2b642560cfbc46a3b415e89ad3a03675,1d3635c1d1b8417da02febe5bb56858c"
0.0,36780913,2,18390456.5,18390456.5,18357629,18423284,46425.1,PushPop,":batch=0630db633f624b13acac53a819fc788f phase=decode requests=dfa53ed7b1db427c979733175e83eed5,1b90b5029a8e4095a0953f707b492bc0,2b642560cfbc46a3b415e89ad3a03675,1d3635c1d1b8417da02febe5bb56858c"
0.0,36780524,2,18390262.0,18390262.0,18345399,18435125,63445.9,PushPop,":batch=aeee4bcecdde4fbb8f43b839576a8f23 phase=decode requests=1811f6ebf58e4b0ea2292b35146cd35f,612ab6a155ee43be83ea6696bd5b8b7f,04a26fdd847647a5a094bbafb63bc469,5f8f2308efff494a9a6a2fa3d4ecc35c"
0.0,36779769,2,18389884.5,18389884.5,18353098,18426671,52024.0,PushPop,":batch=39d6da8f2f58465186707e96aa8a9534 phase=decode requests=dfa53ed7b1db427c979733175e83eed5,1b90b5029a8e4095a0953f707b492bc0,2b642560cfbc46a3b415e89ad3a03675,1d3635c1d1b8417da02febe5bb56858c"
0.0,36779492,2,18389746.0,18389746.0,18372984,18406508,23705.0,PushPop,:batch=5a93d01b69b849d69ddc305617ca8f17 phase=decode requests=268bc1a668514718addc6aee590d0f20
0.0,36779484,2,18389742.0,18389742.0,18354028,18425456,50507.2,PushPop,":batch=47eae2eacbff4dad8691a1c9c5d9ef62 phase=decode requests=dfa53ed7b1db427c979733175e83eed5,1b90b5029a8e4095a0953f707b492bc0,2b642560cfbc46a3b415e89ad3a03675,1d3635c1d1b8417da02febe5bb56858c"
0.0,36779470,2,18389735.0,18389735.0,18347848,18431622,59237.2,PushPop,":batch=68a590081130428fae48f53f7b1043a1 phase=decode requests=dfa53ed7b1db427c979733175e83eed5,1b90b5029a8e4095a0953f707b492bc0,2b642560cfbc46a3b415e89ad3a03675,1d3635c1d1b8417da02febe5bb56858c"
0.0,36779269,2,18389634.5,18389634.5,18353081,18426188,51694.5,PushPop,":batch=9ba3ad4696694a3ba4245d46c53fcede phase=decode requests=dfa53ed7b1db427c979733175e83eed5,1b90b5029a8e4095a0953f707b492bc0,2b642560cfbc46a3b415e89ad3a03675,1d3635c1d1b8417da02febe5bb56858c"
0.0,36779102,2,18389551.0,18389551.0,18359637,18419465,42304.8,PushPop,:batch=334cf62135f24d179965a07d065da480 phase=decode requests=f613ba29e5e3458d8e63b0275b98ac68
0.0,36777779,2,18388889.5,18388889.5,18351902,18425877,52308.2,PushPop,":batch=87050ad6fa0441ffbe7813f1846ec12e phase=decode requests=dfa53ed7b1db427c979733175e83eed5,1b90b5029a8e4095a0953f707b492bc0,2b642560cfbc46a3b415e89ad3a03675,1d3635c1d1b8417da02febe5bb56858c"
0.0,36777452,2,18388726.0,18388726.0,18353163,18424289,50293.7,PushPop,":batch=639c6fd35715496d8bce0ea9025c42b6 phase=decode requests=dfa53ed7b1db427c979733175e83eed5,1b90b5029a8e4095a0953f707b492bc0,2b642560cfbc46a3b415e89ad3a03675,1d3635c1d1b8417da02febe5bb56858c"
0.0,36777309,2,18388654.5,18388654.5,18353703,18423606,49428.9,PushPop,":batch=249ed2e94c4e482a8e263ce793a48754 phase=decode requests=dfa53ed7b1db427c979733175e83eed5,1b90b5029a8e4095a0953f707b492bc0,2b642560cfbc46a3b415e89ad3a03675,1d3635c1d1b8417da02febe5bb56858c"
0.0,36777180,2,18388590.0,18388590.0,18358045,18419135,43197.2,PushPop,:batch=e46a2ff2c02c4fa2b530aa514fd80581 phase=decode requests=e6255778e8534404ac5ca8451b4d8752
0.0,36776846,2,18388423.0,18388423.0,18355724,18421122,46243.4,PushPop,:batch=9973037abf504ecbafd09b38606cb1fc phase=decode requests=268bc1a668514718addc6aee590d0f20
0.0,36776779,2,18388389.5,18388389.5,18335013,18441766,75485.8,PushPop,":batch=2ecd5cd85fbe4b9ebb80dd9c407d956b phase=decode requests=1811f6ebf58e4b0ea2292b35146cd35f,612ab6a155ee43be83ea6696bd5b8b7f,04a26fdd847647a5a094bbafb63bc469,5f8f2308efff494a9a6a2fa3d4ecc35c"
0.0,36776775,2,18388387.5,18388387.5,18359650,18417125,40641.0,PushPop,:batch=e57a009170a34a3287763a3989f79003 phase=decode requests=e6255778e8534404ac5ca8451b4d8752
0.0,36776444,2,18388222.0,18388222.0,18351219,18425225,52330.1,PushPop,":batch=2e620567846c4807867962ea843b8ff7 phase=decode requests=dfa53ed7b1db427c979733175e83eed5,1b90b5029a8e4095a0953f707b492bc0,2b642560cfbc46a3b415e89ad3a03675,1d3635c1d1b8417da02febe5bb56858c"
0.0,36776257,2,18388128.5,18388128.5,18354835,18421422,47084.1,PushPop,:batch=7c68b23a3620442cad81e92a53ec38fa phase=decode requests=f613ba29e5e3458d8e63b0275b98ac68
0.0,36775982,2,18387991.0,18387991.0,18354296,18421686,47651.9,PushPop,":batch=9008eed13e974bb2a10edaff4e7009bb phase=decode requests=dfa53ed7b1db427c979733175e83eed5,1b90b5029a8e4095a0953f707b492bc0,2b642560cfbc46a3b415e89ad3a03675,1d3635c1d1b8417da02febe5bb56858c"
0.0,36775969,2,18387984.5,18387984.5,18360739,18415230,38531.0,PushPop,":batch=1c9b9c136060428fac7990f7f3f9fc99 phase=decode requests=dfa53ed7b1db427c979733175e83eed5,1b90b5029a8e4095a0953f707b492bc0,2b642560cfbc46a3b415e89ad3a03675,1d3635c1d1b8417da02febe5bb56858c"
0.0,36775519,2,18387759.5,18387759.5,18355004,18420515,46323.3,PushPop,":batch=593f475bbb7a4a6e86e52d59c8d96a2c phase=decode requests=dfa53ed7b1db427c979733175e83eed5,1b90b5029a8e4095a0953f707b492bc0,2b642560cfbc46a3b415e89ad3a03675,1d3635c1d1b8417da02febe5bb56858c"
0.0,36774053,2,18387026.5,18387026.5,18377457,18396596,13533.3,PushPop,:batch=c869c11bd6d84a96b944c9df7491a61d phase=decode requests=f613ba29e5e3458d8e63b0275b98ac68
0.0,36773882,2,18386941.0,18386941.0,18356081,18417801,43642.6,PushPop,:batch=e7a3c43b4ddc434b861d15cdae3cc4c3 phase=decode requests=268bc1a668514718addc6aee590d0f20
0.0,36773767,2,18386883.5,18386883.5,18353704,18420063,46922.9,PushPop,:batch=1c0fd2ddb13c4676832b4c8485893a9c phase=decode requests=e6255778e8534404ac5ca8451b4d8752
0.0,36773180,2,18386590.0,18386590.0,18351316,18421864,49885.0,PushPop,:batch=3cde2479fb3e4121b933a8b119b29660 phase=decode requests=25de90a8b4234cdd9f459bf44de5f72b
0.0,36772744,2,18386372.0,18386372.0,18352743,18420001,47558.6,PushPop,":batch=1acce9b82d3647179d71ebbcae9ce599 phase=decode requests=dfa53ed7b1db427c979733175e83eed5,1b90b5029a8e4095a0953f707b492bc0,2b642560cfbc46a3b415e89ad3a03675,1d3635c1d1b8417da02febe5bb56858c"
0.0,36772593,2,18386296.5,18386296.5,18359065,18413528,38511.2,PushPop,":batch=5e56e6469bdc40f1a25124d6fa13b73a phase=decode requests=dfa53ed7b1db427c979733175e83eed5,1b90b5029a8e4095a0953f707b492bc0,2b642560cfbc46a3b415e89ad3a03675,1d3635c1d1b8417da02febe5bb56858c"
0.0,36772518,2,18386259.0,18386259.0,18352677,18419841,47492.1,PushPop,":batch=e0c902fff73c4ed6ac8fd6d7923caac9 phase=decode requests=dfa53ed7b1db427c979733175e83eed5,1b90b5029a8e4095a0953f707b492bc0,2b642560cfbc46a3b415e89ad3a03675,1d3635c1d1b8417da02febe5bb56858c"
0.0,36771504,2,18385752.0,18385752.0,18351372,18420132,48620.7,PushPop,":batch=e3a904591b7642cab06f36fcddcc5d96 phase=decode requests=dfa53ed7b1db427c979733175e83eed5,1b90b5029a8e4095a0953f707b492bc0,2b642560cfbc46a3b415e89ad3a03675,1d3635c1d1b8417da02febe5bb56858c"
0.0,36770052,2,18385026.0,18385026.0,18355152,18414900,42248.2,PushPop,":batch=2cf1b28a7a524165b3181ae9b692dee1 phase=decode requests=dfa53ed7b1db427c979733175e83eed5,1b90b5029a8e4095a0953f707b492bc0,2b642560cfbc46a3b415e89ad3a03675,1d3635c1d1b8417da02febe5bb56858c"
0.0,36769987,2,18384993.5,18384993.5,18341370,18428617,61692.9,PushPop,:batch=2bf06b6172324a48a4bf253eb0b9a467 phase=decode requests=f613ba29e5e3458d8e63b0275b98ac68
0.0,36769241,2,18384620.5,18384620.5,18363022,18406219,30544.9,PushPop,":batch=503e3b83302645cfa2b9fd47e4df04ff phase=decode requests=dfa53ed7b1db427c979733175e83eed5,1b90b5029a8e4095a0953f707b492bc0,2b642560cfbc46a3b415e89ad3a03675,1d3635c1d1b8417da02febe5bb56858c"
0.0,36768410,2,18384205.0,18384205.0,18346389,18422021,53479.9,PushPop,":batch=74ba39f3f74b4e38a9f1c7d0a9e76ac6 phase=decode requests=dfa53ed7b1db427c979733175e83eed5,1b90b5029a8e4095a0953f707b492bc0,2b642560cfbc46a3b415e89ad3a03675,1d3635c1d1b8417da02febe5bb56858c"
0.0,36767933,2,18383966.5,18383966.5,18353369,18414564,43271.4,PushPop,":batch=c155d278ea88401d8c27c2be3c998f7b phase=decode requests=dfa53ed7b1db427c979733175e83eed5,1b90b5029a8e4095a0953f707b492bc0,2b642560cfbc46a3b415e89ad3a03675,1d3635c1d1b8417da02febe5bb56858c"
0.0,36767884,2,18383942.0,18383942.0,18343544,18424340,57131.4,PushPop,":batch=fa6588a8efa84c54af7a65ef3c00e289 phase=decode requests=dfa53ed7b1db427c979733175e83eed5,1b90b5029a8e4095a0953f707b492bc0,2b642560cfbc46a3b415e89ad3a03675,1d3635c1d1b8417da02febe5bb56858c"
0.0,36767776,2,18383888.0,18383888.0,18355031,18412745,40810.0,PushPop,:batch=843d675fbbde40ae83856a76ca6d2210 phase=decode requests=25de90a8b4234cdd9f459bf44de5f72b
0.0,36767599,2,18383799.5,18383799.5,18346440,18421159,52834.3,PushPop,":batch=a56b30a4f47b47e1938a649c037fe264 phase=decode requests=1811f6ebf58e4b0ea2292b35146cd35f,612ab6a155ee43be83ea6696bd5b8b7f,04a26fdd847647a5a094bbafb63bc469,5f8f2308efff494a9a6a2fa3d4ecc35c"
0.0,36767287,2,18383643.5,18383643.5,18338536,18428751,63791.6,PushPop,":batch=465a44772df84433b8db0c864fc50007 phase=decode requests=1811f6ebf58e4b0ea2292b35146cd35f,612ab6a155ee43be83ea6696bd5b8b7f,04a26fdd847647a5a094bbafb63bc469,5f8f2308efff494a9a6a2fa3d4ecc35c"
0.0,36766177,2,18383088.5,18383088.5,18343301,18422876,56268.0,PushPop,:batch=fcfa4fac531f4016b9a13efe4e4f24fa phase=decode requests=25de90a8b4234cdd9f459bf44de5f72b
0.0,36765916,2,18382958.0,18382958.0,18366859,18399057,22767.4,PushPop,:batch=8a4e63362e004b368dc7e049f5644768 phase=decode requests=e6255778e8534404ac5ca8451b4d8752
0.0,36765896,2,18382948.0,18382948.0,18347702,18418194,49845.4,PushPop,":batch=ae1a7110673b47e5a968f816d643ed85 phase=decode requests=dfa53ed7b1db427c979733175e83eed5,1b90b5029a8e4095a0953f707b492bc0,2b642560cfbc46a3b415e89ad3a03675,1d3635c1d1b8417da02febe5bb56858c"
0.0,36764929,2,18382464.5,18382464.5,18353390,18411539,41117.6,PushPop,:batch=883dd0af78a94ae6a23a9c24c9061d01 phase=decode requests=f613ba29e5e3458d8e63b0275b98ac68
0.0,36764668,2,18382334.0,18382334.0,18334131,18430537,68169.3,PushPop,":batch=d1dcb31d101d4894a5609d6b1f66b290 phase=decode requests=1811f6ebf58e4b0ea2292b35146cd35f,612ab6a155ee43be83ea6696bd5b8b7f,04a26fdd847647a5a094bbafb63bc469,5f8f2308efff494a9a6a2fa3d4ecc35c"
0.0,36764506,2,18382253.0,18382253.0,18366779,18397727,21883.5,PushPop,:batch=e95187473bc144e3bf429a8742de672b phase=decode requests=268bc1a668514718addc6aee590d0f20
0.0,36764332,2,18382166.0,18382166.0,18347952,18416380,48385.9,PushPop,":batch=bbaf03041ddd4ca389e90e05c51a66c1 phase=decode requests=dfa53ed7b1db427c979733175e83eed5,1b90b5029a8e4095a0953f707b492bc0,2b642560cfbc46a3b415e89ad3a03675,1d3635c1d1b8417da02febe5bb56858c"
0.0,36763836,2,18381918.0,18381918.0,18346016,18417820,50773.1,PushPop,":batch=e345017ce3da480ab5af8172254ccc33 phase=decode requests=dfa53ed7b1db427c979733175e83eed5,1b90b5029a8e4095a0953f707b492bc0,2b642560cfbc46a3b415e89ad3a03675,1d3635c1d1b8417da02febe5bb56858c"
0.0,36763369,2,18381684.5,18381684.5,18349939,18413430,44894.9,PushPop,:batch=b656d8804ffc43a59eaa19d4ae648b66 phase=decode requests=25de90a8b4234cdd9f459bf44de5f72b
0.0,36763027,2,18381513.5,18381513.5,18361303,18401724,28582.0,PushPop,:batch=66c7b43c885840679a2c11b9a2652a90 phase=decode requests=268bc1a668514718addc6aee590d0f20
0.0,36763025,2,18381512.5,18381512.5,18358363,18404662,32738.3,PushPop,":batch=e00c94ffef8f417ba82493e1baaeb3a9 phase=decode requests=dfa53ed7b1db427c979733175e83eed5,1b90b5029a8e4095a0953f707b492bc0,2b642560cfbc46a3b415e89ad3a03675,1d3635c1d1b8417da02febe5bb56858c"
0.0,36762890,2,18381445.0,18381445.0,18354284,18408606,38411.5,PushPop,":batch=2a80f92a5048485ca267d4bf9f15a856 phase=decode requests=dfa53ed7b1db427c979733175e83eed5,1b90b5029a8e4095a0953f707b492bc0,2b642560cfbc46a3b415e89ad3a03675,1d3635c1d1b8417da02febe5bb56858c"
0.0,36762635,2,18381317.5,18381317.5,18345732,18416903,50325.5,PushPop,":batch=29021c16ebeb402781feac6fbbca8608 phase=decode requests=dfa53ed7b1db427c979733175e83eed5,1b90b5029a8e4095a0953f707b492bc0,2b642560cfbc46a3b415e89ad3a03675,1d3635c1d1b8417da02febe5bb56858c"
0.0,36762211,2,18381105.5,18381105.5,18337529,18424682,61626.5,PushPop,":batch=d7abf5e5ca8441e2b63253ea44561667 phase=decode requests=dfa53ed7b1db427c979733175e83eed5,1b90b5029a8e4095a0953f707b492bc0,2b642560cfbc46a3b415e89ad3a03675,1d3635c1d1b8417da02febe5bb56858c"
0.0,36761596,2,18380798.0,18380798.0,18358640,18402956,31336.1,PushPop,":batch=df4828dc2b5642b2ac94f36f7578c1bf phase=decode requests=dfa53ed7b1db427c979733175e83eed5,1b90b5029a8e4095a0953f707b492bc0,2b642560cfbc46a3b415e89ad3a03675,1d3635c1d1b8417da02febe5bb56858c"
0.0,36761585,2,18380792.5,18380792.5,18344164,18417421,51800.5,PushPop,":batch=0c5ec30daa7240d6b8e651465be028a4 phase=decode requests=dfa53ed7b1db427c979733175e83eed5,1b90b5029a8e4095a0953f707b492bc0,2b642560cfbc46a3b415e89ad3a03675,1d3635c1d1b8417da02febe5bb56858c"
0.0,36761469,2,18380734.5,18380734.5,18344813,18416656,50800.7,PushPop,":batch=de2c56aa058a451493dc3de18cacd528 phase=decode requests=dfa53ed7b1db427c979733175e83eed5,1b90b5029a8e4095a0953f707b492bc0,2b642560cfbc46a3b415e89ad3a03675,1d3635c1d1b8417da02febe5bb56858c"
0.0,36760459,2,18380229.5,18380229.5,18341548,18418911,54703.9,PushPop,":batch=6386b3bd6c7846949fd127e4ae10f33c phase=decode requests=dfa53ed7b1db427c979733175e83eed5,1b90b5029a8e4095a0953f707b492bc0,2b642560cfbc46a3b415e89ad3a03675,1d3635c1d1b8417da02febe5bb56858c"
0.0,36760077,2,18380038.5,18380038.5,18353227,18406850,37917.2,PushPop,":batch=9f00229a86ae40ecbe2bab5c31a39ec4 phase=decode requests=dfa53ed7b1db427c979733175e83eed5,1b90b5029a8e4095a0953f707b492bc0,2b642560cfbc46a3b415e89ad3a03675,1d3635c1d1b8417da02febe5bb56858c"
0.0,36759479,2,18379739.5,18379739.5,18351721,18407758,39624.1,PushPop,:batch=b0f314a1b28e4bd393865be6a29c4250 phase=decode requests=f613ba29e5e3458d8e63b0275b98ac68
0.0,36759465,2,18379732.5,18379732.5,18347079,18412386,46179.0,PushPop,":batch=860b65d27a514c439056c039718de18e phase=decode requests=dfa53ed7b1db427c979733175e83eed5,1b90b5029a8e4095a0953f707b492bc0,2b642560cfbc46a3b415e89ad3a03675,1d3635c1d1b8417da02febe5bb56858c"
0.0,36759323,2,18379661.5,18379661.5,18346156,18413167,47383.9,PushPop,:batch=37cf502f04444d32a6c6e079120e09df phase=decode requests=25de90a8b4234cdd9f459bf44de5f72b
0.0,36759137,2,18379568.5,18379568.5,18331601,18427536,67836.3,PushPop,":batch=d8effe2e2d994c7687510b531335c4d3 phase=decode requests=1811f6ebf58e4b0ea2292b35146cd35f,612ab6a155ee43be83ea6696bd5b8b7f,04a26fdd847647a5a094bbafb63bc469,5f8f2308efff494a9a6a2fa3d4ecc35c"
0.0,36758197,2,18379098.5,18379098.5,18317425,18440772,87219.5,PushPop,":batch=0fac9b8fccbc45b495d1083683212139 phase=decode requests=1811f6ebf58e4b0ea2292b35146cd35f,612ab6a155ee43be83ea6696bd5b8b7f,04a26fdd847647a5a094bbafb63bc469,5f8f2308efff494a9a6a2fa3d4ecc35c"
0.0,36757966,2,18378983.0,18378983.0,18350887,18407079,39733.7,PushPop,":batch=86e234c4d39d4430b5516c7a105aa774 phase=decode requests=dfa53ed7b1db427c979733175e83eed5,1b90b5029a8e4095a0953f707b492bc0,2b642560cfbc46a3b415e89ad3a03675,1d3635c1d1b8417da02febe5bb56858c"
0.0,36757916,2,18378958.0,18378958.0,18349215,18408701,42063.0,PushPop,":batch=5ed93160f25b4e0aaeebccd256962df0 phase=decode requests=dfa53ed7b1db427c979733175e83eed5,1b90b5029a8e4095a0953f707b492bc0,2b642560cfbc46a3b415e89ad3a03675,1d3635c1d1b8417da02febe5bb56858c"
0.0,36757372,2,18378686.0,18378686.0,18330058,18427314,68770.4,PushPop,":batch=9522f53407b2408e873a6bcf7168ea49 phase=decode requests=dfa53ed7b1db427c979733175e83eed5,1b90b5029a8e4095a0953f707b492bc0,2b642560cfbc46a3b415e89ad3a03675,1d3635c1d1b8417da02febe5bb56858c"
0.0,36756505,2,18378252.5,18378252.5,18341157,18415348,52461.0,PushPop,":batch=7447fa3f63064bb0851849fe8d116054 phase=decode requests=dfa53ed7b1db427c979733175e83eed5,1b90b5029a8e4095a0953f707b492bc0,2b642560cfbc46a3b415e89ad3a03675,1d3635c1d1b8417da02febe5bb56858c"
0.0,36756368,2,18378184.0,18378184.0,18354238,18402130,33864.8,PushPop,":batch=b8dbf326bb274cf3870cccaf8b2c975d phase=decode requests=dfa53ed7b1db427c979733175e83eed5,1b90b5029a8e4095a0953f707b492bc0,2b642560cfbc46a3b415e89ad3a03675,1d3635c1d1b8417da02febe5bb56858c"
0.0,36756352,2,18378176.0,18378176.0,18341745,18414607,51521.2,PushPop,:batch=c5e891bd1eb34c55b2c198a4e273e05e phase=decode requests=f613ba29e5e3458d8e63b0275b98ac68
0.0,36755450,2,18377725.0,18377725.0,18339027,18416423,54727.2,PushPop,":batch=4c86de0b3f914979950ce9413be4c4df phase=decode requests=dfa53ed7b1db427c979733175e83eed5,1b90b5029a8e4095a0953f707b492bc0,2b642560cfbc46a3b415e89ad3a03675,1d3635c1d1b8417da02febe5bb56858c"
0.0,36755410,2,18377705.0,18377705.0,18346421,18408989,44242.3,PushPop,:batch=3981aae4f0744e508971b163dac1aa81 phase=decode requests=f613ba29e5e3458d8e63b0275b98ac68
0.0,36754918,2,18377459.0,18377459.0,18328544,18426374,69176.3,PushPop,":batch=f43a54e4a870405b9b0ff7c3d2a9b867 phase=decode requests=dfa53ed7b1db427c979733175e83eed5,1b90b5029a8e4095a0953f707b492bc0,2b642560cfbc46a3b415e89ad3a03675,1d3635c1d1b8417da02febe5bb56858c"
0.0,36754867,2,18377433.5,18377433.5,18331599,18423268,64819.8,PushPop,":batch=96469f159bfb4f0b8e24b92c398a8cc2 phase=decode requests=dfa53ed7b1db427c979733175e83eed5,1b90b5029a8e4095a0953f707b492bc0,2b642560cfbc46a3b415e89ad3a03675,1d3635c1d1b8417da02febe5bb56858c"
0.0,36754428,2,18377214.0,18377214.0,18351635,18402793,36174.2,PushPop,":batch=5a569c7f7dc64487ad83b6d1abc61ef9 phase=decode requests=dfa53ed7b1db427c979733175e83eed5,1b90b5029a8e4095a0953f707b492bc0,2b642560cfbc46a3b415e89ad3a03675,1d3635c1d1b8417da02febe5bb56858c"
0.0,36754404,2,18377202.0,18377202.0,18341271,18413133,50814.1,PushPop,":batch=8e2dad1898464363aa2fad6cd4e40e47 phase=decode requests=1811f6ebf58e4b0ea2292b35146cd35f,612ab6a155ee43be83ea6696bd5b8b7f,04a26fdd847647a5a094bbafb63bc469,5f8f2308efff494a9a6a2fa3d4ecc35c"
0.0,36754121,2,18377060.5,18377060.5,18355770,18398351,30109.3,PushPop,":batch=74971bba039a4560bb3f5caadfa09874 phase=decode requests=dfa53ed7b1db427c979733175e83eed5,1b90b5029a8e4095a0953f707b492bc0,2b642560cfbc46a3b415e89ad3a03675,1d3635c1d1b8417da02febe5bb56858c"
0.0,36753173,2,18376586.5,18376586.5,18341013,18412160,50308.5,PushPop,":batch=86fd17b77d704b2e9107190c4e5a3e04 phase=decode requests=dfa53ed7b1db427c979733175e83eed5,1b90b5029a8e4095a0953f707b492bc0,2b642560cfbc46a3b415e89ad3a03675,1d3635c1d1b8417da02febe5bb56858c"
0.0,36753087,2,18376543.5,18376543.5,18358040,18395047,26167.9,PushPop,:batch=a394fc1c272f4651a3554573b2ef36fe phase=decode requests=f613ba29e5e3458d8e63b0275b98ac68
0.0,36752942,2,18376471.0,18376471.0,18350552,18402390,36655.0,PushPop,:batch=05c927133a64488d8c719d062936b7e1 phase=decode requests=f613ba29e5e3458d8e63b0275b98ac68
0.0,36752360,2,18376180.0,18376180.0,18343772,18408588,45831.8,PushPop,":batch=bab431adebfb4e6292575fa9d2707dbc phase=decode requests=dfa53ed7b1db427c979733175e83eed5,1b90b5029a8e4095a0953f707b492bc0,2b642560cfbc46a3b415e89ad3a03675,1d3635c1d1b8417da02febe5bb56858c"
0.0,36751852,2,18375926.0,18375926.0,18335698,18416154,56891.0,PushPop,":batch=2c397fa5c49d492ebea8c53229cda7b8 phase=decode requests=dfa53ed7b1db427c979733175e83eed5,1b90b5029a8e4095a0953f707b492bc0,2b642560cfbc46a3b415e89ad3a03675,1d3635c1d1b8417da02febe5bb56858c"
0.0,36751667,2,18375833.5,18375833.5,18333212,18418455,60275.9,PushPop,":batch=5a360eb8fcfd4aa78c220d2b70cb2eaf phase=decode requests=dfa53ed7b1db427c979733175e83eed5,1b90b5029a8e4095a0953f707b492bc0,2b642560cfbc46a3b415e89ad3a03675,1d3635c1d1b8417da02febe5bb56858c"
0.0,36751622,2,18375811.0,18375811.0,18327006,18424616,69020.7,PushPop,:batch=d6b7ceeb43cc4a0a9724b5f46d917ffa phase=decode requests=e6255778e8534404ac5ca8451b4d8752
0.0,36751383,2,18375691.5,18375691.5,18334360,18417023,58451.6,PushPop,:batch=ec83f0a649e3410380258ef89bb272be phase=decode requests=268bc1a668514718addc6aee590d0f20
0.0,36751025,2,18375512.5,18375512.5,18348695,18402330,37925.7,PushPop,":batch=2a312b32f9df4b8a9ae62d87524c49ba phase=decode requests=dfa53ed7b1db427c979733175e83eed5,1b90b5029a8e4095a0953f707b492bc0,2b642560cfbc46a3b415e89ad3a03675,1d3635c1d1b8417da02febe5bb56858c"
0.0,36749951,2,18374975.5,18374975.5,18336633,18413318,54224.5,PushPop,":batch=ab0933ddb473487ca840869f04e6bdf9 phase=decode requests=dfa53ed7b1db427c979733175e83eed5,1b90b5029a8e4095a0953f707b492bc0,2b642560cfbc46a3b415e89ad3a03675,1d3635c1d1b8417da02febe5bb56858c"
0.0,36749325,2,18374662.5,18374662.5,18334416,18414909,56917.1,PushPop,":batch=c14c19aabdc340febdbacec6e68e7639 phase=decode requests=dfa53ed7b1db427c979733175e83eed5,1b90b5029a8e4095a0953f707b492bc0,2b642560cfbc46a3b415e89ad3a03675,1d3635c1d1b8417da02febe5bb56858c"
0.0,36749162,2,18374581.0,18374581.0,18336341,18412821,54079.5,PushPop,":batch=b963f99b91c2441ba90799ddb57bae80 phase=decode requests=dfa53ed7b1db427c979733175e83eed5,1b90b5029a8e4095a0953f707b492bc0,2b642560cfbc46a3b415e89ad3a03675,1d3635c1d1b8417da02febe5bb56858c"
0.0,36748884,2,18374442.0,18374442.0,18340568,18408316,47905.1,PushPop,":batch=238c7507585d4a69af7ea468f30b381f phase=decode requests=dfa53ed7b1db427c979733175e83eed5,1b90b5029a8e4095a0953f707b492bc0,2b642560cfbc46a3b415e89ad3a03675,1d3635c1d1b8417da02febe5bb56858c"
0.0,36748112,2,18374056.0,18374056.0,18348784,18399328,35740.0,PushPop,":batch=6736d94e214d49928fe8c052c7f672f8 phase=decode requests=dfa53ed7b1db427c979733175e83eed5,1b90b5029a8e4095a0953f707b492bc0,2b642560cfbc46a3b415e89ad3a03675,1d3635c1d1b8417da02febe5bb56858c"
0.0,36747792,2,18373896.0,18373896.0,18333145,18414647,57630.6,PushPop,":batch=59b736c63ff74522a27684e28b12d094 phase=decode requests=dfa53ed7b1db427c979733175e83eed5,1b90b5029a8e4095a0953f707b492bc0,2b642560cfbc46a3b415e89ad3a03675,1d3635c1d1b8417da02febe5bb56858c"
0.0,36747649,2,18373824.5,18373824.5,18332996,18414653,57740.2,PushPop,":batch=4b1362d96c7e4893995ea819f381fb80 phase=decode requests=dfa53ed7b1db427c979733175e83eed5,1b90b5029a8e4095a0953f707b492bc0,2b642560cfbc46a3b415e89ad3a03675,1d3635c1d1b8417da02febe5bb56858c"
0.0,36746534,2,18373267.0,18373267.0,18336758,18409776,51631.5,PushPop,":batch=11fa401b4fe34aabb05b00f3838d3bb1 phase=decode requests=dfa53ed7b1db427c979733175e83eed5,1b90b5029a8e4095a0953f707b492bc0,2b642560cfbc46a3b415e89ad3a03675,1d3635c1d1b8417da02febe5bb56858c"
0.0,36746172,2,18373086.0,18373086.0,18341966,18404206,44010.3,PushPop,":batch=9501e4ffd7f14f3394350bd7cfbf2d07 phase=decode requests=dfa53ed7b1db427c979733175e83eed5,1b90b5029a8e4095a0953f707b492bc0,2b642560cfbc46a3b415e89ad3a03675,1d3635c1d1b8417da02febe5bb56858c"
0.0,36745910,2,18372955.0,18372955.0,18343324,18402586,41904.6,PushPop,":batch=f7ccbe99fb484da689fdc3fa402a19b6 phase=decode requests=dfa53ed7b1db427c979733175e83eed5,1b90b5029a8e4095a0953f707b492bc0,2b642560cfbc46a3b415e89ad3a03675,1d3635c1d1b8417da02febe5bb56858c"
0.0,36745111,2,18372555.5,18372555.5,18345353,18399758,38470.1,PushPop,":batch=d0db94dcf4b14671b2daa21c5951ec6a phase=decode requests=dfa53ed7b1db427c979733175e83eed5,1b90b5029a8e4095a0953f707b492bc0,2b642560cfbc46a3b415e89ad3a03675,1d3635c1d1b8417da02febe5bb56858c"
0.0,36744963,2,18372481.5,18372481.5,18345392,18399571,38310.3,PushPop,":batch=4114fe6adc03479b9f4e80a5973638b1 phase=decode requests=dfa53ed7b1db427c979733175e83eed5,1b90b5029a8e4095a0953f707b492bc0,2b642560cfbc46a3b415e89ad3a03675,1d3635c1d1b8417da02febe5bb56858c"
0.0,36744610,2,18372305.0,18372305.0,18311345,18433265,86210.5,PushPop,":batch=14e376e5263b4975819aa86d51100b31 phase=decode requests=1811f6ebf58e4b0ea2292b35146cd35f,612ab6a155ee43be83ea6696bd5b8b7f,04a26fdd847647a5a094bbafb63bc469,5f8f2308efff494a9a6a2fa3d4ecc35c"
0.0,36744403,2,18372201.5,18372201.5,18337440,18406963,49160.2,PushPop,":batch=868803bfae6b463c8b6548efb6be8b55 phase=decode requests=dfa53ed7b1db427c979733175e83eed5,1b90b5029a8e4095a0953f707b492bc0,2b642560cfbc46a3b415e89ad3a03675,1d3635c1d1b8417da02febe5bb56858c"
0.0,36744180,2,18372090.0,18372090.0,18334100,18410080,53726.0,PushPop,":batch=bab70f8a9af74b578e56bc748249d5b6 phase=decode requests=dfa53ed7b1db427c979733175e83eed5,1b90b5029a8e4095a0953f707b492bc0,2b642560cfbc46a3b415e89ad3a03675,1d3635c1d1b8417da02febe5bb56858c"
0.0,36743648,2,18371824.0,18371824.0,18333192,18410456,54633.9,PushPop,":batch=1cd90c455a0f4dc7900f320f8ca5ce06 phase=decode requests=dfa53ed7b1db427c979733175e83eed5,1b90b5029a8e4095a0953f707b492bc0,2b642560cfbc46a3b415e89ad3a03675,1d3635c1d1b8417da02febe5bb56858c"
0.0,36743430,2,18371715.0,18371715.0,18339199,18404231,45984.6,PushPop,":batch=67229aa50aa64c4aab31d7bbaeef738d phase=decode requests=dfa53ed7b1db427c979733175e83eed5,1b90b5029a8e4095a0953f707b492bc0,2b642560cfbc46a3b415e89ad3a03675,1d3635c1d1b8417da02febe5bb56858c"
0.0,36742799,2,18371399.5,18371399.5,18331159,18411640,56908.7,PushPop,":batch=bbea67ae9b49428381cba2a3ec740e67 phase=decode requests=dfa53ed7b1db427c979733175e83eed5,1b90b5029a8e4095a0953f707b492bc0,2b642560cfbc46a3b415e89ad3a03675,1d3635c1d1b8417da02febe5bb56858c"
0.0,36742613,2,18371306.5,18371306.5,18349280,18393333,31150.2,PushPop,":batch=3c8cbed6aaef4be5bb42df8ec2559cf4 phase=decode requests=1811f6ebf58e4b0ea2292b35146cd35f,612ab6a155ee43be83ea6696bd5b8b7f,04a26fdd847647a5a094bbafb63bc469,5f8f2308efff494a9a6a2fa3d4ecc35c"
0.0,36740975,2,18370487.5,18370487.5,18331132,18409843,55657.1,PushPop,:batch=5dee67591b894d54948f5939952c926b phase=decode requests=268bc1a668514718addc6aee590d0f20
0.0,36740427,2,18370213.5,18370213.5,18348462,18391965,30761.3,PushPop,:batch=a79ef55521774680ab224d4e70f3e70f phase=decode requests=e6255778e8534404ac5ca8451b4d8752
0.0,36739841,2,18369920.5,18369920.5,18357056,18382785,18193.2,PushPop,:batch=800df58164984ac08a0d86fc31795cb4 phase=decode requests=268bc1a668514718addc6aee590d0f20
0.0,36739679,2,18369839.5,18369839.5,18342939,18396740,38043.1,PushPop,":batch=c6ae68cabdd946f88515ab4ef9c18b1f phase=decode requests=dfa53ed7b1db427c979733175e83eed5,1b90b5029a8e4095a0953f707b492bc0,2b642560cfbc46a3b415e89ad3a03675,1d3635c1d1b8417da02febe5bb56858c"
0.0,36738884,2,18369442.0,18369442.0,18334779,18404105,49020.9,PushPop,:batch=d5986af94af04eb1a3f4885c031e90d9 phase=decode requests=25de90a8b4234cdd9f459bf44de5f72b
0.0,36738762,2,18369381.0,18369381.0,18350441,18388321,26785.2,PushPop,":batch=5bceed3e81be43f8b32ba600739f38eb phase=decode requests=1811f6ebf58e4b0ea2292b35146cd35f,612ab6a155ee43be83ea6696bd5b8b7f,04a26fdd847647a5a094bbafb63bc469,5f8f2308efff494a9a6a2fa3d4ecc35c"
0.0,36738468,2,18369234.0,18369234.0,18342018,18396450,38489.2,PushPop,:batch=63529f977e6f479fbc20fc28a6cf5b6d phase=decode requests=268bc1a668514718addc6aee590d0f20
0.0,36738364,2,18369182.0,18369182.0,18334747,18403617,48698.4,PushPop,":batch=0745ce5345f046b2996da7cb42f0d0a3 phase=decode requests=dfa53ed7b1db427c979733175e83eed5,1b90b5029a8e4095a0953f707b492bc0,2b642560cfbc46a3b415e89ad3a03675,1d3635c1d1b8417da02febe5bb56858c"
0.0,36736876,2,18368438.0,18368438.0,18327395,18409481,58043.6,PushPop,":batch=c4677ceacc294fcea439ebfb99c7c221 phase=decode requests=dfa53ed7b1db427c979733175e83eed5,1b90b5029a8e4095a0953f707b492bc0,2b642560cfbc46a3b415e89ad3a03675,1d3635c1d1b8417da02febe5bb56858c"
0.0,36736783,2,18368391.5,18368391.5,18346101,18390682,31523.5,PushPop,":batch=6fca706db010482e9c854089abd54b81 phase=decode requests=dfa53ed7b1db427c979733175e83eed5,1b90b5029a8e4095a0953f707b492bc0,2b642560cfbc46a3b415e89ad3a03675,1d3635c1d1b8417da02febe5bb56858c"
0.0,36735973,2,18367986.5,18367986.5,18334654,18401319,47139.3,PushPop,":batch=c831f0dcdb7842e6b2fbde2c0344b42b phase=decode requests=dfa53ed7b1db427c979733175e83eed5,1b90b5029a8e4095a0953f707b492bc0,2b642560cfbc46a3b415e89ad3a03675,1d3635c1d1b8417da02febe5bb56858c"
0.0,36735680,2,18367840.0,18367840.0,18335597,18400083,45598.5,PushPop,":batch=f22e1be304be49f299288f270989607d phase=decode requests=dfa53ed7b1db427c979733175e83eed5,1b90b5029a8e4095a0953f707b492bc0,2b642560cfbc46a3b415e89ad3a03675,1d3635c1d1b8417da02febe5bb56858c"
0.0,36735589,2,18367794.5,18367794.5,18336457,18399132,44317.9,PushPop,":batch=9b921a8dfebb41ef85b15303bee21c06 phase=decode requests=dfa53ed7b1db427c979733175e83eed5,1b90b5029a8e4095a0953f707b492bc0,2b642560cfbc46a3b415e89ad3a03675,1d3635c1d1b8417da02febe5bb56858c"
0.0,36735500,2,18367750.0,18367750.0,18343261,18392239,34632.7,PushPop,":batch=cca07825d18f4d91b7bd06c581b1cd9e phase=decode requests=dfa53ed7b1db427c979733175e83eed5,1b90b5029a8e4095a0953f707b492bc0,2b642560cfbc46a3b415e89ad3a03675,1d3635c1d1b8417da02febe5bb56858c"
0.0,36735362,2,18367681.0,18367681.0,18332291,18403071,50049.0,PushPop,:batch=af18f011aab240dd82d355659129ae71 phase=decode requests=268bc1a668514718addc6aee590d0f20
0.0,36735192,2,18367596.0,18367596.0,18329849,18405343,53382.3,PushPop,":batch=82f52816488d4083865a2bd0586f8134 phase=decode requests=dfa53ed7b1db427c979733175e83eed5,1b90b5029a8e4095a0953f707b492bc0,2b642560cfbc46a3b415e89ad3a03675,1d3635c1d1b8417da02febe5bb56858c"
0.0,36733154,2,18366577.0,18366577.0,18331896,18401258,49046.3,PushPop,":batch=9b7a4853dc114be48ec07f01e26365f1 phase=decode requests=dfa53ed7b1db427c979733175e83eed5,1b90b5029a8e4095a0953f707b492bc0,2b642560cfbc46a3b415e89ad3a03675,1d3635c1d1b8417da02febe5bb56858c"
0.0,36732918,2,18366459.0,18366459.0,18340169,18392749,37179.7,PushPop,":batch=8d57f22d56ec4bb7900059d6a9225e73 phase=decode requests=dfa53ed7b1db427c979733175e83eed5,1b90b5029a8e4095a0953f707b492bc0,2b642560cfbc46a3b415e89ad3a03675,1d3635c1d1b8417da02febe5bb56858c"
0.0,36732866,2,18366433.0,18366433.0,18328487,18404379,53663.7,PushPop,":batch=748f199a1c1741a3832070572432390c phase=decode requests=dfa53ed7b1db427c979733175e83eed5,1b90b5029a8e4095a0953f707b492bc0,2b642560cfbc46a3b415e89ad3a03675,1d3635c1d1b8417da02febe5bb56858c"
0.0,36732521,2,18366260.5,18366260.5,18328814,18403707,52957.3,PushPop,":batch=9908672695b444869fb0091710f4a050 phase=decode requests=dfa53ed7b1db427c979733175e83eed5,1b90b5029a8e4095a0953f707b492bc0,2b642560cfbc46a3b415e89ad3a03675,1d3635c1d1b8417da02febe5bb56858c"
0.0,36732158,2,18366079.0,18366079.0,18324753,18407405,58443.8,PushPop,":batch=a4d684aa841642dc9dca97401d3f483a phase=decode requests=dfa53ed7b1db427c979733175e83eed5,1b90b5029a8e4095a0953f707b492bc0,2b642560cfbc46a3b415e89ad3a03675,1d3635c1d1b8417da02febe5bb56858c"
0.0,36731039,2,18365519.5,18365519.5,18347012,18384027,26173.6,PushPop,":batch=4f043b146e21426fbdb27c76ca0de6a2 phase=decode requests=dfa53ed7b1db427c979733175e83eed5,1b90b5029a8e4095a0953f707b492bc0,2b642560cfbc46a3b415e89ad3a03675,1d3635c1d1b8417da02febe5bb56858c"
0.0,36730763,2,18365381.5,18365381.5,18320532,18410231,63426.8,PushPop,":batch=a022372e8bee4f92a308528d21d94100 phase=decode requests=dfa53ed7b1db427c979733175e83eed5,1b90b5029a8e4095a0953f707b492bc0,2b642560cfbc46a3b415e89ad3a03675,1d3635c1d1b8417da02febe5bb56858c"
0.0,36729591,2,18364795.5,18364795.5,18338438,18391153,37275.1,PushPop,":batch=fc68cdbcfa894e9e8b98170f87c8c599 phase=decode requests=dfa53ed7b1db427c979733175e83eed5,1b90b5029a8e4095a0953f707b492bc0,2b642560cfbc46a3b415e89ad3a03675,1d3635c1d1b8417da02febe5bb56858c"
0.0,36729313,2,18364656.5,18364656.5,18335385,18393928,41396.2,PushPop,":batch=9867738d19044a0ab0edbb4fc6381501 phase=decode requests=dfa53ed7b1db427c979733175e83eed5,1b90b5029a8e4095a0953f707b492bc0,2b642560cfbc46a3b415e89ad3a03675,1d3635c1d1b8417da02febe5bb56858c"
0.0,36728888,2,18364444.0,18364444.0,18330815,18398073,47558.6,PushPop,:batch=fb5f974360814d6c9b88ca488b8dfbdf phase=decode requests=e6255778e8534404ac5ca8451b4d8752
0.0,36728387,2,18364193.5,18364193.5,18323442,18404945,57631.3,PushPop,":batch=840192a0db924d23a33de6a10ae6bb71 phase=decode requests=1811f6ebf58e4b0ea2292b35146cd35f,612ab6a155ee43be83ea6696bd5b8b7f,04a26fdd847647a5a094bbafb63bc469,5f8f2308efff494a9a6a2fa3d4ecc35c"
0.0,36728054,2,18364027.0,18364027.0,18323885,18404169,56769.4,PushPop,:batch=10d32153a1af43cb82bd511619345e19 phase=decode requests=268bc1a668514718addc6aee590d0f20
0.0,36727686,2,18363843.0,18363843.0,18328106,18399580,50539.8,PushPop,":batch=7c7db2b11ecf4af98798662d759eec77 phase=decode requests=1811f6ebf58e4b0ea2292b35146cd35f,612ab6a155ee43be83ea6696bd5b8b7f,04a26fdd847647a5a094bbafb63bc469,5f8f2308efff494a9a6a2fa3d4ecc35c"
0.0,36727424,2,18363712.0,18363712.0,18334692,18392732,41040.5,PushPop,":batch=f3044c895d474fa0a5daab3ab7715629 phase=decode requests=dfa53ed7b1db427c979733175e83eed5,1b90b5029a8e4095a0953f707b492bc0,2b642560cfbc46a3b415e89ad3a03675,1d3635c1d1b8417da02febe5bb56858c"
0.0,36726429,2,18363214.5,18363214.5,18330465,18395964,46314.8,PushPop,":batch=cbffbbee61ae4be59a48ad5d71fbb6e8 phase=decode requests=1811f6ebf58e4b0ea2292b35146cd35f,612ab6a155ee43be83ea6696bd5b8b7f,04a26fdd847647a5a094bbafb63bc469,5f8f2308efff494a9a6a2fa3d4ecc35c"
0.0,36725965,2,18362982.5,18362982.5,18327668,18398297,49942.2,PushPop,":batch=cb8ae0fae665437babe2a226f5f4693b phase=decode requests=dfa53ed7b1db427c979733175e83eed5,1b90b5029a8e4095a0953f707b492bc0,2b642560cfbc46a3b415e89ad3a03675,1d3635c1d1b8417da02febe5bb56858c"
0.0,36723981,2,18361990.5,18361990.5,18329775,18394206,45559.6,PushPop,":batch=d759b7c99f8546a4b707dfbc2c05c196 phase=decode requests=dfa53ed7b1db427c979733175e83eed5,1b90b5029a8e4095a0953f707b492bc0,2b642560cfbc46a3b415e89ad3a03675,1d3635c1d1b8417da02febe5bb56858c"
0.0,36723237,2,18361618.5,18361618.5,18330564,18392673,43917.7,PushPop,":batch=0ff27e3f56ae43cb985f14075209f4e3 phase=decode requests=dfa53ed7b1db427c979733175e83eed5,1b90b5029a8e4095a0953f707b492bc0,2b642560cfbc46a3b415e89ad3a03675,1d3635c1d1b8417da02febe5bb56858c"
0.0,36723069,2,18361534.5,18361534.5,18321095,18401974,57190.1,PushPop,":batch=703a0484aa094145b4f8ce0588b32144 phase=decode requests=dfa53ed7b1db427c979733175e83eed5,1b90b5029a8e4095a0953f707b492bc0,2b642560cfbc46a3b415e89ad3a03675,1d3635c1d1b8417da02febe5bb56858c"
0.0,36722691,2,18361345.5,18361345.5,18326271,18396420,49602.8,PushPop,":batch=e6053165c06c45e68768600fbe901195 phase=decode requests=dfa53ed7b1db427c979733175e83eed5,1b90b5029a8e4095a0953f707b492bc0,2b642560cfbc46a3b415e89ad3a03675,1d3635c1d1b8417da02febe5bb56858c"
0.0,36720725,2,18360362.5,18360362.5,18328470,18392255,45102.8,PushPop,:batch=ae48a5656a5d48cea6144863089c032e phase=decode requests=e6255778e8534404ac5ca8451b4d8752
0.0,36720307,2,18360153.5,18360153.5,18326223,18394084,47985.0,PushPop,":batch=f0d3fe28e051430d9c7897e75bfd1881 phase=decode requests=1811f6ebf58e4b0ea2292b35146cd35f,612ab6a155ee43be83ea6696bd5b8b7f,04a26fdd847647a5a094bbafb63bc469,5f8f2308efff494a9a6a2fa3d4ecc35c"
0.0,36719784,2,18359892.0,18359892.0,18319714,18400070,56820.3,PushPop,:batch=93cda551dd564fdc9b4d52cd662d83b8 phase=decode requests=268bc1a668514718addc6aee590d0f20
0.0,36718829,2,18359414.5,18359414.5,18319952,18398877,55808.4,PushPop,":batch=534c277c04864264a7b3a84e3bed6a7a phase=decode requests=dfa53ed7b1db427c979733175e83eed5,1b90b5029a8e4095a0953f707b492bc0,2b642560cfbc46a3b415e89ad3a03675,1d3635c1d1b8417da02febe5bb56858c"
0.0,36718563,2,18359281.5,18359281.5,18335467,18383096,33678.8,PushPop,":batch=c1d41872622b48a895547490f0544c2c phase=decode requests=dfa53ed7b1db427c979733175e83eed5,1b90b5029a8e4095a0953f707b492bc0,2b642560cfbc46a3b415e89ad3a03675,1d3635c1d1b8417da02febe5bb56858c"
0.0,36717038,2,18358519.0,18358519.0,18307105,18409933,72710.4,PushPop,":batch=d55861bdb9824633b57f8c60dba65a68 phase=decode requests=1811f6ebf58e4b0ea2292b35146cd35f,612ab6a155ee43be83ea6696bd5b8b7f,04a26fdd847647a5a094bbafb63bc469,5f8f2308efff494a9a6a2fa3d4ecc35c"
0.0,36716784,2,18358392.0,18358392.0,18332871,18383913,36092.1,PushPop,":batch=4d123f6bd11a4caea504ac2001b2b9ec phase=decode requests=dfa53ed7b1db427c979733175e83eed5,1b90b5029a8e4095a0953f707b492bc0,2b642560cfbc46a3b415e89ad3a03675,1d3635c1d1b8417da02febe5bb56858c"
0.0,36715439,2,18357719.5,18357719.5,18326605,18388834,44002.5,PushPop,":batch=034610db9a954b52bbf746533539fc40 phase=decode requests=dfa53ed7b1db427c979733175e83eed5,1b90b5029a8e4095a0953f707b492bc0,2b642560cfbc46a3b415e89ad3a03675,1d3635c1d1b8417da02febe5bb56858c"
0.0,36714859,2,18357429.5,18357429.5,18322945,18391914,48768.4,PushPop,":batch=366e6ef13f144d89a2f36cb412814a33 phase=decode requests=dfa53ed7b1db427c979733175e83eed5,1b90b5029a8e4095a0953f707b492bc0,2b642560cfbc46a3b415e89ad3a03675,1d3635c1d1b8417da02febe5bb56858c"
0.0,36714661,2,18357330.5,18357330.5,18315817,18398844,58709.0,PushPop,":batch=18c162f9788c4233b8b5cb79e5429e14 phase=decode requests=dfa53ed7b1db427c979733175e83eed5,1b90b5029a8e4095a0953f707b492bc0,2b642560cfbc46a3b415e89ad3a03675,1d3635c1d1b8417da02febe5bb56858c"
0.0,36714284,2,18357142.0,18357142.0,18319082,18395202,53825.0,PushPop,":batch=a5447b7a84c546498fadc6fb1d50aaee phase=decode requests=dfa53ed7b1db427c979733175e83eed5,1b90b5029a8e4095a0953f707b492bc0,2b642560cfbc46a3b415e89ad3a03675,1d3635c1d1b8417da02febe5bb56858c"
0.0,36714143,2,18357071.5,18357071.5,18330758,18383385,37212.9,PushPop,:batch=63cf83a65e4f4d01abdd4a86b3e9f426 phase=decode requests=e6255778e8534404ac5ca8451b4d8752
0.0,36713940,2,18356970.0,18356970.0,18324069,18389871,46529.0,PushPop,:batch=e0ffbda1c00a4e33a74c5da8631e16b4 phase=decode requests=f613ba29e5e3458d8e63b0275b98ac68
0.0,36713114,2,18356557.0,18356557.0,18317984,18395130,54550.5,PushPop,":batch=0b87af00c7004efd998bd3434a178a37 phase=decode requests=dfa53ed7b1db427c979733175e83eed5,1b90b5029a8e4095a0953f707b492bc0,2b642560cfbc46a3b415e89ad3a03675,1d3635c1d1b8417da02febe5bb56858c"
0.0,36712546,2,18356273.0,18356273.0,18336785,18375761,27560.2,PushPop,":batch=4439af05652d43539128e012886cd99b phase=decode requests=dfa53ed7b1db427c979733175e83eed5,1b90b5029a8e4095a0953f707b492bc0,2b642560cfbc46a3b415e89ad3a03675,1d3635c1d1b8417da02febe5bb56858c"
0.0,36711446,2,18355723.0,18355723.0,18304971,18406475,71774.2,PushPop,":batch=58815fc08a594542beb459a5ee012691 phase=decode requests=1811f6ebf58e4b0ea2292b35146cd35f,612ab6a155ee43be83ea6696bd5b8b7f,04a26fdd847647a5a094bbafb63bc469,5f8f2308efff494a9a6a2fa3d4ecc35c"
0.0,36710627,2,18355313.5,18355313.5,18330571,18380056,34991.2,PushPop,:batch=d3a4a811ea844ceb96572b669bedfe6b phase=decode requests=268bc1a668514718addc6aee590d0f20
0.0,36710212,2,18355106.0,18355106.0,18326636,18383576,40262.7,PushPop,":batch=8e3435560c0b4ddfbdf86d8290d9d0e8 phase=decode requests=dfa53ed7b1db427c979733175e83eed5,1b90b5029a8e4095a0953f707b492bc0,2b642560cfbc46a3b415e89ad3a03675,1d3635c1d1b8417da02febe5bb56858c"
0.0,36709846,2,18354923.0,18354923.0,18311951,18397895,60771.6,PushPop,":batch=f8a9052d057b45e1b2153d57a129e9b6 phase=decode requests=dfa53ed7b1db427c979733175e83eed5,1b90b5029a8e4095a0953f707b492bc0,2b642560cfbc46a3b415e89ad3a03675,1d3635c1d1b8417da02febe5bb56858c"
0.0,36708915,2,18354457.5,18354457.5,18323374,18385541,43958.7,PushPop,":batch=050429a3e90b4930aa64940aa5121dcc phase=decode requests=dfa53ed7b1db427c979733175e83eed5,1b90b5029a8e4095a0953f707b492bc0,2b642560cfbc46a3b415e89ad3a03675,1d3635c1d1b8417da02febe5bb56858c"
0.0,36707250,2,18353625.0,18353625.0,18323732,18383518,42275.1,PushPop,":batch=7679d1c24d56454ebdfbbe259fb46707 phase=decode requests=dfa53ed7b1db427c979733175e83eed5,1b90b5029a8e4095a0953f707b492bc0,2b642560cfbc46a3b415e89ad3a03675,1d3635c1d1b8417da02febe5bb56858c"
0.0,36706821,2,18353410.5,18353410.5,18311448,18395373,59343.9,PushPop,":batch=9fd05ea517d341ccb50b37fcdb0c2569 phase=decode requests=dfa53ed7b1db427c979733175e83eed5,1b90b5029a8e4095a0953f707b492bc0,2b642560cfbc46a3b415e89ad3a03675,1d3635c1d1b8417da02febe5bb56858c"
0.0,36702415,2,18351207.5,18351207.5,18316182,18386233,49533.5,PushPop,":batch=d1a40afe4ef54ccea4183663767dbf3f phase=decode requests=dfa53ed7b1db427c979733175e83eed5,1b90b5029a8e4095a0953f707b492bc0,2b642560cfbc46a3b415e89ad3a03675,1d3635c1d1b8417da02febe5bb56858c"
0.0,36700723,2,18350361.5,18350361.5,18315176,18385547,49759.8,PushPop,:batch=cb73dc6e2b144465a3f7f17441c04e58 phase=decode requests=f613ba29e5e3458d8e63b0275b98ac68
0.0,36699612,2,18349806.0,18349806.0,18317738,18381874,45351.0,PushPop,":batch=e9fee2c29aa4415fad2bbf1c0832a57f phase=decode requests=dfa53ed7b1db427c979733175e83eed5,1b90b5029a8e4095a0953f707b492bc0,2b642560cfbc46a3b415e89ad3a03675,1d3635c1d1b8417da02febe5bb56858c"
0.0,36698769,2,18349384.5,18349384.5,18317626,18381143,44913.3,PushPop,":batch=462d351dc65442999c4803b7f10643e3 phase=decode requests=dfa53ed7b1db427c979733175e83eed5,1b90b5029a8e4095a0953f707b492bc0,2b642560cfbc46a3b415e89ad3a03675,1d3635c1d1b8417da02febe5bb56858c"
0.0,36698702,2,18349351.0,18349351.0,18323957,18374745,35912.5,PushPop,":batch=8666a3e6fcb0406fba76830b6b3a4d02 phase=decode requests=dfa53ed7b1db427c979733175e83eed5,1b90b5029a8e4095a0953f707b492bc0,2b642560cfbc46a3b415e89ad3a03675,1d3635c1d1b8417da02febe5bb56858c"
0.0,36697811,2,18348905.5,18348905.5,18303737,18394074,63877.9,PushPop,":batch=6b2deaea50dd4ac1af58db0f63a1345a phase=decode requests=dfa53ed7b1db427c979733175e83eed5,1b90b5029a8e4095a0953f707b492bc0,2b642560cfbc46a3b415e89ad3a03675,1d3635c1d1b8417da02febe5bb56858c"
0.0,36695670,2,18347835.0,18347835.0,18305080,18390590,60464.7,PushPop,":batch=bec478b923814df7980396558f796858 phase=decode requests=dfa53ed7b1db427c979733175e83eed5,1b90b5029a8e4095a0953f707b492bc0,2b642560cfbc46a3b415e89ad3a03675,1d3635c1d1b8417da02febe5bb56858c"
0.0,36695458,2,18347729.0,18347729.0,18319139,18376319,40432.4,PushPop,":batch=97c2f417054a4520acf833834a9c616a phase=decode requests=dfa53ed7b1db427c979733175e83eed5,1b90b5029a8e4095a0953f707b492bc0,2b642560cfbc46a3b415e89ad3a03675,1d3635c1d1b8417da02febe5bb56858c"
0.0,36693641,2,18346820.5,18346820.5,18313905,18379736,46549.5,PushPop,":batch=ac4b497feff649d5a2cfe0fb04ce4118 phase=decode requests=dfa53ed7b1db427c979733175e83eed5,1b90b5029a8e4095a0953f707b492bc0,2b642560cfbc46a3b415e89ad3a03675,1d3635c1d1b8417da02febe5bb56858c"
0.0,36693625,2,18346812.5,18346812.5,18333758,18359867,18461.9,PushPop,:batch=2fa4fcd841764ecb84e20a43d6c7b4bb phase=decode requests=25de90a8b4234cdd9f459bf44de5f72b
0.0,36692610,2,18346305.0,18346305.0,18334084,18358526,17283.1,PushPop,:batch=438848ff632242bea17b7094f94b2a4d phase=decode requests=268bc1a668514718addc6aee590d0f20
0.0,36692371,2,18346185.5,18346185.5,18313365,18379006,46415.2,PushPop,":batch=6c5a478ff78c4354876a9b4c1d888c51 phase=decode requests=dfa53ed7b1db427c979733175e83eed5,1b90b5029a8e4095a0953f707b492bc0,2b642560cfbc46a3b415e89ad3a03675,1d3635c1d1b8417da02febe5bb56858c"
0.0,36690930,2,18345465.0,18345465.0,18310502,18380428,49445.1,PushPop,":batch=3876e719fcad40258887afdc179e0618 phase=decode requests=dfa53ed7b1db427c979733175e83eed5,1b90b5029a8e4095a0953f707b492bc0,2b642560cfbc46a3b415e89ad3a03675,1d3635c1d1b8417da02febe5bb56858c"
0.0,36690591,2,18345295.5,18345295.5,18320240,18370351,35433.8,PushPop,:batch=260125cfd0cd4c4fa768bc0ba6679765 phase=decode requests=25de90a8b4234cdd9f459bf44de5f72b
0.0,36689918,2,18344959.0,18344959.0,18309406,18380512,50279.5,PushPop,":batch=26f474796afc4ee1a240b61b6dc12f90 phase=decode requests=dfa53ed7b1db427c979733175e83eed5,1b90b5029a8e4095a0953f707b492bc0,2b642560cfbc46a3b415e89ad3a03675,1d3635c1d1b8417da02febe5bb56858c"
0.0,36689397,2,18344698.5,18344698.5,18304904,18384493,56277.9,PushPop,":batch=a413a243bf9649ec8d4ec6d788077797 phase=decode requests=dfa53ed7b1db427c979733175e83eed5,1b90b5029a8e4095a0953f707b492bc0,2b642560cfbc46a3b415e89ad3a03675,1d3635c1d1b8417da02febe5bb56858c"
0.0,36687993,2,18343996.5,18343996.5,18319422,18368571,34753.6,PushPop,:batch=6ccdf1f5bbb648359a525a9e789ba80a phase=decode requests=268bc1a668514718addc6aee590d0f20
0.0,36687890,2,18343945.0,18343945.0,18304278,18383612,56097.6,PushPop,":batch=b5f0e5f00e1247f8aedcac62b5a1f45b phase=decode requests=dfa53ed7b1db427c979733175e83eed5,1b90b5029a8e4095a0953f707b492bc0,2b642560cfbc46a3b415e89ad3a03675,1d3635c1d1b8417da02febe5bb56858c"
0.0,36687404,2,18343702.0,18343702.0,18301061,18386343,60303.5,PushPop,":batch=bcea8013ae3f4a3f89e886cfcafb0d8b phase=decode requests=dfa53ed7b1db427c979733175e83eed5,1b90b5029a8e4095a0953f707b492bc0,2b642560cfbc46a3b415e89ad3a03675,1d3635c1d1b8417da02febe5bb56858c"
0.0,36687211,2,18343605.5,18343605.5,18302836,18384375,57656.8,PushPop,:batch=4fb15d39b7a54cdea8e470293a7973bc phase=decode requests=e6255778e8534404ac5ca8451b4d8752
0.0,36686673,2,18343336.5,18343336.5,18305765,18380908,53134.1,PushPop,":batch=16f063e6d3944a64a570ccbf5053bba0 phase=decode requests=dfa53ed7b1db427c979733175e83eed5,1b90b5029a8e4095a0953f707b492bc0,2b642560cfbc46a3b415e89ad3a03675,1d3635c1d1b8417da02febe5bb56858c"
0.0,36685121,2,18342560.5,18342560.5,18322968,18362153,27708.0,PushPop,":batch=d63b4b2ac1b8461eaf17f67c93abe482 phase=decode requests=dfa53ed7b1db427c979733175e83eed5,1b90b5029a8e4095a0953f707b492bc0,2b642560cfbc46a3b415e89ad3a03675,1d3635c1d1b8417da02febe5bb56858c"
0.0,36683878,2,18341939.0,18341939.0,18300169,18383709,59071.7,PushPop,":batch=548ef53fea494f82b575fd336b840c1d phase=decode requests=dfa53ed7b1db427c979733175e83eed5,1b90b5029a8e4095a0953f707b492bc0,2b642560cfbc46a3b415e89ad3a03675,1d3635c1d1b8417da02febe5bb56858c"
0.0,36682180,2,18341090.0,18341090.0,18307320,18374860,47758.0,PushPop,:batch=050a34bf9a234ac9b496c7564733f5ce phase=decode requests=268bc1a668514718addc6aee590d0f20
0.0,36681803,2,18340901.5,18340901.5,18308091,18373712,46401.1,PushPop,":batch=1574943620704669b2ec4032dd151605 phase=decode requests=dfa53ed7b1db427c979733175e83eed5,1b90b5029a8e4095a0953f707b492bc0,2b642560cfbc46a3b415e89ad3a03675,1d3635c1d1b8417da02febe5bb56858c"
0.0,36679523,2,18339761.5,18339761.5,18299020,18380503,57617.2,PushPop,":batch=a5ef35a277b040919505ff8d492c012d phase=decode requests=dfa53ed7b1db427c979733175e83eed5,1b90b5029a8e4095a0953f707b492bc0,2b642560cfbc46a3b415e89ad3a03675,1d3635c1d1b8417da02febe5bb56858c"
0.0,36679248,2,18339624.0,18339624.0,18303710,18375538,50790.1,PushPop,":batch=7de7028b8a9345b580da93d80973d16f phase=decode requests=dfa53ed7b1db427c979733175e83eed5,1b90b5029a8e4095a0953f707b492bc0,2b642560cfbc46a3b415e89ad3a03675,1d3635c1d1b8417da02febe5bb56858c"
0.0,36677076,2,18338538.0,18338538.0,18305543,18371533,46662.0,PushPop,:batch=4afee0aeeb3e4a2e8fdc0bd25b8cc9f9 phase=decode requests=268bc1a668514718addc6aee590d0f20
0.0,36676041,2,18338020.5,18338020.5,18295401,18380640,60273.1,PushPop,":batch=4464d2d638a649b5844453ec1e0d761e phase=decode requests=1811f6ebf58e4b0ea2292b35146cd35f,612ab6a155ee43be83ea6696bd5b8b7f,04a26fdd847647a5a094bbafb63bc469,5f8f2308efff494a9a6a2fa3d4ecc35c"
0.0,36674931,2,18337465.5,18337465.5,18302096,18372835,50020.0,PushPop,":batch=60be57f74e324c848c8229e96ff6a73d phase=decode requests=dfa53ed7b1db427c979733175e83eed5,1b90b5029a8e4095a0953f707b492bc0,2b642560cfbc46a3b415e89ad3a03675,1d3635c1d1b8417da02febe5bb56858c"
0.0,36674893,2,18337446.5,18337446.5,18301816,18373077,50389.1,PushPop,":batch=e9e8b1e87e70479f81bf3da4235daeaa phase=decode requests=dfa53ed7b1db427c979733175e83eed5,1b90b5029a8e4095a0953f707b492bc0,2b642560cfbc46a3b415e89ad3a03675,1d3635c1d1b8417da02febe5bb56858c"
0.0,36674821,2,18337410.5,18337410.5,18317810,18357011,27719.3,PushPop,":batch=83ed043b93a14ddd94ca22789843ffbd phase=decode requests=dfa53ed7b1db427c979733175e83eed5,1b90b5029a8e4095a0953f707b492bc0,2b642560cfbc46a3b415e89ad3a03675,1d3635c1d1b8417da02febe5bb56858c"
0.0,36674655,2,18337327.5,18337327.5,18289612,18385043,67479.9,PushPop,":batch=9f48576849e44a9b9cfccdef4ec2b228 phase=decode requests=dfa53ed7b1db427c979733175e83eed5,1b90b5029a8e4095a0953f707b492bc0,2b642560cfbc46a3b415e89ad3a03675,1d3635c1d1b8417da02febe5bb56858c"
0.0,36674062,2,18337031.0,18337031.0,18299619,18374443,52908.6,PushPop,:batch=3d702f8488064a428fb007fb3dd32a06 phase=decode requests=25de90a8b4234cdd9f459bf44de5f72b
0.0,36673952,2,18336976.0,18336976.0,18309174,18364778,39318.0,PushPop,":batch=5243e320894a47079a4eed98e9c911c6 phase=decode requests=dfa53ed7b1db427c979733175e83eed5,1b90b5029a8e4095a0953f707b492bc0,2b642560cfbc46a3b415e89ad3a03675,1d3635c1d1b8417da02febe5bb56858c"
0.0,36673841,2,18336920.5,18336920.5,18325091,18348750,16729.4,PushPop,:batch=d39b15777f6f4f8ab4071745a79dbf28 phase=decode requests=25de90a8b4234cdd9f459bf44de5f72b
0.0,36673324,2,18336662.0,18336662.0,18307603,18365721,41095.6,PushPop,":batch=12df3a6aa57b4d47847b9ed8cddde0b4 phase=decode requests=dfa53ed7b1db427c979733175e83eed5,1b90b5029a8e4095a0953f707b492bc0,2b642560cfbc46a3b415e89ad3a03675,1d3635c1d1b8417da02febe5bb56858c"
0.0,36672470,2,18336235.0,18336235.0,18301858,18370612,48616.4,PushPop,":batch=f4eb363caa1c4973b4cfa543a9218503 phase=decode requests=dfa53ed7b1db427c979733175e83eed5,1b90b5029a8e4095a0953f707b492bc0,2b642560cfbc46a3b415e89ad3a03675,1d3635c1d1b8417da02febe5bb56858c"
0.0,36671970,2,18335985.0,18335985.0,18301744,18370226,48424.1,PushPop,":batch=f440be16b3a64198adb866cd9679ff88 phase=decode requests=dfa53ed7b1db427c979733175e83eed5,1b90b5029a8e4095a0953f707b492bc0,2b642560cfbc46a3b415e89ad3a03675,1d3635c1d1b8417da02febe5bb56858c"
0.0,36670887,2,18335443.5,18335443.5,18301094,18369793,48577.5,PushPop,:batch=c12c8afd18fd414eb8489641c0642e1a phase=decode requests=268bc1a668514718addc6aee590d0f20
0.0,36670556,2,18335278.0,18335278.0,18308974,18361582,37199.5,PushPop,":batch=e44b4489295349f0b4039f99b674c31b phase=decode requests=dfa53ed7b1db427c979733175e83eed5,1b90b5029a8e4095a0953f707b492bc0,2b642560cfbc46a3b415e89ad3a03675,1d3635c1d1b8417da02febe5bb56858c"
0.0,36670386,2,18335193.0,18335193.0,18315429,18354957,27950.5,PushPop,:batch=7b41f5b0921f465c9c0680f37e3483cf phase=decode requests=25de90a8b4234cdd9f459bf44de5f72b
0.0,36669554,2,18334777.0,18334777.0,18303225,18366329,44621.3,PushPop,":batch=81060965ac9645f2bbd0a3af04fd3d3b phase=decode requests=dfa53ed7b1db427c979733175e83eed5,1b90b5029a8e4095a0953f707b492bc0,2b642560cfbc46a3b415e89ad3a03675,1d3635c1d1b8417da02febe5bb56858c"
0.0,36667635,2,18333817.5,18333817.5,18308825,18358810,35344.7,PushPop,:batch=a3a3f23f4dd148ddb5c002472bed708a phase=decode requests=25de90a8b4234cdd9f459bf44de5f72b
0.0,36667619,2,18333809.5,18333809.5,18291626,18375993,59656.5,PushPop,":batch=c3fd69cf74bf44f2ad31d90e91b211be phase=decode requests=dfa53ed7b1db427c979733175e83eed5,1b90b5029a8e4095a0953f707b492bc0,2b642560cfbc46a3b415e89ad3a03675,1d3635c1d1b8417da02febe5bb56858c"
0.0,36667417,2,18333708.5,18333708.5,18306417,18361000,38596.0,PushPop,":batch=de0c5d0ffb46466baaf258ea5565fbe2 phase=decode requests=dfa53ed7b1db427c979733175e83eed5,1b90b5029a8e4095a0953f707b492bc0,2b642560cfbc46a3b415e89ad3a03675,1d3635c1d1b8417da02febe5bb56858c"
0.0,36666563,2,18333281.5,18333281.5,18299228,18367335,48158.9,PushPop,":batch=5ba0280169da44019628d4ae86d07fdf phase=decode requests=dfa53ed7b1db427c979733175e83eed5,1b90b5029a8e4095a0953f707b492bc0,2b642560cfbc46a3b415e89ad3a03675,1d3635c1d1b8417da02febe5bb56858c"
0.0,36665111,2,18332555.5,18332555.5,18299589,18365522,46621.7,PushPop,":batch=c07ce784f6d04fd29ea793baf3816162 phase=decode requests=dfa53ed7b1db427c979733175e83eed5,1b90b5029a8e4095a0953f707b492bc0,2b642560cfbc46a3b415e89ad3a03675,1d3635c1d1b8417da02febe5bb56858c"
0.0,36664475,2,18332237.5,18332237.5,18292806,18371669,55764.6,PushPop,":batch=e952281381774623b9b653511ebd36a3 phase=decode requests=1811f6ebf58e4b0ea2292b35146cd35f,612ab6a155ee43be83ea6696bd5b8b7f,04a26fdd847647a5a094bbafb63bc469,5f8f2308efff494a9a6a2fa3d4ecc35c"
0.0,36663021,2,18331510.5,18331510.5,18299073,18363948,45873.6,PushPop,:batch=67fb4859fca144b8b108b02b8974ac09 phase=decode requests=e6255778e8534404ac5ca8451b4d8752
0.0,36662580,2,18331290.0,18331290.0,18303342,18359238,39524.4,PushPop,:batch=86906dddcf684acca509cd8243e5a4d7 phase=decode requests=f613ba29e5e3458d8e63b0275b98ac68
0.0,36660183,2,18330091.5,18330091.5,18287039,18373144,60885.4,PushPop,":batch=be1af8903a434bab9a9e0978d65511f9 phase=decode requests=dfa53ed7b1db427c979733175e83eed5,1b90b5029a8e4095a0953f707b492bc0,2b642560cfbc46a3b415e89ad3a03675,1d3635c1d1b8417da02febe5bb56858c"
0.0,36658448,2,18329224.0,18329224.0,18289072,18369376,56783.5,PushPop,":batch=948be2a3885749e6a1c8bc8226c21ce9 phase=decode requests=dfa53ed7b1db427c979733175e83eed5,1b90b5029a8e4095a0953f707b492bc0,2b642560cfbc46a3b415e89ad3a03675,1d3635c1d1b8417da02febe5bb56858c"
0.0,36657832,2,18328916.0,18328916.0,18292089,18365743,52081.2,PushPop,":batch=dcf4097f25ba466da70d8348d95b361d phase=decode requests=dfa53ed7b1db427c979733175e83eed5,1b90b5029a8e4095a0953f707b492bc0,2b642560cfbc46a3b415e89ad3a03675,1d3635c1d1b8417da02febe5bb56858c"
0.0,36657030,2,18328515.0,18328515.0,18292744,18364286,50587.8,PushPop,":batch=08f128fd0932471c94c3b5a53cb990e5 phase=decode requests=dfa53ed7b1db427c979733175e83eed5,1b90b5029a8e4095a0953f707b492bc0,2b642560cfbc46a3b415e89ad3a03675,1d3635c1d1b8417da02febe5bb56858c"
0.0,36655820,2,18327910.0,18327910.0,18294744,18361076,46903.8,PushPop,:batch=22976170d48e4ce69ca47e4a21dd9fd8 phase=decode requests=268bc1a668514718addc6aee590d0f20
0.0,36655032,2,18327516.0,18327516.0,18291834,18363198,50462.0,PushPop,:batch=b5aba3d2bc224d939a5833bf415d6419 phase=decode requests=268bc1a668514718addc6aee590d0f20
0.0,36648578,2,18324289.0,18324289.0,18274903,18373675,69842.4,PushPop,":batch=8630c2a70e414b2e888c3830ad017d07 phase=decode requests=dfa53ed7b1db427c979733175e83eed5,1b90b5029a8e4095a0953f707b492bc0,2b642560cfbc46a3b415e89ad3a03675,1d3635c1d1b8417da02febe5bb56858c"
0.0,36646893,2,18323446.5,18323446.5,18296082,18350811,38699.2,PushPop,:batch=e77c8d8b1feb4d22959e5053377d0d44 phase=decode requests=25de90a8b4234cdd9f459bf44de5f72b
0.0,36646678,2,18323339.0,18323339.0,18290593,18356085,46309.8,PushPop,":batch=1785d2e5548348e7a7985719f7aba810 phase=decode requests=dfa53ed7b1db427c979733175e83eed5,1b90b5029a8e4095a0953f707b492bc0,2b642560cfbc46a3b415e89ad3a03675,1d3635c1d1b8417da02febe5bb56858c"
0.0,36646629,2,18323314.5,18323314.5,18299133,18347496,34197.8,PushPop,":batch=e9d402b25eb7421ab5bd432586d1f5f5 phase=decode requests=dfa53ed7b1db427c979733175e83eed5,1b90b5029a8e4095a0953f707b492bc0,2b642560cfbc46a3b415e89ad3a03675,1d3635c1d1b8417da02febe5bb56858c"
0.0,36644606,2,18322303.0,18322303.0,18281087,18363519,58288.2,PushPop,":batch=7fd73bff5b994824a89baac519e7a70a phase=decode requests=1811f6ebf58e4b0ea2292b35146cd35f,612ab6a155ee43be83ea6696bd5b8b7f,04a26fdd847647a5a094bbafb63bc469,5f8f2308efff494a9a6a2fa3d4ecc35c"
0.0,36643929,2,18321964.5,18321964.5,18278377,18365552,61642.0,PushPop,:batch=6fc912744295450da0301835bfd26688 phase=decode requests=268bc1a668514718addc6aee590d0f20
0.0,36643729,2,18321864.5,18321864.5,18290680,18353049,44101.5,PushPop,":batch=765aa6d7bcef4947833d4efe9b9e3a9b phase=decode requests=dfa53ed7b1db427c979733175e83eed5,1b90b5029a8e4095a0953f707b492bc0,2b642560cfbc46a3b415e89ad3a03675,1d3635c1d1b8417da02febe5bb56858c"
0.0,36643168,2,18321584.0,18321584.0,18297682,18345486,33802.5,PushPop,":batch=01d73c1d2a1a41659d2418a7528a4db4 phase=decode requests=dfa53ed7b1db427c979733175e83eed5,1b90b5029a8e4095a0953f707b492bc0,2b642560cfbc46a3b415e89ad3a03675,1d3635c1d1b8417da02febe5bb56858c"
0.0,36641255,2,18320627.5,18320627.5,18289712,18351543,43721.1,PushPop,":batch=b5fe0f150be64910af6c31232950f4fc phase=decode requests=dfa53ed7b1db427c979733175e83eed5,1b90b5029a8e4095a0953f707b492bc0,2b642560cfbc46a3b415e89ad3a03675,1d3635c1d1b8417da02febe5bb56858c"
0.0,36640533,2,18320266.5,18320266.5,18283641,18356892,51796.3,PushPop,":batch=9f0bde0ef458478eacd9458d2b784918 phase=decode requests=dfa53ed7b1db427c979733175e83eed5,1b90b5029a8e4095a0953f707b492bc0,2b642560cfbc46a3b415e89ad3a03675,1d3635c1d1b8417da02febe5bb56858c"
0.0,36635406,2,18317703.0,18317703.0,18287231,18348175,43093.9,PushPop,":batch=5938e8e01f1349ccba299462053f0bce phase=decode requests=dfa53ed7b1db427c979733175e83eed5,1b90b5029a8e4095a0953f707b492bc0,2b642560cfbc46a3b415e89ad3a03675,1d3635c1d1b8417da02febe5bb56858c"
0.0,36634236,2,18317118.0,18317118.0,18291456,18342780,36291.5,PushPop,":batch=9ee146e33e1347bdb8f360a35f99e4bf phase=decode requests=dfa53ed7b1db427c979733175e83eed5,1b90b5029a8e4095a0953f707b492bc0,2b642560cfbc46a3b415e89ad3a03675,1d3635c1d1b8417da02febe5bb56858c"
0.0,36634015,2,18317007.5,18317007.5,18278516,18355499,54435.2,PushPop,:batch=4282424951e1438f97c48da41a9bf256 phase=decode requests=25de90a8b4234cdd9f459bf44de5f72b
0.0,36631652,2,18315826.0,18315826.0,18265137,18366515,71685.1,PushPop,:batch=29406193b9144903b25b319b0ff051d9 phase=decode requests=25de90a8b4234cdd9f459bf44de5f72b
0.0,36630639,2,18315319.5,18315319.5,18283649,18346990,44788.9,PushPop,:batch=3db685f8e2c3495e86cb1e75f67200ad phase=decode requests=25de90a8b4234cdd9f459bf44de5f72b
0.0,36628353,2,18314176.5,18314176.5,18277759,18350594,51502.1,PushPop,":batch=7b37332a1cf4433696ce875af754db58 phase=decode requests=1811f6ebf58e4b0ea2292b35146cd35f,612ab6a155ee43be83ea6696bd5b8b7f,04a26fdd847647a5a094bbafb63bc469,5f8f2308efff494a9a6a2fa3d4ecc35c"
0.0,36627795,2,18313897.5,18313897.5,18278119,18349676,50598.4,PushPop,":batch=5a6272c4f67b4b399e49a3e51f49c88e phase=decode requests=dfa53ed7b1db427c979733175e83eed5,1b90b5029a8e4095a0953f707b492bc0,2b642560cfbc46a3b415e89ad3a03675,1d3635c1d1b8417da02febe5bb56858c"
0.0,36626512,2,18313256.0,18313256.0,18277384,18349128,50730.7,PushPop,":batch=4a39905dce8640d5945b2a842e4dfdac phase=decode requests=dfa53ed7b1db427c979733175e83eed5,1b90b5029a8e4095a0953f707b492bc0,2b642560cfbc46a3b415e89ad3a03675,1d3635c1d1b8417da02febe5bb56858c"
0.0,36624649,2,18312324.5,18312324.5,18281321,18343328,43845.6,PushPop,":batch=b5fbd42cc5c944dcbf245e96c72d0a96 phase=decode requests=dfa53ed7b1db427c979733175e83eed5,1b90b5029a8e4095a0953f707b492bc0,2b642560cfbc46a3b415e89ad3a03675,1d3635c1d1b8417da02febe5bb56858c"
0.0,36624147,2,18312073.5,18312073.5,18278530,18345617,47437.7,PushPop,:batch=5c9d035976af4c17a6fda4a5fa0e3af0 phase=decode requests=25de90a8b4234cdd9f459bf44de5f72b
0.0,36624049,2,18312024.5,18312024.5,18276842,18347207,49755.6,PushPop,:batch=695dcf4af7674e469d22579a24767fa4 phase=decode requests=25de90a8b4234cdd9f459bf44de5f72b
0.0,36623666,2,18311833.0,18311833.0,18276846,18346820,49479.1,PushPop,":batch=7d28ab3cb76444acb5c22a7a4756511f phase=decode requests=dfa53ed7b1db427c979733175e83eed5,1b90b5029a8e4095a0953f707b492bc0,2b642560cfbc46a3b415e89ad3a03675,1d3635c1d1b8417da02febe5bb56858c"
0.0,36623532,2,18311766.0,18311766.0,18286272,18337260,36054.0,PushPop,":batch=5f57096dd86944a6be194785ce760940 phase=decode requests=dfa53ed7b1db427c979733175e83eed5,1b90b5029a8e4095a0953f707b492bc0,2b642560cfbc46a3b415e89ad3a03675,1d3635c1d1b8417da02febe5bb56858c"
0.0,36623455,2,18311727.5,18311727.5,18285744,18337711,36746.2,PushPop,:batch=7cd2e99e31e7456caf7a382dd63fbd18 phase=decode requests=25de90a8b4234cdd9f459bf44de5f72b
0.0,36623332,2,18311666.0,18311666.0,18279254,18344078,45837.5,PushPop,":batch=7007ebbb7bc747f2b6f51b219f3f9f9e phase=decode requests=dfa53ed7b1db427c979733175e83eed5,1b90b5029a8e4095a0953f707b492bc0,2b642560cfbc46a3b415e89ad3a03675,1d3635c1d1b8417da02febe5bb56858c"
0.0,36622320,2,18311160.0,18311160.0,18280762,18341558,42989.3,PushPop,":batch=6f6b2139e16240e38a53329ec0ed3f1e phase=decode requests=dfa53ed7b1db427c979733175e83eed5,1b90b5029a8e4095a0953f707b492bc0,2b642560cfbc46a3b415e89ad3a03675,1d3635c1d1b8417da02febe5bb56858c"
0.0,36621758,2,18310879.0,18310879.0,18273648,18348110,52652.6,PushPop,":batch=b9268f5a338346c3b2fdf66b00f90ae2 phase=decode requests=dfa53ed7b1db427c979733175e83eed5,1b90b5029a8e4095a0953f707b492bc0,2b642560cfbc46a3b415e89ad3a03675,1d3635c1d1b8417da02febe5bb56858c"
0.0,36620679,2,18310339.5,18310339.5,18282661,18338018,39143.3,PushPop,:batch=a0c3b98275da452398817c3be4c8ea70 phase=decode requests=f613ba29e5e3458d8e63b0275b98ac68
0.0,36620564,2,18310282.0,18310282.0,18294795,18325769,21901.9,PushPop,:batch=694cd87d846e47d289e6040e60eff4c0 phase=decode requests=25de90a8b4234cdd9f459bf44de5f72b
0.0,36619559,2,18309779.5,18309779.5,18275610,18343949,48323.0,PushPop,":batch=c28419eefcc54d39a51841bb7c431755 phase=decode requests=dfa53ed7b1db427c979733175e83eed5,1b90b5029a8e4095a0953f707b492bc0,2b642560cfbc46a3b415e89ad3a03675,1d3635c1d1b8417da02febe5bb56858c"
0.0,36618885,2,18309442.5,18309442.5,18260334,18358551,69449.9,PushPop,":batch=ea485e89c1e64e2ca082675a92c53d0c phase=decode requests=dfa53ed7b1db427c979733175e83eed5,1b90b5029a8e4095a0953f707b492bc0,2b642560cfbc46a3b415e89ad3a03675,1d3635c1d1b8417da02febe5bb56858c"
0.0,36615169,2,18307584.5,18307584.5,18282598,18332571,35336.2,PushPop,":batch=9b8d85fb78624731ad24e60880e660cb phase=decode requests=dfa53ed7b1db427c979733175e83eed5,1b90b5029a8e4095a0953f707b492bc0,2b642560cfbc46a3b415e89ad3a03675,1d3635c1d1b8417da02febe5bb56858c"
0.0,36613205,2,18306602.5,18306602.5,18257394,18355811,69591.3,PushPop,":batch=6288fa96f76f4ea499b3d953ef46b332 phase=decode requests=dfa53ed7b1db427c979733175e83eed5,1b90b5029a8e4095a0953f707b492bc0,2b642560cfbc46a3b415e89ad3a03675,1d3635c1d1b8417da02febe5bb56858c"
0.0,36612591,2,18306295.5,18306295.5,18269654,18342937,51818.9,PushPop,":batch=c202b72015734d5da0b38bb8b4792303 phase=decode requests=dfa53ed7b1db427c979733175e83eed5,1b90b5029a8e4095a0953f707b492bc0,2b642560cfbc46a3b415e89ad3a03675,1d3635c1d1b8417da02febe5bb56858c"
0.0,36612409,2,18306204.5,18306204.5,18282969,18329440,32860.0,PushPop,:batch=6280cbff772b43658ec24e6761172182 phase=decode requests=25de90a8b4234cdd9f459bf44de5f72b
0.0,36610775,2,18305387.5,18305387.5,18271017,18339758,48607.2,PushPop,:batch=47e257e3aafe447fb902d057d0fe00d0 phase=decode requests=25de90a8b4234cdd9f459bf44de5f72b
0.0,36609968,2,18304984.0,18304984.0,18277253,18332715,39217.6,PushPop,:batch=158e2cb41e444b8c8a1fae6d1c37b361 phase=decode requests=25de90a8b4234cdd9f459bf44de5f72b
0.0,36609341,2,18304670.5,18304670.5,18275711,18333630,40954.9,PushPop,:batch=102b0e4c69b54770ad48cb53c7b6356d phase=decode requests=268bc1a668514718addc6aee590d0f20
0.0,36609311,2,18304655.5,18304655.5,18269096,18340215,50288.7,PushPop,:batch=6dcf3319411e487d9b996f8c38c3201c phase=decode requests=25de90a8b4234cdd9f459bf44de5f72b
0.0,36608938,2,18304469.0,18304469.0,18284324,18324614,28489.3,PushPop,:batch=1bb6377e896b477fb0fdbd952b3c9993 phase=decode requests=268bc1a668514718addc6aee590d0f20
0.0,36607540,2,18303770.0,18303770.0,18276928,18330612,37960.3,PushPop,":batch=7564df67d27f4314839cf0354a86767b phase=decode requests=dfa53ed7b1db427c979733175e83eed5,1b90b5029a8e4095a0953f707b492bc0,2b642560cfbc46a3b415e89ad3a03675,1d3635c1d1b8417da02febe5bb56858c"
0.0,36605713,2,18302856.5,18302856.5,18261301,18344412,58768.4,PushPop,":batch=a1cd2c88c9484a1d9b6d599dc247c91a phase=decode requests=dfa53ed7b1db427c979733175e83eed5,1b90b5029a8e4095a0953f707b492bc0,2b642560cfbc46a3b415e89ad3a03675,1d3635c1d1b8417da02febe5bb56858c"
0.0,36605492,2,18302746.0,18302746.0,18276474,18329018,37154.2,PushPop,":batch=8e6efa8dd94b4905a949c7cc4dd4523e phase=decode requests=dfa53ed7b1db427c979733175e83eed5,1b90b5029a8e4095a0953f707b492bc0,2b642560cfbc46a3b415e89ad3a03675,1d3635c1d1b8417da02febe5bb56858c"
0.0,36605477,2,18302738.5,18302738.5,18272832,18332645,42294.2,PushPop,":batch=1ac9963c4aca4dd385b24454eb96aeac phase=decode requests=dfa53ed7b1db427c979733175e83eed5,1b90b5029a8e4095a0953f707b492bc0,2b642560cfbc46a3b415e89ad3a03675,1d3635c1d1b8417da02febe5bb56858c"
0.0,36604968,2,18302484.0,18302484.0,18246146,18358822,79674.0,PushPop,":batch=66791174bf5e4ebfaf755dfb53dfb143 phase=decode requests=dfa53ed7b1db427c979733175e83eed5,1b90b5029a8e4095a0953f707b492bc0,2b642560cfbc46a3b415e89ad3a03675,1d3635c1d1b8417da02febe5bb56858c"
0.0,36603982,2,18301991.0,18301991.0,18262857,18341125,55343.8,PushPop,":batch=899e9c09ee6544acb3597ead53640d4c phase=decode requests=dfa53ed7b1db427c979733175e83eed5,1b90b5029a8e4095a0953f707b492bc0,2b642560cfbc46a3b415e89ad3a03675,1d3635c1d1b8417da02febe5bb56858c"
0.0,36602210,2,18301105.0,18301105.0,18272357,18329853,40655.8,PushPop,":batch=3510f7adfd7046ff89a907beac58485d phase=decode requests=dfa53ed7b1db427c979733175e83eed5,1b90b5029a8e4095a0953f707b492bc0,2b642560cfbc46a3b415e89ad3a03675,1d3635c1d1b8417da02febe5bb56858c"
0.0,36602092,2,18301046.0,18301046.0,18264192,18337900,52119.4,PushPop,":batch=54171a9b6078401ab8f4899d3eedebbf phase=decode requests=dfa53ed7b1db427c979733175e83eed5,1b90b5029a8e4095a0953f707b492bc0,2b642560cfbc46a3b415e89ad3a03675,1d3635c1d1b8417da02febe5bb56858c"
0.0,36600927,2,18300463.5,18300463.5,18276955,18323972,33246.0,PushPop,:batch=3feb5fb2f93940c99e11e2bf173dae89 phase=decode requests=25de90a8b4234cdd9f459bf44de5f72b
0.0,36600827,2,18300413.5,18300413.5,18279934,18320893,28962.4,PushPop,":batch=97477bd645694f10ab6554cee1c9d842 phase=decode requests=dfa53ed7b1db427c979733175e83eed5,1b90b5029a8e4095a0953f707b492bc0,2b642560cfbc46a3b415e89ad3a03675,1d3635c1d1b8417da02febe5bb56858c"
0.0,36600324,2,18300162.0,18300162.0,18261539,18338785,54621.2,PushPop,:batch=9d5432525a9b4fd7837b7b748a348fc7 phase=decode requests=25de90a8b4234cdd9f459bf44de5f72b
0.0,36599856,2,18299928.0,18299928.0,18264140,18335716,50611.9,PushPop,":batch=f0e311ddedc44514b5c5c5a8017b09a5 phase=decode requests=1811f6ebf58e4b0ea2292b35146cd35f,612ab6a155ee43be83ea6696bd5b8b7f,04a26fdd847647a5a094bbafb63bc469,5f8f2308efff494a9a6a2fa3d4ecc35c"
0.0,36598986,2,18299493.0,18299493.0,18261563,18337423,53641.1,PushPop,:batch=8d024cea417d48c7b59fc0d9c222ebe1 phase=decode requests=25de90a8b4234cdd9f459bf44de5f72b
0.0,36597079,2,18298539.5,18298539.5,18259654,18337425,54992.4,PushPop,":batch=7700de29737d4a5c8f01cf7fcd723ef5 phase=decode requests=dfa53ed7b1db427c979733175e83eed5,1b90b5029a8e4095a0953f707b492bc0,2b642560cfbc46a3b415e89ad3a03675,1d3635c1d1b8417da02febe5bb56858c"
0.0,36596357,2,18298178.5,18298178.5,18265965,18330392,45556.8,PushPop,":batch=30f342a96ce34bd0885a0c285c7e4fd9 phase=decode requests=dfa53ed7b1db427c979733175e83eed5,1b90b5029a8e4095a0953f707b492bc0,2b642560cfbc46a3b415e89ad3a03675,1d3635c1d1b8417da02febe5bb56858c"
0.0,36592393,2,18296196.5,18296196.5,18274618,18317775,30516.6,PushPop,":batch=8267698567bb4cf2ae3dcf00de493d08 phase=decode requests=dfa53ed7b1db427c979733175e83eed5,1b90b5029a8e4095a0953f707b492bc0,2b642560cfbc46a3b415e89ad3a03675,1d3635c1d1b8417da02febe5bb56858c"
0.0,36591815,2,18295907.5,18295907.5,18288802,18303013,10048.7,PushPop,:batch=7913b35a1c19417695ae2d9b894de0c3 phase=decode requests=25de90a8b4234cdd9f459bf44de5f72b
0.0,36590005,2,18295002.5,18295002.5,18266144,18323861,40812.1,PushPop,":batch=d48c9adb4fdc4d3397293fb71e0c5529 phase=decode requests=dfa53ed7b1db427c979733175e83eed5,1b90b5029a8e4095a0953f707b492bc0,2b642560cfbc46a3b415e89ad3a03675,1d3635c1d1b8417da02febe5bb56858c"
0.0,36583994,2,18291997.0,18291997.0,18247000,18336994,63635.4,PushPop,:batch=ac3f784b1dc14b94bdafb08c4d23e0fa phase=decode requests=25de90a8b4234cdd9f459bf44de5f72b
0.0,36582931,2,18291465.5,18291465.5,18288946,18293985,3563.1,PushPop,:batch=66ee1047d50e49a094a3e1a5f80ba4c9 phase=decode requests=25de90a8b4234cdd9f459bf44de5f72b
0.0,36581720,2,18290860.0,18290860.0,18249376,18332344,58667.2,PushPop,":batch=b4622e16a9b3416ba44138acc5eb720b phase=decode requests=dfa53ed7b1db427c979733175e83eed5,1b90b5029a8e4095a0953f707b492bc0,2b642560cfbc46a3b415e89ad3a03675,1d3635c1d1b8417da02febe5bb56858c"
0.0,36575576,2,18287788.0,18287788.0,18256076,18319500,44847.5,PushPop,:batch=dfc96c3837004eb7b683fd0bbd8f3a61 phase=decode requests=25de90a8b4234cdd9f459bf44de5f72b
0.0,36574800,2,18287400.0,18287400.0,18247135,18327665,56943.3,PushPop,":batch=260219eed76a46d7a870c412602ab63c phase=decode requests=dfa53ed7b1db427c979733175e83eed5,1b90b5029a8e4095a0953f707b492bc0,2b642560cfbc46a3b415e89ad3a03675,1d3635c1d1b8417da02febe5bb56858c"
0.0,36569113,2,18284556.5,18284556.5,18256115,18312998,40222.4,PushPop,:batch=d8a39666b7b3494fb3b764f9e5c26388 phase=decode requests=25de90a8b4234cdd9f459bf44de5f72b
0.0,36567061,2,18283530.5,18283530.5,18252971,18314090,43217.7,PushPop,:batch=9b0a8608101f43d192e3239099886b5a phase=decode requests=f613ba29e5e3458d8e63b0275b98ac68
0.0,36566065,2,18283032.5,18283032.5,18243414,18322651,56029.0,PushPop,":batch=c7702b628338428193064902dca1c968 phase=decode requests=dfa53ed7b1db427c979733175e83eed5,1b90b5029a8e4095a0953f707b492bc0,2b642560cfbc46a3b415e89ad3a03675,1d3635c1d1b8417da02febe5bb56858c"
0.0,36565047,2,18282523.5,18282523.5,18249871,18315176,46177.6,PushPop,:batch=a929cce1b3d1494f9104ae242b86d225 phase=decode requests=268bc1a668514718addc6aee590d0f20
0.0,36564377,2,18282188.5,18282188.5,18244872,18319505,52773.5,PushPop,":batch=eb6aeb62bacb44c985836d1a0a876cbc phase=decode requests=dfa53ed7b1db427c979733175e83eed5,1b90b5029a8e4095a0953f707b492bc0,2b642560cfbc46a3b415e89ad3a03675,1d3635c1d1b8417da02febe5bb56858c"
0.0,36563311,2,18281655.5,18281655.5,18264265,18299046,24593.9,PushPop,":batch=a2f658d4bd3a46ffabba8bf80ac6afec phase=decode requests=dfa53ed7b1db427c979733175e83eed5,1b90b5029a8e4095a0953f707b492bc0,2b642560cfbc46a3b415e89ad3a03675,1d3635c1d1b8417da02febe5bb56858c"
0.0,36562353,2,18281176.5,18281176.5,18248274,18314079,46531.2,PushPop,:batch=a8ee9227923c4810adc54b12e3b32b5a phase=decode requests=f613ba29e5e3458d8e63b0275b98ac68
0.0,36562082,2,18281041.0,18281041.0,18257003,18305079,33994.9,PushPop,:batch=e1f557f57f664b288026a8d980ebc443 phase=decode requests=25de90a8b4234cdd9f459bf44de5f72b
0.0,36557968,2,18278984.0,18278984.0,18243935,18314033,49566.8,PushPop,":batch=ddd44eca69cd4d6fa373a5d97355179a phase=decode requests=dfa53ed7b1db427c979733175e83eed5,1b90b5029a8e4095a0953f707b492bc0,2b642560cfbc46a3b415e89ad3a03675,1d3635c1d1b8417da02febe5bb56858c"
0.0,36555570,2,18277785.0,18277785.0,18244046,18311524,47714.2,PushPop,":batch=2b103f9fbb0b440493399febdbd09aae phase=decode requests=dfa53ed7b1db427c979733175e83eed5,1b90b5029a8e4095a0953f707b492bc0,2b642560cfbc46a3b415e89ad3a03675,1d3635c1d1b8417da02febe5bb56858c"
0.0,36555450,2,18277725.0,18277725.0,18254760,18300690,32477.4,PushPop,:batch=522b582529004fa9a09273fad5e027b4 phase=decode requests=25de90a8b4234cdd9f459bf44de5f72b
0.0,36553539,2,18276769.5,18276769.5,18260612,18292927,22850.2,PushPop,:batch=e508b9f06c764f659abb53a6d79ae0ed phase=decode requests=25de90a8b4234cdd9f459bf44de5f72b
0.0,36553306,2,18276653.0,18276653.0,18247320,18305986,41483.1,PushPop,:batch=0ff7dac762f44ec4a094eda302a3653b phase=decode requests=25de90a8b4234cdd9f459bf44de5f72b
0.0,36549879,2,18274939.5,18274939.5,18182099,18367780,131296.3,PushPop,:batch=160cb581e5454169b5474b187fecbc9c phase=decode requests=25de90a8b4234cdd9f459bf44de5f72b
0.0,36546917,2,18273458.5,18273458.5,18253303,18293614,28504.2,PushPop,":batch=77bb98ccdb784131bea7e3195a93a73f phase=decode requests=dfa53ed7b1db427c979733175e83eed5,1b90b5029a8e4095a0953f707b492bc0,2b642560cfbc46a3b415e89ad3a03675,1d3635c1d1b8417da02febe5bb56858c"
0.0,36543251,2,18271625.5,18271625.5,18232122,18311129,55866.4,PushPop,:batch=e1a0e0fb54a94ad484afb3895eba1b37 phase=decode requests=25de90a8b4234cdd9f459bf44de5f72b
0.0,36533226,2,18266613.0,18266613.0,18239452,18293774,38411.5,PushPop,:batch=da54645b5f48430eb4ced6bc8e4065d4 phase=decode requests=25de90a8b4234cdd9f459bf44de5f72b
0.0,36529510,2,18264755.0,18264755.0,18231518,18297992,47004.2,PushPop,":batch=fb27d0e796114b7f84a9bdfeab3bda68 phase=decode requests=1811f6ebf58e4b0ea2292b35146cd35f,612ab6a155ee43be83ea6696bd5b8b7f,04a26fdd847647a5a094bbafb63bc469,5f8f2308efff494a9a6a2fa3d4ecc35c"
0.0,36528467,2,18264233.5,18264233.5,18242488,18285979,30752.8,PushPop,:batch=fafe0ff1a2ae459893954e4a7807c0fd phase=decode requests=25de90a8b4234cdd9f459bf44de5f72b
0.0,36524500,2,18262250.0,18262250.0,18227657,18296843,48921.9,PushPop,":batch=b8d752bd49e44e7cbd60d2448a75e409 phase=decode requests=dfa53ed7b1db427c979733175e83eed5,1b90b5029a8e4095a0953f707b492bc0,2b642560cfbc46a3b415e89ad3a03675,1d3635c1d1b8417da02febe5bb56858c"
0.0,36519236,2,18259618.0,18259618.0,18224371,18294865,49846.8,PushPop,:batch=eb8c2b88d5214fada82e2053cc9e0018 phase=decode requests=25de90a8b4234cdd9f459bf44de5f72b
0.0,36518835,2,18259417.5,18259417.5,18225414,18293421,48088.2,PushPop,:batch=c2926f8451174139916e7b54bad8a9fb phase=decode requests=25de90a8b4234cdd9f459bf44de5f72b
0.0,36515310,2,18257655.0,18257655.0,18255231,18260079,3428.1,PushPop,:batch=b68df08cd2c5404db13da7eb7293e55e phase=decode requests=25de90a8b4234cdd9f459bf44de5f72b
0.0,36514487,2,18257243.5,18257243.5,18227774,18286713,41676.2,PushPop,:batch=d1df89e4f3b8420a9afffc8961c7f19b phase=decode requests=25de90a8b4234cdd9f459bf44de5f72b
0.0,36508124,2,18254062.0,18254062.0,18221728,18286396,45727.2,PushPop,:batch=f0efa1d898304a8c8787c2be920fb2d1 phase=decode requests=25de90a8b4234cdd9f459bf44de5f72b
0.0,36504027,2,18252013.5,18252013.5,18223560,18280467,40239.3,PushPop,:batch=ffe0b366ecf64d158adb53a5a91bfb8b phase=decode requests=25de90a8b4234cdd9f459bf44de5f72b
0.0,36503997,2,18251998.5,18251998.5,18214098,18289899,53599.4,PushPop,:batch=032e57cf40ca4c5bb2d238f2ac8a9067 phase=decode requests=25de90a8b4234cdd9f459bf44de5f72b
0.0,36503629,2,18251814.5,18251814.5,18234905,18268724,23913.6,PushPop,:batch=ca04be01566743508f7d63d1d5a10095 phase=decode requests=25de90a8b4234cdd9f459bf44de5f72b
0.0,36501777,2,18250888.5,18250888.5,18215451,18286326,50116.2,PushPop,:batch=8ca673b08f06407b858ff08f86faa2cb phase=decode requests=25de90a8b4234cdd9f459bf44de5f72b
0.0,36501676,2,18250838.0,18250838.0,18213133,18288543,53322.9,PushPop,:batch=a028695224ba4f26856d18791aafa2c7 phase=decode requests=25de90a8b4234cdd9f459bf44de5f72b
0.0,36501633,2,18250816.5,18250816.5,18216933,18284700,47918.5,PushPop,:batch=967a964f744e4218b96ffa35424a8e7c phase=decode requests=25de90a8b4234cdd9f459bf44de5f72b
0.0,36498439,2,18249219.5,18249219.5,18224887,18273552,34411.4,PushPop,:batch=d7b339e39bf64d7d9ac20edf793847c9 phase=decode requests=25de90a8b4234cdd9f459bf44de5f72b
0.0,36495819,2,18247909.5,18247909.5,18215893,18279926,45278.2,PushPop,:batch=faba1b58d049409c97aa78c10965136d phase=decode requests=25de90a8b4234cdd9f459bf44de5f72b
0.0,36493512,2,18246756.0,18246756.0,18201508,18292004,63990.3,PushPop,:batch=40bf221fc1164ea7b9f657b6bda5f955 phase=decode requests=25de90a8b4234cdd9f459bf44de5f72b
0.0,36492736,2,18246368.0,18246368.0,18226625,18266111,27920.8,PushPop,:batch=d086238b49684af4bf99f207c62299f7 phase=decode requests=25de90a8b4234cdd9f459bf44de5f72b
0.0,36490062,2,18245031.0,18245031.0,18215090,18274972,42343.0,PushPop,:batch=010561048ca2471ea6380355c1b9c65f phase=decode requests=25de90a8b4234cdd9f459bf44de5f72b
0.0,36488944,2,18244472.0,18244472.0,18234845,18254099,13614.6,PushPop,:batch=293d35cd5cd74212be0b8c780975e823 phase=decode requests=25de90a8b4234cdd9f459bf44de5f72b
0.0,36487964,2,18243982.0,18243982.0,18217080,18270884,38045.2,PushPop,:batch=e0928c5c59fa4178995e6b14c823eedb phase=decode requests=25de90a8b4234cdd9f459bf44de5f72b
0.0,36484607,2,18242303.5,18242303.5,18209693,18274914,46118.2,PushPop,:batch=0ac11c2b02f142b291c9053abbe9e873 phase=decode requests=25de90a8b4234cdd9f459bf44de5f72b
0.0,36484425,2,18242212.5,18242212.5,18207133,18277292,49609.9,PushPop,:batch=f526fb4892a64be5b927930902ca4f87 phase=decode requests=25de90a8b4234cdd9f459bf44de5f72b
0.0,36484150,2,18242075.0,18242075.0,18209148,18275002,46565.8,PushPop,:batch=38b19f0e52d44e96a38d964c7db2e14c phase=decode requests=25de90a8b4234cdd9f459bf44de5f72b
0.0,36482950,2,18241475.0,18241475.0,18212789,18270161,40568.1,PushPop,:batch=212f80bb29cc42adb2a2cc3b1563fd39 phase=decode requests=25de90a8b4234cdd9f459bf44de5f72b
0.0,36482560,2,18241280.0,18241280.0,18204372,18278188,52195.8,PushPop,:batch=6d2e9d43acd045e79dabf8c71eb9b5e5 phase=decode requests=25de90a8b4234cdd9f459bf44de5f72b
0.0,36482316,2,18241158.0,18241158.0,18215456,18266860,36348.1,PushPop,":batch=cc2f6cd228394139b2be2ac8ff4a9915 phase=decode requests=dfa53ed7b1db427c979733175e83eed5,1b90b5029a8e4095a0953f707b492bc0,2b642560cfbc46a3b415e89ad3a03675,1d3635c1d1b8417da02febe5bb56858c"
0.0,36478665,2,18239332.5,18239332.5,18209941,18268724,41565.9,PushPop,:batch=944148b4217b4bfca99b564cb1756697 phase=decode requests=25de90a8b4234cdd9f459bf44de5f72b
0.0,36472389,2,18236194.5,18236194.5,18219300,18253089,23892.4,PushPop,:batch=aa796cbc75d04b22999cadd71c685a13 phase=decode requests=25de90a8b4234cdd9f459bf44de5f72b
0.0,36470971,2,18235485.5,18235485.5,18235428,18235543,81.3,PushPop,:batch=801c956123a9441594afc5ebe9d20f5d phase=decode requests=25de90a8b4234cdd9f459bf44de5f72b
0.0,36467625,2,18233812.5,18233812.5,18189487,18278138,62685.7,PushPop,:batch=68b93631d8054131a0f7ffe044702321 phase=decode requests=25de90a8b4234cdd9f459bf44de5f72b
0.0,36467625,2,18233812.5,18233812.5,18200848,18266777,46618.8,PushPop,:batch=be02525df2a7490ea6cd4e7b48469b10 phase=decode requests=25de90a8b4234cdd9f459bf44de5f72b
0.0,36465826,2,18232913.0,18232913.0,18198367,18267459,48855.4,PushPop,:batch=9181fe92dc3141bd8a36e9aa3b3cca92 phase=decode requests=25de90a8b4234cdd9f459bf44de5f72b
0.0,36462417,2,18231208.5,18231208.5,18223793,18238624,10487.1,PushPop,:batch=079e3094cb404923bcc1d2d3968de980 phase=decode requests=25de90a8b4234cdd9f459bf44de5f72b
0.0,36461695,2,18230847.5,18230847.5,18206596,18255099,34296.8,PushPop,:batch=940feed2bfaf4c76bcb6ad1251bba565 phase=decode requests=25de90a8b4234cdd9f459bf44de5f72b
0.0,36461371,2,18230685.5,18230685.5,18207784,18253587,32387.6,PushPop,:batch=394f03c26ea84eb6a0d5c7019278ed62 phase=decode requests=25de90a8b4234cdd9f459bf44de5f72b
0.0,36460681,2,18230340.5,18230340.5,18196724,18263957,47540.9,PushPop,:batch=03e2de48dfeb422fa3bf8dff4e0a0dd6 phase=decode requests=25de90a8b4234cdd9f459bf44de5f72b
0.0,36458121,2,18229060.5,18229060.5,18211957,18246164,24188.0,PushPop,:batch=8d60fe2748bd4c0498a04254b461325d phase=decode requests=25de90a8b4234cdd9f459bf44de5f72b
0.0,36456810,2,18228405.0,18228405.0,18195656,18261154,46314.1,PushPop,:batch=517376c79b1c41319c7e85e653a1b2c6 phase=decode requests=25de90a8b4234cdd9f459bf44de5f72b
0.0,36456557,2,18228278.5,18228278.5,18193444,18263113,49263.4,PushPop,:batch=9a907070abf64eea98925f685b3cfb03 phase=decode requests=25de90a8b4234cdd9f459bf44de5f72b
0.0,36456525,2,18228262.5,18228262.5,18200159,18256366,39744.4,PushPop,:batch=b7f3ab2db3174e4e8f22bfa3702b0a1b phase=decode requests=25de90a8b4234cdd9f459bf44de5f72b
0.0,36452169,2,18226084.5,18226084.5,18191238,18260931,49280.4,PushPop,:batch=173fdc6a95a940f79f6ce65f66e37c2e phase=decode requests=25de90a8b4234cdd9f459bf44de5f72b
0.0,36451615,2,18225807.5,18225807.5,18190642,18260973,49731.5,PushPop,:batch=6b6ea341a42f4bf09c2e3d2bb29040b6 phase=decode requests=25de90a8b4234cdd9f459bf44de5f72b
0.0,36450018,2,18225009.0,18225009.0,18192029,18257989,46640.8,PushPop,:batch=8caf516f7f574fefa86130b81173b307 phase=decode requests=25de90a8b4234cdd9f459bf44de5f72b
0.0,36448431,2,18224215.5,18224215.5,18196536,18251895,39144.7,PushPop,:batch=e2da88a4d8f74cf6a8a3553f0ca78188 phase=decode requests=25de90a8b4234cdd9f459bf44de5f72b
0.0,36447947,2,18223973.5,18223973.5,18189168,18258779,49222.4,PushPop,:batch=0afdd608acaf4b7fab302eab975db737 phase=decode requests=25de90a8b4234cdd9f459bf44de5f72b
0.0,36447411,2,18223705.5,18223705.5,18194288,18253123,41602.6,PushPop,:batch=9a35635950f34fe5a82630dd7865e797 phase=decode requests=25de90a8b4234cdd9f459bf44de5f72b
0.0,36444539,2,18222269.5,18222269.5,18190330,18254209,45169.3,PushPop,:batch=e2bbd9a2f1f642be84b7225e70c06f40 phase=decode requests=25de90a8b4234cdd9f459bf44de5f72b
0.0,36444299,2,18222149.5,18222149.5,18183971,18260328,53992.6,PushPop,:batch=3ed2a6265a3146609250af770ae9ddfa phase=decode requests=25de90a8b4234cdd9f459bf44de5f72b
0.0,36442825,2,18221412.5,18221412.5,18178568,18264257,60591.3,PushPop,:batch=61a1ff9964f044069c7a4fc4714319e6 phase=decode requests=25de90a8b4234cdd9f459bf44de5f72b
0.0,36442316,2,18221158.0,18221158.0,18195568,18246748,36189.7,PushPop,:batch=29d6586040034f39a9bf90d7e5f68699 phase=decode requests=25de90a8b4234cdd9f459bf44de5f72b
0.0,36442042,2,18221021.0,18221021.0,18203690,18238352,24509.7,PushPop,:batch=3f24a55053534b728c1509d20d29f5c9 phase=decode requests=25de90a8b4234cdd9f459bf44de5f72b
0.0,36441473,2,18220736.5,18220736.5,18179593,18261880,58185.7,PushPop,:batch=27983b1325a44fee80a31702714ffe41 phase=decode requests=25de90a8b4234cdd9f459bf44de5f72b
0.0,36440608,2,18220304.0,18220304.0,18196056,18244552,34291.9,PushPop,:batch=996efc13c7c64b45a766f370aa7d17fa phase=decode requests=25de90a8b4234cdd9f459bf44de5f72b
0.0,36440559,2,18220279.5,18220279.5,18182090,18258469,54008.1,PushPop,:batch=9485a192bb84499f97970801ffd8b829 phase=decode requests=25de90a8b4234cdd9f459bf44de5f72b
0.0,36439202,2,18219601.0,18219601.0,18189144,18250058,43072.7,PushPop,:batch=50595ebc22d24c6e9e548e7ee8b42504 phase=decode requests=25de90a8b4234cdd9f459bf44de5f72b
0.0,36436870,2,18218435.0,18218435.0,18184709,18252161,47695.8,PushPop,:batch=3d1c830f7df34f248df82ddc209474ef phase=decode requests=25de90a8b4234cdd9f459bf44de5f72b
0.0,36436058,2,18218029.0,18218029.0,18201884,18234174,22832.5,PushPop,:batch=3c121c98c10d462c838185d45ff22128 phase=decode requests=25de90a8b4234cdd9f459bf44de5f72b
0.0,36434748,2,18217374.0,18217374.0,18182554,18252194,49242.9,PushPop,":batch=b66eb7d51d344e0982ebc738f6464bbc phase=decode requests=dfa53ed7b1db427c979733175e83eed5,1b90b5029a8e4095a0953f707b492bc0,2b642560cfbc46a3b415e89ad3a03675,1d3635c1d1b8417da02febe5bb56858c"
0.0,36433730,2,18216865.0,18216865.0,18183544,18250186,47123.0,PushPop,:batch=4d5aa3463aa74756b065fd01db87e683 phase=decode requests=25de90a8b4234cdd9f459bf44de5f72b
0.0,36432292,2,18216146.0,18216146.0,18186513,18245779,41907.4,PushPop,:batch=384f1bd4d7e84a0ba7ada0b29effdc1a phase=decode requests=25de90a8b4234cdd9f459bf44de5f72b
0.0,36430602,2,18215301.0,18215301.0,18179670,18250932,50389.8,PushPop,:batch=44f0ebe64e994475b0105236c1cb571a phase=decode requests=25de90a8b4234cdd9f459bf44de5f72b
0.0,36430326,2,18215163.0,18215163.0,18176062,18254264,55297.2,PushPop,:batch=0937f31702f34ffaa3861bf6c7d2e742 phase=decode requests=25de90a8b4234cdd9f459bf44de5f72b
0.0,36430040,2,18215020.0,18215020.0,18183333,18246707,44812.2,PushPop,:batch=6c42e92f22ac44f694f4b7080453be0d phase=decode requests=25de90a8b4234cdd9f459bf44de5f72b
0.0,36429755,2,18214877.5,18214877.5,18186675,18243080,39884.4,PushPop,:batch=3a2099248d8c481dac077b05efce9d26 phase=decode requests=25de90a8b4234cdd9f459bf44de5f72b
0.0,36428215,2,18214107.5,18214107.5,18187535,18240680,37579.2,PushPop,:batch=27fb3d99c95342dea4ef0b4d18d226b1 phase=decode requests=25de90a8b4234cdd9f459bf44de5f72b
0.0,36427563,2,18213781.5,18213781.5,18183714,18243849,42521.9,PushPop,:batch=7e29471847f140999df9f8e8187e7911 phase=decode requests=25de90a8b4234cdd9f459bf44de5f72b
0.0,36427139,2,18213569.5,18213569.5,18179879,18247260,47645.6,PushPop,:batch=001ddc3eb6a64003a5e68d1eb653195b phase=decode requests=25de90a8b4234cdd9f459bf44de5f72b
0.0,36424507,2,18212253.5,18212253.5,18181501,18243006,43490.6,PushPop,:batch=27b060bde18643a784db2072c6f3c26b phase=decode requests=25de90a8b4234cdd9f459bf44de5f72b
0.0,36424426,2,18212213.0,18212213.0,18171811,18252615,57137.1,PushPop,:batch=888203a74a1148ab8176cd3271b5188d phase=decode requests=25de90a8b4234cdd9f459bf44de5f72b
0.0,36422561,2,18211280.5,18211280.5,18183895,18238666,38728.9,PushPop,:batch=f614d04550ae473c8990a30aa178a22b phase=decode requests=e6255778e8534404ac5ca8451b4d8752
0.0,36422551,2,18211275.5,18211275.5,18171933,18250618,55638.7,PushPop,:batch=0aa991d4301e4aaa9e105ded06143e4f phase=decode requests=25de90a8b4234cdd9f459bf44de5f72b
0.0,36422477,2,18211238.5,18211238.5,18181509,18240968,42043.9,PushPop,:batch=de61955c92f64eac8353a93a188d28ca phase=decode requests=25de90a8b4234cdd9f459bf44de5f72b
0.0,36420398,2,18210199.0,18210199.0,18186308,18234090,33787.0,PushPop,:batch=7dc407edc6b547b9b43e1315af322f78 phase=decode requests=25de90a8b4234cdd9f459bf44de5f72b
0.0,36419323,2,18209661.5,18209661.5,18189732,18229591,28184.6,PushPop,:batch=be1472c5049e4c44a14cc7e6ab8a5519 phase=decode requests=25de90a8b4234cdd9f459bf44de5f72b
0.0,36419060,2,18209530.0,18209530.0,18171596,18247464,53646.8,PushPop,:batch=41626b3ff9c641438ee2efd6def0b7f1 phase=decode requests=25de90a8b4234cdd9f459bf44de5f72b
0.0,36418890,2,18209445.0,18209445.0,18182107,18236783,38661.8,PushPop,:batch=f5c22ff0bea94c08ad4e9f2ad899df7a phase=decode requests=25de90a8b4234cdd9f459bf44de5f72b
0.0,36418257,2,18209128.5,18209128.5,18170633,18247624,54440.9,PushPop,:batch=9059a680a10348ccadee115b26f98dc3 phase=decode requests=25de90a8b4234cdd9f459bf44de5f72b
0.0,36416747,2,18208373.5,18208373.5,18180581,18236166,39304.5,PushPop,:batch=6319ca3fab4b4c9296c44f8320ce3a8a phase=decode requests=25de90a8b4234cdd9f459bf44de5f72b
0.0,36415723,2,18207861.5,18207861.5,18151907,18263816,79131.6,PushPop,:batch=0c0d9e963baf4498a98c1027695fa114 phase=decode requests=25de90a8b4234cdd9f459bf44de5f72b
0.0,36415142,2,18207571.0,18207571.0,18169078,18246064,54437.3,PushPop,:batch=f6d8f8738f8a4bd0aea40742a8f1ac46 phase=decode requests=25de90a8b4234cdd9f459bf44de5f72b
0.0,36413766,2,18206883.0,18206883.0,18176131,18237635,43489.9,PushPop,:batch=f5bf29cac4b9429d8317b03a6aafd9f5 phase=decode requests=25de90a8b4234cdd9f459bf44de5f72b
0.0,36413035,2,18206517.5,18206517.5,18167544,18245491,55116.9,PushPop,:batch=4759b6ea95564373b63b637d598b0b35 phase=decode requests=25de90a8b4234cdd9f459bf44de5f72b
0.0,36412977,2,18206488.5,18206488.5,18172214,18240763,48471.5,PushPop,:batch=27d4426929c7442fa99e39df5cf3771e phase=decode requests=25de90a8b4234cdd9f459bf44de5f72b
0.0,36411127,2,18205563.5,18205563.5,18170275,18240852,49905.5,PushPop,:batch=184e765027744951bf3c5e60fb476fbc phase=decode requests=25de90a8b4234cdd9f459bf44de5f72b
0.0,36409963,2,18204981.5,18204981.5,18168855,18241108,51090.6,PushPop,:batch=8d4fe5057c6348a790f91c5b43e34125 phase=decode requests=25de90a8b4234cdd9f459bf44de5f72b
0.0,36409059,2,18204529.5,18204529.5,18166331,18242728,54020.8,PushPop,:batch=144b8b72094f4f6ba7f891d823b73faf phase=decode requests=25de90a8b4234cdd9f459bf44de5f72b
0.0,36409001,2,18204500.5,18204500.5,18171268,18237733,46997.9,PushPop,:batch=0f1e091f2aea47c680b8f6a48ce6f656 phase=decode requests=25de90a8b4234cdd9f459bf44de5f72b
0.0,36408960,2,18204480.0,18204480.0,18174351,18234609,42608.8,PushPop,:batch=71b067ba27584286a617c20f0c632876 phase=decode requests=25de90a8b4234cdd9f459bf44de5f72b
0.0,36407031,2,18203515.5,18203515.5,18178129,18228902,35901.9,PushPop,:batch=825eecd3b1864ad68f794ae3e7eb0b2d phase=decode requests=25de90a8b4234cdd9f459bf44de5f72b
0.0,36405405,2,18202702.5,18202702.5,18171791,18233614,43715.5,PushPop,:batch=ad76d964c9e34df7833fbd463caa8110 phase=decode requests=25de90a8b4234cdd9f459bf44de5f72b
0.0,36404389,2,18202194.5,18202194.5,18176549,18227840,36268.2,PushPop,:batch=838eea1c8b394d9cae1c69c62422c249 phase=decode requests=25de90a8b4234cdd9f459bf44de5f72b
0.0,36403972,2,18201986.0,18201986.0,18170561,18233411,44441.7,PushPop,:batch=63d174d064e54631bfe1d3392486f67f phase=decode requests=25de90a8b4234cdd9f459bf44de5f72b
0.0,36403775,2,18201887.5,18201887.5,18171028,18232747,43641.9,PushPop,:batch=d47ff9e828e84250a995da13f5e8cdda phase=decode requests=25de90a8b4234cdd9f459bf44de5f72b
0.0,36402761,2,18201380.5,18201380.5,18171934,18230827,41643.6,PushPop,:batch=9c36534463ea495b8ae7ea6401180d5a phase=decode requests=25de90a8b4234cdd9f459bf44de5f72b
0.0,36401020,2,18200510.0,18200510.0,18171370,18229650,41210.2,PushPop,:batch=bc3be0f48cb34594aec013c8ef05968e phase=decode requests=25de90a8b4234cdd9f459bf44de5f72b
0.0,36400881,2,18200440.5,18200440.5,18174170,18226711,37152.1,PushPop,:batch=55d61489941f41669a11176b7d2409e5 phase=decode requests=25de90a8b4234cdd9f459bf44de5f72b
0.0,36399982,2,18199991.0,18199991.0,18166364,18233618,47555.8,PushPop,:batch=582ed0c9cb724cafb3ebb41903f1c67c phase=decode requests=25de90a8b4234cdd9f459bf44de5f72b
0.0,36399705,2,18199852.5,18199852.5,18172863,18226842,38168.9,PushPop,:batch=b9f7cf656d054e5d9ca21dd014f1970f phase=decode requests=25de90a8b4234cdd9f459bf44de5f72b
0.0,36399511,2,18199755.5,18199755.5,18181112,18218399,26365.9,PushPop,:batch=692a97fb4c604b0296980026c7d48a61 phase=decode requests=268bc1a668514718addc6aee590d0f20
0.0,36398416,2,18199208.0,18199208.0,18164255,18234161,49431.0,PushPop,:batch=f8badc8665b64b99bd34926be1ace4e8 phase=decode requests=25de90a8b4234cdd9f459bf44de5f72b
0.0,36397611,2,18198805.5,18198805.5,18178722,18218889,28402.4,PushPop,:batch=4c08a79b824546a0970c33b2c4f9dad7 phase=decode requests=25de90a8b4234cdd9f459bf44de5f72b
0.0,36396023,2,18198011.5,18198011.5,18174562,18221461,33162.6,PushPop,:batch=3e7ef7083cb543e281b89e8f6eb70955 phase=decode requests=25de90a8b4234cdd9f459bf44de5f72b
0.0,36395426,2,18197713.0,18197713.0,18167484,18227942,42750.3,PushPop,:batch=d8601bd9e09942cf9d00f3ffd7991a52 phase=decode requests=25de90a8b4234cdd9f459bf44de5f72b
0.0,36393407,2,18196703.5,18196703.5,18163785,18229622,46553.8,PushPop,:batch=04d74af8e9ef47e19cb37addbc250642 phase=decode requests=25de90a8b4234cdd9f459bf44de5f72b
0.0,36392362,2,18196181.0,18196181.0,18167759,18224603,40194.8,PushPop,:batch=306dac72ccd84255b3eda28c64056e61 phase=decode requests=25de90a8b4234cdd9f459bf44de5f72b
0.0,36390894,2,18195447.0,18195447.0,18163340,18227554,45406.2,PushPop,:batch=e525a3a483014f16b20fafad878ee8c1 phase=decode requests=25de90a8b4234cdd9f459bf44de5f72b
0.0,36390767,2,18195383.5,18195383.5,18155719,18235048,56094.1,PushPop,":batch=38e55568e10046df8303d506469bcad8 phase=decode requests=dfa53ed7b1db427c979733175e83eed5,1b90b5029a8e4095a0953f707b492bc0,2b642560cfbc46a3b415e89ad3a03675,1d3635c1d1b8417da02febe5bb56858c"
0.0,36390477,2,18195238.5,18195238.5,18158255,18232222,52302.6,PushPop,:batch=19a784069c84424fbf15b024e33a8643 phase=decode requests=25de90a8b4234cdd9f459bf44de5f72b
0.0,36389736,2,18194868.0,18194868.0,18172659,18217077,31408.3,PushPop,:batch=c97651a98b304e1ab851b75f46f63a6b phase=decode requests=25de90a8b4234cdd9f459bf44de5f72b
0.0,36388755,2,18194377.5,18194377.5,18159746,18229009,48976.3,PushPop,:batch=0e374076c58e460bb6dcb017a71a156b phase=decode requests=25de90a8b4234cdd9f459bf44de5f72b
0.0,36388424,2,18194212.0,18194212.0,18161215,18227209,46664.8,PushPop,:batch=0aea2cee5d8a47db87389ae933515014 phase=decode requests=25de90a8b4234cdd9f459bf44de5f72b
0.0,36388243,2,18194121.5,18194121.5,18157572,18230671,51688.8,PushPop,":batch=bf407e2468984f448c5a9bcbbeb713a9 phase=decode requests=dfa53ed7b1db427c979733175e83eed5,1b90b5029a8e4095a0953f707b492bc0,2b642560cfbc46a3b415e89ad3a03675,1d3635c1d1b8417da02febe5bb56858c"
0.0,36386472,2,18193236.0,18193236.0,18154916,18231556,54192.7,PushPop,:batch=a6199e5611a849689dd02ed9a8286325 phase=decode requests=25de90a8b4234cdd9f459bf44de5f72b
0.0,36385987,2,18192993.5,18192993.5,18165150,18220837,39376.7,PushPop,:batch=8f5362e5a169478d9b44378a94030505 phase=decode requests=25de90a8b4234cdd9f459bf44de5f72b
0.0,36385809,2,18192904.5,18192904.5,18159442,18226367,47323.1,PushPop,:batch=b385fbdb730947f1b9fd2964c8730092 phase=decode requests=25de90a8b4234cdd9f459bf44de5f72b
0.0,36385299,2,18192649.5,18192649.5,18166193,18219106,37415.1,PushPop,:batch=930972bc3346422390cd0c6c4a1be131 phase=decode requests=25de90a8b4234cdd9f459bf44de5f72b
0.0,36384125,2,18192062.5,18192062.5,18166377,18217748,36324.8,PushPop,:batch=f438c44e97b24a59b989fa75c01f5de1 phase=decode requests=25de90a8b4234cdd9f459bf44de5f72b
0.0,36383339,2,18191669.5,18191669.5,18162255,18221084,41598.4,PushPop,:batch=7b8899b838a04fba8ad69dae7146cb81 phase=decode requests=25de90a8b4234cdd9f459bf44de5f72b
0.0,36382401,2,18191200.5,18191200.5,18157537,18224864,47607.4,PushPop,:batch=2915fdb2b28a43c0b80940529f3d71e4 phase=decode requests=25de90a8b4234cdd9f459bf44de5f72b
0.0,36381611,2,18190805.5,18190805.5,18161445,18220166,41522.0,PushPop,:batch=ccdbbf2d842f44c8b76efdab3cd6416c phase=decode requests=25de90a8b4234cdd9f459bf44de5f72b
0.0,36381145,2,18190572.5,18190572.5,18160663,18220482,42298.4,PushPop,:batch=23631c7428ae4018b8df1efa64c33d66 phase=decode requests=25de90a8b4234cdd9f459bf44de5f72b
0.0,36380781,2,18190390.5,18190390.5,18160402,18220379,42410.1,PushPop,:batch=3e9819d59ca24c48aac25b5ba8dceb86 phase=decode requests=25de90a8b4234cdd9f459bf44de5f72b
0.0,36380731,2,18190365.5,18190365.5,18170086,18210645,28679.5,PushPop,:batch=592448559d694c3598a073f83307cb85 phase=decode requests=25de90a8b4234cdd9f459bf44de5f72b
0.0,36380390,2,18190195.0,18190195.0,18153167,18227223,52365.5,PushPop,:batch=4e69bcf4083d4e908125c8dacc9978be phase=decode requests=25de90a8b4234cdd9f459bf44de5f72b
0.0,36380378,2,18190189.0,18190189.0,18158921,18221457,44219.6,PushPop,:batch=26607c78e5344fcfb1a038ae8a09d67d phase=decode requests=25de90a8b4234cdd9f459bf44de5f72b
0.0,36380264,2,18190132.0,18190132.0,18148355,18231909,59081.6,PushPop,:batch=0de0e7012c0743a88de60a9ecbf81779 phase=decode requests=25de90a8b4234cdd9f459bf44de5f72b
0.0,36379864,2,18189932.0,18189932.0,18156451,18223413,47349.3,PushPop,:batch=c70ecaf3f30c4613968b0e4c0238ffe6 phase=decode requests=25de90a8b4234cdd9f459bf44de5f72b
0.0,36379371,2,18189685.5,18189685.5,18164570,18214801,35518.7,PushPop,:batch=3781a12bdd284d6db1375d2da19e27be phase=decode requests=25de90a8b4234cdd9f459bf44de5f72b
0.0,36378796,2,18189398.0,18189398.0,18157117,18221679,45652.2,PushPop,:batch=4fb0ce4f30674e2c9d6ebfb1d04c5415 phase=decode requests=25de90a8b4234cdd9f459bf44de5f72b
0.0,36378495,2,18189247.5,18189247.5,18168679,18209816,29088.3,PushPop,:batch=ba4b7a253c0246919e750f0b9bb53dd1 phase=decode requests=25de90a8b4234cdd9f459bf44de5f72b
0.0,36377988,2,18188994.0,18188994.0,18152719,18225269,51300.6,PushPop,:batch=0f81404f2d1e4ccab9cb91fcb44b166e phase=decode requests=25de90a8b4234cdd9f459bf44de5f72b
0.0,36377929,2,18188964.5,18188964.5,18155591,18222338,47197.3,PushPop,:batch=119e151a34e84646897f8fe572f9825d phase=decode requests=25de90a8b4234cdd9f459bf44de5f72b
0.0,36376958,2,18188479.0,18188479.0,18159290,18217668,41279.5,PushPop,:batch=f83f97981a4140ccaf2bc8f9f0b19ac7 phase=decode requests=25de90a8b4234cdd9f459bf44de5f72b
0.0,36376505,2,18188252.5,18188252.5,18166443,18210062,30843.3,PushPop,:batch=8e9b639d496d415b84d67ca680bd9ff3 phase=decode requests=25de90a8b4234cdd9f459bf44de5f72b
0.0,36376481,2,18188240.5,18188240.5,18163137,18213344,35501.7,PushPop,:batch=1931621930384460bda1b5f740eb35f0 phase=decode requests=25de90a8b4234cdd9f459bf44de5f72b
0.0,36376110,2,18188055.0,18188055.0,18161059,18215051,38178.1,PushPop,:batch=50a3ef77e1c44f4aaf5e8acab72569f4 phase=decode requests=25de90a8b4234cdd9f459bf44de5f72b
0.0,36375437,2,18187718.5,18187718.5,18158255,18217182,41667.7,PushPop,:batch=069ac40cb38741c391830910f120d290 phase=decode requests=25de90a8b4234cdd9f459bf44de5f72b
0.0,36375232,2,18187616.0,18187616.0,18145018,18230214,60242.7,PushPop,:batch=3d96f659fa4a4842bf6d16721f59192a phase=decode requests=25de90a8b4234cdd9f459bf44de5f72b
0.0,36373666,2,18186833.0,18186833.0,18149156,18224510,53283.3,PushPop,:batch=64708931da064bce957ad100c8686d31 phase=decode requests=25de90a8b4234cdd9f459bf44de5f72b
0.0,36373620,2,18186810.0,18186810.0,18151063,18222557,50553.9,PushPop,:batch=24bb2b2be4c5474282f1894c7701fe6b phase=decode requests=25de90a8b4234cdd9f459bf44de5f72b
0.0,36373282,2,18186641.0,18186641.0,18150316,18222966,51371.3,PushPop,:batch=4ccba59651a5407ab56f4184fce4ecc9 phase=decode requests=25de90a8b4234cdd9f459bf44de5f72b
0.0,36372607,2,18186303.5,18186303.5,18156778,18215829,41755.4,PushPop,:batch=53cb7bdc2a5e44d484e1d46a7cde4ec4 phase=decode requests=25de90a8b4234cdd9f459bf44de5f72b
0.0,36372037,2,18186018.5,18186018.5,18156022,18216015,42421.5,PushPop,:batch=77f256930d8a4dc99e009c4257f46c4e phase=decode requests=25de90a8b4234cdd9f459bf44de5f72b
0.0,36371613,2,18185806.5,18185806.5,18160386,18211227,35950.0,PushPop,:batch=d0a4f56bedb742a5b954c1217ac38077 phase=decode requests=25de90a8b4234cdd9f459bf44de5f72b
0.0,36370749,2,18185374.5,18185374.5,18155564,18215185,42158.4,PushPop,:batch=98cae12adcfe46cfa9e72a2d0c638b57 phase=decode requests=25de90a8b4234cdd9f459bf44de5f72b
0.0,36370644,2,18185322.0,18185322.0,18158533,18212111,37885.4,PushPop,:batch=8a0784480b97419f80445b4ae7962bc3 phase=decode requests=25de90a8b4234cdd9f459bf44de5f72b
0.0,36368633,2,18184316.5,18184316.5,18141971,18226662,59885.6,PushPop,:batch=fd91f22c8b324d49a269b44bbba9cd38 phase=decode requests=25de90a8b4234cdd9f459bf44de5f72b
0.0,36367920,2,18183960.0,18183960.0,18147425,18220495,51668.3,PushPop,:batch=b21a5375c6924321aa2df24515318e84 phase=decode requests=25de90a8b4234cdd9f459bf44de5f72b
0.0,36367812,2,18183906.0,18183906.0,18155620,18212192,40002.4,PushPop,:batch=cde80f9670cb4b83b27129f9c2ef0464 phase=decode requests=25de90a8b4234cdd9f459bf44de5f72b
0.0,36367368,2,18183684.0,18183684.0,18150460,18216908,46985.8,PushPop,:batch=b9dc74387d9e42749d8385ecffb6d768 phase=decode requests=25de90a8b4234cdd9f459bf44de5f72b
0.0,36366853,2,18183426.5,18183426.5,18154206,18212647,41324.0,PushPop,:batch=9b46faebd1c54c55a9bbdcc1c20a22b1 phase=decode requests=25de90a8b4234cdd9f459bf44de5f72b
0.0,36366550,2,18183275.0,18183275.0,18151588,18214962,44812.2,PushPop,:batch=f0da44430e8249d09dea9b92a71e1801 phase=decode requests=25de90a8b4234cdd9f459bf44de5f72b
0.0,36366316,2,18183158.0,18183158.0,18151427,18214889,44874.4,PushPop,:batch=1723f84d272f45feb649e9692bafd348 phase=decode requests=25de90a8b4234cdd9f459bf44de5f72b
0.0,36365594,2,18182797.0,18182797.0,18135957,18229637,66241.8,PushPop,:batch=aca282aa08904553a5fa6721e4c394c0 phase=decode requests=25de90a8b4234cdd9f459bf44de5f72b
0.0,36365353,2,18182676.5,18182676.5,18143422,18221931,55514.2,PushPop,:batch=7d29499265dd451a8b5d01c9ab998934 phase=decode requests=25de90a8b4234cdd9f459bf44de5f72b
0.0,36364217,2,18182108.5,18182108.5,18145232,18218985,52151.2,PushPop,:batch=406ba548c1994facb335b3238de2eaee phase=decode requests=25de90a8b4234cdd9f459bf44de5f72b
0.0,36363092,2,18181546.0,18181546.0,18150875,18212217,43375.3,PushPop,:batch=95b1dbfefae541ac9c3bc1de47eb14e8 phase=decode requests=25de90a8b4234cdd9f459bf44de5f72b
0.0,36363052,2,18181526.0,18181526.0,18140968,18222084,57357.7,PushPop,:batch=f9c2ae92d1d343a0a12c19f655455778 phase=decode requests=25de90a8b4234cdd9f459bf44de5f72b
0.0,36362975,2,18181487.5,18181487.5,18155194,18207781,37184.6,PushPop,:batch=d75688a87ca749e09eb9baf9eaa33518 phase=decode requests=25de90a8b4234cdd9f459bf44de5f72b
0.0,36362834,2,18181417.0,18181417.0,18131152,18231682,71085.4,PushPop,:batch=aa43cbe3c5094b918d427e7cb72f4787 phase=decode requests=25de90a8b4234cdd9f459bf44de5f72b
0.0,36362503,2,18181251.5,18181251.5,18156808,18205695,34568.3,PushPop,:batch=117d10f5f47c4d06aa161c19f49b2993 phase=decode requests=25de90a8b4234cdd9f459bf44de5f72b
0.0,36362371,2,18181185.5,18181185.5,18154708,18207663,37444.8,PushPop,:batch=c2cd74e618fe465f8defb421689c1317 phase=decode requests=25de90a8b4234cdd9f459bf44de5f72b
0.0,36362343,2,18181171.5,18181171.5,18153851,18208492,38637.0,PushPop,:batch=1fc8d106fac141c6bc467dd90787ef2b phase=decode requests=25de90a8b4234cdd9f459bf44de5f72b
0.0,36362122,2,18181061.0,18181061.0,18146962,18215160,48223.3,PushPop,:batch=015d8c25a27a4f8d9639f489451f939b phase=decode requests=25de90a8b4234cdd9f459bf44de5f72b
0.0,36362006,2,18181003.0,18181003.0,18139753,18222253,58336.3,PushPop,:batch=f4a925ed46d6485e823ada10b0d6e2e7 phase=decode requests=25de90a8b4234cdd9f459bf44de5f72b
0.0,36362002,2,18181001.0,18181001.0,18141157,18220845,56347.9,PushPop,:batch=bd2d32e938764d049752ad354097a38c phase=decode requests=25de90a8b4234cdd9f459bf44de5f72b
0.0,36360839,2,18180419.5,18180419.5,18152647,18208192,39276.2,PushPop,:batch=c77e80c553c847cd9e7c1c1f3e8ce28d phase=decode requests=25de90a8b4234cdd9f459bf44de5f72b
0.0,36360358,2,18180179.0,18180179.0,18147616,18212742,46051.0,PushPop,:batch=6148693f4be24174b5b1fe5f7bba1b21 phase=decode requests=25de90a8b4234cdd9f459bf44de5f72b
0.0,36358763,2,18179381.5,18179381.5,18160116,18198647,27245.5,PushPop,:batch=3409efc0db8443acb0f78a4aa7e7f5cf phase=decode requests=25de90a8b4234cdd9f459bf44de5f72b
0.0,36358740,2,18179370.0,18179370.0,18156726,18202014,32023.5,PushPop,:batch=4987f8f76eac425993425c524fc5d3f4 phase=decode requests=25de90a8b4234cdd9f459bf44de5f72b
0.0,36358001,2,18179000.5,18179000.5,18155208,18202793,33647.7,PushPop,:batch=0fd1e089c3b94a8388e9c30bc747de60 phase=decode requests=25de90a8b4234cdd9f459bf44de5f72b
0.0,36357436,2,18178718.0,18178718.0,18155763,18201673,32463.3,PushPop,:batch=6c822624dc4049249435a230bef84378 phase=decode requests=25de90a8b4234cdd9f459bf44de5f72b
0.0,36355547,2,18177773.5,18177773.5,18144656,18210891,46835.2,PushPop,:batch=347fc66ab76543dabc510e880851b8cf phase=decode requests=25de90a8b4234cdd9f459bf44de5f72b
0.0,36355507,2,18177753.5,18177753.5,18157934,18197573,28029.0,PushPop,:batch=9835ac51acc9446eaec33df7d4e5c79d phase=decode requests=25de90a8b4234cdd9f459bf44de5f72b
0.0,36355465,2,18177732.5,18177732.5,18140429,18215036,52755.1,PushPop,:batch=969d251b08c2482b897ff98f188d0668 phase=decode requests=25de90a8b4234cdd9f459bf44de5f72b
0.0,36354371,2,18177185.5,18177185.5,18148377,18205994,40741.4,PushPop,:batch=1f84189568c645108bfc3ea228460b05 phase=decode requests=25de90a8b4234cdd9f459bf44de5f72b
0.0,36353292,2,18176646.0,18176646.0,18140071,18213221,51724.9,PushPop,:batch=db5e207d66bb46bc8b2c72c6b2c633b9 phase=decode requests=25de90a8b4234cdd9f459bf44de5f72b
0.0,36353170,2,18176585.0,18176585.0,18142537,18210633,48151.1,PushPop,:batch=5bca33c5073c42deaac81adab7a72786 phase=decode requests=25de90a8b4234cdd9f459bf44de5f72b
0.0,36352835,2,18176417.5,18176417.5,18139002,18213833,52913.5,PushPop,:batch=5ae6983ecdf14a56aad749b7c044bfb2 phase=decode requests=25de90a8b4234cdd9f459bf44de5f72b
0.0,36351196,2,18175598.0,18175598.0,18142938,18208258,46188.2,PushPop,:batch=a8debfd805744457b327c57c63670e31 phase=decode requests=25de90a8b4234cdd9f459bf44de5f72b
0.0,36350679,2,18175339.5,18175339.5,18142653,18208026,46225.7,PushPop,:batch=ace71e04a13447a5931fc8241357b186 phase=decode requests=25de90a8b4234cdd9f459bf44de5f72b
0.0,36350008,2,18175004.0,18175004.0,18141309,18208699,47651.9,PushPop,:batch=8f77bc3113d3425ca0dd0d03a3132199 phase=decode requests=25de90a8b4234cdd9f459bf44de5f72b
0.0,36349860,2,18174930.0,18174930.0,18136436,18213424,54438.7,PushPop,:batch=1e2fb492b8bb4f5b96495764ef71c4ac phase=decode requests=25de90a8b4234cdd9f459bf44de5f72b
0.0,36349831,2,18174915.5,18174915.5,18147214,18202617,39175.8,PushPop,:batch=75abe8e0ee5f4d9197be018ed9e7c36e phase=decode requests=25de90a8b4234cdd9f459bf44de5f72b
0.0,36349685,2,18174842.5,18174842.5,18150706,18198979,34134.2,PushPop,:batch=ea2ae150122a4c9a806d094d30c587b3 phase=decode requests=25de90a8b4234cdd9f459bf44de5f72b
0.0,36349497,2,18174748.5,18174748.5,18141078,18208419,47617.3,PushPop,:batch=70d9ec73e20f49178cb04a5ab84471ea phase=decode requests=25de90a8b4234cdd9f459bf44de5f72b
0.0,36349333,2,18174666.5,18174666.5,18144452,18204881,42729.8,PushPop,:batch=ab0901851445463c8fd4885632ea9dc4 phase=decode requests=25de90a8b4234cdd9f459bf44de5f72b
0.0,36348984,2,18174492.0,18174492.0,18147034,18201950,38831.5,PushPop,:batch=cba9401384894cd3a1ac8feda96311d0 phase=decode requests=25de90a8b4234cdd9f459bf44de5f72b
0.0,36348780,2,18174390.0,18174390.0,18141378,18207402,46686.0,PushPop,:batch=404e075e61ea4d7490ba87a08e32ea50 phase=decode requests=25de90a8b4234cdd9f459bf44de5f72b
0.0,36348013,2,18174006.5,18174006.5,18148139,18199874,36582.2,PushPop,:batch=a320dff091284d5c91fa6f719e5efb60 phase=decode requests=25de90a8b4234cdd9f459bf44de5f72b
0.0,36346858,2,18173429.0,18173429.0,18139898,18206960,47420.0,PushPop,:batch=77c9879808c34cef948f4d3c3532332b phase=decode requests=25de90a8b4234cdd9f459bf44de5f72b
0.0,36346082,2,18173041.0,18173041.0,18126823,18219259,65362.1,PushPop,:batch=613d51aed4cd49fda26513096e21fc6f phase=decode requests=25de90a8b4234cdd9f459bf44de5f72b
0.0,36345660,2,18172830.0,18172830.0,18134483,18211177,54230.8,PushPop,:batch=646352f99d3f4f539b6422165b0f3712 phase=decode requests=25de90a8b4234cdd9f459bf44de5f72b
0.0,36344919,2,18172459.5,18172459.5,18135297,18209622,52555.7,PushPop,:batch=745d50177dfe4f1fb0599e25cae1e7a3 phase=decode requests=25de90a8b4234cdd9f459bf44de5f72b
0.0,36344602,2,18172301.0,18172301.0,18132924,18211678,55687.5,PushPop,:batch=637b69a1d12f4fd589d9b831f30a798a phase=decode requests=25de90a8b4234cdd9f459bf44de5f72b
0.0,36344521,2,18172260.5,18172260.5,18146511,18198010,36415.3,PushPop,:batch=970cd0c3cc54466382e954eedeb1efd9 phase=decode requests=25de90a8b4234cdd9f459bf44de5f72b
0.0,36344020,2,18172010.0,18172010.0,18144947,18199073,38272.9,PushPop,:batch=bc521fd74dca44448c355c63ce813178 phase=decode requests=25de90a8b4234cdd9f459bf44de5f72b
0.0,36343221,2,18171610.5,18171610.5,18139642,18203579,45210.3,PushPop,:batch=899645652c3d43a4a8a38d96f8139acc phase=decode requests=25de90a8b4234cdd9f459bf44de5f72b
0.0,36342866,2,18171433.0,18171433.0,18132677,18210189,54809.3,PushPop,:batch=e108e111aee34d8c865f880ce232af11 phase=decode requests=25de90a8b4234cdd9f459bf44de5f72b
0.0,36342696,2,18171348.0,18171348.0,18141313,18201383,42475.9,PushPop,:batch=0812eab7bea64cb48f8907b6ec41137d phase=decode requests=25de90a8b4234cdd9f459bf44de5f72b
0.0,36342403,2,18171201.5,18171201.5,18142149,18200254,41086.4,PushPop,:batch=336c91971098488295b6fcbc24795065 phase=decode requests=25de90a8b4234cdd9f459bf44de5f72b
0.0,36342356,2,18171178.0,18171178.0,18128280,18214076,60666.9,PushPop,:batch=2d46d25812ce4e03973b35ddc91453b5 phase=decode requests=25de90a8b4234cdd9f459bf44de5f72b
0.0,36342264,2,18171132.0,18171132.0,18143923,18198341,38479.3,PushPop,:batch=7dfaf1dd64b944a9afd211c836c17d00 phase=decode requests=25de90a8b4234cdd9f459bf44de5f72b
0.0,36341783,2,18170891.5,18170891.5,18136631,18205152,48451.7,PushPop,:batch=844e9d81ff6a46c7b13a61014c27f32c phase=decode requests=25de90a8b4234cdd9f459bf44de5f72b
0.0,36341325,2,18170662.5,18170662.5,18144419,18196906,37113.9,PushPop,:batch=2b57308f335e46bb83954353bd1c642f phase=decode requests=25de90a8b4234cdd9f459bf44de5f72b
0.0,36340303,2,18170151.5,18170151.5,18144693,18195610,36003.8,PushPop,:batch=fc1973afe34e41babde305a8ac9e1267 phase=decode requests=25de90a8b4234cdd9f459bf44de5f72b
0.0,36340148,2,18170074.0,18170074.0,18142736,18197412,38661.8,PushPop,:batch=19eee62d21fb49b09aeeae039a08d3a1 phase=decode requests=25de90a8b4234cdd9f459bf44de5f72b
0.0,36340036,2,18170018.0,18170018.0,18124001,18216035,65077.9,PushPop,:batch=06ded109dae34a78befb52990571f221 phase=decode requests=25de90a8b4234cdd9f459bf44de5f72b
0.0,36339677,2,18169838.5,18169838.5,18123578,18216099,65422.2,PushPop,:batch=7eefaa2f5a984f79a0c9108fc033db19 phase=decode requests=25de90a8b4234cdd9f459bf44de5f72b
0.0,36339072,2,18169536.0,18169536.0,18135327,18203745,48378.8,PushPop,:batch=c957177d6d944df1bfc0e1e8622443a5 phase=decode requests=25de90a8b4234cdd9f459bf44de5f72b
0.0,36339026,2,18169513.0,18169513.0,18147227,18191799,31517.2,PushPop,:batch=54da6fb815cd438abd5f4e301f2935d7 phase=decode requests=25de90a8b4234cdd9f459bf44de5f72b
0.0,36338182,2,18169091.0,18169091.0,18133768,18204414,49954.3,PushPop,:batch=97e4daea60e9412197f4d75a920d1f03 phase=decode requests=25de90a8b4234cdd9f459bf44de5f72b
0.0,36337861,2,18168930.5,18168930.5,18136702,18201159,45578.0,PushPop,:batch=e3fbe19977574769883face6a63e715d phase=decode requests=25de90a8b4234cdd9f459bf44de5f72b
0.0,36337337,2,18168668.5,18168668.5,18152169,18185168,23333.8,PushPop,:batch=da87276e919d4a83ad43fdb9e73fdf3f phase=decode requests=25de90a8b4234cdd9f459bf44de5f72b
0.0,36337314,2,18168657.0,18168657.0,18136573,18200741,45373.6,PushPop,:batch=79d23616834f41d19db992831cabf318 phase=decode requests=25de90a8b4234cdd9f459bf44de5f72b
0.0,36337156,2,18168578.0,18168578.0,18134908,18202248,47616.6,PushPop,:batch=13b1caadc20f4e539d19d07df5d5282c phase=decode requests=25de90a8b4234cdd9f459bf44de5f72b
0.0,36336743,2,18168371.5,18168371.5,18137028,18199715,44326.4,PushPop,:batch=972e4ea2b0004633bae91130385961a2 phase=decode requests=25de90a8b4234cdd9f459bf44de5f72b
0.0,36336514,2,18168257.0,18168257.0,18138340,18198174,42309.0,PushPop,:batch=37abd214366f440b83b655511b83f198 phase=decode requests=25de90a8b4234cdd9f459bf44de5f72b
0.0,36335509,2,18167754.5,18167754.5,18124198,18211311,61598.2,PushPop,:batch=65f943d8d51445f689deb67480b791a8 phase=decode requests=25de90a8b4234cdd9f459bf44de5f72b
0.0,36335121,2,18167560.5,18167560.5,18138964,18196157,40441.6,PushPop,:batch=7d6e8f91152849958de06f3f069a770d phase=decode requests=25de90a8b4234cdd9f459bf44de5f72b
0.0,36335101,2,18167550.5,18167550.5,18127670,18207431,56399.5,PushPop,:batch=93b3420f00d543069433b572e2546960 phase=decode requests=25de90a8b4234cdd9f459bf44de5f72b
0.0,36333640,2,18166820.0,18166820.0,18132584,18201056,48417.0,PushPop,:batch=50e9258898744a3d90720a0552104da9 phase=decode requests=25de90a8b4234cdd9f459bf44de5f72b
0.0,36332634,2,18166317.0,18166317.0,18133325,18199309,46657.7,PushPop,:batch=c97586c05de7499aa2e3d6603b0aecc9 phase=decode requests=25de90a8b4234cdd9f459bf44de5f72b
0.0,36332409,2,18166204.5,18166204.5,18121949,18210460,62586.7,PushPop,:batch=2a2fbaa6e75f4a4eb92cbce72f161697 phase=decode requests=25de90a8b4234cdd9f459bf44de5f72b
0.0,36331113,2,18165556.5,18165556.5,18135941,18195172,41882.6,PushPop,:batch=a29908bae3d14bc6afdc8aa9f8ab8ff6 phase=decode requests=25de90a8b4234cdd9f459bf44de5f72b
0.0,36331112,2,18165556.0,18165556.0,18140423,18190689,35543.4,PushPop,:batch=7b75df2b1eef44008eb03b566f1419fc phase=decode requests=25de90a8b4234cdd9f459bf44de5f72b
0.0,36330424,2,18165212.0,18165212.0,18131399,18199025,47818.8,PushPop,:batch=1466a35ac62944f6b616cbe63d4ae7f4 phase=decode requests=25de90a8b4234cdd9f459bf44de5f72b
0.0,36330190,2,18165095.0,18165095.0,18141286,18188904,33671.0,PushPop,:batch=9553a4a02ec14f4da2ea0ffefb9be78f phase=decode requests=25de90a8b4234cdd9f459bf44de5f72b
0.0,36330116,2,18165058.0,18165058.0,18135110,18195006,42352.9,PushPop,:batch=e88e9e07cb9e46bdbb9d671657b7d031 phase=decode requests=25de90a8b4234cdd9f459bf44de5f72b
0.0,36329919,2,18164959.5,18164959.5,18142980,18186939,31083.7,PushPop,:batch=5b0b9059b0d24196bc38e59e8ac9b907 phase=decode requests=25de90a8b4234cdd9f459bf44de5f72b
0.0,36329571,2,18164785.5,18164785.5,18131797,18197774,46652.8,PushPop,:batch=902edfa5c18a435389ef3e38576e9ac7 phase=decode requests=25de90a8b4234cdd9f459bf44de5f72b
0.0,36329294,2,18164647.0,18164647.0,18129770,18199524,49323.5,PushPop,:batch=8cbe27880af54067a8905e7b98ea4e3d phase=decode requests=25de90a8b4234cdd9f459bf44de5f72b
0.0,36329013,2,18164506.5,18164506.5,18131810,18197203,46239.8,PushPop,:batch=89ea8f1f212042a6aa339044f0954be1 phase=decode requests=25de90a8b4234cdd9f459bf44de5f72b
0.0,36328961,2,18164480.5,18164480.5,18137646,18191315,37949.7,PushPop,:batch=258f1df6602442658d736fb546bf6f85 phase=decode requests=25de90a8b4234cdd9f459bf44de5f72b
0.0,36328589,2,18164294.5,18164294.5,18131949,18196640,45743.4,PushPop,:batch=b38e7de1a2eb45a28d50b6565efd4cf7 phase=decode requests=25de90a8b4234cdd9f459bf44de5f72b
0.0,36328434,2,18164217.0,18164217.0,18123122,18205312,58117.1,PushPop,:batch=013dca081a5b49f4a53128dcde8aa819 phase=decode requests=25de90a8b4234cdd9f459bf44de5f72b
0.0,36328333,2,18164166.5,18164166.5,18138090,18190243,36877.7,PushPop,:batch=a3229d46245a4b7eb9ede5a3942a3d6e phase=decode requests=25de90a8b4234cdd9f459bf44de5f72b
0.0,36328138,2,18164069.0,18164069.0,18127366,18200772,51905.9,PushPop,:batch=a6e2c92dfade4c0daa56f2eb63ffe848 phase=decode requests=25de90a8b4234cdd9f459bf44de5f72b
0.0,36327953,2,18163976.5,18163976.5,18129471,18198482,48798.1,PushPop,:batch=70d7c1efcdb54f23beffa57f40dc596a phase=decode requests=25de90a8b4234cdd9f459bf44de5f72b
0.0,36327887,2,18163943.5,18163943.5,18127795,18200092,51121.7,PushPop,:batch=dc6cf7f0c08148f9b6403a70dd0c63fd phase=decode requests=25de90a8b4234cdd9f459bf44de5f72b
0.0,36327465,2,18163732.5,18163732.5,18128786,18198679,49421.8,PushPop,:batch=db54d88794b540d7af925009d5c0854e phase=decode requests=25de90a8b4234cdd9f459bf44de5f72b
0.0,36327430,2,18163715.0,18163715.0,18131888,18195542,45010.2,PushPop,:batch=d43d30e3fe5848e9be86c6eed7c59f0e phase=decode requests=25de90a8b4234cdd9f459bf44de5f72b
0.0,36326718,2,18163359.0,18163359.0,18129626,18197092,47705.7,PushPop,:batch=0f8a0a18ad0d4b60b0d030a652f8fce9 phase=decode requests=25de90a8b4234cdd9f459bf44de5f72b
0.0,36325985,2,18162992.5,18162992.5,18118888,18207097,62373.2,PushPop,:batch=fd0c512cd8054f69863317e19e1dc6cb phase=decode requests=25de90a8b4234cdd9f459bf44de5f72b
0.0,36325981,2,18162990.5,18162990.5,18132582,18193399,43004.1,PushPop,:batch=5ab89bdf26be4246b6122f32f4c4d780 phase=decode requests=25de90a8b4234cdd9f459bf44de5f72b
0.0,36324698,2,18162349.0,18162349.0,18134771,18189927,39001.2,PushPop,:batch=acc5dd546b6b4e1d93018c1f065ce672 phase=decode requests=25de90a8b4234cdd9f459bf44de5f72b
0.0,36324635,2,18162317.5,18162317.5,18135635,18189000,37734.8,PushPop,:batch=dc7425ef326843f6bc37684892360e55 phase=decode requests=25de90a8b4234cdd9f459bf44de5f72b
0.0,36324109,2,18162054.5,18162054.5,18128206,18195903,47869.0,PushPop,:batch=8b30ef183c264f64be5b36d60c83fc04 phase=decode requests=25de90a8b4234cdd9f459bf44de5f72b
0.0,36324034,2,18162017.0,18162017.0,18129825,18194209,45526.4,PushPop,:batch=a6659f0d14fa4c2ba4ea75c09832e5e9 phase=decode requests=25de90a8b4234cdd9f459bf44de5f72b
0.0,36323819,2,18161909.5,18161909.5,18132950,18190869,40954.9,PushPop,:batch=5674d747c8704f1f95e7319e2bd414d3 phase=decode requests=25de90a8b4234cdd9f459bf44de5f72b
0.0,36323761,2,18161880.5,18161880.5,18127801,18195960,48195.7,PushPop,:batch=91a217f92139449abba5517c3f657a9f phase=decode requests=25de90a8b4234cdd9f459bf44de5f72b
0.0,36323357,2,18161678.5,18161678.5,18119667,18203690,59413.2,PushPop,:batch=fba11810dea145a7aaa7c58afd33239f phase=decode requests=25de90a8b4234cdd9f459bf44de5f72b
0.0,36323265,2,18161632.5,18161632.5,18115837,18207428,64764.6,PushPop,:batch=7c043975538b4c238ccae8b54e423e0a phase=decode requests=25de90a8b4234cdd9f459bf44de5f72b
0.0,36322824,2,18161412.0,18161412.0,18130935,18191889,43101.0,PushPop,:batch=d960f1b3d79340f08969a18b13b00834 phase=decode requests=25de90a8b4234cdd9f459bf44de5f72b
0.0,36321574,2,18160787.0,18160787.0,18121721,18199853,55247.7,PushPop,:batch=6cd2643001c143de8f153141c72dc8bd phase=decode requests=25de90a8b4234cdd9f459bf44de5f72b
0.0,36320994,2,18160497.0,18160497.0,18131954,18189040,40365.9,PushPop,:batch=5fbff96427f64d108ee487cf254489bf phase=decode requests=25de90a8b4234cdd9f459bf44de5f72b
0.0,36320070,2,18160035.0,18160035.0,18131695,18188375,40078.8,PushPop,:batch=0b0cdf4febdc47968c72c46af5235dab phase=decode requests=25de90a8b4234cdd9f459bf44de5f72b
0.0,36319770,2,18159885.0,18159885.0,18127243,18192527,46162.8,PushPop,:batch=84d982623acd426d84f306f82fa9a08c phase=decode requests=25de90a8b4234cdd9f459bf44de5f72b
0.0,36319495,2,18159747.5,18159747.5,18147819,18171676,16869.4,PushPop,:batch=4b9878f2fcf84827947d4210cecfa1a9 phase=decode requests=25de90a8b4234cdd9f459bf44de5f72b
0.0,36319349,2,18159674.5,18159674.5,18127757,18191592,45138.2,PushPop,:batch=640a51fa3e1b4d95b700e1c9220cdf2c phase=decode requests=25de90a8b4234cdd9f459bf44de5f72b
0.0,36319194,2,18159597.0,18159597.0,18121844,18197350,53390.8,PushPop,:batch=5a4b99955b6f422e84eef49b793f8cf8 phase=decode requests=25de90a8b4234cdd9f459bf44de5f72b
0.0,36318838,2,18159419.0,18159419.0,18123510,18195328,50783.0,PushPop,:batch=89443d80fd494f009bf0fb96a2a6e083 phase=decode requests=25de90a8b4234cdd9f459bf44de5f72b
0.0,36318116,2,18159058.0,18159058.0,18123194,18194922,50719.4,PushPop,:batch=1ca66bed2998405f894737ed43dca635 phase=decode requests=25de90a8b4234cdd9f459bf44de5f72b
0.0,36317679,2,18158839.5,18158839.5,18122562,18195117,51304.1,PushPop,:batch=050f796648ad4db5b67ad4821c58dcf6 phase=decode requests=25de90a8b4234cdd9f459bf44de5f72b
0.0,36317319,2,18158659.5,18158659.5,18133049,18184270,36218.7,PushPop,:batch=5eebe50bef4c4cfe959f7fd944558158 phase=decode requests=25de90a8b4234cdd9f459bf44de5f72b
0.0,36316919,2,18158459.5,18158459.5,18119967,18196952,54436.6,PushPop,:batch=a798fe30f948463993f851052c5879d3 phase=decode requests=25de90a8b4234cdd9f459bf44de5f72b
0.0,36316276,2,18158138.0,18158138.0,18132257,18184019,36601.3,PushPop,:batch=691297d843894ceeb7146f0cd87caa97 phase=decode requests=25de90a8b4234cdd9f459bf44de5f72b
0.0,36316004,2,18158002.0,18158002.0,18121518,18194486,51596.2,PushPop,:batch=e13d65fdb1544f3f99ea7485b29196af phase=decode requests=25de90a8b4234cdd9f459bf44de5f72b
0.0,36315750,2,18157875.0,18157875.0,18136103,18179647,30790.3,PushPop,:batch=8de0f4cb7e36458f958d7ed59ca73df7 phase=decode requests=25de90a8b4234cdd9f459bf44de5f72b
0.0,36315641,2,18157820.5,18157820.5,18128436,18187205,41556.0,PushPop,:batch=8660593a43cc4531aa9ca78a8bcf87ac phase=decode requests=25de90a8b4234cdd9f459bf44de5f72b
0.0,36315457,2,18157728.5,18157728.5,18125139,18190318,46088.5,PushPop,:batch=7bad4aa81c294fc79379bcfe0931e5ad phase=decode requests=25de90a8b4234cdd9f459bf44de5f72b
0.0,36315153,2,18157576.5,18157576.5,18128914,18186239,40534.9,PushPop,:batch=7b875ea89a5947c4b191de3072b47b9f phase=decode requests=25de90a8b4234cdd9f459bf44de5f72b
0.0,36314772,2,18157386.0,18157386.0,18130455,18184317,38086.2,PushPop,:batch=1201167956624d60bbe5c5bf691fba07 phase=decode requests=25de90a8b4234cdd9f459bf44de5f72b
0.0,36314081,2,18157040.5,18157040.5,18126109,18187972,43743.7,PushPop,:batch=10933b1e17e6400a9a5cb9ede496dba0 phase=decode requests=25de90a8b4234cdd9f459bf44de5f72b
0.0,36314041,2,18157020.5,18157020.5,18127722,18186319,41434.3,PushPop,:batch=e07d175feb3143b6876fbc74ad1677c2 phase=decode requests=25de90a8b4234cdd9f459bf44de5f72b
0.0,36313727,2,18156863.5,18156863.5,18121285,18192442,50315.6,PushPop,:batch=1e719df331db46719ebde93736108754 phase=decode requests=25de90a8b4234cdd9f459bf44de5f72b
0.0,36313480,2,18156740.0,18156740.0,18128491,18184989,39950.1,PushPop,:batch=df9acc6d01b44738a7ab3ac419003d55 phase=decode requests=25de90a8b4234cdd9f459bf44de5f72b
0.0,36312822,2,18156411.0,18156411.0,18136846,18175976,27669.1,PushPop,:batch=29d4a90905204a67a62dffac1a2feffa phase=decode requests=25de90a8b4234cdd9f459bf44de5f72b
0.0,36312744,2,18156372.0,18156372.0,18133307,18179437,32618.8,PushPop,:batch=089643c0bd1e4de689b74ac6de5b1b4e phase=decode requests=25de90a8b4234cdd9f459bf44de5f72b
0.0,36312145,2,18156072.5,18156072.5,18127732,18184413,40079.5,PushPop,:batch=457abc0901d849be926a3050856698e2 phase=decode requests=25de90a8b4234cdd9f459bf44de5f72b
0.0,36311597,2,18155798.5,18155798.5,18130189,18181408,36217.3,PushPop,:batch=ee79bb457e7d4384b8138ce72e3aced0 phase=decode requests=25de90a8b4234cdd9f459bf44de5f72b
0.0,36311393,2,18155696.5,18155696.5,18117080,18194313,54612.0,PushPop,:batch=c5ca515a0d854a45ae8dfdfab3ed1a94 phase=decode requests=25de90a8b4234cdd9f459bf44de5f72b
0.0,36311171,2,18155585.5,18155585.5,18121438,18189733,48291.9,PushPop,:batch=d852dc0368d04cf7b69fefabc3cff620 phase=decode requests=25de90a8b4234cdd9f459bf44de5f72b
0.0,36310900,2,18155450.0,18155450.0,18120213,18190687,49832.6,PushPop,:batch=762060194fbe4e40a8994e0769901202 phase=decode requests=25de90a8b4234cdd9f459bf44de5f72b
0.0,36310576,2,18155288.0,18155288.0,18126164,18184412,41187.6,PushPop,:batch=1c9ae349d0be4650af1cfd576189d4c7 phase=decode requests=25de90a8b4234cdd9f459bf44de5f72b
0.0,36310222,2,18155111.0,18155111.0,18130028,18180194,35472.7,PushPop,:batch=1d7d621f1c22414aa97c50b6c5cdcb0b phase=decode requests=25de90a8b4234cdd9f459bf44de5f72b
0.0,36309774,2,18154887.0,18154887.0,18123559,18186215,44304.5,PushPop,:batch=c3cbdc13b2614530be2954e483732860 phase=decode requests=25de90a8b4234cdd9f459bf44de5f72b
0.0,36308456,2,18154228.0,18154228.0,18124746,18183710,41693.8,PushPop,:batch=3a1f8b4dd346444e9cfc16d0126e362b phase=decode requests=25de90a8b4234cdd9f459bf44de5f72b
0.0,36308373,2,18154186.5,18154186.5,18120612,18187761,47481.5,PushPop,:batch=232ac9a5178e4b67b17f194df922b32f phase=decode requests=25de90a8b4234cdd9f459bf44de5f72b
0.0,36308346,2,18154173.0,18154173.0,18127568,18180778,37625.2,PushPop,:batch=89b76552a4d74a8e9dfeb852b7953b5a phase=decode requests=25de90a8b4234cdd9f459bf44de5f72b
0.0,36307876,2,18153938.0,18153938.0,18114367,18193509,55961.8,PushPop,:batch=2c7f15f65acd4cc7bf3012feedc3e340 phase=decode requests=25de90a8b4234cdd9f459bf44de5f72b
0.0,36306766,2,18153383.0,18153383.0,18129427,18177339,33878.9,PushPop,:batch=f3335df89dc94c43bb663619cf05c5b6 phase=decode requests=25de90a8b4234cdd9f459bf44de5f72b
0.0,36306675,2,18153337.5,18153337.5,18124085,18182590,41369.3,PushPop,:batch=ad1c7fe92f1d4f58a96d35cb634453be phase=decode requests=25de90a8b4234cdd9f459bf44de5f72b
0.0,36306103,2,18153051.5,18153051.5,18118755,18187348,48502.6,PushPop,:batch=9bbcf1dc6466471caf9277277ac97785 phase=decode requests=25de90a8b4234cdd9f459bf44de5f72b
0.0,36306030,2,18153015.0,18153015.0,18121522,18184508,44537.8,PushPop,:batch=934512d8c6b448899bf376a48a58c708 phase=decode requests=25de90a8b4234cdd9f459bf44de5f72b
0.0,36305618,2,18152809.0,18152809.0,18111349,18194269,58633.3,PushPop,:batch=94e45051049d42898962483d72332702 phase=decode requests=25de90a8b4234cdd9f459bf44de5f72b
0.0,36305586,2,18152793.0,18152793.0,18116925,18188661,50725.0,PushPop,:batch=f6f752144a104cb59c69de2c533bb4e2 phase=decode requests=25de90a8b4234cdd9f459bf44de5f72b
0.0,36305447,2,18152723.5,18152723.5,18119105,18186342,47543.7,PushPop,:batch=e8c184f009ec41b9989a96f36c920f92 phase=decode requests=25de90a8b4234cdd9f459bf44de5f72b
0.0,36305357,2,18152678.5,18152678.5,18136122,18169235,23414.4,PushPop,:batch=ecc1276ab7e64741a58de9fa45e66edc phase=decode requests=25de90a8b4234cdd9f459bf44de5f72b
0.0,36305064,2,18152532.0,18152532.0,18107125,18197939,64215.2,PushPop,:batch=eb5fedfcd4c24f53ba482dbde94c4496 phase=decode requests=25de90a8b4234cdd9f459bf44de5f72b
0.0,36304110,2,18152055.0,18152055.0,18110347,18193763,58984.0,PushPop,:batch=919ba98b8be74fa38985ee0c7a2d9f4a phase=decode requests=25de90a8b4234cdd9f459bf44de5f72b
0.0,36303755,2,18151877.5,18151877.5,18121900,18181855,42394.6,PushPop,:batch=90020075d91841fc8764394c58167f5c phase=decode requests=25de90a8b4234cdd9f459bf44de5f72b
0.0,36303693,2,18151846.5,18151846.5,18110379,18193314,58643.9,PushPop,:batch=638bc27568c84d0a9f7c575ef4ad96c8 phase=decode requests=25de90a8b4234cdd9f459bf44de5f72b
0.0,36303470,2,18151735.0,18151735.0,18115408,18188062,51374.1,PushPop,:batch=1eb738845fce4805befdd46beffce542 phase=decode requests=25de90a8b4234cdd9f459bf44de5f72b
0.0,36303306,2,18151653.0,18151653.0,18120080,18183226,44651.0,PushPop,:batch=b9264e6240ba46faac6ce8cdf6173e2c phase=decode requests=25de90a8b4234cdd9f459bf44de5f72b
0.0,36303013,2,18151506.5,18151506.5,18120478,18182535,43880.9,PushPop,:batch=7bb3ecc3177345afac8bcc01fcfda80a phase=decode requests=25de90a8b4234cdd9f459bf44de5f72b
0.0,36302860,2,18151430.0,18151430.0,18124922,18177938,37488.0,PushPop,:batch=7e7525a2d14a443792f414c09b2206ce phase=decode requests=25de90a8b4234cdd9f459bf44de5f72b
0.0,36301587,2,18150793.5,18150793.5,18121305,18180282,41703.0,PushPop,:batch=a5271b14ba744272859e94cc87bf8863 phase=decode requests=25de90a8b4234cdd9f459bf44de5f72b
0.0,36301574,2,18150787.0,18150787.0,18121579,18179995,41306.3,PushPop,:batch=e96314f94bde4a0ebf34f6b3ed53cbe0 phase=decode requests=25de90a8b4234cdd9f459bf44de5f72b
0.0,36300210,2,18150105.0,18150105.0,18096743,18203467,75465.3,PushPop,:batch=6bc55e3f0abc4c21a896887c3e3991b2 phase=decode requests=25de90a8b4234cdd9f459bf44de5f72b
0.0,36300127,2,18150063.5,18150063.5,18118678,18181449,44385.8,PushPop,:batch=745773255cae45d991380ec264abcca2 phase=decode requests=25de90a8b4234cdd9f459bf44de5f72b
0.0,36299974,2,18149987.0,18149987.0,18121961,18178013,39634.7,PushPop,:batch=4762c43d489e4991a93f05d5aa99b26f phase=decode requests=25de90a8b4234cdd9f459bf44de5f72b
0.0,36299738,2,18149869.0,18149869.0,18119417,18180321,43065.6,PushPop,:batch=8134fc63d1ed433d9a4da1493f5a5aaf phase=decode requests=25de90a8b4234cdd9f459bf44de5f72b
0.0,36299351,2,18149675.5,18149675.5,18115627,18183724,48151.9,PushPop,:batch=83c6dfaef83f4d4c8e9c42dc4f8c2276 phase=decode requests=25de90a8b4234cdd9f459bf44de5f72b
0.0,36299286,2,18149643.0,18149643.0,18114895,18184391,49141.1,PushPop,:batch=ef083c0710604c19b7a1826c8c1d21dd phase=decode requests=25de90a8b4234cdd9f459bf44de5f72b
0.0,36298750,2,18149375.0,18149375.0,18112088,18186662,52731.8,PushPop,:batch=d8a7aeb8f0244a748b85e6e6c7d63521 phase=decode requests=25de90a8b4234cdd9f459bf44de5f72b
0.0,36298426,2,18149213.0,18149213.0,18116570,18181856,46164.2,PushPop,:batch=1ca22151ada54430b26f0e24be9381cb phase=decode requests=25de90a8b4234cdd9f459bf44de5f72b
0.0,36298233,2,18149116.5,18149116.5,18126341,18171892,32209.4,PushPop,:batch=becbdad989b44cd8be08a9a94f6e6445 phase=decode requests=25de90a8b4234cdd9f459bf44de5f72b
0.0,36298197,2,18149098.5,18149098.5,18127671,18170526,30303.1,PushPop,:batch=e538fc62d9274f32a5cb3387e95a08c5 phase=decode requests=25de90a8b4234cdd9f459bf44de5f72b
0.0,36297283,2,18148641.5,18148641.5,18116359,18180924,45654.3,PushPop,:batch=a902d053fa9b447c9e7294774809ff2a phase=decode requests=25de90a8b4234cdd9f459bf44de5f72b
0.0,36297035,2,18148517.5,18148517.5,18124677,18172358,33715.6,PushPop,:batch=4149c60c3f23474ab33cdb939dab4b7e phase=decode requests=25de90a8b4234cdd9f459bf44de5f72b
0.0,36296242,2,18148121.0,18148121.0,18124700,18171542,33122.3,PushPop,:batch=af5a7deda29f479ab6d41c0cf91dfdf7 phase=decode requests=25de90a8b4234cdd9f459bf44de5f72b
0.0,36296086,2,18148043.0,18148043.0,18114534,18181552,47388.9,PushPop,:batch=6db098c29e154077b3bffc33765e1df2 phase=decode requests=25de90a8b4234cdd9f459bf44de5f72b
0.0,36296046,2,18148023.0,18148023.0,18115608,18180438,45841.7,PushPop,:batch=3d0dfd22afd74b9cad30a4c72c4f7835 phase=decode requests=25de90a8b4234cdd9f459bf44de5f72b
0.0,36295929,2,18147964.5,18147964.5,18115311,18180618,46179.0,PushPop,:batch=2799dccad8d747b5ba51a1711cf77bf2 phase=decode requests=25de90a8b4234cdd9f459bf44de5f72b
0.0,36295742,2,18147871.0,18147871.0,18122420,18173322,35993.1,PushPop,:batch=447a9e8429b04dec8db3801098d04e11 phase=decode requests=25de90a8b4234cdd9f459bf44de5f72b
0.0,36295155,2,18147577.5,18147577.5,18122728,18172427,35142.5,PushPop,:batch=c42c17ea046b4d34b9b4c096b4b03f8c phase=decode requests=25de90a8b4234cdd9f459bf44de5f72b
0.0,36294805,2,18147402.5,18147402.5,18118391,18176414,41028.5,PushPop,:batch=cd32304f5d0e4e9c8f1a5a422a84d63a phase=decode requests=25de90a8b4234cdd9f459bf44de5f72b
0.0,36294604,2,18147302.0,18147302.0,18132513,18162091,20914.8,PushPop,:batch=e465b6fddfaf452081f82ecdf6d96f25 phase=decode requests=25de90a8b4234cdd9f459bf44de5f72b
0.0,36294581,2,18147290.5,18147290.5,18114958,18179623,45725.1,PushPop,:batch=13a0fbad86044dc09a74cce78e4a5bad phase=decode requests=25de90a8b4234cdd9f459bf44de5f72b
0.0,36294058,2,18147029.0,18147029.0,18106560,18187498,57231.8,PushPop,:batch=4a38b0d2bea04ccda84e1c3048192f95 phase=decode requests=25de90a8b4234cdd9f459bf44de5f72b
0.0,36293254,2,18146627.0,18146627.0,18114726,18178528,45114.8,PushPop,:batch=963619a0945440428e23b3fe7cb8efa8 phase=decode requests=25de90a8b4234cdd9f459bf44de5f72b
0.0,36293249,2,18146624.5,18146624.5,18112013,18181236,48948.1,PushPop,:batch=41a3878443254d9a9ecbf96cc6d33e13 phase=decode requests=25de90a8b4234cdd9f459bf44de5f72b
0.0,36293161,2,18146580.5,18146580.5,18108808,18184353,53418.4,PushPop,:batch=d57e29aa4f07467085fc6b1978a8200e phase=decode requests=25de90a8b4234cdd9f459bf44de5f72b
0.0,36292434,2,18146217.0,18146217.0,18113371,18179063,46451.3,PushPop,:batch=c12079a6900f4cd98f9b6f5934775f90 phase=decode requests=25de90a8b4234cdd9f459bf44de5f72b
0.0,36291837,2,18145918.5,18145918.5,18110941,18180896,49465.7,PushPop,:batch=c90e138647964cadb9c953048c9b52cb phase=decode requests=25de90a8b4234cdd9f459bf44de5f72b
0.0,36291366,2,18145683.0,18145683.0,18114225,18177141,44488.3,PushPop,:batch=498d0c888a6f4797a7fc4e1a27bdaac0 phase=decode requests=25de90a8b4234cdd9f459bf44de5f72b
0.0,36290959,2,18145479.5,18145479.5,18114524,18176435,43777.7,PushPop,:batch=50189d00fa0648fcab5d08864bcc8478 phase=decode requests=25de90a8b4234cdd9f459bf44de5f72b
0.0,36290508,2,18145254.0,18145254.0,18109591,18180917,50435.1,PushPop,:batch=2b429b4bf7ae4fc695422f6631ffc37a phase=decode requests=25de90a8b4234cdd9f459bf44de5f72b
0.0,36290489,2,18145244.5,18145244.5,18108883,18181606,51422.9,PushPop,:batch=fd39bf5999784e0e84ff2988261f597e phase=decode requests=25de90a8b4234cdd9f459bf44de5f72b
0.0,36290410,2,18145205.0,18145205.0,18123323,18167087,30945.8,PushPop,:batch=631d3b38d9f84965bfea2d2dd39cea2a phase=decode requests=25de90a8b4234cdd9f459bf44de5f72b
0.0,36290265,2,18145132.5,18145132.5,18117747,18172518,38728.9,PushPop,:batch=573552d86322428bb175eddf14f6dac3 phase=decode requests=25de90a8b4234cdd9f459bf44de5f72b
0.0,36289827,2,18144913.5,18144913.5,18111486,18178341,47273.6,PushPop,:batch=23bc290f6d5449fc940f8d20a82bfa0a phase=decode requests=25de90a8b4234cdd9f459bf44de5f72b
0.0,36289289,2,18144644.5,18144644.5,18122281,18167008,31626.8,PushPop,:batch=b69d6437d6344d3e97802ad9a72c8ff4 phase=decode requests=25de90a8b4234cdd9f459bf44de5f72b
0.0,36289034,2,18144517.0,18144517.0,18104697,18184337,56314.0,PushPop,:batch=7e79389e005143649674ec17290c361b phase=decode requests=25de90a8b4234cdd9f459bf44de5f72b
0.0,36288521,2,18144260.5,18144260.5,18123124,18165397,29891.5,PushPop,:batch=efac84dd4cfe45d9b1041395c9500fc6 phase=decode requests=25de90a8b4234cdd9f459bf44de5f72b
0.0,36288095,2,18144047.5,18144047.5,18111440,18176655,46114.0,PushPop,:batch=a1f4d12aa1a44ea2ae74e0d5de30bd57 phase=decode requests=25de90a8b4234cdd9f459bf44de5f72b
0.0,36287854,2,18143927.0,18143927.0,18105128,18182726,54870.1,PushPop,:batch=bfbafb5299504e59b9fe0e1d0ab61d63 phase=decode requests=25de90a8b4234cdd9f459bf44de5f72b
0.0,36287386,2,18143693.0,18143693.0,18118327,18169059,35872.9,PushPop,:batch=a5bb7b19cd0d49d5ac2d7cee9ffa2e8e phase=decode requests=25de90a8b4234cdd9f459bf44de5f72b
0.0,36287155,2,18143577.5,18143577.5,18106206,18180949,52851.3,PushPop,:batch=748ee06678c64104963a63559a8aff51 phase=decode requests=25de90a8b4234cdd9f459bf44de5f72b
0.0,36286469,2,18143234.5,18143234.5,18113797,18172672,41630.9,PushPop,:batch=304056eeedbd4adca643eb2c84af3ecf phase=decode requests=25de90a8b4234cdd9f459bf44de5f72b
0.0,36286273,2,18143136.5,18143136.5,18115788,18170485,38676.6,PushPop,:batch=1a155d12716848ad89c8058ed4eef7fa phase=decode requests=25de90a8b4234cdd9f459bf44de5f72b
0.0,36286034,2,18143017.0,18143017.0,18116558,18169476,37418.7,PushPop,:batch=84326bcaf67c4848892c61e882945c05 phase=decode requests=25de90a8b4234cdd9f459bf44de5f72b
0.0,36286005,2,18143002.5,18143002.5,18111684,18174321,44291.0,PushPop,:batch=6abcf3cd85d647c88e17fdb51609e2e1 phase=decode requests=25de90a8b4234cdd9f459bf44de5f72b
0.0,36285698,2,18142849.0,18142849.0,18116512,18169186,37246.1,PushPop,:batch=847b36a15f7248a4b231efd5c99864c5 phase=decode requests=25de90a8b4234cdd9f459bf44de5f72b
0.0,36285342,2,18142671.0,18142671.0,18105734,18179608,52236.8,PushPop,:batch=4c4176fe726c4fb689de71d748817a36 phase=decode requests=25de90a8b4234cdd9f459bf44de5f72b
0.0,36285180,2,18142590.0,18142590.0,18098815,18186365,61907.2,PushPop,:batch=c6db90dd1fcf481da157cb0628a82ddb phase=decode requests=25de90a8b4234cdd9f459bf44de5f72b
0.0,36285173,2,18142586.5,18142586.5,18115949,18169224,37671.1,PushPop,:batch=f6b6eb855cc442408a65d83f9e72a2ae phase=decode requests=25de90a8b4234cdd9f459bf44de5f72b
0.0,36285107,2,18142553.5,18142553.5,18116225,18168882,37234.1,PushPop,:batch=8ff76d2acac14780b99c6bf78af52742 phase=decode requests=25de90a8b4234cdd9f459bf44de5f72b
0.0,36284840,2,18142420.0,18142420.0,18113414,18171426,41020.7,PushPop,:batch=223d85c999884770bc902f7aaffab130 phase=decode requests=25de90a8b4234cdd9f459bf44de5f72b
0.0,36284670,2,18142335.0,18142335.0,18103345,18181325,55140.2,PushPop,:batch=cc2c8792668841358f0e8b93a186b7ba phase=decode requests=25de90a8b4234cdd9f459bf44de5f72b
0.0,36284128,2,18142064.0,18142064.0,18103327,18180801,54782.4,PushPop,:batch=9bab12ac472b4a20b2c24a8459766f57 phase=decode requests=25de90a8b4234cdd9f459bf44de5f72b
0.0,36283135,2,18141567.5,18141567.5,18098569,18184566,60809.1,PushPop,:batch=6387f139f62b4e349a6c1f7bc51a0b5d phase=decode requests=25de90a8b4234cdd9f459bf44de5f72b
0.0,36282926,2,18141463.0,18141463.0,18116736,18166190,34969.3,PushPop,:batch=268bf1c43e4842f8a2de91a0df228b20 phase=decode requests=25de90a8b4234cdd9f459bf44de5f72b
0.0,36282422,2,18141211.0,18141211.0,18100671,18181751,57332.2,PushPop,:batch=11549b4faddf452eacd6aed3b1de32e7 phase=decode requests=25de90a8b4234cdd9f459bf44de5f72b
0.0,36282124,2,18141062.0,18141062.0,18103440,18178684,53205.5,PushPop,:batch=1261271f36594d7ba33b93139aa2c68a phase=decode requests=25de90a8b4234cdd9f459bf44de5f72b
0.0,36281239,2,18140619.5,18140619.5,18114167,18167072,37409.5,PushPop,:batch=6400c08dfd66433da983a20aded9371c phase=decode requests=25de90a8b4234cdd9f459bf44de5f72b
0.0,36280364,2,18140182.0,18140182.0,18103398,18176966,52020.4,PushPop,:batch=fed005771e3f43a0a62b20e2232b7cd1 phase=decode requests=25de90a8b4234cdd9f459bf44de5f72b
0.0,36280234,2,18140117.0,18140117.0,18101230,18179004,54994.5,PushPop,:batch=899f50f40d54402398b6d508b7717d36 phase=decode requests=25de90a8b4234cdd9f459bf44de5f72b
0.0,36280063,2,18140031.5,18140031.5,18100648,18179415,55696.7,PushPop,:batch=1261e7f217a54887967cb1ab0da460ca phase=decode requests=25de90a8b4234cdd9f459bf44de5f72b
0.0,36279926,2,18139963.0,18139963.0,18114011,18165915,36701.7,PushPop,:batch=2d1890c3bba4454fbc767387a4a9aaf3 phase=decode requests=25de90a8b4234cdd9f459bf44de5f72b
0.0,36279416,2,18139708.0,18139708.0,18116395,18163021,32969.6,PushPop,:batch=1598e54866b9479a857887515b4b3a14 phase=decode requests=25de90a8b4234cdd9f459bf44de5f72b
0.0,36279110,2,18139555.0,18139555.0,18103950,18175160,50353.1,PushPop,:batch=d616cb35824540838af055b18c989bba phase=decode requests=25de90a8b4234cdd9f459bf44de5f72b
0.0,36278868,2,18139434.0,18139434.0,18103902,18174966,50249.8,PushPop,:batch=f76a4d9be5aa41e3af0fee70da44d39e phase=decode requests=25de90a8b4234cdd9f459bf44de5f72b
0.0,36278218,2,18139109.0,18139109.0,18108735,18169483,42955.3,PushPop,:batch=3b875d0669334d5b8840cf736d198d24 phase=decode requests=25de90a8b4234cdd9f459bf44de5f72b
0.0,36277970,2,18138985.0,18138985.0,18105890,18172080,46803.4,PushPop,:batch=3f6c6ae286ad49f0882d17828e2ba456 phase=decode requests=25de90a8b4234cdd9f459bf44de5f72b
0.0,36277947,2,18138973.5,18138973.5,18104368,18173579,48939.6,PushPop,:batch=3052ddf765ed4f348a7976824c59d502 phase=decode requests=25de90a8b4234cdd9f459bf44de5f72b
0.0,36277877,2,18138938.5,18138938.5,18088570,18189307,71231.8,PushPop,:batch=7a7b87014bb74b93815eda4c788fb80f phase=decode requests=25de90a8b4234cdd9f459bf44de5f72b
0.0,36277787,2,18138893.5,18138893.5,18102192,18175595,51903.8,PushPop,:batch=55a357945e7e42049bb56a6a90749d21 phase=decode requests=25de90a8b4234cdd9f459bf44de5f72b
0.0,36277560,2,18138780.0,18138780.0,18100345,18177215,54355.3,PushPop,:batch=58f3f7d24a67446b86f8733ed6bd2ac9 phase=decode requests=25de90a8b4234cdd9f459bf44de5f72b
0.0,36277440,2,18138720.0,18138720.0,18100316,18177124,54311.5,PushPop,:batch=e2af9fe59278421092788f4119187216 phase=decode requests=25de90a8b4234cdd9f459bf44de5f72b
0.0,36277405,2,18138702.5,18138702.5,18101140,18176265,53121.4,PushPop,:batch=67f1a4fd95a4445eb1c9f02d0bab20b9 phase=decode requests=25de90a8b4234cdd9f459bf44de5f72b
0.0,36277099,2,18138549.5,18138549.5,18102567,18174532,50886.9,PushPop,:batch=5016016c5da34b99afb424f8a9995190 phase=decode requests=25de90a8b4234cdd9f459bf44de5f72b
0.0,36276063,2,18138031.5,18138031.5,18096739,18179324,58396.4,PushPop,:batch=7c340df930184bc78bc9bb88aa479b56 phase=decode requests=25de90a8b4234cdd9f459bf44de5f72b
0.0,36275742,2,18137871.0,18137871.0,18096707,18179035,58214.7,PushPop,:batch=cd67671157174060bd6eaffc0de97807 phase=decode requests=25de90a8b4234cdd9f459bf44de5f72b
0.0,36275068,2,18137534.0,18137534.0,18092351,18182717,63898.4,PushPop,:batch=9310d7b4d02f4ed181ba04a67405ffb6 phase=decode requests=25de90a8b4234cdd9f459bf44de5f72b
0.0,36274787,2,18137393.5,18137393.5,18108168,18166619,41331.1,PushPop,:batch=310f256f01394a3fa567648922542740 phase=decode requests=25de90a8b4234cdd9f459bf44de5f72b
0.0,36274757,2,18137378.5,18137378.5,18100991,18173766,51459.7,PushPop,:batch=8b9ace9c8b6c43fb8fe3599342dd15f8 phase=decode requests=25de90a8b4234cdd9f459bf44de5f72b
0.0,36273691,2,18136845.5,18136845.5,18104192,18169499,46179.0,PushPop,:batch=29c35518e88f4c71b876a78c9d923304 phase=decode requests=25de90a8b4234cdd9f459bf44de5f72b
0.0,36272403,2,18136201.5,18136201.5,18109961,18162442,37109.7,PushPop,:batch=7bca4150e02444c282dd3667c10e9008 phase=decode requests=25de90a8b4234cdd9f459bf44de5f72b
0.0,36272364,2,18136182.0,18136182.0,18116110,18156254,28386.1,PushPop,:batch=d71bc5962dad4192b29f3b2aa4289415 phase=decode requests=25de90a8b4234cdd9f459bf44de5f72b
0.0,36272152,2,18136076.0,18136076.0,18097522,18174630,54523.6,PushPop,:batch=22d3a6015cfe47b3a681be6e9f70732d phase=decode requests=25de90a8b4234cdd9f459bf44de5f72b
0.0,36272111,2,18136055.5,18136055.5,18106670,18165441,41557.4,PushPop,:batch=33bddc04a92d4bcf93505312ae299d09 phase=decode requests=25de90a8b4234cdd9f459bf44de5f72b
0.0,36271777,2,18135888.5,18135888.5,18109258,18162519,37661.2,PushPop,:batch=f339557404b048da802fc36f1116f223 phase=decode requests=25de90a8b4234cdd9f459bf44de5f72b
0.0,36271546,2,18135773.0,18135773.0,18102599,18168947,46915.1,PushPop,:batch=9f4aeecd8cda45a588aa85b40e3af340 phase=decode requests=25de90a8b4234cdd9f459bf44de5f72b
0.0,36271513,2,18135756.5,18135756.5,18106674,18164839,41128.9,PushPop,:batch=81a2077a12a34352b39323c637dd0e42 phase=decode requests=25de90a8b4234cdd9f459bf44de5f72b
0.0,36270909,2,18135454.5,18135454.5,18097376,18173533,53851.1,PushPop,:batch=ad827367ab644cae8a97a0b54da73053 phase=decode requests=25de90a8b4234cdd9f459bf44de5f72b
0.0,36270004,2,18135002.0,18135002.0,18102801,18167203,45539.1,PushPop,:batch=44bcc6d6fd794c078172fff83b6ea1be phase=decode requests=25de90a8b4234cdd9f459bf44de5f72b
0.0,36269729,2,18134864.5,18134864.5,18117752,18151977,24200.7,PushPop,:batch=f64b7b692fc84922b2acfebd13a334ab phase=decode requests=25de90a8b4234cdd9f459bf44de5f72b
0.0,36269272,2,18134636.0,18134636.0,18088036,18181236,65902.4,PushPop,:batch=8964b0e9c23d4dd89c972bfb07617c88 phase=decode requests=25de90a8b4234cdd9f459bf44de5f72b
0.0,36267953,2,18133976.5,18133976.5,18092119,18175834,59195.4,PushPop,:batch=127ba7408c7f453ead39ecf3773136fa phase=decode requests=25de90a8b4234cdd9f459bf44de5f72b
0.0,36267586,2,18133793.0,18133793.0,18096406,18171180,52873.2,PushPop,:batch=b978322edb6040b2890090af05d95b36 phase=decode requests=25de90a8b4234cdd9f459bf44de5f72b
0.0,36267391,2,18133695.5,18133695.5,18111167,18156224,31860.1,PushPop,:batch=c77e260c8a95477ea1767370535c22e4 phase=decode requests=25de90a8b4234cdd9f459bf44de5f72b
0.0,36266980,2,18133490.0,18133490.0,18109160,18157820,34407.8,PushPop,:batch=540cc8006c204e0389d9cc9c1252a692 phase=decode requests=25de90a8b4234cdd9f459bf44de5f72b
0.0,36266889,2,18133444.5,18133444.5,18110180,18156709,32901.0,PushPop,:batch=435f1d81522d4696bf06e7c7a1511ce1 phase=decode requests=25de90a8b4234cdd9f459bf44de5f72b
0.0,36266516,2,18133258.0,18133258.0,18108651,18157865,34799.6,PushPop,:batch=84ff4de184e849f7b86c592d0c627525 phase=decode requests=25de90a8b4234cdd9f459bf44de5f72b
0.0,36266198,2,18133099.0,18133099.0,18107567,18158631,36107.7,PushPop,:batch=05197cef739e4104b2ceea4f3cead560 phase=decode requests=25de90a8b4234cdd9f459bf44de5f72b
0.0,36266035,2,18133017.5,18133017.5,18080655,18185380,74051.8,PushPop,:batch=e75c227f13f34c20841b9f2af0079432 phase=decode requests=25de90a8b4234cdd9f459bf44de5f72b
0.0,36265889,2,18132944.5,18132944.5,18101595,18164294,44334.9,PushPop,:batch=fa78879955614acab055557dae5f45de phase=decode requests=25de90a8b4234cdd9f459bf44de5f72b
0.0,36265259,2,18132629.5,18132629.5,18095644,18169615,52305.4,PushPop,:batch=9e427e33d2124c0aaa4336d03840cd71 phase=decode requests=25de90a8b4234cdd9f459bf44de5f72b
0.0,36265013,2,18132506.5,18132506.5,18106307,18158706,37051.7,PushPop,:batch=462d7a787ecb4fa09cc625f2cd73f6bb phase=decode requests=25de90a8b4234cdd9f459bf44de5f72b
0.0,36264928,2,18132464.0,18132464.0,18096988,18167940,50170.6,PushPop,:batch=ca12be24e5b548e7bf3e97f3ebd1e6e5 phase=decode requests=25de90a8b4234cdd9f459bf44de5f72b
0.0,36264887,2,18132443.5,18132443.5,18084916,18179971,67214.0,PushPop,:batch=ddb7859bc12b4a309e1d5c6e36933875 phase=decode requests=25de90a8b4234cdd9f459bf44de5f72b
0.0,36264846,2,18132423.0,18132423.0,18098948,18165898,47340.8,PushPop,:batch=262836acd84f4f7da711ea16ae4ef05d phase=decode requests=25de90a8b4234cdd9f459bf44de5f72b
0.0,36264690,2,18132345.0,18132345.0,18108385,18156305,33884.6,PushPop,:batch=4f7ce4216bcb405fac0f35b1a883018c phase=decode requests=25de90a8b4234cdd9f459bf44de5f72b
0.0,36264541,2,18132270.5,18132270.5,18099945,18164596,45715.2,PushPop,:batch=d1b5b4ef7c894e0789ac600394248a05 phase=decode requests=25de90a8b4234cdd9f459bf44de5f72b
0.0,36264224,2,18132112.0,18132112.0,18092116,18172108,56562.9,PushPop,:batch=6aef46d55477418fa695c1adfee53eef phase=decode requests=25de90a8b4234cdd9f459bf44de5f72b
0.0,36264150,2,18132075.0,18132075.0,18078266,18185884,76097.4,PushPop,:batch=56a4a5eedf1d4ad4b689920bdeeb3bfb phase=decode requests=25de90a8b4234cdd9f459bf44de5f72b
0.0,36264144,2,18132072.0,18132072.0,18101944,18162200,42607.4,PushPop,:batch=ce2a139663b34867b6a1cfe713381516 phase=decode requests=25de90a8b4234cdd9f459bf44de5f72b
0.0,36264019,2,18132009.5,18132009.5,18101122,18162897,43681.5,PushPop,:batch=46c50f09996c4c268c6d43bb57aad3f6 phase=decode requests=25de90a8b4234cdd9f459bf44de5f72b
0.0,36263824,2,18131912.0,18131912.0,18097487,18166337,48684.3,PushPop,:batch=01853b24e84f4eb8b7da8fc7189fa28f phase=decode requests=25de90a8b4234cdd9f459bf44de5f72b
0.0,36263695,2,18131847.5,18131847.5,18090490,18173205,58488.3,PushPop,:batch=8d2419e0620c40879ff902240d943112 phase=decode requests=25de90a8b4234cdd9f459bf44de5f72b
0.0,36263273,2,18131636.5,18131636.5,18098370,18164903,47045.9,PushPop,:batch=f39372e12b0746bc8245292c6091b4d3 phase=decode requests=25de90a8b4234cdd9f459bf44de5f72b
0.0,36263223,2,18131611.5,18131611.5,18101806,18161417,42151.3,PushPop,:batch=ab03c8991e534b48a8fd9a56bcc0d9f1 phase=decode requests=25de90a8b4234cdd9f459bf44de5f72b
0.0,36262947,2,18131473.5,18131473.5,18089067,18173880,59971.8,PushPop,:batch=5c1daab4f05e4f2c937daba15b81a9b6 phase=decode requests=25de90a8b4234cdd9f459bf44de5f72b
0.0,36262901,2,18131450.5,18131450.5,18100801,18162100,43344.9,PushPop,:batch=8163b4aa139d4c4e9cd3649d0a9cb8bf phase=decode requests=25de90a8b4234cdd9f459bf44de5f72b
0.0,36262686,2,18131343.0,18131343.0,18097408,18165278,47991.3,PushPop,:batch=c9d77f1b3ad4442f92ede24a061cf542 phase=decode requests=25de90a8b4234cdd9f459bf44de5f72b
0.0,36261849,2,18130924.5,18130924.5,18096574,18165275,48578.9,PushPop,:batch=1c1937d81ea74c26a8f8e1c794fc6cf2 phase=decode requests=25de90a8b4234cdd9f459bf44de5f72b
0.0,36261777,2,18130888.5,18130888.5,18088563,18173214,59857.3,PushPop,:batch=520fb51cb53a4f51a569e4b92f2b60c3 phase=decode requests=25de90a8b4234cdd9f459bf44de5f72b
0.0,36261653,2,18130826.5,18130826.5,18093646,18168007,52581.2,PushPop,:batch=072f4d730df44cbba3b427611e1f892b phase=decode requests=25de90a8b4234cdd9f459bf44de5f72b
0.0,36261565,2,18130782.5,18130782.5,18093554,18168011,52649.0,PushPop,:batch=0fdefadc711942ab9acd439ba585ced8 phase=decode requests=25de90a8b4234cdd9f459bf44de5f72b
0.0,36261552,2,18130776.0,18130776.0,18088822,18172730,59331.9,PushPop,:batch=da25b3cade6045b5953e78c8d79da913 phase=decode requests=25de90a8b4234cdd9f459bf44de5f72b
0.0,36261261,2,18130630.5,18130630.5,18100737,18160524,42275.8,PushPop,:batch=695071cea9b149ac91b7333db45cef50 phase=decode requests=25de90a8b4234cdd9f459bf44de5f72b
0.0,36260894,2,18130447.0,18130447.0,18087339,18173555,60963.9,PushPop,:batch=cbbc3a90c9254c5a97613cab38819f4f phase=decode requests=25de90a8b4234cdd9f459bf44de5f72b
0.0,36260687,2,18130343.5,18130343.5,18102284,18158403,39682.1,PushPop,:batch=d6b1d00241a24fe0a95a663a2e8e1798 phase=decode requests=25de90a8b4234cdd9f459bf44de5f72b
0.0,36260639,2,18130319.5,18130319.5,18107336,18153303,32503.6,PushPop,:batch=c16cf74982b44fcb8646143aef2ecfc0 phase=decode requests=25de90a8b4234cdd9f459bf44de5f72b
0.0,36260498,2,18130249.0,18130249.0,18096804,18163694,47298.4,PushPop,:batch=a1e981fa32474367b3923f846bb3ade0 phase=decode requests=25de90a8b4234cdd9f459bf44de5f72b
0.0,36260440,2,18130220.0,18130220.0,18109737,18150703,28967.3,PushPop,:batch=4552e898477b4b9fb359cee69e1291eb phase=decode requests=25de90a8b4234cdd9f459bf44de5f72b
0.0,36260019,2,18130009.5,18130009.5,18088836,18171183,58228.1,PushPop,:batch=c4efce1a945842858d1db99b154f4f04 phase=decode requests=25de90a8b4234cdd9f459bf44de5f72b
0.0,36259965,2,18129982.5,18129982.5,18103232,18156733,37830.9,PushPop,:batch=11eca30f6a5244fa9a23e9b2c01a23d6 phase=decode requests=25de90a8b4234cdd9f459bf44de5f72b
0.0,36259534,2,18129767.0,18129767.0,18095779,18163755,48066.3,PushPop,:batch=28dee73997c341e4a359bdb23ff2f047 phase=decode requests=25de90a8b4234cdd9f459bf44de5f72b
0.0,36258167,2,18129083.5,18129083.5,18084333,18173834,63286.8,PushPop,:batch=91a33f342c354b4890cbb6bfccc34ffd phase=decode requests=25de90a8b4234cdd9f459bf44de5f72b
0.0,36258142,2,18129071.0,18129071.0,18086273,18171869,60525.5,PushPop,:batch=356c0bfefb3c4f7581283ff78a98c997 phase=decode requests=25de90a8b4234cdd9f459bf44de5f72b
0.0,36258062,2,18129031.0,18129031.0,18101122,18156940,39469.3,PushPop,:batch=5d3264ef6d0d48e4ad29548fea979563 phase=decode requests=25de90a8b4234cdd9f459bf44de5f72b
0.0,36258016,2,18129008.0,18129008.0,18099458,18158558,41790.0,PushPop,:batch=1a4c276c9f02443b96f6eb7667c530e4 phase=decode requests=25de90a8b4234cdd9f459bf44de5f72b
0.0,36257962,2,18128981.0,18128981.0,18101807,18156155,38429.8,PushPop,:batch=c74d4a1876cc42d4b09a3da6c1e11507 phase=decode requests=25de90a8b4234cdd9f459bf44de5f72b
0.0,36256913,2,18128456.5,18128456.5,18099544,18157369,40888.4,PushPop,:batch=74104ff8a7cd4f778ec16f712572a941 phase=decode requests=25de90a8b4234cdd9f459bf44de5f72b
0.0,36256423,2,18128211.5,18128211.5,18103684,18152739,34687.1,PushPop,:batch=59643364aeea41628b131630661c7a48 phase=decode requests=25de90a8b4234cdd9f459bf44de5f72b
0.0,36256415,2,18128207.5,18128207.5,18105840,18150575,31632.4,PushPop,:batch=3f402c6ce2a4414e84f0df5b1ff9f246 phase=decode requests=25de90a8b4234cdd9f459bf44de5f72b
0.0,36255950,2,18127975.0,18127975.0,18102069,18153881,36636.6,PushPop,:batch=d0e160445fe6478ca5a91f9fe1151b25 phase=decode requests=25de90a8b4234cdd9f459bf44de5f72b
0.0,36255609,2,18127804.5,18127804.5,18092702,18162907,49642.4,PushPop,:batch=6a053427425e4cfa89a1483ee3b18f89 phase=decode requests=25de90a8b4234cdd9f459bf44de5f72b
0.0,36255455,2,18127727.5,18127727.5,18099990,18155465,39226.7,PushPop,:batch=c809036ebaf6481d851ca0cd9a6dfe13 phase=decode requests=25de90a8b4234cdd9f459bf44de5f72b
0.0,36255419,2,18127709.5,18127709.5,18098688,18156731,41042.6,PushPop,:batch=72c3c3b316854cf9889ffeb10323c949 phase=decode requests=25de90a8b4234cdd9f459bf44de5f72b
0.0,36255162,2,18127581.0,18127581.0,18095594,18159568,45236.4,PushPop,:batch=cf8334283da34672b5d4247f04f4493e phase=decode requests=25de90a8b4234cdd9f459bf44de5f72b
0.0,36255158,2,18127579.0,18127579.0,18086112,18169046,58643.2,PushPop,:batch=c00f966599944cf2ab903c5da8642c63 phase=decode requests=25de90a8b4234cdd9f459bf44de5f72b
0.0,36255080,2,18127540.0,18127540.0,18093916,18161164,47551.5,PushPop,:batch=e6b74a9e2125449fafdd630b7d672fef phase=decode requests=25de90a8b4234cdd9f459bf44de5f72b
0.0,36254541,2,18127270.5,18127270.5,18096365,18158176,43707.0,PushPop,:batch=170f5b14e31848888c13265507263cf6 phase=decode requests=25de90a8b4234cdd9f459bf44de5f72b
0.0,36254480,2,18127240.0,18127240.0,18089111,18165369,53922.5,PushPop,:batch=3c7ba36b128743f78ee7dc72a56ea8fc phase=decode requests=25de90a8b4234cdd9f459bf44de5f72b
0.0,36254075,2,18127037.5,18127037.5,18091162,18162913,50735.6,PushPop,:batch=2b600a80b46443c98632781e75240011 phase=decode requests=25de90a8b4234cdd9f459bf44de5f72b
0.0,36253798,2,18126899.0,18126899.0,18093208,18160590,47646.3,PushPop,:batch=d815785bdf9a422c9a79b9ada5cacdb4 phase=decode requests=25de90a8b4234cdd9f459bf44de5f72b
0.0,36253542,2,18126771.0,18126771.0,18091629,18161913,49698.3,PushPop,:batch=4352b8587d5f4229a39bb5500ceec9c6 phase=decode requests=25de90a8b4234cdd9f459bf44de5f72b
0.0,36253507,2,18126753.5,18126753.5,18095883,18157624,43657.5,PushPop,:batch=431d3ad70cc748b3a5aa229cf8cde009 phase=decode requests=25de90a8b4234cdd9f459bf44de5f72b
0.0,36253023,2,18126511.5,18126511.5,18092054,18160969,48730.3,PushPop,:batch=9b59e208a2134f3992406c7cb34dbfb5 phase=decode requests=25de90a8b4234cdd9f459bf44de5f72b
0.0,36252526,2,18126263.0,18126263.0,18089110,18163416,52542.3,PushPop,:batch=e78a971a876545c09cbf8e1ba1023972 phase=decode requests=25de90a8b4234cdd9f459bf44de5f72b
0.0,36252437,2,18126218.5,18126218.5,18091371,18161066,49281.8,PushPop,:batch=842aef98655546cbb627732f3341f770 phase=decode requests=25de90a8b4234cdd9f459bf44de5f72b
0.0,36252255,2,18126127.5,18126127.5,18082907,18169348,61123.0,PushPop,:batch=f3e5ca42a48845de9fb8a8ca11d31963 phase=decode requests=25de90a8b4234cdd9f459bf44de5f72b
0.0,36252205,2,18126102.5,18126102.5,18091339,18160866,49163.0,PushPop,:batch=d9a48fa3923c4ef7badc896b2eb3e82e phase=decode requests=25de90a8b4234cdd9f459bf44de5f72b
0.0,36251914,2,18125957.0,18125957.0,18100027,18151887,36670.6,PushPop,:batch=52305c5affa348f8a1ddc8147efc9b7b phase=decode requests=25de90a8b4234cdd9f459bf44de5f72b
0.0,36251712,2,18125856.0,18125856.0,18094587,18157125,44221.0,PushPop,:batch=e0621f8461fc45d991d349d4a90df6c3 phase=decode requests=25de90a8b4234cdd9f459bf44de5f72b
0.0,36251706,2,18125853.0,18125853.0,18091215,18160491,48985.5,PushPop,:batch=a45cc064336342dd8f5b6df734ef9572 phase=decode requests=25de90a8b4234cdd9f459bf44de5f72b
0.0,36251607,2,18125803.5,18125803.5,18095988,18155619,42165.5,PushPop,:batch=f068bbfd5ef64b12947bfb85509380ea phase=decode requests=25de90a8b4234cdd9f459bf44de5f72b
0.0,36249959,2,18124979.5,18124979.5,18095241,18154718,42056.6,PushPop,:batch=bf4341ef294e44379c462621844e49b9 phase=decode requests=25de90a8b4234cdd9f459bf44de5f72b
0.0,36249618,2,18124809.0,18124809.0,18083392,18166226,58572.5,PushPop,:batch=91cdf45457fc40c2bd01dc0e57304437 phase=decode requests=25de90a8b4234cdd9f459bf44de5f72b
0.0,36249339,2,18124669.5,18124669.5,18099108,18150231,36149.4,PushPop,:batch=6cc15dcc60b8497387b373e377ae5a61 phase=decode requests=25de90a8b4234cdd9f459bf44de5f72b
0.0,36248792,2,18124396.0,18124396.0,18088789,18160003,50355.9,PushPop,:batch=1cc37d3f764d4a2cb63ad65362cedbef phase=decode requests=25de90a8b4234cdd9f459bf44de5f72b
0.0,36248749,2,18124374.5,18124374.5,18096684,18152065,39160.3,PushPop,:batch=d7bb91aed4184ee1aab2326af567117d phase=decode requests=25de90a8b4234cdd9f459bf44de5f72b
0.0,36248510,2,18124255.0,18124255.0,18098700,18149810,36140.2,PushPop,:batch=c5dc595da2684a4e8436645fbb789e2a phase=decode requests=25de90a8b4234cdd9f459bf44de5f72b
0.0,36248262,2,18124131.0,18124131.0,18085923,18162339,54034.3,PushPop,:batch=d31ff44d948a4d12a389c0f60db36d2d phase=decode requests=25de90a8b4234cdd9f459bf44de5f72b
0.0,36247655,2,18123827.5,18123827.5,18097849,18149806,36739.1,PushPop,:batch=9d97111400d74b349c1520a97519301d phase=decode requests=25de90a8b4234cdd9f459bf44de5f72b
0.0,36246813,2,18123406.5,18123406.5,18085668,18161145,53370.3,PushPop,:batch=a87c28424c384dc282d0193a66e46da1 phase=decode requests=25de90a8b4234cdd9f459bf44de5f72b
0.0,36246316,2,18123158.0,18123158.0,18088354,18157962,49220.3,PushPop,:batch=2aa8cb4b7e3649018a30e216b9c5cdc7 phase=decode requests=25de90a8b4234cdd9f459bf44de5f72b
0.0,36245402,2,18122701.0,18122701.0,18082060,18163342,57475.1,PushPop,:batch=04c80201c58e49b894b6ab3f0efd5986 phase=decode requests=25de90a8b4234cdd9f459bf44de5f72b
0.0,36244945,2,18122472.5,18122472.5,18086838,18158107,50394.8,PushPop,:batch=6cb0cf3200a54cc087e427a68f608d95 phase=decode requests=25de90a8b4234cdd9f459bf44de5f72b
0.0,36244875,2,18122437.5,18122437.5,18098129,18146746,34377.4,PushPop,:batch=358ee76eb18c46c2a8c478bcf6aa0591 phase=decode requests=25de90a8b4234cdd9f459bf44de5f72b
0.0,36243805,2,18121902.5,18121902.5,18086667,18157138,49830.5,PushPop,:batch=c9421628fe8141ca99c8d93578136294 phase=decode requests=25de90a8b4234cdd9f459bf44de5f72b
0.0,36243709,2,18121854.5,18121854.5,18079913,18163796,59314.2,PushPop,:batch=39cf6282029e497697edfcdf20c4115f phase=decode requests=25de90a8b4234cdd9f459bf44de5f72b
0.0,36243609,2,18121804.5,18121804.5,18083676,18159933,53921.8,PushPop,:batch=b2e6ed9ffb2f4e5db98506dae4f457bf phase=decode requests=25de90a8b4234cdd9f459bf44de5f72b
0.0,36243526,2,18121763.0,18121763.0,18090039,18153487,44864.5,PushPop,:batch=d71bf89c4c3e438fa8b2eaf22d1b107f phase=decode requests=25de90a8b4234cdd9f459bf44de5f72b
0.0,36243137,2,18121568.5,18121568.5,18100775,18142362,29406.4,PushPop,:batch=f05c94f18d424db8b1d7439cf791f606 phase=decode requests=25de90a8b4234cdd9f459bf44de5f72b
0.0,36242374,2,18121187.0,18121187.0,18085668,18156706,50231.5,PushPop,:batch=e66de68f7a4d44fe8b3852c3ed5e2bd3 phase=decode requests=25de90a8b4234cdd9f459bf44de5f72b
0.0,36241474,2,18120737.0,18120737.0,18082535,18158939,54025.8,PushPop,:batch=016052522d744d9a9ac3fe9cfd7b9baa phase=decode requests=25de90a8b4234cdd9f459bf44de5f72b
0.0,36241425,2,18120712.5,18120712.5,18083385,18158040,52789.1,PushPop,:batch=ecdfbcf20c4f42f7b4728646540d8bac phase=decode requests=25de90a8b4234cdd9f459bf44de5f72b
0.0,36241218,2,18120609.0,18120609.0,18088111,18153107,45959.1,PushPop,:batch=ce9a467f5a0943e4ac9abdcfae92c1a9 phase=decode requests=25de90a8b4234cdd9f459bf44de5f72b
0.0,36241212,2,18120606.0,18120606.0,18096168,18145044,34560.6,PushPop,:batch=9cf8211bd22e445288d4bab19e7207d6 phase=decode requests=25de90a8b4234cdd9f459bf44de5f72b
0.0,36240993,2,18120496.5,18120496.5,18092298,18148695,39878.7,PushPop,:batch=f71082bf73d94218912f3a217dad85a1 phase=decode requests=25de90a8b4234cdd9f459bf44de5f72b
0.0,36240390,2,18120195.0,18120195.0,18092201,18148189,39589.5,PushPop,:batch=02c174f0536146e1a0e2b79efa0f6125 phase=decode requests=25de90a8b4234cdd9f459bf44de5f72b
0.0,36239621,2,18119810.5,18119810.5,18085650,18153971,48310.2,PushPop,:batch=f8db5cc19150419c89e899c617b530cc phase=decode requests=25de90a8b4234cdd9f459bf44de5f72b
0.0,36239522,2,18119761.0,18119761.0,18082288,18157234,52994.8,PushPop,:batch=e399409289a54b30857995d773af44fd phase=decode requests=25de90a8b4234cdd9f459bf44de5f72b
0.0,36239450,2,18119725.0,18119725.0,18080202,18159248,55894.0,PushPop,:batch=71eb6f737a86400fb4b6791af3a31ce5 phase=decode requests=25de90a8b4234cdd9f459bf44de5f72b
0.0,36239150,2,18119575.0,18119575.0,18089733,18149417,42203.0,PushPop,:batch=8b6af2e54c6a498688cc2561a9544621 phase=decode requests=25de90a8b4234cdd9f459bf44de5f72b
0.0,36239101,2,18119550.5,18119550.5,18079602,18159499,56495.7,PushPop,:batch=33bb32e118b144d7b6bcdb79ea4ddbfa phase=decode requests=25de90a8b4234cdd9f459bf44de5f72b
0.0,36238437,2,18119218.5,18119218.5,18090736,18147701,40280.3,PushPop,:batch=e914044bdf734c93ae16d9bd7006d62b phase=decode requests=25de90a8b4234cdd9f459bf44de5f72b
0.0,36237904,2,18118952.0,18118952.0,18081842,18156062,52481.5,PushPop,:batch=883a834ff1074ccea65afa25226507e4 phase=decode requests=25de90a8b4234cdd9f459bf44de5f72b
0.0,36235992,2,18117996.0,18117996.0,18074772,18161220,61128.0,PushPop,:batch=61165a1524bc4d5cb83d372e3bd7c0c3 phase=decode requests=25de90a8b4234cdd9f459bf44de5f72b
0.0,36235215,2,18117607.5,18117607.5,18090102,18145113,38898.7,PushPop,:batch=59062a948555437688018b7b1ae88617 phase=decode requests=25de90a8b4234cdd9f459bf44de5f72b
0.0,36235074,2,18117537.0,18117537.0,18076872,18158202,57509.0,PushPop,:batch=8c96ba0275254181be561179baf38a64 phase=decode requests=25de90a8b4234cdd9f459bf44de5f72b
0.0,36234988,2,18117494.0,18117494.0,18085021,18149967,45923.8,PushPop,:batch=11e7e0281e6f44d3b81aa4d2c4fd2a98 phase=decode requests=25de90a8b4234cdd9f459bf44de5f72b
0.0,36234514,2,18117257.0,18117257.0,18085639,18148875,44714.6,PushPop,:batch=6aaef9cf1e354de29bd0b7ab37e98852 phase=decode requests=25de90a8b4234cdd9f459bf44de5f72b
0.0,36234408,2,18117204.0,18117204.0,18091114,18143294,36896.8,PushPop,:batch=cb1f6098b2654ab9b40d546eeed1f3e1 phase=decode requests=25de90a8b4234cdd9f459bf44de5f72b
0.0,36234177,2,18117088.5,18117088.5,18080844,18153333,51257.5,PushPop,:batch=b16fe749ae784407acd8feb29030c95b phase=decode requests=25de90a8b4234cdd9f459bf44de5f72b
0.0,36233893,2,18116946.5,18116946.5,18081848,18152045,49636.8,PushPop,:batch=56fcf2aa92ac41458449cf1489b32e80 phase=decode requests=25de90a8b4234cdd9f459bf44de5f72b
0.0,36233249,2,18116624.5,18116624.5,18089373,18143876,38539.4,PushPop,:batch=68ec9ab4b69a4bfbaca4edf7a6dfb2a0 phase=decode requests=25de90a8b4234cdd9f459bf44de5f72b
0.0,36233233,2,18116616.5,18116616.5,18088961,18144272,39110.8,PushPop,:batch=557c92e38ae5487fa1c018d3537fcb88 phase=decode requests=25de90a8b4234cdd9f459bf44de5f72b
0.0,36232676,2,18116338.0,18116338.0,18085525,18147151,43576.2,PushPop,:batch=d4d4908a22f14e488535f8c068272900 phase=decode requests=25de90a8b4234cdd9f459bf44de5f72b
0.0,36231713,2,18115856.5,18115856.5,18076497,18155216,55662.7,PushPop,:batch=8ce1faf1f81a4d9198a750d6e0165066 phase=decode requests=25de90a8b4234cdd9f459bf44de5f72b
0.0,36231653,2,18115826.5,18115826.5,18079817,18151836,50925.1,PushPop,:batch=df085cb37ece48868faaa8ecc18a1e83 phase=decode requests=25de90a8b4234cdd9f459bf44de5f72b
0.0,36231203,2,18115601.5,18115601.5,18086636,18144567,40963.4,PushPop,:batch=cd57426c8f654b8da055cf64aa89f8f7 phase=decode requests=25de90a8b4234cdd9f459bf44de5f72b
0.0,36231144,2,18115572.0,18115572.0,18075888,18155256,56121.7,PushPop,:batch=1dab1d4315084661bcf850b08544a00a phase=decode requests=25de90a8b4234cdd9f459bf44de5f72b
0.0,36230675,2,18115337.5,18115337.5,18086367,18144308,40970.5,PushPop,:batch=2ded6820f1dc4efb8bf1a7225c8af4e7 phase=decode requests=25de90a8b4234cdd9f459bf44de5f72b
0.0,36230572,2,18115286.0,18115286.0,18080601,18149971,49052.0,PushPop,:batch=9c0ca14d083a4869a3160041707fd4ec phase=decode requests=25de90a8b4234cdd9f459bf44de5f72b
0.0,36230401,2,18115200.5,18115200.5,18086328,18144073,40831.9,PushPop,:batch=ef189b674ec44528b5d31b551a3a1409 phase=decode requests=25de90a8b4234cdd9f459bf44de5f72b
0.0,36229270,2,18114635.0,18114635.0,18080475,18148795,48309.5,PushPop,:batch=905cf10fbfc24b1b9272e2239e0d0c94 phase=decode requests=25de90a8b4234cdd9f459bf44de5f72b
0.0,36228496,2,18114248.0,18114248.0,18082318,18146178,45155.8,PushPop,:batch=ecf2bc8392404c1292e680b6d6b5ef40 phase=decode requests=25de90a8b4234cdd9f459bf44de5f72b
0.0,36228098,2,18114049.0,18114049.0,18088118,18139980,36672.0,PushPop,:batch=aaad7976214b4a0bab4aa49cc483431b phase=decode requests=25de90a8b4234cdd9f459bf44de5f72b
0.0,36228031,2,18114015.5,18114015.5,18073753,18154278,56939.8,PushPop,:batch=a59162347099477981a41f00c8d71d1d phase=decode requests=25de90a8b4234cdd9f459bf44de5f72b
0.0,36226653,2,18113326.5,18113326.5,18076744,18149909,51735.5,PushPop,:batch=13a614d304254e8d939539d1a9bfe460 phase=decode requests=25de90a8b4234cdd9f459bf44de5f72b
0.0,36226635,2,18113317.5,18113317.5,18071798,18154837,58717.4,PushPop,:batch=d2afdcc6318d49adb96a7a6f1cef410b phase=decode requests=25de90a8b4234cdd9f459bf44de5f72b
0.0,36226183,2,18113091.5,18113091.5,18074692,18151491,54305.1,PushPop,:batch=6ae8aa82ba884862b488701018e94d3b phase=decode requests=25de90a8b4234cdd9f459bf44de5f72b
0.0,36226155,2,18113077.5,18113077.5,18076968,18149187,51066.5,PushPop,:batch=889e137dc7494453b96e6a25ba93cec8 phase=decode requests=25de90a8b4234cdd9f459bf44de5f72b
0.0,36225736,2,18112868.0,18112868.0,18074674,18151062,54014.5,PushPop,:batch=a60e5c017f594d4f8ffe8664fc19933e phase=decode requests=25de90a8b4234cdd9f459bf44de5f72b
0.0,36225665,2,18112832.5,18112832.5,18076187,18149478,51824.6,PushPop,:batch=10f4779d45c2426492f25873db463992 phase=decode requests=25de90a8b4234cdd9f459bf44de5f72b
0.0,36225653,2,18112826.5,18112826.5,18089412,18136241,33113.1,PushPop,:batch=9f600c3b40004b33a60bcd27250bebd3 phase=decode requests=25de90a8b4234cdd9f459bf44de5f72b
0.0,36225634,2,18112817.0,18112817.0,18081756,18143878,43926.9,PushPop,:batch=dad231121a5f4027bad49725521ae410 phase=decode requests=25de90a8b4234cdd9f459bf44de5f72b
0.0,36225390,2,18112695.0,18112695.0,18075316,18150074,52861.9,PushPop,:batch=fa9a3c669fce4765ba17d31b9a2e3439 phase=decode requests=25de90a8b4234cdd9f459bf44de5f72b
0.0,36225113,2,18112556.5,18112556.5,18088218,18136895,34419.8,PushPop,:batch=7c3cbbd8a3874f77aa36edd174b46588 phase=decode requests=25de90a8b4234cdd9f459bf44de5f72b
0.0,36224960,2,18112480.0,18112480.0,18084470,18140490,39612.1,PushPop,:batch=081249c02a704bff842e80ba19b5e2d9 phase=decode requests=25de90a8b4234cdd9f459bf44de5f72b
0.0,36223737,2,18111868.5,18111868.5,18084214,18139523,39109.4,PushPop,:batch=5189ccea07d842d48e37f458452389d3 phase=decode requests=25de90a8b4234cdd9f459bf44de5f72b
0.0,36223211,2,18111605.5,18111605.5,18086626,18136585,35326.3,PushPop,:batch=1ddafd1cbb6c48fb80335f5212d62928 phase=decode requests=25de90a8b4234cdd9f459bf44de5f72b
0.0,36223127,2,18111563.5,18111563.5,18081510,18141617,42502.1,PushPop,:batch=97dd9199fce446da94fa3492baa20823 phase=decode requests=25de90a8b4234cdd9f459bf44de5f72b
0.0,36222987,2,18111493.5,18111493.5,18073988,18148999,53040.8,PushPop,:batch=223feb845d804883a9f309d3cb63b3a2 phase=decode requests=25de90a8b4234cdd9f459bf44de5f72b
0.0,36222576,2,18111288.0,18111288.0,18086671,18135905,34813.7,PushPop,:batch=76cd5c0fdaab4d30aef43b54897dc2b6 phase=decode requests=25de90a8b4234cdd9f459bf44de5f72b
0.0,36222059,2,18111029.5,18111029.5,18089945,18132114,29818.0,PushPop,:batch=82242e1a0132420fb8e4b06eb942eb28 phase=decode requests=25de90a8b4234cdd9f459bf44de5f72b
0.0,36221837,2,18110918.5,18110918.5,18084666,18137171,37126.6,PushPop,:batch=e67f528442f241a18082177c94eee038 phase=decode requests=25de90a8b4234cdd9f459bf44de5f72b
0.0,36221575,2,18110787.5,18110787.5,18078622,18142953,45488.9,PushPop,:batch=15839b7c667f44ce8b3ef4fb7c2a4fd1 phase=decode requests=25de90a8b4234cdd9f459bf44de5f72b
0.0,36221513,2,18110756.5,18110756.5,18086088,18135425,34886.5,PushPop,:batch=e60b2a406e174868b5d110839be1003c phase=decode requests=25de90a8b4234cdd9f459bf44de5f72b
0.0,36221426,2,18110713.0,18110713.0,18082985,18138441,39213.3,PushPop,:batch=1d3e63c0a25d41c7b0aefec152442ef9 phase=decode requests=25de90a8b4234cdd9f459bf44de5f72b
0.0,36220726,2,18110363.0,18110363.0,18082973,18137753,38735.3,PushPop,:batch=d4c94f71fcf34e66a944fc82bcea9f00 phase=decode requests=25de90a8b4234cdd9f459bf44de5f72b
0.0,36220167,2,18110083.5,18110083.5,18077462,18142705,46133.8,PushPop,:batch=21fecd08de3d4d2db40a1149b6709a3c phase=decode requests=25de90a8b4234cdd9f459bf44de5f72b
0.0,36219892,2,18109946.0,18109946.0,18098796,18121096,15768.5,PushPop,:batch=8146a6f9b1a843acba80228445d71ce6 phase=decode requests=25de90a8b4234cdd9f459bf44de5f72b
0.0,36219137,2,18109568.5,18109568.5,18057258,18161879,73978.2,PushPop,:batch=703091b6efc94e73992deb5959d5d577 phase=decode requests=25de90a8b4234cdd9f459bf44de5f72b
0.0,36219022,2,18109511.0,18109511.0,18072037,18146985,52996.2,PushPop,:batch=78fdabf19ad14bc98754d4a52931c70e phase=decode requests=25de90a8b4234cdd9f459bf44de5f72b
0.0,36217970,2,18108985.0,18108985.0,18073059,18144911,50807.0,PushPop,:batch=95f1d62911b24c0aba6e07c48e3fbc4a phase=decode requests=25de90a8b4234cdd9f459bf44de5f72b
0.0,36217702,2,18108851.0,18108851.0,18075941,18141761,46541.8,PushPop,:batch=5150281692494d2f9ab88723b39bfbfc phase=decode requests=25de90a8b4234cdd9f459bf44de5f72b
0.0,36217591,2,18108795.5,18108795.5,18078098,18139493,43412.8,PushPop,:batch=4ccbf1bb43b74095b00a2bc8ee82406e phase=decode requests=25de90a8b4234cdd9f459bf44de5f72b
0.0,36217512,2,18108756.0,18108756.0,18083564,18133948,35626.9,PushPop,:batch=54847880cd9e42609498b22d51dfeeb9 phase=decode requests=25de90a8b4234cdd9f459bf44de5f72b
0.0,36217393,2,18108696.5,18108696.5,18062741,18154652,64990.9,PushPop,:batch=1d2452f341d34e2986189c01d90524ea phase=decode requests=25de90a8b4234cdd9f459bf44de5f72b
0.0,36217383,2,18108691.5,18108691.5,18076321,18141062,45778.8,PushPop,:batch=ca4702ed6c6e4435bbf0d44ab657335a phase=decode requests=25de90a8b4234cdd9f459bf44de5f72b
0.0,36216999,2,18108499.5,18108499.5,18072235,18144764,51285.7,PushPop,:batch=d0a175a98df045e3bac066dddacdc5cf phase=decode requests=25de90a8b4234cdd9f459bf44de5f72b
0.0,36216590,2,18108295.0,18108295.0,18072556,18144034,50542.6,PushPop,:batch=ef0b9f4b9ff24afb86307d1f43ef8ff6 phase=decode requests=25de90a8b4234cdd9f459bf44de5f72b
0.0,36216587,2,18108293.5,18108293.5,18068785,18147802,55873.5,PushPop,:batch=eefa548546244296bbcab8c659e8221b phase=decode requests=25de90a8b4234cdd9f459bf44de5f72b
0.0,36216027,2,18108013.5,18108013.5,18072031,18143996,50886.9,PushPop,:batch=15d563e60d3c4a40a9e3d01026149b76 phase=decode requests=25de90a8b4234cdd9f459bf44de5f72b
0.0,36215862,2,18107931.0,18107931.0,18059212,18156650,68899.1,PushPop,:batch=e25544c846704ada917810a0737b38a6 phase=decode requests=25de90a8b4234cdd9f459bf44de5f72b
0.0,36215813,2,18107906.5,18107906.5,18084469,18131344,33145.6,PushPop,:batch=104a803eff9b4f4f9ebf659b81911958 phase=decode requests=25de90a8b4234cdd9f459bf44de5f72b
0.0,36215715,2,18107857.5,18107857.5,18076687,18139028,44081.7,PushPop,:batch=dcabc928f60749dc9ab47989ee4fdb58 phase=decode requests=25de90a8b4234cdd9f459bf44de5f72b
0.0,36215712,2,18107856.0,18107856.0,18052802,18162910,77858.1,PushPop,:batch=6cc6371d7c4c4e909672384751dade40 phase=decode requests=25de90a8b4234cdd9f459bf44de5f72b
0.0,36215474,2,18107737.0,18107737.0,18081780,18133694,36708.7,PushPop,:batch=3fd9f596c14449e198c484cabeccd52d phase=decode requests=25de90a8b4234cdd9f459bf44de5f72b
0.0,36215473,2,18107736.5,18107736.5,18074932,18140541,46392.6,PushPop,:batch=0a2833be938d4d85ade9f5f6c23af801 phase=decode requests=25de90a8b4234cdd9f459bf44de5f72b
0.0,36215267,2,18107633.5,18107633.5,18063236,18152031,62787.5,PushPop,:batch=bb0cc45c53db45668e9d4cf3aac51594 phase=decode requests=25de90a8b4234cdd9f459bf44de5f72b
0.0,36215207,2,18107603.5,18107603.5,18073745,18141462,47883.1,PushPop,:batch=433f3fe7861e4ddcae41b6411273884a phase=decode requests=25de90a8b4234cdd9f459bf44de5f72b
0.0,36214938,2,18107469.0,18107469.0,18057971,18156967,70000.7,PushPop,:batch=ce77f9941359406bb1e47347d95c63d0 phase=decode requests=25de90a8b4234cdd9f459bf44de5f72b
0.0,36214730,2,18107365.0,18107365.0,18070505,18144225,52127.9,PushPop,:batch=e6cce1116171440385ad5d22e8163841 phase=decode requests=25de90a8b4234cdd9f459bf44de5f72b
0.0,36214608,2,18107304.0,18107304.0,18075686,18138922,44714.6,PushPop,:batch=3504014257b543b9a0f3516e69096ef1 phase=decode requests=25de90a8b4234cdd9f459bf44de5f72b
0.0,36213843,2,18106921.5,18106921.5,18046969,18166874,84785.6,PushPop,:batch=8c5d3560c87d4addb60f88b16e90335a phase=decode requests=25de90a8b4234cdd9f459bf44de5f72b
0.0,36213352,2,18106676.0,18106676.0,18072327,18141025,48576.8,PushPop,:batch=f4124b2c2d654a299db6425e53e15995 phase=decode requests=25de90a8b4234cdd9f459bf44de5f72b
0.0,36213229,2,18106614.5,18106614.5,18074506,18138723,45408.3,PushPop,:batch=95cb82bb90684166a37a86a5a8089434 phase=decode requests=25de90a8b4234cdd9f459bf44de5f72b
0.0,36212405,2,18106202.5,18106202.5,18064142,18148263,59482.5,PushPop,:batch=9b213a7fc6a748b890025be6bf47e744 phase=decode requests=25de90a8b4234cdd9f459bf44de5f72b
0.0,36212051,2,18106025.5,18106025.5,18082996,18129055,32568.6,PushPop,:batch=a6bec6934b5b4c2b976f78abc0d8a58b phase=decode requests=25de90a8b4234cdd9f459bf44de5f72b
0.0,36211417,2,18105708.5,18105708.5,18057182,18154235,68626.8,PushPop,:batch=00ea471f3cae4c629d3500f078f84f67 phase=decode requests=25de90a8b4234cdd9f459bf44de5f72b
0.0,36211188,2,18105594.0,18105594.0,18073923,18137265,44789.6,PushPop,:batch=d98d96b765b34c4bbca084a4b39f0258 phase=decode requests=25de90a8b4234cdd9f459bf44de5f72b
0.0,36210676,2,18105338.0,18105338.0,18077785,18132891,38965.8,PushPop,:batch=4a666eb9a58546f496e978d9460cffb9 phase=decode requests=25de90a8b4234cdd9f459bf44de5f72b
0.0,36210532,2,18105266.0,18105266.0,18065692,18144840,55966.1,PushPop,:batch=6c88cfef4527492c945fced698e6461c phase=decode requests=25de90a8b4234cdd9f459bf44de5f72b
0.0,36210090,2,18105045.0,18105045.0,18074864,18135226,42682.4,PushPop,:batch=4e017287e41e4e5aa0ea4952f15a8492 phase=decode requests=25de90a8b4234cdd9f459bf44de5f72b
0.0,36210060,2,18105030.0,18105030.0,18078650,18131410,37307.0,PushPop,:batch=04aa26afe3044e1f9868642f6d2620cf phase=decode requests=25de90a8b4234cdd9f459bf44de5f72b
0.0,36210059,2,18105029.5,18105029.5,18074718,18135341,42866.9,PushPop,:batch=0485751db5de4d8fbb16b3e0e782d57c phase=decode requests=25de90a8b4234cdd9f459bf44de5f72b
0.0,36209486,2,18104743.0,18104743.0,18074098,18135388,43338.6,PushPop,:batch=1b014cba25394dbcbc6dff1655793760 phase=decode requests=25de90a8b4234cdd9f459bf44de5f72b
0.0,36209221,2,18104610.5,18104610.5,18061378,18147843,61140.0,PushPop,:batch=757c9febc5b64861b5147aaffbea5e09 phase=decode requests=25de90a8b4234cdd9f459bf44de5f72b
0.0,36209189,2,18104594.5,18104594.5,18079454,18129735,35554.0,PushPop,:batch=f84b592133974bbfb9182656034301a1 phase=decode requests=25de90a8b4234cdd9f459bf44de5f72b
0.0,36208242,2,18104121.0,18104121.0,18071438,18136804,46220.7,PushPop,:batch=adbf622d5885443d9d3665dbb009d961 phase=decode requests=25de90a8b4234cdd9f459bf44de5f72b
0.0,36207329,2,18103664.5,18103664.5,18070451,18136878,46971.0,PushPop,:batch=7214b17bd6604fb69480e1f794dd9e55 phase=decode requests=25de90a8b4234cdd9f459bf44de5f72b
0.0,36207088,2,18103544.0,18103544.0,18072250,18134838,44256.4,PushPop,:batch=23c9208311de43dd9d4dc2045d4a2423 phase=decode requests=25de90a8b4234cdd9f459bf44de5f72b
0.0,36206891,2,18103445.5,18103445.5,18076100,18130791,38672.4,PushPop,:batch=6d4c4283602f443190dad276a236da4e phase=decode requests=25de90a8b4234cdd9f459bf44de5f72b
0.0,36205588,2,18102794.0,18102794.0,18056020,18149568,66148.4,PushPop,:batch=a614ec9cccc74250a94ab3fdb5678841 phase=decode requests=25de90a8b4234cdd9f459bf44de5f72b
0.0,36204867,2,18102433.5,18102433.5,18058438,18146429,62219.0,PushPop,:batch=05c572521bc1423eb0758ed2d3def6a3 phase=decode requests=25de90a8b4234cdd9f459bf44de5f72b
0.0,36204325,2,18102162.5,18102162.5,18067538,18136787,48966.4,PushPop,:batch=8435d58a66c64304811123477b1ac512 phase=decode requests=25de90a8b4234cdd9f459bf44de5f72b
0.0,36204296,2,18102148.0,18102148.0,18077014,18127282,35544.8,PushPop,:batch=ff96349be6bc40acb2716028a9efc874 phase=decode requests=25de90a8b4234cdd9f459bf44de5f72b
0.0,36204072,2,18102036.0,18102036.0,18060697,18143375,58462.2,PushPop,:batch=fcc7f3090a4844db8dfc393b1a2c8bd8 phase=decode requests=25de90a8b4234cdd9f459bf44de5f72b
0.0,36203820,2,18101910.0,18101910.0,18080034,18123786,30937.3,PushPop,:batch=153936b868a648378fc0eb93bf6b8feb phase=decode requests=25de90a8b4234cdd9f459bf44de5f72b
0.0,36203776,2,18101888.0,18101888.0,18071126,18132650,43504.0,PushPop,:batch=8b0048eb06754499be2a6fdbf309d011 phase=decode requests=25de90a8b4234cdd9f459bf44de5f72b
0.0,36203767,2,18101883.5,18101883.5,18067006,18136761,49324.2,PushPop,:batch=a5b18dd8cded4f50b9cde2971ea65b74 phase=decode requests=25de90a8b4234cdd9f459bf44de5f72b
0.0,36203303,2,18101651.5,18101651.5,18064515,18138788,52518.9,PushPop,:batch=85c43f1b83e445098c0670490dece926 phase=decode requests=25de90a8b4234cdd9f459bf44de5f72b
0.0,36203280,2,18101640.0,18101640.0,18078892,18124388,32170.5,PushPop,:batch=5c630585552f4633a75366cad938b251 phase=decode requests=25de90a8b4234cdd9f459bf44de5f72b
0.0,36202913,2,18101456.5,18101456.5,18074540,18128373,38065.7,PushPop,:batch=1c7a94f6838c469aa6a045cf48e66d96 phase=decode requests=25de90a8b4234cdd9f459bf44de5f72b
0.0,36202828,2,18101414.0,18101414.0,18070249,18132579,44074.0,PushPop,:batch=7bc2c271bce04a538f7e10b078f4166e phase=decode requests=25de90a8b4234cdd9f459bf44de5f72b
0.0,36201796,2,18100898.0,18100898.0,18074884,18126912,36789.4,PushPop,:batch=0b9d9545526545a189e66ea662bee781 phase=decode requests=25de90a8b4234cdd9f459bf44de5f72b
0.0,36201687,2,18100843.5,18100843.5,18075608,18126079,35688.4,PushPop,:batch=6536a29f78364d83a84ebff429fc8fcc phase=decode requests=25de90a8b4234cdd9f459bf44de5f72b
0.0,36200969,2,18100484.5,18100484.5,18062799,18138170,53295.3,PushPop,:batch=f556f766a43b45058a8e35085924bf7c phase=decode requests=25de90a8b4234cdd9f459bf44de5f72b
0.0,36200832,2,18100416.0,18100416.0,18079211,18121621,29988.4,PushPop,:batch=4b9103bacfca46809155ebfd63207c15 phase=decode requests=25de90a8b4234cdd9f459bf44de5f72b
0.0,36200553,2,18100276.5,18100276.5,18064733,18135820,50266.1,PushPop,:batch=c74939a0e0cb406c8887d6935d03a3d7 phase=decode requests=25de90a8b4234cdd9f459bf44de5f72b
0.0,36200368,2,18100184.0,18100184.0,18075106,18125262,35465.6,PushPop,:batch=9ff38c7539484aaeb3d83fe21c188287 phase=decode requests=25de90a8b4234cdd9f459bf44de5f72b
0.0,36200006,2,18100003.0,18100003.0,18071232,18128774,40688.3,PushPop,:batch=e9531da69e514cd4b2c16e2aa3ed3cde phase=decode requests=25de90a8b4234cdd9f459bf44de5f72b
0.0,36199324,2,18099662.0,18099662.0,18068469,18130855,44113.6,PushPop,:batch=e0c5223f34444379bebf46165ec4f555 phase=decode requests=25de90a8b4234cdd9f459bf44de5f72b
0.0,36199295,2,18099647.5,18099647.5,18074043,18125252,36210.2,PushPop,:batch=128e1b9e047644699285122b89cf3126 phase=decode requests=25de90a8b4234cdd9f459bf44de5f72b
0.0,36199178,2,18099589.0,18099589.0,18059560,18139618,56609.6,PushPop,:batch=62bd1b65a2754f6da93784502a17e02c phase=decode requests=25de90a8b4234cdd9f459bf44de5f72b
0.0,36198949,2,18099474.5,18099474.5,18070558,18128391,40894.1,PushPop,:batch=b3c7119f277c4c10887aec7f3bf617ae phase=decode requests=25de90a8b4234cdd9f459bf44de5f72b
0.0,36198307,2,18099153.5,18099153.5,18062222,18136085,52229.0,PushPop,:batch=98d340fd8a924ae2b6b336f9f80c3525 phase=decode requests=25de90a8b4234cdd9f459bf44de5f72b
0.0,36198099,2,18099049.5,18099049.5,18068600,18129499,43062.1,PushPop,:batch=95e9b3469fec4256bf62a016616a8709 phase=decode requests=25de90a8b4234cdd9f459bf44de5f72b
0.0,36197866,2,18098933.0,18098933.0,18070246,18127620,40569.5,PushPop,:batch=0d31329f0212435991523f4e82420782 phase=decode requests=25de90a8b4234cdd9f459bf44de5f72b
0.0,36197803,2,18098901.5,18098901.5,18076075,18121728,32281.5,PushPop,:batch=d79169ac349d42efbb260efff1bfc2ca phase=decode requests=25de90a8b4234cdd9f459bf44de5f72b
0.0,36197585,2,18098792.5,18098792.5,18063704,18133881,49622.6,PushPop,:batch=5cdf2faeb78a4d87b6657df7c0833a41 phase=decode requests=25de90a8b4234cdd9f459bf44de5f72b
0.0,36197448,2,18098724.0,18098724.0,18064320,18133128,48654.6,PushPop,:batch=8514861de8474e47855c77f41a42aa58 phase=decode requests=25de90a8b4234cdd9f459bf44de5f72b
0.0,36197400,2,18098700.0,18098700.0,18068675,18128725,42461.8,PushPop,:batch=bcb65695d0ba49a880f33b2f96b12130 phase=decode requests=25de90a8b4234cdd9f459bf44de5f72b
0.0,36196811,2,18098405.5,18098405.5,18068848,18127963,41800.6,PushPop,:batch=a2c225478a8e4801a99d257d85aa9986 phase=decode requests=25de90a8b4234cdd9f459bf44de5f72b
0.0,36196760,2,18098380.0,18098380.0,18062169,18134591,51210.1,PushPop,:batch=ece89735e3d34af1b2505433f27eac18 phase=decode requests=25de90a8b4234cdd9f459bf44de5f72b
0.0,36196734,2,18098367.0,18098367.0,18059133,18137601,55485.3,PushPop,:batch=1cddb80e85ac494899227c366128b829 phase=decode requests=25de90a8b4234cdd9f459bf44de5f72b
0.0,36196723,2,18098361.5,18098361.5,18066401,18130322,45199.0,PushPop,:batch=3ce8ec2e430742fe981da5fc5a0d805e phase=decode requests=25de90a8b4234cdd9f459bf44de5f72b
0.0,36196678,2,18098339.0,18098339.0,18073802,18122876,34700.6,PushPop,:batch=f4be45d2c0bf488cbfa0b6c3306a71ab phase=decode requests=25de90a8b4234cdd9f459bf44de5f72b
0.0,36196461,2,18098230.5,18098230.5,18054940,18141521,61222.0,PushPop,:batch=6ea59849935d4d1698503b94400b4d58 phase=decode requests=25de90a8b4234cdd9f459bf44de5f72b
0.0,36196073,2,18098036.5,18098036.5,18062955,18133118,49612.7,PushPop,:batch=b2686c5830f84514a9d6f178dbd6fb4b phase=decode requests=25de90a8b4234cdd9f459bf44de5f72b
0.0,36195421,2,18097710.5,18097710.5,18068745,18126676,40963.4,PushPop,:batch=cf9362c589004cb9858b79c409aa2318 phase=decode requests=25de90a8b4234cdd9f459bf44de5f72b
0.0,36195345,2,18097672.5,18097672.5,18072673,18122672,35354.6,PushPop,:batch=09b0afc6930e42178527b369b5c2442b phase=decode requests=25de90a8b4234cdd9f459bf44de5f72b
0.0,36194653,2,18097326.5,18097326.5,18066616,18128037,43431.2,PushPop,:batch=69c6b386461d4ad5a7f1f1cf4e212217 phase=decode requests=25de90a8b4234cdd9f459bf44de5f72b
0.0,36194221,2,18097110.5,18097110.5,18061879,18132342,49824.9,PushPop,:batch=6dedee799d0148d197da2f749b10d99a phase=decode requests=25de90a8b4234cdd9f459bf44de5f72b
0.0,36193700,2,18096850.0,18096850.0,18071546,18122154,35785.3,PushPop,:batch=3bec27a3489b455cb03b94e47a58dffe phase=decode requests=25de90a8b4234cdd9f459bf44de5f72b
0.0,36193645,2,18096822.5,18096822.5,18053256,18140389,61612.3,PushPop,:batch=dcab4bd98d5848eeacd36ea156e86e1c phase=decode requests=25de90a8b4234cdd9f459bf44de5f72b
0.0,36191441,2,18095720.5,18095720.5,18069500,18121941,37081.4,PushPop,:batch=471c305971f845a88a5fb01222446b0f phase=decode requests=25de90a8b4234cdd9f459bf44de5f72b
0.0,36190837,2,18095418.5,18095418.5,18056849,18133988,54545.5,PushPop,:batch=64a6ebd0b3fa4245bdcc111c23d092a0 phase=decode requests=25de90a8b4234cdd9f459bf44de5f72b
0.0,36190826,2,18095413.0,18095413.0,18068754,18122072,37701.5,PushPop,:batch=7290bb30d5414709a3ac09e3af1940ed phase=decode requests=25de90a8b4234cdd9f459bf44de5f72b
0.0,36190636,2,18095318.0,18095318.0,18057614,18133022,53321.5,PushPop,:batch=797efdbff45143d8aa8844a274378a1d phase=decode requests=25de90a8b4234cdd9f459bf44de5f72b
0.0,36190415,2,18095207.5,18095207.5,18056042,18134373,55388.4,PushPop,:batch=ac54d1b18ad742109338f870ca6bdc71 phase=decode requests=25de90a8b4234cdd9f459bf44de5f72b
0.0,36190255,2,18095127.5,18095127.5,18056622,18133633,54455.0,PushPop,:batch=496e632bf1964192a5c50bf2666cc4cd phase=decode requests=25de90a8b4234cdd9f459bf44de5f72b
0.0,36190099,2,18095049.5,18095049.5,18058106,18131993,52246.0,PushPop,:batch=07a0c7d8dedb49868f0944177f9450e0 phase=decode requests=25de90a8b4234cdd9f459bf44de5f72b
0.0,36189212,2,18094606.0,18094606.0,18054255,18134957,57064.9,PushPop,:batch=312f26873bad4fdfb2e50979487d5bb2 phase=decode requests=25de90a8b4234cdd9f459bf44de5f72b
0.0,36189171,2,18094585.5,18094585.5,18063723,18125448,43646.2,PushPop,:batch=0cfc1ba2ea0f4e169084d9758e07a833 phase=decode requests=25de90a8b4234cdd9f459bf44de5f72b
0.0,36188245,2,18094122.5,18094122.5,18067427,18120818,37753.1,PushPop,:batch=3fac2a2bb6904af8be3df20f1efd35b1 phase=decode requests=25de90a8b4234cdd9f459bf44de5f72b
0.0,36188125,2,18094062.5,18094062.5,18073019,18115106,29760.0,PushPop,:batch=d51ec1d2b04040a88676892c9f11a6d5 phase=decode requests=25de90a8b4234cdd9f459bf44de5f72b
0.0,36186633,2,18093316.5,18093316.5,18069291,18117342,33977.2,PushPop,:batch=d0ecfff12ced4cea8c1beaae9f6941e9 phase=decode requests=25de90a8b4234cdd9f459bf44de5f72b
0.0,36186441,2,18093220.5,18093220.5,18068775,18117666,34571.2,PushPop,:batch=d2c0783c86ca46d383f2641b718aeb72 phase=decode requests=25de90a8b4234cdd9f459bf44de5f72b
0.0,36186045,2,18093022.5,18093022.5,18062097,18123948,43735.3,PushPop,:batch=560a686850324ef58fcd43bfef33ccd6 phase=decode requests=25de90a8b4234cdd9f459bf44de5f72b
0.0,36185900,2,18092950.0,18092950.0,18066837,18119063,36929.4,PushPop,:batch=cf1d9d77dcbc4273af3dfc19e499be15 phase=decode requests=25de90a8b4234cdd9f459bf44de5f72b
0.0,36185238,2,18092619.0,18092619.0,18066526,18118712,36901.1,PushPop,:batch=5da6b064c1a045b89d9ab7f2c617b9c6 phase=decode requests=25de90a8b4234cdd9f459bf44de5f72b
0.0,36185237,2,18092618.5,18092618.5,18064535,18120702,39716.1,PushPop,:batch=4dd9a9165cbd41a7a9fd1509916edb60 phase=decode requests=25de90a8b4234cdd9f459bf44de5f72b
0.0,36185098,2,18092549.0,18092549.0,18056699,18128399,50699.6,PushPop,:batch=7efad6137492479da1665ca7f69d23e3 phase=decode requests=25de90a8b4234cdd9f459bf44de5f72b
0.0,36185085,2,18092542.5,18092542.5,18053588,18131497,55090.0,PushPop,:batch=b027b04173d24b4b80daf8cf36fbff73 phase=decode requests=25de90a8b4234cdd9f459bf44de5f72b
0.0,36184151,2,18092075.5,18092075.5,18058974,18125177,46812.6,PushPop,:batch=131e2a370be842909b68feec6c0e5513 phase=decode requests=25de90a8b4234cdd9f459bf44de5f72b
0.0,36182950,2,18091475.0,18091475.0,18061236,18121714,42764.4,PushPop,:batch=5ea99e1d1fbf4cdc9c2b8058b68cd606 phase=decode requests=25de90a8b4234cdd9f459bf44de5f72b
0.0,36182898,2,18091449.0,18091449.0,18060667,18122231,43532.3,PushPop,:batch=9019aa86a1ff4b6294d5b7edee5728da phase=decode requests=25de90a8b4234cdd9f459bf44de5f72b
0.0,36182751,2,18091375.5,18091375.5,18064233,18118518,38385.3,PushPop,:batch=9d13f39f889d4df7b2b0d069a9688c48 phase=decode requests=25de90a8b4234cdd9f459bf44de5f72b
0.0,36182637,2,18091318.5,18091318.5,18053735,18128902,53151.1,PushPop,:batch=174cadc043e34cefb9f412e8e50ddac4 phase=decode requests=25de90a8b4234cdd9f459bf44de5f72b
0.0,36182311,2,18091155.5,18091155.5,18048899,18133412,59759.7,PushPop,:batch=b76447c6ecd44597bdb73ca7f48d0496 phase=decode requests=25de90a8b4234cdd9f459bf44de5f72b
0.0,36182259,2,18091129.5,18091129.5,18060279,18121980,43629.2,PushPop,:batch=1d33ff58d8ea4b6e9b7a4b23879a7bbe phase=decode requests=25de90a8b4234cdd9f459bf44de5f72b
0.0,36182006,2,18091003.0,18091003.0,18058375,18123631,46143.0,PushPop,:batch=57a58223b74d439eafdd43573d106924 phase=decode requests=25de90a8b4234cdd9f459bf44de5f72b
0.0,36181341,2,18090670.5,18090670.5,18039261,18142080,72704.0,PushPop,:batch=71530d09083941f7a93f546bba47d976 phase=decode requests=25de90a8b4234cdd9f459bf44de5f72b
0.0,36180630,2,18090315.0,18090315.0,18053531,18127099,52020.4,PushPop,:batch=a285028382a44c8a9b7e7f6822c5d848 phase=decode requests=25de90a8b4234cdd9f459bf44de5f72b
0.0,36179741,2,18089870.5,18089870.5,18057313,18122428,46043.3,PushPop,:batch=ac43022f6db140978fb67396a25b5973 phase=decode requests=25de90a8b4234cdd9f459bf44de5f72b
0.0,36179720,2,18089860.0,18089860.0,18052966,18126754,52176.0,PushPop,:batch=9fa2f38057b948f4a64bf0ebcf2f5340 phase=decode requests=25de90a8b4234cdd9f459bf44de5f72b
0.0,36179021,2,18089510.5,18089510.5,18053747,18125274,50577.2,PushPop,:batch=d3b7343086374f05aa28867ac508deef phase=decode requests=25de90a8b4234cdd9f459bf44de5f72b
0.0,36178855,2,18089427.5,18089427.5,18055121,18123734,48516.7,PushPop,:batch=da6db7aec32c4fc6a6f513a4c9878c18 phase=decode requests=25de90a8b4234cdd9f459bf44de5f72b
0.0,36177682,2,18088841.0,18088841.0,18062952,18114730,36612.6,PushPop,:batch=c865182c5ee44ff694aeb67ca425c13b phase=decode requests=25de90a8b4234cdd9f459bf44de5f72b
0.0,36177594,2,18088797.0,18088797.0,18062511,18115083,37174.0,PushPop,:batch=b1bd2c34d0db46a78c37a580ff36a38d phase=decode requests=25de90a8b4234cdd9f459bf44de5f72b
0.0,36177254,2,18088627.0,18088627.0,18051520,18125734,52477.2,PushPop,:batch=1c4593ba31e94a789d27af4aeb4a3494 phase=decode requests=25de90a8b4234cdd9f459bf44de5f72b
0.0,36176596,2,18088298.0,18088298.0,18054287,18122309,48098.8,PushPop,:batch=40b6844c3dd34ac1a9f7611163054c96 phase=decode requests=25de90a8b4234cdd9f459bf44de5f72b
0.0,36176290,2,18088145.0,18088145.0,18014680,18161610,103895.2,PushPop,:batch=ecc3a5ba1c6f4c4887901c70f12bef38 phase=decode requests=25de90a8b4234cdd9f459bf44de5f72b
0.0,36175895,2,18087947.5,18087947.5,18060082,18115813,39407.8,PushPop,:batch=7e4fe0a8777e42fb9c33fb1adbf93043 phase=decode requests=25de90a8b4234cdd9f459bf44de5f72b
0.0,36175864,2,18087932.0,18087932.0,18058175,18117689,42082.8,PushPop,:batch=dc18e13de1b948c8bbd4d2283ab45010 phase=decode requests=25de90a8b4234cdd9f459bf44de5f72b
0.0,36175815,2,18087907.5,18087907.5,18058421,18117394,41700.2,PushPop,:batch=aeab0a2ff155454a9eb4b282dbb962c1 phase=decode requests=25de90a8b4234cdd9f459bf44de5f72b
0.0,36174526,2,18087263.0,18087263.0,18058053,18116473,41309.2,PushPop,:batch=20ad15789e5d4bb0a6f095a662c5769a phase=decode requests=25de90a8b4234cdd9f459bf44de5f72b
0.0,36174163,2,18087081.5,18087081.5,18055243,18118920,45026.4,PushPop,:batch=6bb68a28ec0f4cb18005b9dc055baf29 phase=decode requests=25de90a8b4234cdd9f459bf44de5f72b
0.0,36174066,2,18087033.0,18087033.0,18060300,18113766,37806.2,PushPop,:batch=4c6ba7c1cc894cdaa9edf10732497e0e phase=decode requests=25de90a8b4234cdd9f459bf44de5f72b
0.0,36173519,2,18086759.5,18086759.5,18058470,18115049,40007.4,PushPop,:batch=c2223e8457d64c6dbab8a7d72747de6b phase=decode requests=25de90a8b4234cdd9f459bf44de5f72b
0.0,36173473,2,18086736.5,18086736.5,18052598,18120875,48279.1,PushPop,:batch=e114f2310e204ef8bc8381cf1e4ae9e0 phase=decode requests=25de90a8b4234cdd9f459bf44de5f72b
0.0,36173175,2,18086587.5,18086587.5,18056968,18116207,41888.3,PushPop,:batch=452a70d2a43247179e87138235aac491 phase=decode requests=25de90a8b4234cdd9f459bf44de5f72b
0.0,36171845,2,18085922.5,18085922.5,18058250,18113595,39134.8,PushPop,:batch=5e6b975d9fad421e8c3876e907d2c334 phase=decode requests=25de90a8b4234cdd9f459bf44de5f72b
0.0,36171455,2,18085727.5,18085727.5,18052394,18119061,47140.7,PushPop,:batch=47614003924a4987b2116af4bc9d9f3c phase=decode requests=25de90a8b4234cdd9f459bf44de5f72b
0.0,36170292,2,18085146.0,18085146.0,18051910,18118382,47002.8,PushPop,:batch=34e70a1ef20b41b392b9265a1c6111ea phase=decode requests=25de90a8b4234cdd9f459bf44de5f72b
0.0,36169701,2,18084850.5,18084850.5,18056722,18112979,39779.7,PushPop,:batch=e36e6fd60fba4e7fa7bd95d26a226621 phase=decode requests=25de90a8b4234cdd9f459bf44de5f72b
0.0,36169478,2,18084739.0,18084739.0,18054134,18115344,43282.0,PushPop,:batch=01b8756e09f64c8fb8573cdd113a1c04 phase=decode requests=25de90a8b4234cdd9f459bf44de5f72b
0.0,36168931,2,18084465.5,18084465.5,18048467,18120464,50909.6,PushPop,:batch=87048162a9ed4598a7b79df42824b15d phase=decode requests=25de90a8b4234cdd9f459bf44de5f72b
0.0,36168576,2,18084288.0,18084288.0,18048251,18120325,50964.0,PushPop,:batch=a2a8f935c7534d7384916485d6480ecd phase=decode requests=25de90a8b4234cdd9f459bf44de5f72b
0.0,36168495,2,18084247.5,18084247.5,18053915,18114580,42896.6,PushPop,:batch=010384bec2de48c0943ce3cc73ad2467 phase=decode requests=25de90a8b4234cdd9f459bf44de5f72b
0.0,36167080,2,18083540.0,18083540.0,18045210,18121870,54206.8,PushPop,:batch=ab14e5c109c646468e7717869d809122 phase=decode requests=25de90a8b4234cdd9f459bf44de5f72b
0.0,36166736,2,18083368.0,18083368.0,18061112,18105624,31474.7,PushPop,:batch=ab053681e9f148f8921602a18c140f02 phase=decode requests=25de90a8b4234cdd9f459bf44de5f72b
0.0,36165933,2,18082966.5,18082966.5,18058603,18107330,34455.2,PushPop,:batch=365d9367acb2448aa1cacb3b26091424 phase=decode requests=25de90a8b4234cdd9f459bf44de5f72b
0.0,36165460,2,18082730.0,18082730.0,18055109,18110351,39062.0,PushPop,:batch=ce86839ef798438ab2614394a73efd5f phase=decode requests=25de90a8b4234cdd9f459bf44de5f72b
0.0,36165085,2,18082542.5,18082542.5,18045074,18120011,52988.5,PushPop,:batch=18833802b5894a8bb3d11015df7a916f phase=decode requests=25de90a8b4234cdd9f459bf44de5f72b
0.0,36164504,2,18082252.0,18082252.0,18045622,18118882,51802.6,PushPop,:batch=7c5643b37802476d9f7443f044233a13 phase=decode requests=25de90a8b4234cdd9f459bf44de5f72b
0.0,36164424,2,18082212.0,18082212.0,18034715,18129709,67170.9,PushPop,:batch=342f91c5babc458bb9979e429b3006e0 phase=decode requests=25de90a8b4234cdd9f459bf44de5f72b
0.0,36164419,2,18082209.5,18082209.5,18051330,18113089,43670.2,PushPop,:batch=5986df3ea2d2417e8ea9b93168d7ae95 phase=decode requests=25de90a8b4234cdd9f459bf44de5f72b
0.0,36164102,2,18082051.0,18082051.0,18041997,18122105,56644.9,PushPop,:batch=37a7df9cdc9948519f087a3e75cf4b8b phase=decode requests=25de90a8b4234cdd9f459bf44de5f72b
0.0,36164027,2,18082013.5,18082013.5,18042211,18121816,56289.2,PushPop,:batch=334ed3df900943738a7071f2f5fefd18 phase=decode requests=25de90a8b4234cdd9f459bf44de5f72b
0.0,36163606,2,18081803.0,18081803.0,18041719,18121887,56687.3,PushPop,:batch=7ab5ce8c2f36493e8da68cb281169c66 phase=decode requests=25de90a8b4234cdd9f459bf44de5f72b
0.0,36163427,2,18081713.5,18081713.5,18056333,18107094,35893.4,PushPop,:batch=c362e7cc6ed143a7992d633dd512a83b phase=decode requests=25de90a8b4234cdd9f459bf44de5f72b
0.0,36162096,2,18081048.0,18081048.0,18051009,18111087,42481.6,PushPop,:batch=a669b3da63104705aff9f69bb7d63894 phase=decode requests=25de90a8b4234cdd9f459bf44de5f72b
0.0,36161930,2,18080965.0,18080965.0,18046914,18115016,48155.4,PushPop,:batch=486ecb29621f4cc6b92dbc65a7c1bf49 phase=decode requests=25de90a8b4234cdd9f459bf44de5f72b
0.0,36159791,2,18079895.5,18079895.5,18054436,18105355,36005.2,PushPop,:batch=727baba238c24c03ad6b148e2c728f1a phase=decode requests=25de90a8b4234cdd9f459bf44de5f72b
0.0,36159286,2,18079643.0,18079643.0,18029644,18129642,70709.3,PushPop,:batch=8c8e327bfb304ab89ea79e82c7131adc phase=decode requests=25de90a8b4234cdd9f459bf44de5f72b
0.0,36159126,2,18079563.0,18079563.0,18044028,18115098,50254.1,PushPop,:batch=d5e82f1045e34da68f0cb00ba992eec1 phase=decode requests=25de90a8b4234cdd9f459bf44de5f72b
0.0,36158715,2,18079357.5,18079357.5,18047532,18111183,45008.1,PushPop,:batch=d463f01177b04feba79af9cb861e8925 phase=decode requests=25de90a8b4234cdd9f459bf44de5f72b
0.0,36158665,2,18079332.5,18079332.5,18047496,18111169,45023.6,PushPop,:batch=962f6d7e3d684b2a840337a8a271eb04 phase=decode requests=25de90a8b4234cdd9f459bf44de5f72b
0.0,36158395,2,18079197.5,18079197.5,18051550,18106845,39099.5,PushPop,:batch=591c42c256e6415f8c2c0a21c574e339 phase=decode requests=25de90a8b4234cdd9f459bf44de5f72b
0.0,36157805,2,18078902.5,18078902.5,18037215,18120590,58955.0,PushPop,:batch=3fd1a42990584b0db332388ea44bf2a9 phase=decode requests=25de90a8b4234cdd9f459bf44de5f72b
0.0,36157764,2,18078882.0,18078882.0,18044297,18113467,48910.6,PushPop,:batch=59e4cb85976940609ac9f80e3376b012 phase=decode requests=25de90a8b4234cdd9f459bf44de5f72b
0.0,36157605,2,18078802.5,18078802.5,18049776,18107829,41049.7,PushPop,:batch=2b2f89faecb744d0a64a68dba8c8495a phase=decode requests=25de90a8b4234cdd9f459bf44de5f72b
0.0,36157068,2,18078534.0,18078534.0,18045216,18111852,47118.8,PushPop,:batch=0c2329965b044850ab19c7c8923b0997 phase=decode requests=25de90a8b4234cdd9f459bf44de5f72b
0.0,36156136,2,18078068.0,18078068.0,18051302,18104834,37852.8,PushPop,:batch=a5f9a7b1a02e4878800ce6e3323ecb2a phase=decode requests=25de90a8b4234cdd9f459bf44de5f72b
0.0,36155974,2,18077987.0,18077987.0,18039981,18115993,53748.6,PushPop,:batch=e8bd6cf6087c4765b12345911a796dc7 phase=decode requests=25de90a8b4234cdd9f459bf44de5f72b
0.0,36155859,2,18077929.5,18077929.5,18043126,18112733,49219.6,PushPop,:batch=0d2254d6c80b4c0ebfa1bd952ff25df7 phase=decode requests=25de90a8b4234cdd9f459bf44de5f72b
0.0,36154470,2,18077235.0,18077235.0,18034422,18120048,60546.7,PushPop,:batch=4d976ac64c264456a4b83bbcee72821c phase=decode requests=25de90a8b4234cdd9f459bf44de5f72b
0.0,36152723,2,18076361.5,18076361.5,18037611,18115112,54801.5,PushPop,:batch=2a0fde82efc9429dbb9d4802b9d55d29 phase=decode requests=25de90a8b4234cdd9f459bf44de5f72b
0.0,36152532,2,18076266.0,18076266.0,18041640,18110892,48968.6,PushPop,:batch=f162d1aa01174666ba7a800a225c551d phase=decode requests=25de90a8b4234cdd9f459bf44de5f72b
0.0,36152285,2,18076142.5,18076142.5,18033290,18118995,60602.6,PushPop,:batch=8ffd329219524c52a45e968e8866f885 phase=decode requests=25de90a8b4234cdd9f459bf44de5f72b
0.0,36151827,2,18075913.5,18075913.5,18042672,18109155,47010.6,PushPop,:batch=abb43ae3325c4d72a0f63eb61ab9005e phase=decode requests=25de90a8b4234cdd9f459bf44de5f72b
0.0,36151775,2,18075887.5,18075887.5,18027180,18124595,68882.8,PushPop,:batch=d5bdecccb1ad42b1a1242367333fbba0 phase=decode requests=25de90a8b4234cdd9f459bf44de5f72b
0.0,36151674,2,18075837.0,18075837.0,18038288,18113386,53102.3,PushPop,:batch=3a921671db6542cb891796b9274ca2c0 phase=decode requests=25de90a8b4234cdd9f459bf44de5f72b
0.0,36151445,2,18075722.5,18075722.5,18048974,18102471,37828.1,PushPop,:batch=82e1a8139b8f47b8b38733ffcb0cded5 phase=decode requests=25de90a8b4234cdd9f459bf44de5f72b
0.0,36149529,2,18074764.5,18074764.5,18011980,18137549,88790.7,PushPop,:batch=6a46a64f6e8f47be821a46f9ffbaead4 phase=decode requests=25de90a8b4234cdd9f459bf44de5f72b
0.0,36149212,2,18074606.0,18074606.0,18036322,18112890,54141.8,PushPop,:batch=aedfcbe62800484b924e34041fa8c584 phase=decode requests=25de90a8b4234cdd9f459bf44de5f72b
0.0,36148898,2,18074449.0,18074449.0,18035370,18113528,55266.1,PushPop,:batch=31c570ed879148d4803abaf350b05c50 phase=decode requests=25de90a8b4234cdd9f459bf44de5f72b
0.0,36147953,2,18073976.5,18073976.5,18040754,18107199,46983.7,PushPop,:batch=922f14bde6494db59b2d9d8f96914b49 phase=decode requests=25de90a8b4234cdd9f459bf44de5f72b
0.0,36146918,2,18073459.0,18073459.0,18040814,18106104,46167.0,PushPop,:batch=535b185a6a9341a794d1e036568ed01b phase=decode requests=25de90a8b4234cdd9f459bf44de5f72b
0.0,36146627,2,18073313.5,18073313.5,18041273,18105354,45312.1,PushPop,:batch=43d63f238d804c10970ceaacfa4c2acf phase=decode requests=25de90a8b4234cdd9f459bf44de5f72b
0.0,36146551,2,18073275.5,18073275.5,18046981,18099570,37186.0,PushPop,:batch=ea16822d52344c8d86f6a28cac1e717c phase=decode requests=25de90a8b4234cdd9f459bf44de5f72b
0.0,36146017,2,18073008.5,18073008.5,18041331,18104686,44798.8,PushPop,:batch=d3171bbae5eb4ea09942619cc75282ee phase=decode requests=25de90a8b4234cdd9f459bf44de5f72b
0.0,36145957,2,18072978.5,18072978.5,18041714,18104243,44214.7,PushPop,:batch=41d62914646141a18212cad63ec8f5fd phase=decode requests=25de90a8b4234cdd9f459bf44de5f72b
0.0,36145888,2,18072944.0,18072944.0,18040775,18105113,45493.8,PushPop,:batch=992b977ae84441618fc2ef455cebde9c phase=decode requests=25de90a8b4234cdd9f459bf44de5f72b
0.0,36145441,2,18072720.5,18072720.5,18040293,18105148,45859.4,PushPop,:batch=67c2a39b33934302b6dbfc2390a017ce phase=decode requests=25de90a8b4234cdd9f459bf44de5f72b
0.0,36145196,2,18072598.0,18072598.0,18042778,18102418,42171.8,PushPop,:batch=0a296843bfb3404384cc6fdaaea9366f phase=decode requests=25de90a8b4234cdd9f459bf44de5f72b
0.0,36145089,2,18072544.5,18072544.5,18038229,18106860,48529.4,PushPop,:batch=ef431fb8faff4daf8b6afc1d9db0b5e1 phase=decode requests=25de90a8b4234cdd9f459bf44de5f72b
0.0,36144789,2,18072394.5,18072394.5,18044895,18099894,38890.2,PushPop,:batch=c4f64a7001214ec3903caebfe1093860 phase=decode requests=25de90a8b4234cdd9f459bf44de5f72b
0.0,36143766,2,18071883.0,18071883.0,18033812,18109954,53840.5,PushPop,:batch=465f3ead4a16491e997300c2a9efcf5b phase=decode requests=25de90a8b4234cdd9f459bf44de5f72b
0.0,36142507,2,18071253.5,18071253.5,18038921,18103586,45725.1,PushPop,:batch=1cdd34b53d00417886e2fa038b9607ab phase=decode requests=25de90a8b4234cdd9f459bf44de5f72b
0.0,36141789,2,18070894.5,18070894.5,18043616,18098173,38577.6,PushPop,:batch=b143775e402945bfba256d013ddee0db phase=decode requests=25de90a8b4234cdd9f459bf44de5f72b
0.0,36139160,2,18069580.0,18069580.0,18040483,18098677,41149.4,PushPop,:batch=f6525b30a6bf4e5abac3bb25c840a7f4 phase=decode requests=25de90a8b4234cdd9f459bf44de5f72b
0.0,36138687,2,18069343.5,18069343.5,18037640,18101047,44835.5,PushPop,:batch=b9e724b1a4dc49e2be4c845cd61f5a1a phase=decode requests=25de90a8b4234cdd9f459bf44de5f72b
0.0,36137809,2,18068904.5,18068904.5,18036418,18101391,45942.8,PushPop,:batch=645e06210d3e44ba844cf21a91f84a66 phase=decode requests=25de90a8b4234cdd9f459bf44de5f72b
0.0,36137578,2,18068789.0,18068789.0,18042596,18094982,37042.5,PushPop,:batch=1a6d22aedbda41118ae622df531ef08c phase=decode requests=25de90a8b4234cdd9f459bf44de5f72b
0.0,36136666,2,18068333.0,18068333.0,18023854,18112812,62902.8,PushPop,:batch=c82ecbbb7b834c24b89ac1d6434556c9 phase=decode requests=25de90a8b4234cdd9f459bf44de5f72b
0.0,36136486,2,18068243.0,18068243.0,18029361,18107125,54987.5,PushPop,:batch=30ffc2f506524970b87e127a8304fc3d phase=decode requests=25de90a8b4234cdd9f459bf44de5f72b
0.0,36136150,2,18068075.0,18068075.0,18028415,18107735,56087.7,PushPop,:batch=c311ce3ce93041ba818bc67bd3bab281 phase=decode requests=25de90a8b4234cdd9f459bf44de5f72b
0.0,36135435,2,18067717.5,18067717.5,18042696,18092739,35385.7,PushPop,:batch=edbc04d7298747d0af1ec6d820d8318b phase=decode requests=25de90a8b4234cdd9f459bf44de5f72b
0.0,36134855,2,18067427.5,18067427.5,18020888,18113967,65816.8,PushPop,:batch=a7a3c0e1dc02426bb2f270a023341619 phase=decode requests=25de90a8b4234cdd9f459bf44de5f72b
0.0,36133948,2,18066974.0,18066974.0,18027847,18106101,55333.9,PushPop,:batch=2c85574245dd4be29eb2a6093263beb1 phase=decode requests=25de90a8b4234cdd9f459bf44de5f72b
0.0,36133726,2,18066863.0,18066863.0,18036546,18097180,42874.7,PushPop,:batch=f7f0fd94edca46c9a11c325e35cf44c6 phase=decode requests=25de90a8b4234cdd9f459bf44de5f72b
0.0,36133336,2,18066668.0,18066668.0,18039141,18094195,38929.1,PushPop,:batch=6f2903c0b5ad4d58a0e2a1a5dcd34855 phase=decode requests=25de90a8b4234cdd9f459bf44de5f72b
0.0,36132972,2,18066486.0,18066486.0,18031724,18101248,49160.9,PushPop,:batch=112e6e89427743b8a661ae4e4a45e43d phase=decode requests=25de90a8b4234cdd9f459bf44de5f72b
0.0,36132379,2,18066189.5,18066189.5,18027890,18104489,54163.7,PushPop,:batch=97b522fbfb2649478ae1933407d65c7c phase=decode requests=25de90a8b4234cdd9f459bf44de5f72b
0.0,36131373,2,18065686.5,18065686.5,18025868,18105505,56311.9,PushPop,:batch=070717aed921437fb6922a9863efe8e5 phase=decode requests=25de90a8b4234cdd9f459bf44de5f72b
0.0,36128892,2,18064446.0,18064446.0,18040396,18088496,34011.8,PushPop,:batch=92bb61a532cc4ae38670c74741405160 phase=decode requests=25de90a8b4234cdd9f459bf44de5f72b
0.0,36128555,2,18064277.5,18064277.5,18036785,18091770,38880.3,PushPop,:batch=7b68063bd4a24cfab0f36d92a00f894d phase=decode requests=25de90a8b4234cdd9f459bf44de5f72b
0.0,36127934,2,18063967.0,18063967.0,18035818,18092116,39808.7,PushPop,:batch=ac99ac838e114d068934f947dd1203c4 phase=decode requests=25de90a8b4234cdd9f459bf44de5f72b
0.0,36127269,2,18063634.5,18063634.5,18031360,18095909,45643.0,PushPop,:batch=27afc50ac0d84c09bbdd85e24bfa84e6 phase=decode requests=25de90a8b4234cdd9f459bf44de5f72b
0.0,36126497,2,18063248.5,18063248.5,18032204,18094293,43903.6,PushPop,:batch=09ed11458b164eb48a12cad77041c91c phase=decode requests=25de90a8b4234cdd9f459bf44de5f72b
0.0,36123859,2,18061929.5,18061929.5,18022985,18100874,55075.8,PushPop,:batch=9db17e41168b4d13a527e7c2f4fc643d phase=decode requests=25de90a8b4234cdd9f459bf44de5f72b
0.0,36123634,2,18061817.0,18061817.0,18037196,18086438,34819.4,PushPop,:batch=c3e9cddd8ea24e42baee3eab8ca7d806 phase=decode requests=25de90a8b4234cdd9f459bf44de5f72b
0.0,36123381,2,18061690.5,18061690.5,18021565,18101816,56746.0,PushPop,:batch=39d2e04b222e47b2a86c822273d13781 phase=decode requests=25de90a8b4234cdd9f459bf44de5f72b
0.0,36122976,2,18061488.0,18061488.0,18031384,18091592,42573.5,PushPop,:batch=1ad380147c3c443e9dbfcf54bb1de3cc phase=decode requests=25de90a8b4234cdd9f459bf44de5f72b
0.0,36122762,2,18061381.0,18061381.0,18023781,18098981,53174.4,PushPop,:batch=f8a4eed42559455ebeb6be332123e14d phase=decode requests=25de90a8b4234cdd9f459bf44de5f72b
0.0,36122454,2,18061227.0,18061227.0,18027878,18094576,47162.6,PushPop,:batch=94a6a0fb6e1549719f28b3d22e098e9b phase=decode requests=25de90a8b4234cdd9f459bf44de5f72b
0.0,36122341,2,18061170.5,18061170.5,18024279,18098062,52172.5,PushPop,:batch=09dc1afb53884a049cbb060d8b9d07cd phase=decode requests=25de90a8b4234cdd9f459bf44de5f72b
0.0,36121030,2,18060515.0,18060515.0,18028485,18092545,45297.3,PushPop,:batch=3220a29c949748f7959d5cd16a733b0a phase=decode requests=25de90a8b4234cdd9f459bf44de5f72b
0.0,36120689,2,18060344.5,18060344.5,18030522,18090167,42175.4,PushPop,:batch=dcb470ab760a458dbc557355383db2d0 phase=decode requests=25de90a8b4234cdd9f459bf44de5f72b
0.0,36120206,2,18060103.0,18060103.0,18031811,18088395,40010.9,PushPop,:batch=4820337ea953482eab347e3b037f8ca0 phase=decode requests=25de90a8b4234cdd9f459bf44de5f72b
0.0,36119638,2,18059819.0,18059819.0,18033634,18086004,37031.2,PushPop,:batch=cedd8ba0361244539a5aa2c4eb70aaaa phase=decode requests=25de90a8b4234cdd9f459bf44de5f72b
0.0,36118909,2,18059454.5,18059454.5,18024170,18094739,49899.8,PushPop,:batch=27b46e475fb54cd69a41267a83648ea2 phase=decode requests=25de90a8b4234cdd9f459bf44de5f72b
0.0,36118200,2,18059100.0,18059100.0,18031348,18086852,39247.3,PushPop,:batch=ce0fd5ec92a9484399f3c7818a4b175e phase=decode requests=25de90a8b4234cdd9f459bf44de5f72b
0.0,36116935,2,18058467.5,18058467.5,18029705,18087230,40676.3,PushPop,:batch=2eb9ab9b965d46748199eaa89dfc98d8 phase=decode requests=25de90a8b4234cdd9f459bf44de5f72b
0.0,36116754,2,18058377.0,18058377.0,18010700,18106054,67425.5,PushPop,:batch=92a5b14359584f0bbcaf5ee9e00d37f2 phase=decode requests=25de90a8b4234cdd9f459bf44de5f72b
0.0,36115404,2,18057702.0,18057702.0,18026482,18088922,44151.7,PushPop,:batch=2f72488802304260817a15bed38a8d6f phase=decode requests=25de90a8b4234cdd9f459bf44de5f72b
0.0,36114104,2,18057052.0,18057052.0,18026462,18087642,43260.8,PushPop,:batch=5e7f841a2c41497293a881a796e6435d phase=decode requests=25de90a8b4234cdd9f459bf44de5f72b
0.0,36113641,2,18056820.5,18056820.5,18027619,18086022,41297.2,PushPop,:batch=7716fcf4431b4d76b7493a8439e42787 phase=decode requests=25de90a8b4234cdd9f459bf44de5f72b
0.0,36112953,2,18056476.5,18056476.5,18014636,18098317,59171.4,PushPop,:batch=624462a573b2485ab840b76c2bb1b1a7 phase=decode requests=25de90a8b4234cdd9f459bf44de5f72b
0.0,36112576,2,18056288.0,18056288.0,18023003,18089573,47072.1,PushPop,:batch=62affe2400ea4cc495eaf192351d6dee phase=decode requests=25de90a8b4234cdd9f459bf44de5f72b
0.0,36112275,2,18056137.5,18056137.5,18025083,18087192,43917.7,PushPop,:batch=8a82b0bfbb8c427999d624661ac82618 phase=decode requests=25de90a8b4234cdd9f459bf44de5f72b
0.0,36112139,2,18056069.5,18056069.5,18016103,18096036,56521.2,PushPop,:batch=2fa2a414c4e84bbc883988621752d76c phase=decode requests=25de90a8b4234cdd9f459bf44de5f72b
0.0,36112135,2,18056067.5,18056067.5,18039736,18072399,23096.2,PushPop,:batch=dba78e870d6d4313b3751dc8bd284a0c phase=decode requests=25de90a8b4234cdd9f459bf44de5f72b
0.0,36109577,2,18054788.5,18054788.5,18020716,18088861,48185.8,PushPop,:batch=86be20162092416497dd73c4a971e8af phase=decode requests=25de90a8b4234cdd9f459bf44de5f72b
0.0,36108934,2,18054467.0,18054467.0,18019134,18089800,49968.4,PushPop,:batch=4424bb1cef7043eabaad1ebc9dab9322 phase=decode requests=25de90a8b4234cdd9f459bf44de5f72b
0.0,36108675,2,18054337.5,18054337.5,18020437,18088238,47942.5,PushPop,:batch=e3e02f72fea44917ba450871d20d440d phase=decode requests=25de90a8b4234cdd9f459bf44de5f72b
0.0,36107296,2,18053648.0,18053648.0,18017211,18090085,51529.7,PushPop,:batch=ca4a9c0d95b64d118987313647608207 phase=decode requests=25de90a8b4234cdd9f459bf44de5f72b
0.0,36106256,2,18053128.0,18053128.0,18027407,18078849,36375.0,PushPop,:batch=5d0707983abb4272b597271314c017cd phase=decode requests=25de90a8b4234cdd9f459bf44de5f72b
0.0,36103450,2,18051725.0,18051725.0,18015699,18087751,50948.5,PushPop,:batch=f5545f6a75ba4c7aaae2d71a7d7f875a phase=decode requests=25de90a8b4234cdd9f459bf44de5f72b
0.0,36102952,2,18051476.0,18051476.0,18023764,18079188,39190.7,PushPop,:batch=38534b45a9ab4cb6a4a21a61b10b9535 phase=decode requests=25de90a8b4234cdd9f459bf44de5f72b
0.0,36102625,2,18051312.5,18051312.5,18008646,18093979,60339.5,PushPop,:batch=70659fe582b447e7b15bd64e4c7a5e4c phase=decode requests=25de90a8b4234cdd9f459bf44de5f72b
0.0,36100008,2,18050004.0,18050004.0,18020500,18079508,41725.0,PushPop,:batch=28a9c8a2e94d43bcae900489fa8761a1 phase=decode requests=25de90a8b4234cdd9f459bf44de5f72b
0.0,36099237,2,18049618.5,18049618.5,18006145,18093092,61480.8,PushPop,:batch=a0f1311b30534fabb827df86f2fd81c2 phase=decode requests=25de90a8b4234cdd9f459bf44de5f72b
0.0,36099066,2,18049533.0,18049533.0,17986954,18112112,88500.1,PushPop,:batch=4bb91ef22ac34e8e8391f6b05f191ad8 phase=decode requests=25de90a8b4234cdd9f459bf44de5f72b
0.0,36098284,2,18049142.0,18049142.0,17995510,18102774,75847.1,PushPop,:batch=d2fc7786697f44248aebe00a7f3aecb2 phase=decode requests=25de90a8b4234cdd9f459bf44de5f72b
0.0,36097001,2,18048500.5,18048500.5,18015563,18081438,46580.7,PushPop,:batch=eec4884394c44f1ebf61be15621cef00 phase=decode requests=25de90a8b4234cdd9f459bf44de5f72b
0.0,36096990,2,18048495.0,18048495.0,18005489,18091501,60819.7,PushPop,:batch=6030d0dc21504a5f987df8bdecc13133 phase=decode requests=25de90a8b4234cdd9f459bf44de5f72b
0.0,36096773,2,18048386.5,18048386.5,18019942,18076831,40226.6,PushPop,:batch=9cc8ec56d9a54884b785710e2b02df0a phase=decode requests=25de90a8b4234cdd9f459bf44de5f72b
0.0,36095994,2,18047997.0,18047997.0,18016008,18079986,45239.3,PushPop,:batch=b020fb67960b457eb4584fe34293cd19 phase=decode requests=25de90a8b4234cdd9f459bf44de5f72b
0.0,36094625,2,18047312.5,18047312.5,18011776,18082849,50256.2,PushPop,:batch=2b294586ae1044e485467791a5d567aa phase=decode requests=25de90a8b4234cdd9f459bf44de5f72b
0.0,36093859,2,18046929.5,18046929.5,18013547,18080312,47210.0,PushPop,:batch=2827de33fa9d4441a1de45ce7217ce96 phase=decode requests=25de90a8b4234cdd9f459bf44de5f72b
0.0,36093551,2,18046775.5,18046775.5,18015450,18078101,44300.9,PushPop,:batch=d78ac1ce569841368d032acdf31c8b31 phase=decode requests=25de90a8b4234cdd9f459bf44de5f72b
0.0,36091879,2,18045939.5,18045939.5,18010033,18081846,50779.5,PushPop,:batch=36d08d434d4f44f6bc4672c5d579de16 phase=decode requests=25de90a8b4234cdd9f459bf44de5f72b
0.0,36091069,2,18045534.5,18045534.5,18007932,18083137,53178.0,PushPop,:batch=6f91ba616c1641c28615b644106872d3 phase=decode requests=25de90a8b4234cdd9f459bf44de5f72b
0.0,36089843,2,18044921.5,18044921.5,18020875,18068968,34006.9,PushPop,:batch=bf4e2fc1ffe8426383c3225815775077 phase=decode requests=25de90a8b4234cdd9f459bf44de5f72b
0.0,36088576,2,18044288.0,18044288.0,17980862,18107714,89697.9,PushPop,:batch=4f89822a08224cfbba85086b903792d5 phase=decode requests=25de90a8b4234cdd9f459bf44de5f72b
0.0,36087701,2,18043850.5,18043850.5,18009799,18077902,48156.1,PushPop,:batch=f90f3c4345b343718d9d0c1773cdb862 phase=decode requests=25de90a8b4234cdd9f459bf44de5f72b
0.0,36087553,2,18043776.5,18043776.5,18010742,18076811,46717.8,PushPop,:batch=20a5f53ee1c34b45ab7dfd4bfd4ea3a0 phase=decode requests=25de90a8b4234cdd9f459bf44de5f72b
0.0,36085783,2,18042891.5,18042891.5,17998365,18087418,62970.0,PushPop,:batch=0a2d32668b914dd3b614c663600977e0 phase=decode requests=25de90a8b4234cdd9f459bf44de5f72b
0.0,36083736,2,18041868.0,18041868.0,18006276,18077460,50334.7,PushPop,:batch=d2019ea43023420694b2e821c4dca5a3 phase=decode requests=25de90a8b4234cdd9f459bf44de5f72b
0.0,36083027,2,18041513.5,18041513.5,18012198,18070829,41458.4,PushPop,:batch=b7171f93ce574958a0259c46ab3bb416 phase=decode requests=25de90a8b4234cdd9f459bf44de5f72b
0.0,36082050,2,18041025.0,18041025.0,18007703,18074347,47124.4,PushPop,:batch=79a6d965bce442938f0ce499a10d3f6b phase=decode requests=25de90a8b4234cdd9f459bf44de5f72b
0.0,36081257,2,18040628.5,18040628.5,18013063,18068194,38983.5,PushPop,:batch=8ec12b6135804fd3a4c3b9a4bfbea6c5 phase=decode requests=25de90a8b4234cdd9f459bf44de5f72b
0.0,36078487,2,18039243.5,18039243.5,18004824,18073663,48676.5,PushPop,:batch=d90da9f5966a42a2a5a7c7ae4c4c48d0 phase=decode requests=25de90a8b4234cdd9f459bf44de5f72b
0.0,36074993,2,18037496.5,18037496.5,18002889,18072104,48942.4,PushPop,:batch=b9d75f0984bc49cb9342b4f32476a364 phase=decode requests=25de90a8b4234cdd9f459bf44de5f72b
0.0,36074683,2,18037341.5,18037341.5,18013916,18060767,33128.7,PushPop,:batch=9ab446d5d0894e6a83325ce1120c16d0 phase=decode requests=25de90a8b4234cdd9f459bf44de5f72b
0.0,36074287,2,18037143.5,18037143.5,18008608,18065679,40355.3,PushPop,:batch=d58d55c10a584652bc643e621f6b91a0 phase=decode requests=25de90a8b4234cdd9f459bf44de5f72b
0.0,36073974,2,18036987.0,18036987.0,18010889,18063085,36908.1,PushPop,:batch=772003a875134e3d8ec6b9b51e32dc85 phase=decode requests=25de90a8b4234cdd9f459bf44de5f72b
0.0,36073761,2,18036880.5,18036880.5,18001723,18072038,49720.2,PushPop,:batch=ff25ca0207474cfe957dedd4f46f709f phase=decode requests=25de90a8b4234cdd9f459bf44de5f72b
0.0,36072622,2,18036311.0,18036311.0,17998270,18074352,53798.1,PushPop,:batch=ca2ef2851a1d477688ce786658f9678b phase=decode requests=25de90a8b4234cdd9f459bf44de5f72b
0.0,36071053,2,18035526.5,18035526.5,18004939,18066114,43257.3,PushPop,:batch=803577b2309245c6af6e694dcb5639bd phase=decode requests=25de90a8b4234cdd9f459bf44de5f72b
0.0,36070630,2,18035315.0,18035315.0,17997548,18073082,53410.6,PushPop,:batch=28ad6cbcd7264e5b9219f4205e8ce9f7 phase=decode requests=25de90a8b4234cdd9f459bf44de5f72b
0.0,36070368,2,18035184.0,18035184.0,18006504,18063864,40559.6,PushPop,:batch=443e069da27747b5bcddcbc025cbd1d3 phase=decode requests=25de90a8b4234cdd9f459bf44de5f72b
0.0,36067214,2,18033607.0,18033607.0,18004407,18062807,41295.0,PushPop,:batch=2308fde865e34916ae10740bedf5829b phase=decode requests=25de90a8b4234cdd9f459bf44de5f72b
0.0,36066832,2,18033416.0,18033416.0,18008678,18058154,34984.8,PushPop,:batch=5e91e8cee6574a39953f098f155105c3 phase=decode requests=25de90a8b4234cdd9f459bf44de5f72b
0.0,36066308,2,18033154.0,18033154.0,17996908,18069400,51259.6,PushPop,:batch=f8187919aaad489686145da7cec41c4d phase=decode requests=25de90a8b4234cdd9f459bf44de5f72b
0.0,36066289,2,18033144.5,18033144.5,18009596,18056693,33302.6,PushPop,:batch=f9288983ec6541c3888b83c41895dbf2 phase=decode requests=25de90a8b4234cdd9f459bf44de5f72b
0.0,36065973,2,18032986.5,18032986.5,17982958,18083015,70751.0,PushPop,:batch=54f7c6b05f9e4d6ba811fc5ddc28eaef phase=decode requests=25de90a8b4234cdd9f459bf44de5f72b
0.0,36064972,2,18032486.0,18032486.0,17986192,18078780,65469.6,PushPop,:batch=f42e0f72ac074d5bbbe3aa8d5ea09903 phase=decode requests=25de90a8b4234cdd9f459bf44de5f72b
0.0,36064818,2,18032409.0,18032409.0,18001559,18063259,43628.5,PushPop,:batch=1b8072131b7b4723a8bfd5d134da1581 phase=decode requests=25de90a8b4234cdd9f459bf44de5f72b
0.0,36058332,2,18029166.0,18029166.0,17995472,18062860,47650.5,PushPop,:batch=571e0fcfb68e49739902e50823e9fec7 phase=decode requests=25de90a8b4234cdd9f459bf44de5f72b
0.0,36057227,2,18028613.5,18028613.5,17980795,18076432,67625.6,PushPop,:batch=cc9674a74a44486f99b878310b2b7fc7 phase=decode requests=25de90a8b4234cdd9f459bf44de5f72b
0.0,36055917,2,18027958.5,18027958.5,17995441,18060476,45986.7,PushPop,:batch=576f513ddc8e4ac18c2bd9ef5bb24de3 phase=decode requests=25de90a8b4234cdd9f459bf44de5f72b
0.0,36055772,2,18027886.0,18027886.0,17998099,18057673,42125.2,PushPop,:batch=e5f15ea747d544c6a23eff28a7fb160f phase=decode requests=25de90a8b4234cdd9f459bf44de5f72b
0.0,36055585,2,18027792.5,18027792.5,17987692,18067893,56710.7,PushPop,:batch=2c63db4a9645406f9f65eee448bf2745 phase=decode requests=25de90a8b4234cdd9f459bf44de5f72b
0.0,36049824,2,18024912.0,18024912.0,17994938,18054886,42389.6,PushPop,:batch=53a7b05639c04bbcae805ccf6efc39f0 phase=decode requests=25de90a8b4234cdd9f459bf44de5f72b
0.0,36047712,2,18023856.0,18023856.0,17985417,18062295,54361.0,PushPop,:batch=f16848d9b9054e4bbc69ad9af12407ea phase=decode requests=25de90a8b4234cdd9f459bf44de5f72b
0.0,36046409,2,18023204.5,18023204.5,17988644,18057765,48875.9,PushPop,:batch=e39325590805463a925b8933954e80d4 phase=decode requests=25de90a8b4234cdd9f459bf44de5f72b
0.0,36046248,2,18023124.0,18023124.0,17979395,18066853,61842.1,PushPop,:batch=7a79fada291246479e8214579fc367de phase=decode requests=25de90a8b4234cdd9f459bf44de5f72b
0.0,36046004,2,18023002.0,18023002.0,17991684,18054320,44290.3,PushPop,:batch=3df53602de1b44b4a9ad197e391b1909 phase=decode requests=25de90a8b4234cdd9f459bf44de5f72b
0.0,36045590,2,18022795.0,18022795.0,17994527,18051063,39977.0,PushPop,:batch=71671b0110d24f499de8c337889c15a7 phase=decode requests=25de90a8b4234cdd9f459bf44de5f72b
0.0,36043902,2,18021951.0,18021951.0,17991046,18052856,43706.3,PushPop,:batch=d24e2b8141a94c07adcf81e9592405d3 phase=decode requests=25de90a8b4234cdd9f459bf44de5f72b
0.0,36042919,2,18021459.5,18021459.5,17983656,18059263,53462.2,PushPop,:batch=72534daf94924205af523d9681f95633 phase=decode requests=25de90a8b4234cdd9f459bf44de5f72b
0.0,36042485,2,18021242.5,18021242.5,17994028,18048457,38487.1,PushPop,:batch=86fb4ce7021d4d48afe9a51dc5ee0752 phase=decode requests=25de90a8b4234cdd9f459bf44de5f72b
0.0,36038547,2,18019273.5,18019273.5,17996281,18042266,32516.3,PushPop,:batch=482a81d63548496ba3e7ebded1fe20a2 phase=decode requests=25de90a8b4234cdd9f459bf44de5f72b
0.0,36038326,2,18019163.0,18019163.0,17990683,18047643,40276.8,PushPop,:batch=098a66a695684bac8500b56a419d8915 phase=decode requests=25de90a8b4234cdd9f459bf44de5f72b
0.0,36035820,2,18017910.0,18017910.0,17985448,18050372,45908.2,PushPop,:batch=d4126187be464040a64b5dbc67fab4f0 phase=decode requests=25de90a8b4234cdd9f459bf44de5f72b
0.0,36031816,2,18015908.0,18015908.0,17977456,18054360,54379.3,PushPop,:batch=bb0e26b6b8a84b448740ef601acd7005 phase=decode requests=25de90a8b4234cdd9f459bf44de5f72b
0.0,36027176,2,18013588.0,18013588.0,17975805,18051371,53433.2,PushPop,:batch=cff2b4dfde3b422d8a4c1c4046e7cacd phase=decode requests=25de90a8b4234cdd9f459bf44de5f72b
0.0,36027134,2,18013567.0,18013567.0,17979744,18047390,47832.9,PushPop,:batch=682bae1cd08746e9a3d7f1f43f306b84 phase=decode requests=25de90a8b4234cdd9f459bf44de5f72b
0.0,36025875,2,18012937.5,18012937.5,17976503,18049372,51526.2,PushPop,:batch=9f7e582e29e047ed8811cd4ee6667aa6 phase=decode requests=25de90a8b4234cdd9f459bf44de5f72b
0.0,36022950,2,18011475.0,18011475.0,17978427,18044523,46736.9,PushPop,:batch=e48d40b7d0a94a2c89864c44344916af phase=decode requests=25de90a8b4234cdd9f459bf44de5f72b
0.0,36022596,2,18011298.0,18011298.0,17981547,18041049,42074.3,PushPop,:batch=36f53b1a3f504c93b7e566c517651c71 phase=decode requests=25de90a8b4234cdd9f459bf44de5f72b
0.0,36020862,2,18010431.0,18010431.0,17964967,18055895,64295.8,PushPop,:batch=8aa63cb0e6cc429881a9608c3b851d14 phase=decode requests=25de90a8b4234cdd9f459bf44de5f72b
0.0,36019082,2,18009541.0,18009541.0,17966468,18052614,60914.4,PushPop,:batch=1c64e41a63b74f6d84cd043599908726 phase=decode requests=25de90a8b4234cdd9f459bf44de5f72b
0.0,36018355,2,18009177.5,18009177.5,17970314,18048041,54961.3,PushPop,:batch=a9f5e494417848eda4156ec73c226f1e phase=decode requests=25de90a8b4234cdd9f459bf44de5f72b
0.0,36018177,2,18009088.5,18009088.5,17961001,18057176,68006.0,PushPop,:batch=28490fa9632c4b529b6791d1da1eb31a phase=decode requests=25de90a8b4234cdd9f459bf44de5f72b
0.0,36015475,2,18007737.5,18007737.5,17964338,18051137,61376.2,PushPop,:batch=2acc7f0d580f4ab09c7290d7c1f18714 phase=decode requests=25de90a8b4234cdd9f459bf44de5f72b
0.0,36015219,2,18007609.5,18007609.5,17973129,18042090,48762.8,PushPop,:batch=a8f54a1805f84910bb79a3d34f098cd6 phase=decode requests=25de90a8b4234cdd9f459bf44de5f72b
0.0,36015083,2,18007541.5,18007541.5,17975451,18039632,45382.8,PushPop,:batch=d17f6e9775af4b4bb84c4ecffd6af485 phase=decode requests=25de90a8b4234cdd9f459bf44de5f72b
0.0,36008363,2,18004181.5,18004181.5,17971442,18036921,46300.6,PushPop,:batch=fb01781078bc4944ac40d8842b92f9a4 phase=decode requests=25de90a8b4234cdd9f459bf44de5f72b
0.0,36006877,2,18003438.5,18003438.5,17961636,18045241,59117.7,PushPop,:batch=a40cafe2002c4b6a9f6439b5bdbfd9ff phase=decode requests=25de90a8b4234cdd9f459bf44de5f72b
0.0,36003389,2,18001694.5,18001694.5,17972711,18030678,40988.9,PushPop,:batch=7493241b804842efaab59bb4b3cc4e70 phase=decode requests=25de90a8b4234cdd9f459bf44de5f72b
0.0,35997671,2,17998835.5,17998835.5,17964487,18033184,48576.1,PushPop,:batch=8cad8579437f44429dfe1934b040ea6f phase=decode requests=25de90a8b4234cdd9f459bf44de5f72b
0.0,35996299,2,17998149.5,17998149.5,17968846,18027453,41441.4,PushPop,:batch=632c574bb3c24004855344116af5891d phase=decode requests=25de90a8b4234cdd9f459bf44de5f72b
0.0,35995521,2,17997760.5,17997760.5,17953686,18041835,62330.8,PushPop,:batch=cee727afff12440cbb9c03d344b48072 phase=decode requests=25de90a8b4234cdd9f459bf44de5f72b
0.0,35995178,2,17997589.0,17997589.0,17961629,18033549,50855.1,PushPop,:batch=65cbe5191f424b1494d0427724efb4d5 phase=decode requests=25de90a8b4234cdd9f459bf44de5f72b
0.0,35993204,2,17996602.0,17996602.0,17954151,18039053,60034.8,PushPop,:batch=dbc822df61ef4ee8bcc8a5775af77508 phase=decode requests=25de90a8b4234cdd9f459bf44de5f72b
0.0,35989378,2,17994689.0,17994689.0,17960977,18028401,47676.0,PushPop,:batch=e591699d3c6d46e9939b3d93c1c8c1ef phase=decode requests=25de90a8b4234cdd9f459bf44de5f72b
0.0,35981253,2,17990626.5,17990626.5,17959937,18021316,43401.5,PushPop,:batch=8b13b0da78834347ba4c8115fa9fe477 phase=decode requests=25de90a8b4234cdd9f459bf44de5f72b
0.0,35975928,2,17987964.0,17987964.0,17948660,18027268,55584.2,PushPop,:batch=4b3d03e1d9374145b1606523e1c479ce phase=decode requests=25de90a8b4234cdd9f459bf44de5f72b
0.0,35971449,2,17985724.5,17985724.5,17954219,18017230,44555.5,PushPop,:batch=c22e21d49a9d410eaa5a0a521f1835bb phase=decode requests=25de90a8b4234cdd9f459bf44de5f72b
0.0,35968229,2,17984114.5,17984114.5,17947135,18021094,52296.9,PushPop,:batch=eb65889390bc482b87f86e614a57ba12 phase=decode requests=25de90a8b4234cdd9f459bf44de5f72b
0.0,35962234,2,17981117.0,17981117.0,17941760,18020474,55659.2,PushPop,:batch=be50591e8adf4b4c93d3494b26806225 phase=decode requests=25de90a8b4234cdd9f459bf44de5f72b
0.0,35957527,2,17978763.5,17978763.5,17951803,18005724,38127.9,PushPop,:batch=fa6b7e26cd064613941a4a9775c11573 phase=decode requests=25de90a8b4234cdd9f459bf44de5f72b
0.0,35952921,2,17976460.5,17976460.5,17945539,18007382,43729.6,PushPop,:batch=c52053a9aa224d319750f43092a6930e phase=decode requests=25de90a8b4234cdd9f459bf44de5f72b
0.0,35951563,2,17975781.5,17975781.5,17934699,18016864,58099.4,PushPop,:batch=cdf8a393f50d4043974d1b477ccbd322 phase=decode requests=25de90a8b4234cdd9f459bf44de5f72b
0.0,35951033,2,17975516.5,17975516.5,17944617,18006416,43698.5,PushPop,:batch=71b5339579094f62bb7da9f5c8bed543 phase=decode requests=25de90a8b4234cdd9f459bf44de5f72b
0.0,35942368,2,17971184.0,17971184.0,17928337,18014031,60594.8,PushPop,:batch=41ae9b9739024cd9a9ee5212f22dc3d7 phase=decode requests=25de90a8b4234cdd9f459bf44de5f72b
0.0,35932930,2,17966465.0,17966465.0,17927069,18005861,55714.4,PushPop,:batch=20a63bb7f7bd42169ce51d3b50b3f894 phase=decode requests=25de90a8b4234cdd9f459bf44de5f72b
0.0,35927747,2,17963873.5,17963873.5,17926212,18001535,53261.4,PushPop,:batch=8e59324674be47fa8b80c9f140bf679e phase=decode requests=25de90a8b4234cdd9f459bf44de5f72b
0.0,35925761,2,17962880.5,17962880.5,17941453,17984308,30303.1,PushPop,:batch=fc316a13b7204460a765045f312afedf phase=decode requests=25de90a8b4234cdd9f459bf44de5f72b
0.0,35924350,2,17962175.0,17962175.0,17930326,17994024,45041.3,PushPop,:batch=eb01255243ed44d09b92654fc32eec5a phase=decode requests=25de90a8b4234cdd9f459bf44de5f72b
0.0,35921611,2,17960805.5,17960805.5,17933856,17987755,38112.3,PushPop,:batch=7de1147be00f4b22b1c97a4492854bfc phase=decode requests=25de90a8b4234cdd9f459bf44de5f72b
0.0,35913887,2,17956943.5,17956943.5,17924778,17989109,45488.9,PushPop,:batch=7ba82d3ec6b7482fa134c5ff47d8935d phase=decode requests=25de90a8b4234cdd9f459bf44de5f72b
0.0,35903246,2,17951623.0,17951623.0,17907233,17996013,62776.9,PushPop,:batch=31db2afcad00437f8a1941eed3d6ad4e phase=decode requests=25de90a8b4234cdd9f459bf44de5f72b
0.0,35852534,2,17926267.0,17926267.0,17888557,17963977,53330.0,PushPop,:batch=d80379279ffc463b9bef636739818ffc phase=decode requests=25de90a8b4234cdd9f459bf44de5f72b
