Time (%),Total Time (ns),Instances,Avg (ns),Med (ns),Min (ns),Max (ns),StdDev (ns),Style,Range
21.6,98501324609,3320,29669073.7,29572560.5,28899207,38192379,581649.5,PushPop,:cloud_and_wan_wait_decode
6.6,30050216503,6640,4525635.0,4498996.5,4295694,9010415,173223.2,PushPop,:enterprise_back_decode
4.9,22202369759,6640,3343730.4,3327233.5,3154010,10531378,175345.0,PushPop,:enterprise_front_decode
1.5,6959559820,20,347977991.0,190134217.0,54843839,961587841,359867129.5,PushPop,:cloud_and_wan_wait_prefill
0.8,3689984878,2,1844992439.0,1844992439.0,1844849273,1845135605,202467.3,PushPop,:batch=c88207df67d24c4da42d45c8bcebc59c phase=prefill requests=04a26fdd847647a5a094bbafb63bc469
0.8,3673100295,2,1836550147.5,1836550147.5,1836238750,1836861545,440382.6,PushPop,:batch=04999e5db17646f381f8d12e5ba42b89 phase=prefill requests=f613ba29e5e3458d8e63b0275b98ac68
0.8,3662805532,2,1831402766.0,1831402766.0,1831185818,1831619714,306810.8,PushPop,:batch=1e7fcf524a0a4e98b5c9f0771b994b75 phase=prefill requests=612ab6a155ee43be83ea6696bd5b8b7f
0.8,3646518426,2,1823259213.0,1823259213.0,1823052019,1823466407,293016.6,PushPop,:batch=fec6ce2958354b9dad7bc35b9b7679d7 phase=prefill requests=5f8f2308efff494a9a6a2fa3d4ecc35c
0.8,3643102886,2,1821551443.0,1821551443.0,1820408633,1822694253,1616177.4,PushPop,:batch=67817480f9894f60bd669484733c604b phase=prefill requests=1811f6ebf58e4b0ea2292b35146cd35f
0.8,3540877194,126920,27898.5,26933.0,22187,1602184,7190.5,PushPop,NCCL:ncclAllReduce
0.5,2307688970,6680,345462.4,327801.0,262547,9470416,366757.9,PushPop,:enterprise_receive
0.5,2219159667,20,110957983.3,42270648.0,10443294,338584178,129756422.8,PushPop,:wan_upload_prefill
0.4,1728012892,20,86400644.6,42020277.0,10266883,243930957,88042760.2,PushPop,:wan_download_prefill
0.3,1202314072,40,30057851.8,18211476.0,5954612,78567523,28396012.0,PushPop,:enterprise_back_prefill
0.2,1017466941,40,25436673.5,14644242.0,4533934,68449726,23994199.4,PushPop,:enterprise_front_prefill
0.2,718803445,2,359401722.5,359401722.5,359157431,359646014,345480.4,PushPop,:batch=2218d27b6d73493383b5a51749d431ba phase=prefill requests=25de90a8b4234cdd9f459bf44de5f72b
0.2,705401326,2,352700663.0,352700663.0,352486977,352914349,302197.6,PushPop,:batch=9f9dabe46c194782b50f3bdc50726c97 phase=prefill requests=fd7f18ee548942ab846676d2fc7a354e
0.2,704953953,2,352476976.5,352476976.5,352242209,352711744,332011.4,PushPop,:batch=c24738ca850d4c5b8100104b46fc6e47 phase=prefill requests=e6255778e8534404ac5ca8451b4d8752
0.2,699506708,2,349753354.0,349753354.0,349556244,349950464,278755.6,PushPop,:batch=5e270a3fd858422d9d0df27ed5f169e7 phase=prefill requests=dfa53ed7b1db427c979733175e83eed5
0.2,695132835,2,347566417.5,347566417.5,347336279,347796556,325465.0,PushPop,:batch=3fa2b3b554a04cdfad39d804a0491f94 phase=prefill requests=b86f7835c80b433ab4e1c625067d0f3c
0.2,693929679,2,346964839.5,346964839.5,346721247,347208432,344491.8,PushPop,:batch=8a1c6d6e901047319a57f77f273a1e07 phase=prefill requests=7b15763fe2a348b4bded9b891807f3b3
0.2,692617874,2,346308937.0,346308937.0,346124296,346493578,261121.8,PushPop,:batch=80181fb8b78f46218763701f9599e99f phase=prefill requests=2b642560cfbc46a3b415e89ad3a03675
0.1,655511109,2,327755554.5,327755554.5,327558807,327952302,278243.0,PushPop,:batch=d6fc10f48c114fd291c2d6b76b7878ff phase=prefill requests=1b90b5029a8e4095a0953f707b492bc0
0.1,651496787,2,325748393.5,325748393.5,325479293,326017494,380565.6,PushPop,:batch=522b524891224a5aa5d236dc58624621 phase=prefill requests=b57ae4d5f220486d9e686230c8c5382e
0.1,630457954,2,315228977.0,315228977.0,315010652,315447302,308758.2,PushPop,:batch=948fcdf7e01042f8a0d311c1871c21d1 phase=prefill requests=1d3635c1d1b8417da02febe5bb56858c
0.1,549401285,2,274700642.5,274700642.5,274555957,274845328,204616.2,PushPop,:batch=134bedeb96eb45efaf9d95577f668857 phase=prefill requests=268bc1a668514718addc6aee590d0f20
0.1,384466497,13360,28777.4,30035.5,17960,346282,8088.1,PushPop,NCCL:ncclBroadcast
0.0,192092223,2,96046111.5,96046111.5,95825072,96267151,312597.1,PushPop,:batch=ecbc0f688cb94273a623d04cba579102 phase=prefill requests=4eba997a613d41f1b98e92a342465594
0.0,188787227,2,94393613.5,94393613.5,94230774,94556453,230289.8,PushPop,:batch=3fb2c359f19342018723f262ed7d94e1 phase=prefill requests=91919f5803e44b6faa967b57bddb81bd
0.0,188728032,2,94364016.0,94364016.0,94203247,94524785,227361.7,PushPop,:batch=74f586c7b8ae49938bd652fc322034b3 phase=prefill requests=2c91d8351bd845e18b1e6646cd0b5f4b
0.0,187427464,2,93713732.0,93713732.0,93489580,93937884,316998.8,PushPop,:batch=97a167334f914ce683895ddd16210452 phase=prefill requests=eef2914bac744c1ea29ede0988703e4c
0.0,149150142,6680,22327.9,21199.5,19330,455023,6140.9,PushPop,NCCL:ncclGroupEnd
0.0,142134764,3320,42811.7,33820.0,29176,17873639,323397.8,PushPop,:wan_download_decode
0.0,123389786,3320,37165.6,36852.5,30396,77282,5340.4,PushPop,:wan_upload_decode
0.0,114293181,2,57146590.5,57146590.5,56757922,57535259,549660.3,PushPop,":batch=bcc69acdb9404aeaa2698573c11c5396 phase=decode requests=1811f6ebf58e4b0ea2292b35146cd35f,612ab6a155ee43be83ea6696bd5b8b7f,04a26fdd847647a5a094bbafb63bc469,5f8f2308efff494a9a6a2fa3d4ecc35c"
0.0,95078587,2,47539293.5,47539293.5,47110702,47967885,606119.9,PushPop,":batch=1f57995116a24f35856362f0ac2863da phase=decode requests=dfa53ed7b1db427c979733175e83eed5,1b90b5029a8e4095a0953f707b492bc0,2b642560cfbc46a3b415e89ad3a03675,1d3635c1d1b8417da02febe5bb56858c"
0.0,94910842,2,47455421.0,47455421.0,47034815,47876027,594826.7,PushPop,":batch=1f5f757c47094bea945b481aa03a1eb3 phase=decode requests=dfa53ed7b1db427c979733175e83eed5,1b90b5029a8e4095a0953f707b492bc0,2b642560cfbc46a3b415e89ad3a03675,1d3635c1d1b8417da02febe5bb56858c"
0.0,92449709,2,46224854.5,46224854.5,45844378,46605331,538075.0,PushPop,":batch=755db9cada3a4e9db454a93ca1ce4dc8 phase=decode requests=fd7f18ee548942ab846676d2fc7a354e,7b15763fe2a348b4bded9b891807f3b3,b57ae4d5f220486d9e686230c8c5382e,b86f7835c80b433ab4e1c625067d0f3c"
0.0,92281753,2,46140876.5,46140876.5,45972304,46309449,238397.5,PushPop,:batch=25f360286e2b461a96834a901c7fd0e0 phase=decode requests=25de90a8b4234cdd9f459bf44de5f72b
0.0,90597565,2,45298782.5,45298782.5,45108227,45489338,269486.2,PushPop,:batch=92a3570c87ba45f9ae8f09f496ac652a phase=decode requests=25de90a8b4234cdd9f459bf44de5f72b
0.0,89016720,2,44508360.0,44508360.0,44087379,44929341,595357.0,PushPop,":batch=ae25209b398f41bab3b9733aef66f5e7 phase=decode requests=1811f6ebf58e4b0ea2292b35146cd35f,612ab6a155ee43be83ea6696bd5b8b7f,04a26fdd847647a5a094bbafb63bc469,5f8f2308efff494a9a6a2fa3d4ecc35c"
0.0,88799169,2,44399584.5,44399584.5,43931817,44867352,661523.1,PushPop,":batch=36cc353935594102a69410c930c3c7bb phase=decode requests=dfa53ed7b1db427c979733175e83eed5,1b90b5029a8e4095a0953f707b492bc0,2b642560cfbc46a3b415e89ad3a03675,1d3635c1d1b8417da02febe5bb56858c"
0.0,88447736,2,44223868.0,44223868.0,43803562,44644174,594402.4,PushPop,":batch=d7bf7da4d75845a784261851c631265a phase=decode requests=fd7f18ee548942ab846676d2fc7a354e,7b15763fe2a348b4bded9b891807f3b3,b57ae4d5f220486d9e686230c8c5382e,b86f7835c80b433ab4e1c625067d0f3c"
0.0,87362067,2,43681033.5,43681033.5,43490730,43871337,269129.8,PushPop,:batch=b5576e01b9c04c13abe1f57501a92eac phase=decode requests=f613ba29e5e3458d8e63b0275b98ac68
0.0,87258853,2,43629426.5,43629426.5,43402036,43856817,321578.7,PushPop,:batch=515256d5dbdc47ac9fb3403ee26e19ac phase=decode requests=f613ba29e5e3458d8e63b0275b98ac68
0.0,87226844,2,43613422.0,43613422.0,43183578,44043266,607891.2,PushPop,":batch=eb18576e75644439bb97e74c6849d120 phase=decode requests=dfa53ed7b1db427c979733175e83eed5,1b90b5029a8e4095a0953f707b492bc0,2b642560cfbc46a3b415e89ad3a03675,1d3635c1d1b8417da02febe5bb56858c"
0.0,86775762,2,43387881.0,43387881.0,42980745,43795017,575777.3,PushPop,":batch=ef9238d466fa4816ad08d549c37264d1 phase=decode requests=fd7f18ee548942ab846676d2fc7a354e,7b15763fe2a348b4bded9b891807f3b3,b57ae4d5f220486d9e686230c8c5382e,b86f7835c80b433ab4e1c625067d0f3c"
0.0,86001121,2,43000560.5,43000560.5,42557902,43443219,626013.7,PushPop,":batch=24119b7cae3d42a0942d64a1ce183015 phase=decode requests=eef2914bac744c1ea29ede0988703e4c,91919f5803e44b6faa967b57bddb81bd,4eba997a613d41f1b98e92a342465594,2c91d8351bd845e18b1e6646cd0b5f4b"
0.0,85921234,2,42960617.0,42960617.0,42517406,43403828,626795.0,PushPop,":batch=ea67e372f79741a08feec3197b51cafa phase=decode requests=fd7f18ee548942ab846676d2fc7a354e,7b15763fe2a348b4bded9b891807f3b3,b57ae4d5f220486d9e686230c8c5382e,b86f7835c80b433ab4e1c625067d0f3c"
0.0,85043248,2,42521624.0,42521624.0,42346770,42696478,247280.9,PushPop,:batch=2e9d72f65ae44b5cb3d6b85911bd7cbe phase=decode requests=25de90a8b4234cdd9f459bf44de5f72b
0.0,85004453,2,42502226.5,42502226.5,42060973,42943480,624026.7,PushPop,":batch=7bd26f162299469bbba8bbdebb5df503 phase=decode requests=fd7f18ee548942ab846676d2fc7a354e,7b15763fe2a348b4bded9b891807f3b3,b57ae4d5f220486d9e686230c8c5382e,b86f7835c80b433ab4e1c625067d0f3c"
0.0,84120227,2,42060113.5,42060113.5,41861792,42258435,280469.0,PushPop,:batch=8dd0a3f455e14678bef4836b8f0ec94a phase=decode requests=268bc1a668514718addc6aee590d0f20
0.0,84107153,2,42053576.5,42053576.5,41855917,42251236,279532.7,PushPop,:batch=38fcfee9b05a482bb0583f9ab6f25848 phase=decode requests=25de90a8b4234cdd9f459bf44de5f72b
0.0,83831794,2,41915897.0,41915897.0,41442274,42389520,669804.1,PushPop,":batch=b8e0ce5632994f16b59cff624263f9dc phase=decode requests=dfa53ed7b1db427c979733175e83eed5,1b90b5029a8e4095a0953f707b492bc0,2b642560cfbc46a3b415e89ad3a03675,1d3635c1d1b8417da02febe5bb56858c"
0.0,83699859,2,41849929.5,41849929.5,41440479,42259380,579050.5,PushPop,":batch=729d162e486f4c6aa4f2fbc6cf18838a phase=decode requests=eef2914bac744c1ea29ede0988703e4c,91919f5803e44b6faa967b57bddb81bd,4eba997a613d41f1b98e92a342465594,2c91d8351bd845e18b1e6646cd0b5f4b"
0.0,83557386,2,41778693.0,41778693.0,41577100,41980286,285095.6,PushPop,:batch=08074c9c68bf4d15aff09b9da22f1ee4 phase=decode requests=f613ba29e5e3458d8e63b0275b98ac68
0.0,83429840,2,41714920.0,41714920.0,41213543,42216297,709054.2,PushPop,":batch=913c0af957974c709a19952705e1855d phase=decode requests=dfa53ed7b1db427c979733175e83eed5,1b90b5029a8e4095a0953f707b492bc0,2b642560cfbc46a3b415e89ad3a03675,1d3635c1d1b8417da02febe5bb56858c"
0.0,83419750,2,41709875.0,41709875.0,41265546,42154204,628376.1,PushPop,":batch=7f9bd706c089465dbf8f18bd36ff1532 phase=decode requests=eef2914bac744c1ea29ede0988703e4c,91919f5803e44b6faa967b57bddb81bd,4eba997a613d41f1b98e92a342465594,2c91d8351bd845e18b1e6646cd0b5f4b"
0.0,83355436,2,41677718.0,41677718.0,41216801,42138635,651835.1,PushPop,":batch=e1cf34715b77441f858531205d2836a6 phase=decode requests=dfa53ed7b1db427c979733175e83eed5,1b90b5029a8e4095a0953f707b492bc0,2b642560cfbc46a3b415e89ad3a03675,1d3635c1d1b8417da02febe5bb56858c"
0.0,83195171,2,41597585.5,41597585.5,41153064,42042107,628648.3,PushPop,":batch=7698d2740b8444c7a765e526da85a8be phase=decode requests=dfa53ed7b1db427c979733175e83eed5,1b90b5029a8e4095a0953f707b492bc0,2b642560cfbc46a3b415e89ad3a03675,1d3635c1d1b8417da02febe5bb56858c"
0.0,82967006,2,41483503.0,41483503.0,41213931,41753075,381232.4,PushPop,:batch=cc915d7da61a4938b8f0cd7e5cc8f010 phase=decode requests=25de90a8b4234cdd9f459bf44de5f72b
0.0,82957984,2,41478992.0,41478992.0,41007354,41950630,666996.9,PushPop,":batch=f6018fd159ef4c278b39d51e2e5a01d2 phase=decode requests=dfa53ed7b1db427c979733175e83eed5,1b90b5029a8e4095a0953f707b492bc0,2b642560cfbc46a3b415e89ad3a03675,1d3635c1d1b8417da02febe5bb56858c"
0.0,82955344,2,41477672.0,41477672.0,40988736,41966608,691459.9,PushPop,":batch=1cda1a7ed035411fa55ac6ade9f84472 phase=decode requests=1811f6ebf58e4b0ea2292b35146cd35f,612ab6a155ee43be83ea6696bd5b8b7f,04a26fdd847647a5a094bbafb63bc469,5f8f2308efff494a9a6a2fa3d4ecc35c"
0.0,82940040,2,41470020.0,41470020.0,41292484,41647556,251073.8,PushPop,:batch=7a7c5357b5fd4a3b996a9d3ec63854c5 phase=decode requests=268bc1a668514718addc6aee590d0f20
0.0,82736736,2,41368368.0,41368368.0,40901929,41834807,659644.4,PushPop,":batch=5b5efece9f4d403f82dc251d28434935 phase=decode requests=dfa53ed7b1db427c979733175e83eed5,1b90b5029a8e4095a0953f707b492bc0,2b642560cfbc46a3b415e89ad3a03675,1d3635c1d1b8417da02febe5bb56858c"
0.0,82691243,2,41345621.5,41345621.5,41193680,41497563,214877.7,PushPop,:batch=9d780bfe9d7e4c9d974be79ad242c7d2 phase=decode requests=268bc1a668514718addc6aee590d0f20
0.0,82644527,2,41322263.5,41322263.5,41128192,41516335,274458.5,PushPop,:batch=6b69149b62ce4b6cac22d95d4530db8d phase=decode requests=268bc1a668514718addc6aee590d0f20
0.0,82613001,2,41306500.5,41306500.5,40881467,41731534,601088.1,PushPop,":batch=2cad80f7b19747f19b18e3b93d884c35 phase=decode requests=eef2914bac744c1ea29ede0988703e4c,91919f5803e44b6faa967b57bddb81bd,4eba997a613d41f1b98e92a342465594,2c91d8351bd845e18b1e6646cd0b5f4b"
0.0,82593980,2,41296990.0,41296990.0,41124025,41469955,244609.4,PushPop,:batch=7e21232280884debb98063ac669029ab phase=decode requests=268bc1a668514718addc6aee590d0f20
0.0,82563537,2,41281768.5,41281768.5,41107112,41456425,247001.6,PushPop,:batch=d017efcb75ea4f02bd3df36cceca9017 phase=decode requests=25de90a8b4234cdd9f459bf44de5f72b
0.0,82532725,2,41266362.5,41266362.5,40747636,41785089,733590.1,PushPop,":batch=d3b693248bdf4688b67c85de41e75c58 phase=decode requests=eef2914bac744c1ea29ede0988703e4c,91919f5803e44b6faa967b57bddb81bd,4eba997a613d41f1b98e92a342465594,2c91d8351bd845e18b1e6646cd0b5f4b"
0.0,82514568,2,41257284.0,41257284.0,40768722,41745846,690931.0,PushPop,":batch=79ecf4d8da9140de9fbbaab7c423f1cf phase=decode requests=eef2914bac744c1ea29ede0988703e4c,91919f5803e44b6faa967b57bddb81bd,4eba997a613d41f1b98e92a342465594,2c91d8351bd845e18b1e6646cd0b5f4b"
0.0,82481702,2,41240851.0,41240851.0,40788450,41693252,639791.6,PushPop,":batch=8ab564cae8824abfac3e89363a9bd920 phase=decode requests=1811f6ebf58e4b0ea2292b35146cd35f,612ab6a155ee43be83ea6696bd5b8b7f,04a26fdd847647a5a094bbafb63bc469,5f8f2308efff494a9a6a2fa3d4ecc35c"
0.0,82402145,2,41201072.5,41201072.5,40803191,41598954,562689.4,PushPop,":batch=e4a8ccdec6864799aef7bbc7e88830fd phase=decode requests=fd7f18ee548942ab846676d2fc7a354e,7b15763fe2a348b4bded9b891807f3b3,b57ae4d5f220486d9e686230c8c5382e,b86f7835c80b433ab4e1c625067d0f3c"
0.0,82343445,2,41171722.5,41171722.5,40747329,41596116,600183.0,PushPop,":batch=42a849a16f694a42a5f072222be66de5 phase=decode requests=1811f6ebf58e4b0ea2292b35146cd35f,612ab6a155ee43be83ea6696bd5b8b7f,04a26fdd847647a5a094bbafb63bc469,5f8f2308efff494a9a6a2fa3d4ecc35c"
0.0,82290944,2,41145472.0,41145472.0,40964595,41326349,255798.7,PushPop,:batch=ec0e3918adf5497eb7d879491eba5039 phase=decode requests=e6255778e8534404ac5ca8451b4d8752
0.0,82270778,2,41135389.0,41135389.0,40610107,41660671,742860.9,PushPop,":batch=6472282290064830bf92c65c98e6c94c phase=decode requests=eef2914bac744c1ea29ede0988703e4c,91919f5803e44b6faa967b57bddb81bd,4eba997a613d41f1b98e92a342465594,2c91d8351bd845e18b1e6646cd0b5f4b"
0.0,82233231,2,41116615.5,41116615.5,40633391,41599840,683382.6,PushPop,":batch=cba67eabbbc940d78be84219623e12be phase=decode requests=dfa53ed7b1db427c979733175e83eed5,1b90b5029a8e4095a0953f707b492bc0,2b642560cfbc46a3b415e89ad3a03675,1d3635c1d1b8417da02febe5bb56858c"
0.0,82223015,2,41111507.5,41111507.5,40712431,41510584,564379.4,PushPop,":batch=b207f81eb2fd4ef0b0eb3e87cacc2f6c phase=decode requests=dfa53ed7b1db427c979733175e83eed5,1b90b5029a8e4095a0953f707b492bc0,2b642560cfbc46a3b415e89ad3a03675,1d3635c1d1b8417da02febe5bb56858c"
0.0,82191469,2,41095734.5,41095734.5,40613497,41577972,681986.8,PushPop,":batch=0cb5c0cb994e467fb7de1acdce432ec6 phase=decode requests=fd7f18ee548942ab846676d2fc7a354e,7b15763fe2a348b4bded9b891807f3b3,b57ae4d5f220486d9e686230c8c5382e,b86f7835c80b433ab4e1c625067d0f3c"
0.0,82093959,2,41046979.5,41046979.5,40578466,41515493,662578.1,PushPop,":batch=56035ec7b6b84c1fb967a86ccafa8238 phase=decode requests=eef2914bac744c1ea29ede0988703e4c,91919f5803e44b6faa967b57bddb81bd,4eba997a613d41f1b98e92a342465594,2c91d8351bd845e18b1e6646cd0b5f4b"
0.0,82056916,2,41028458.0,41028458.0,40641932,41414984,546630.3,PushPop,":batch=132b23f688674d0898742a41d015c876 phase=decode requests=eef2914bac744c1ea29ede0988703e4c,91919f5803e44b6faa967b57bddb81bd,4eba997a613d41f1b98e92a342465594,2c91d8351bd845e18b1e6646cd0b5f4b"
0.0,82020724,2,41010362.0,41010362.0,40517975,41502749,696340.4,PushPop,":batch=e1c934398ce34cf6a89cc1da7fefe62f phase=decode requests=1811f6ebf58e4b0ea2292b35146cd35f,612ab6a155ee43be83ea6696bd5b8b7f,04a26fdd847647a5a094bbafb63bc469,5f8f2308efff494a9a6a2fa3d4ecc35c"
0.0,82006908,2,41003454.0,41003454.0,40269335,41737573,1038201.0,PushPop,":batch=9162f7372e074ed0a64b54214f95af38 phase=decode requests=dfa53ed7b1db427c979733175e83eed5,1b90b5029a8e4095a0953f707b492bc0,2b642560cfbc46a3b415e89ad3a03675,1d3635c1d1b8417da02febe5bb56858c"
0.0,82000140,2,41000070.0,41000070.0,39151862,42848278,2613760.8,PushPop,":batch=02584c0f412a49299c7c505ab5d08b3f phase=decode requests=fd7f18ee548942ab846676d2fc7a354e,7b15763fe2a348b4bded9b891807f3b3,b57ae4d5f220486d9e686230c8c5382e,b86f7835c80b433ab4e1c625067d0f3c"
0.0,81998017,2,40999008.5,40999008.5,40816150,41181867,258601.0,PushPop,:batch=f0d496772cb2490b9d68521f29a3bf66 phase=decode requests=25de90a8b4234cdd9f459bf44de5f72b
0.0,81976871,2,40988435.5,40988435.5,40606630,41370241,539954.5,PushPop,":batch=4261148102d046d98665667eb0699c48 phase=decode requests=eef2914bac744c1ea29ede0988703e4c,91919f5803e44b6faa967b57bddb81bd,4eba997a613d41f1b98e92a342465594,2c91d8351bd845e18b1e6646cd0b5f4b"
0.0,81967364,2,40983682.0,40983682.0,40546497,41420867,618273.0,PushPop,":batch=562543580ab649faa74086c237a6af65 phase=decode requests=fd7f18ee548942ab846676d2fc7a354e,7b15763fe2a348b4bded9b891807f3b3,b57ae4d5f220486d9e686230c8c5382e,b86f7835c80b433ab4e1c625067d0f3c"
0.0,81966358,2,40983179.0,40983179.0,40594074,41372284,550277.6,PushPop,:batch=0f81404f2d1e4ccab9cb91fcb44b166e phase=decode requests=25de90a8b4234cdd9f459bf44de5f72b
0.0,81935044,2,40967522.0,40967522.0,40506582,41428462,651867.6,PushPop,":batch=cf33e371c90644bb939bf1c15a3a1f6f phase=decode requests=fd7f18ee548942ab846676d2fc7a354e,7b15763fe2a348b4bded9b891807f3b3,b57ae4d5f220486d9e686230c8c5382e,b86f7835c80b433ab4e1c625067d0f3c"
0.0,81933835,2,40966917.5,40966917.5,40529471,41404364,618642.8,PushPop,":batch=3969ed3776914f3e9c1e683097216a1e phase=decode requests=dfa53ed7b1db427c979733175e83eed5,1b90b5029a8e4095a0953f707b492bc0,2b642560cfbc46a3b415e89ad3a03675,1d3635c1d1b8417da02febe5bb56858c"
0.0,81912044,2,40956022.0,40956022.0,40428128,41483916,746554.9,PushPop,":batch=9c42a1c93eb0415798ee821c0cfa375b phase=decode requests=dfa53ed7b1db427c979733175e83eed5,1b90b5029a8e4095a0953f707b492bc0,2b642560cfbc46a3b415e89ad3a03675,1d3635c1d1b8417da02febe5bb56858c"
0.0,81909252,2,40954626.0,40954626.0,40494944,41414308,650088.5,PushPop,":batch=86367b4dc1a24fbb81eb52119e41d9f6 phase=decode requests=1811f6ebf58e4b0ea2292b35146cd35f,612ab6a155ee43be83ea6696bd5b8b7f,04a26fdd847647a5a094bbafb63bc469,5f8f2308efff494a9a6a2fa3d4ecc35c"
0.0,81885975,2,40942987.5,40942987.5,40783359,41102616,225748.8,PushPop,:batch=754b4670c65e4a57825bb3508c205b40 phase=decode requests=25de90a8b4234cdd9f459bf44de5f72b
0.0,81851097,2,40925548.5,40925548.5,40394603,41456494,750870.3,PushPop,":batch=2a518dc72ded4e8b9ccd414a9605fad0 phase=decode requests=dfa53ed7b1db427c979733175e83eed5,1b90b5029a8e4095a0953f707b492bc0,2b642560cfbc46a3b415e89ad3a03675,1d3635c1d1b8417da02febe5bb56858c"
0.0,81841546,2,40920773.0,40920773.0,40398475,41443071,738640.9,PushPop,":batch=b60b652dbc76498d935dea52dd017a92 phase=decode requests=dfa53ed7b1db427c979733175e83eed5,1b90b5029a8e4095a0953f707b492bc0,2b642560cfbc46a3b415e89ad3a03675,1d3635c1d1b8417da02febe5bb56858c"
0.0,81807398,2,40903699.0,40903699.0,40414988,41392410,691141.7,PushPop,":batch=d6322bd11f8f4e7d9011a11915a6bd18 phase=decode requests=eef2914bac744c1ea29ede0988703e4c,91919f5803e44b6faa967b57bddb81bd,4eba997a613d41f1b98e92a342465594,2c91d8351bd845e18b1e6646cd0b5f4b"
0.0,81740868,2,40870434.0,40870434.0,40445236,41295632,601320.8,PushPop,":batch=3159df9cedcd4371a719ae9c63219c9b phase=decode requests=eef2914bac744c1ea29ede0988703e4c,91919f5803e44b6faa967b57bddb81bd,4eba997a613d41f1b98e92a342465594,2c91d8351bd845e18b1e6646cd0b5f4b"
0.0,81722946,2,40861473.0,40861473.0,40402993,41319953,648388.6,PushPop,":batch=27106abf2a304c0dacd61cc1a72c8a2b phase=decode requests=fd7f18ee548942ab846676d2fc7a354e,7b15763fe2a348b4bded9b891807f3b3,b57ae4d5f220486d9e686230c8c5382e,b86f7835c80b433ab4e1c625067d0f3c"
0.0,81715176,2,40857588.0,40857588.0,40399427,41315749,647937.5,PushPop,":batch=c9e0a7d5d2cc4c8bb28f4a2f9ad91127 phase=decode requests=dfa53ed7b1db427c979733175e83eed5,1b90b5029a8e4095a0953f707b492bc0,2b642560cfbc46a3b415e89ad3a03675,1d3635c1d1b8417da02febe5bb56858c"
0.0,81701808,2,40850904.0,40850904.0,40443739,41258069,575818.3,PushPop,":batch=4f0748ffbf3a4043beba9a107d8bb9ec phase=decode requests=dfa53ed7b1db427c979733175e83eed5,1b90b5029a8e4095a0953f707b492bc0,2b642560cfbc46a3b415e89ad3a03675,1d3635c1d1b8417da02febe5bb56858c"
0.0,81690333,2,40845166.5,40845166.5,40370973,41319360,670610.9,PushPop,":batch=10ec1c2ed2634bd4859dc6a8972325de phase=decode requests=dfa53ed7b1db427c979733175e83eed5,1b90b5029a8e4095a0953f707b492bc0,2b642560cfbc46a3b415e89ad3a03675,1d3635c1d1b8417da02febe5bb56858c"
0.0,81682785,2,40841392.5,40841392.5,40431135,41251650,580191.7,PushPop,":batch=17495b9815684388b560cb3ef9901032 phase=decode requests=dfa53ed7b1db427c979733175e83eed5,1b90b5029a8e4095a0953f707b492bc0,2b642560cfbc46a3b415e89ad3a03675,1d3635c1d1b8417da02febe5bb56858c"
0.0,81675720,2,40837860.0,40837860.0,40418177,41257543,593521.4,PushPop,":batch=c153228a897049aabe646141a80960b0 phase=decode requests=fd7f18ee548942ab846676d2fc7a354e,7b15763fe2a348b4bded9b891807f3b3,b57ae4d5f220486d9e686230c8c5382e,b86f7835c80b433ab4e1c625067d0f3c"
0.0,81670788,2,40835394.0,40835394.0,40396616,41274172,620525.8,PushPop,":batch=97205e7ac75f4b929f8d2cf471924116 phase=decode requests=fd7f18ee548942ab846676d2fc7a354e,7b15763fe2a348b4bded9b891807f3b3,b57ae4d5f220486d9e686230c8c5382e,b86f7835c80b433ab4e1c625067d0f3c"
0.0,81665276,2,40832638.0,40832638.0,40411833,41253443,595108.1,PushPop,":batch=57ea5aa037eb490c8d371a6f5980d482 phase=decode requests=fd7f18ee548942ab846676d2fc7a354e,7b15763fe2a348b4bded9b891807f3b3,b57ae4d5f220486d9e686230c8c5382e,b86f7835c80b433ab4e1c625067d0f3c"
0.0,81651744,2,40825872.0,40825872.0,40261060,41390684,798764.8,PushPop,":batch=0ec5abdca4744391a7f6ac4f8d2e9531 phase=decode requests=1811f6ebf58e4b0ea2292b35146cd35f,612ab6a155ee43be83ea6696bd5b8b7f,04a26fdd847647a5a094bbafb63bc469,5f8f2308efff494a9a6a2fa3d4ecc35c"
0.0,81635898,2,40817949.0,40817949.0,40374557,41261341,627051.0,PushPop,":batch=58a8e1f397bc40af822dab339259112a phase=decode requests=dfa53ed7b1db427c979733175e83eed5,1b90b5029a8e4095a0953f707b492bc0,2b642560cfbc46a3b415e89ad3a03675,1d3635c1d1b8417da02febe5bb56858c"
0.0,81618143,2,40809071.5,40809071.5,40324941,41293202,684663.9,PushPop,":batch=a2a8983391dc43d38e7591d38d32ca17 phase=decode requests=dfa53ed7b1db427c979733175e83eed5,1b90b5029a8e4095a0953f707b492bc0,2b642560cfbc46a3b415e89ad3a03675,1d3635c1d1b8417da02febe5bb56858c"
0.0,81592981,2,40796490.5,40796490.5,40392089,41200892,571910.1,PushPop,":batch=4774047d32624e04943608c00010f276 phase=decode requests=dfa53ed7b1db427c979733175e83eed5,1b90b5029a8e4095a0953f707b492bc0,2b642560cfbc46a3b415e89ad3a03675,1d3635c1d1b8417da02febe5bb56858c"
0.0,81533278,2,40766639.0,40766639.0,40286439,41246839,679105.4,PushPop,":batch=71bc56d72e5b47018b73b87b49a7606a phase=decode requests=dfa53ed7b1db427c979733175e83eed5,1b90b5029a8e4095a0953f707b492bc0,2b642560cfbc46a3b415e89ad3a03675,1d3635c1d1b8417da02febe5bb56858c"
0.0,81492153,2,40746076.5,40746076.5,40356674,41135479,550698.3,PushPop,":batch=7bc40541491a46acba6f93eead9afc11 phase=decode requests=dfa53ed7b1db427c979733175e83eed5,1b90b5029a8e4095a0953f707b492bc0,2b642560cfbc46a3b415e89ad3a03675,1d3635c1d1b8417da02febe5bb56858c"
0.0,81480349,2,40740174.5,40740174.5,40506873,40973476,329938.1,PushPop,:batch=8e2f8f35cb0a46a38777e196c15d96c9 phase=decode requests=268bc1a668514718addc6aee590d0f20
0.0,81475212,2,40737606.0,40737606.0,40359513,41115699,534704.2,PushPop,":batch=17dde942b0554d5ebc4f4e372c6d87dc phase=decode requests=eef2914bac744c1ea29ede0988703e4c,91919f5803e44b6faa967b57bddb81bd,4eba997a613d41f1b98e92a342465594,2c91d8351bd845e18b1e6646cd0b5f4b"
0.0,81469833,2,40734916.5,40734916.5,40581484,40888349,216986.3,PushPop,:batch=16d64caa5cac4262973aadaa36b54ee2 phase=decode requests=268bc1a668514718addc6aee590d0f20
0.0,81460166,2,40730083.0,40730083.0,40552198,40907968,251567.4,PushPop,:batch=d028129529324faf8033cf73945b2eb0 phase=decode requests=25de90a8b4234cdd9f459bf44de5f72b
0.0,81444159,2,40722079.5,40722079.5,40565417,40878742,221554.2,PushPop,:batch=9188bc3383aa4d848d6d43cfb2dff203 phase=decode requests=f613ba29e5e3458d8e63b0275b98ac68
0.0,81406496,2,40703248.0,40703248.0,40189475,41217021,726584.7,PushPop,":batch=cc227575c69f478dab26120201fd50f4 phase=decode requests=eef2914bac744c1ea29ede0988703e4c,91919f5803e44b6faa967b57bddb81bd,4eba997a613d41f1b98e92a342465594,2c91d8351bd845e18b1e6646cd0b5f4b"
0.0,81357139,2,40678569.5,40678569.5,40244850,41112289,613372.0,PushPop,":batch=cd9ca880c170446d9f71f95bfcab8070 phase=decode requests=1811f6ebf58e4b0ea2292b35146cd35f,612ab6a155ee43be83ea6696bd5b8b7f,04a26fdd847647a5a094bbafb63bc469,5f8f2308efff494a9a6a2fa3d4ecc35c"
0.0,81346028,2,40673014.0,40673014.0,40186302,41159726,688314.7,PushPop,":batch=57fb1af48a2947b39ce9e818f3537004 phase=decode requests=1811f6ebf58e4b0ea2292b35146cd35f,612ab6a155ee43be83ea6696bd5b8b7f,04a26fdd847647a5a094bbafb63bc469,5f8f2308efff494a9a6a2fa3d4ecc35c"
0.0,81344596,2,40672298.0,40672298.0,40251227,41093369,595484.3,PushPop,":batch=48f79d0e61ea44f39e96fb0f2b3f12bd phase=decode requests=eef2914bac744c1ea29ede0988703e4c,91919f5803e44b6faa967b57bddb81bd,4eba997a613d41f1b98e92a342465594,2c91d8351bd845e18b1e6646cd0b5f4b"
0.0,81336743,2,40668371.5,40668371.5,40120269,41216474,775134.0,PushPop,":batch=53c379fc95ee4dd794d737257130c146 phase=decode requests=1811f6ebf58e4b0ea2292b35146cd35f,612ab6a155ee43be83ea6696bd5b8b7f,04a26fdd847647a5a094bbafb63bc469,5f8f2308efff494a9a6a2fa3d4ecc35c"
0.0,81315947,2,40657973.5,40657973.5,40521476,40794471,193036.6,PushPop,:batch=622420b7df7247449b2a66acfc00f14a phase=decode requests=f613ba29e5e3458d8e63b0275b98ac68
0.0,81305390,2,40652695.0,40652695.0,40247134,41058256,573549.9,PushPop,":batch=262e6fa3d61c4febb1e73c27256dba99 phase=decode requests=fd7f18ee548942ab846676d2fc7a354e,7b15763fe2a348b4bded9b891807f3b3,b57ae4d5f220486d9e686230c8c5382e,b86f7835c80b433ab4e1c625067d0f3c"
0.0,81289054,2,40644527.0,40644527.0,40091267,41197787,782427.8,PushPop,":batch=ac4779b9662b4370b174e9feb5d4067b phase=decode requests=dfa53ed7b1db427c979733175e83eed5,1b90b5029a8e4095a0953f707b492bc0,2b642560cfbc46a3b415e89ad3a03675,1d3635c1d1b8417da02febe5bb56858c"
0.0,81273571,2,40636785.5,40636785.5,40199208,41074363,618828.0,PushPop,":batch=90c36d89298c4194b15a6b7e8c73cfc2 phase=decode requests=1811f6ebf58e4b0ea2292b35146cd35f,612ab6a155ee43be83ea6696bd5b8b7f,04a26fdd847647a5a094bbafb63bc469,5f8f2308efff494a9a6a2fa3d4ecc35c"
0.0,81222878,2,40611439.0,40611439.0,40174150,41048728,618420.0,PushPop,":batch=074f39d451244437a827b2bb2ee47f6e phase=decode requests=1811f6ebf58e4b0ea2292b35146cd35f,612ab6a155ee43be83ea6696bd5b8b7f,04a26fdd847647a5a094bbafb63bc469,5f8f2308efff494a9a6a2fa3d4ecc35c"
0.0,81172189,2,40586094.5,40586094.5,40243871,40928318,483977.1,PushPop,":batch=8d040fc476f14e58bcb24b853e3065bc phase=decode requests=eef2914bac744c1ea29ede0988703e4c,91919f5803e44b6faa967b57bddb81bd,4eba997a613d41f1b98e92a342465594,2c91d8351bd845e18b1e6646cd0b5f4b"
0.0,81168090,2,40584045.0,40584045.0,40181568,40986522,569188.4,PushPop,":batch=cf646364db2a4e7fad1a1f7642602c10 phase=decode requests=1811f6ebf58e4b0ea2292b35146cd35f,612ab6a155ee43be83ea6696bd5b8b7f,04a26fdd847647a5a094bbafb63bc469,5f8f2308efff494a9a6a2fa3d4ecc35c"
0.0,81153462,2,40576731.0,40576731.0,40192033,40961429,544045.1,PushPop,":batch=7bac9cb641104ac299891717f8e8692f phase=decode requests=1811f6ebf58e4b0ea2292b35146cd35f,612ab6a155ee43be83ea6696bd5b8b7f,04a26fdd847647a5a094bbafb63bc469,5f8f2308efff494a9a6a2fa3d4ecc35c"
0.0,81119205,2,40559602.5,40559602.5,40116041,41003164,627290.7,PushPop,":batch=aded37fe78c140a9b80afb2a90c2cc38 phase=decode requests=dfa53ed7b1db427c979733175e83eed5,1b90b5029a8e4095a0953f707b492bc0,2b642560cfbc46a3b415e89ad3a03675,1d3635c1d1b8417da02febe5bb56858c"
0.0,81116012,2,40558006.0,40558006.0,40165169,40950843,555555.4,PushPop,":batch=9ace6b2c6e6a46ef8325887ad86a7474 phase=decode requests=1811f6ebf58e4b0ea2292b35146cd35f,612ab6a155ee43be83ea6696bd5b8b7f,04a26fdd847647a5a094bbafb63bc469,5f8f2308efff494a9a6a2fa3d4ecc35c"
0.0,81115146,2,40557573.0,40557573.0,40128687,40986459,606536.4,PushPop,":batch=c2fe8a9902a94169a36259e244294fe0 phase=decode requests=dfa53ed7b1db427c979733175e83eed5,1b90b5029a8e4095a0953f707b492bc0,2b642560cfbc46a3b415e89ad3a03675,1d3635c1d1b8417da02febe5bb56858c"
0.0,81112338,2,40556169.0,40556169.0,40016641,41095697,763007.8,PushPop,":batch=7e2c048975974c99ae8002487b12ccb5 phase=decode requests=dfa53ed7b1db427c979733175e83eed5,1b90b5029a8e4095a0953f707b492bc0,2b642560cfbc46a3b415e89ad3a03675,1d3635c1d1b8417da02febe5bb56858c"
0.0,81107623,2,40553811.5,40553811.5,40090932,41016691,654610.5,PushPop,":batch=5255c2c0b56343cfb362e3413330f4ec phase=decode requests=fd7f18ee548942ab846676d2fc7a354e,7b15763fe2a348b4bded9b891807f3b3,b57ae4d5f220486d9e686230c8c5382e,b86f7835c80b433ab4e1c625067d0f3c"
0.0,81058556,2,40529278.0,40529278.0,40009005,41049551,735777.1,PushPop,":batch=0b13b47739404737a6f68d53d784af84 phase=decode requests=1811f6ebf58e4b0ea2292b35146cd35f,612ab6a155ee43be83ea6696bd5b8b7f,04a26fdd847647a5a094bbafb63bc469,5f8f2308efff494a9a6a2fa3d4ecc35c"
0.0,81054346,2,40527173.0,40527173.0,40137442,40916904,551162.9,PushPop,":batch=b8d387ca17a64e3f9f5b0a1ff98bf8a1 phase=decode requests=dfa53ed7b1db427c979733175e83eed5,1b90b5029a8e4095a0953f707b492bc0,2b642560cfbc46a3b415e89ad3a03675,1d3635c1d1b8417da02febe5bb56858c"
0.0,81049684,2,40524842.0,40524842.0,40023954,41025730,708362.6,PushPop,":batch=8f9c5f8bc2224f368d5e5f3dc2fca9c5 phase=decode requests=1811f6ebf58e4b0ea2292b35146cd35f,612ab6a155ee43be83ea6696bd5b8b7f,04a26fdd847647a5a094bbafb63bc469,5f8f2308efff494a9a6a2fa3d4ecc35c"
0.0,81035104,2,40517552.0,40517552.0,40080300,40954804,618367.7,PushPop,":batch=1af114c0a1834ff887462ba9fe6b35f6 phase=decode requests=eef2914bac744c1ea29ede0988703e4c,91919f5803e44b6faa967b57bddb81bd,4eba997a613d41f1b98e92a342465594,2c91d8351bd845e18b1e6646cd0b5f4b"
0.0,81023657,2,40511828.5,40511828.5,40064174,40959483,633079.1,PushPop,":batch=d773db7ad795407fa339b5ba6ebd0e98 phase=decode requests=1811f6ebf58e4b0ea2292b35146cd35f,612ab6a155ee43be83ea6696bd5b8b7f,04a26fdd847647a5a094bbafb63bc469,5f8f2308efff494a9a6a2fa3d4ecc35c"
0.0,81012459,2,40506229.5,40506229.5,40287142,40725317,309836.5,PushPop,:batch=a36d981911e04783b5995d8c6a428189 phase=decode requests=e6255778e8534404ac5ca8451b4d8752
0.0,81006157,2,40503078.5,40503078.5,40259602,40746555,344327.8,PushPop,:batch=3ef46b0686c84eba9e593154f34e68a5 phase=decode requests=e6255778e8534404ac5ca8451b4d8752
0.0,80994101,2,40497050.5,40497050.5,40100144,40893957,561310.6,PushPop,":batch=c596d3d16072416b8a1cfc8d5801729a phase=decode requests=eef2914bac744c1ea29ede0988703e4c,91919f5803e44b6faa967b57bddb81bd,4eba997a613d41f1b98e92a342465594,2c91d8351bd845e18b1e6646cd0b5f4b"
0.0,80952406,2,40476203.0,40476203.0,39970817,40981589,714723.7,PushPop,":batch=15d524f72d62426bbcc0d95afe9c6ad4 phase=decode requests=1811f6ebf58e4b0ea2292b35146cd35f,612ab6a155ee43be83ea6696bd5b8b7f,04a26fdd847647a5a094bbafb63bc469,5f8f2308efff494a9a6a2fa3d4ecc35c"
0.0,80944794,2,40472397.0,40472397.0,40302139,40642655,240781.2,PushPop,:batch=fc2e48b8c7cd4a5487250334346ea064 phase=decode requests=268bc1a668514718addc6aee590d0f20
0.0,80939102,2,40469551.0,40469551.0,40294209,40644893,247971.0,PushPop,:batch=27fb3d99c95342dea4ef0b4d18d226b1 phase=decode requests=25de90a8b4234cdd9f459bf44de5f72b
0.0,80918448,2,40459224.0,40459224.0,40091700,40826748,519757.4,PushPop,":batch=2db1fbf921684ca2bbf86d3f7d286857 phase=decode requests=dfa53ed7b1db427c979733175e83eed5,1b90b5029a8e4095a0953f707b492bc0,2b642560cfbc46a3b415e89ad3a03675,1d3635c1d1b8417da02febe5bb56858c"
0.0,80917641,2,40458820.5,40458820.5,40028921,40888720,607969.7,PushPop,":batch=6e5303c313a14f16baa2aa794e86986c phase=decode requests=1811f6ebf58e4b0ea2292b35146cd35f,612ab6a155ee43be83ea6696bd5b8b7f,04a26fdd847647a5a094bbafb63bc469,5f8f2308efff494a9a6a2fa3d4ecc35c"
0.0,80905615,2,40452807.5,40452807.5,39940905,40964710,723939.5,PushPop,":batch=8d6d0435d1ac4e41b92fab62c05c0fbe phase=decode requests=dfa53ed7b1db427c979733175e83eed5,1b90b5029a8e4095a0953f707b492bc0,2b642560cfbc46a3b415e89ad3a03675,1d3635c1d1b8417da02febe5bb56858c"
0.0,80874863,2,40437431.5,40437431.5,40016606,40858257,595137.1,PushPop,":batch=000f63092a444b9aadda4005f35c89c5 phase=decode requests=dfa53ed7b1db427c979733175e83eed5,1b90b5029a8e4095a0953f707b492bc0,2b642560cfbc46a3b415e89ad3a03675,1d3635c1d1b8417da02febe5bb56858c"
0.0,80867796,2,40433898.0,40433898.0,39961736,40906060,667737.9,PushPop,":batch=cfa7efc2215745beaa77d95c3a8dde52 phase=decode requests=fd7f18ee548942ab846676d2fc7a354e,7b15763fe2a348b4bded9b891807f3b3,b57ae4d5f220486d9e686230c8c5382e,b86f7835c80b433ab4e1c625067d0f3c"
0.0,80838284,2,40419142.0,40419142.0,39975792,40862492,626991.6,PushPop,":batch=7c1c47f0ef194f46875cef0359dde6f9 phase=decode requests=dfa53ed7b1db427c979733175e83eed5,1b90b5029a8e4095a0953f707b492bc0,2b642560cfbc46a3b415e89ad3a03675,1d3635c1d1b8417da02febe5bb56858c"
0.0,80800451,2,40400225.5,40400225.5,39894524,40905927,715169.9,PushPop,":batch=7909225821c14e1eab6ec2816a923bf4 phase=decode requests=dfa53ed7b1db427c979733175e83eed5,1b90b5029a8e4095a0953f707b492bc0,2b642560cfbc46a3b415e89ad3a03675,1d3635c1d1b8417da02febe5bb56858c"
0.0,80763013,2,40381506.5,40381506.5,39927508,40835505,642050.8,PushPop,":batch=80784a2ffffe4fdab6d784226af16931 phase=decode requests=1811f6ebf58e4b0ea2292b35146cd35f,612ab6a155ee43be83ea6696bd5b8b7f,04a26fdd847647a5a094bbafb63bc469,5f8f2308efff494a9a6a2fa3d4ecc35c"
0.0,80759024,2,40379512.0,40379512.0,39946017,40813007,613054.5,PushPop,":batch=5adb59f84f9d4d17b7c1df1d6ab5c330 phase=decode requests=dfa53ed7b1db427c979733175e83eed5,1b90b5029a8e4095a0953f707b492bc0,2b642560cfbc46a3b415e89ad3a03675,1d3635c1d1b8417da02febe5bb56858c"
0.0,80737711,2,40368855.5,40368855.5,39882905,40854806,687237.8,PushPop,":batch=e3dd6857b9fc44b385991a5f8a078cee phase=decode requests=dfa53ed7b1db427c979733175e83eed5,1b90b5029a8e4095a0953f707b492bc0,2b642560cfbc46a3b415e89ad3a03675,1d3635c1d1b8417da02febe5bb56858c"
0.0,80725372,2,40362686.0,40362686.0,39909674,40815698,640655.7,PushPop,":batch=d13d351bbe2e497f86a88c514b49cdbe phase=decode requests=1811f6ebf58e4b0ea2292b35146cd35f,612ab6a155ee43be83ea6696bd5b8b7f,04a26fdd847647a5a094bbafb63bc469,5f8f2308efff494a9a6a2fa3d4ecc35c"
0.0,80704250,2,40352125.0,40352125.0,39845769,40858481,716095.5,PushPop,":batch=9a514e430f744f498c1e94908c03b9e5 phase=decode requests=dfa53ed7b1db427c979733175e83eed5,1b90b5029a8e4095a0953f707b492bc0,2b642560cfbc46a3b415e89ad3a03675,1d3635c1d1b8417da02febe5bb56858c"
0.0,80697654,2,40348827.0,40348827.0,39909175,40788479,621761.8,PushPop,":batch=2ebb215539d5460382aef5f5944c5d39 phase=decode requests=dfa53ed7b1db427c979733175e83eed5,1b90b5029a8e4095a0953f707b492bc0,2b642560cfbc46a3b415e89ad3a03675,1d3635c1d1b8417da02febe5bb56858c"
0.0,80686010,2,40343005.0,40343005.0,39883950,40802060,649201.8,PushPop,":batch=039f8bb07b0e48a4a11a0dd1e1fc10d1 phase=decode requests=dfa53ed7b1db427c979733175e83eed5,1b90b5029a8e4095a0953f707b492bc0,2b642560cfbc46a3b415e89ad3a03675,1d3635c1d1b8417da02febe5bb56858c"
0.0,80658724,2,40329362.0,40329362.0,39884059,40774665,629753.5,PushPop,":batch=b28c79b2c3c44679b268b1b7ac05cdad phase=decode requests=dfa53ed7b1db427c979733175e83eed5,1b90b5029a8e4095a0953f707b492bc0,2b642560cfbc46a3b415e89ad3a03675,1d3635c1d1b8417da02febe5bb56858c"
0.0,80647955,2,40323977.5,40323977.5,39800476,40847479,740342.9,PushPop,":batch=18bdd761e29a40b9a0c186d2563108f2 phase=decode requests=dfa53ed7b1db427c979733175e83eed5,1b90b5029a8e4095a0953f707b492bc0,2b642560cfbc46a3b415e89ad3a03675,1d3635c1d1b8417da02febe5bb56858c"
0.0,80646470,2,40323235.0,40323235.0,40176939,40469531,206893.8,PushPop,:batch=9310d7b4d02f4ed181ba04a67405ffb6 phase=decode requests=25de90a8b4234cdd9f459bf44de5f72b
0.0,80628478,2,40314239.0,40314239.0,39889716,40738762,600366.2,PushPop,":batch=2a3208db01d5428a8f06bbebfadecd4a phase=decode requests=dfa53ed7b1db427c979733175e83eed5,1b90b5029a8e4095a0953f707b492bc0,2b642560cfbc46a3b415e89ad3a03675,1d3635c1d1b8417da02febe5bb56858c"
0.0,80615678,2,40307839.0,40307839.0,39910047,40705631,562562.8,PushPop,":batch=782cefcbf7da458bacfb8755b1e99285 phase=decode requests=dfa53ed7b1db427c979733175e83eed5,1b90b5029a8e4095a0953f707b492bc0,2b642560cfbc46a3b415e89ad3a03675,1d3635c1d1b8417da02febe5bb56858c"
0.0,80607948,2,40303974.0,40303974.0,39899780,40708168,571616.6,PushPop,":batch=8214e85d38f44019a8632be0463b686c phase=decode requests=dfa53ed7b1db427c979733175e83eed5,1b90b5029a8e4095a0953f707b492bc0,2b642560cfbc46a3b415e89ad3a03675,1d3635c1d1b8417da02febe5bb56858c"
0.0,80596367,2,40298183.5,40298183.5,39740899,40855468,788119.3,PushPop,":batch=95dbe912937d4427a20e720b873679bc phase=decode requests=dfa53ed7b1db427c979733175e83eed5,1b90b5029a8e4095a0953f707b492bc0,2b642560cfbc46a3b415e89ad3a03675,1d3635c1d1b8417da02febe5bb56858c"
0.0,80581623,2,40290811.5,40290811.5,39820608,40761015,664968.2,PushPop,":batch=0db8f3df82a4465bbc1ea9af3c5711ae phase=decode requests=dfa53ed7b1db427c979733175e83eed5,1b90b5029a8e4095a0953f707b492bc0,2b642560cfbc46a3b415e89ad3a03675,1d3635c1d1b8417da02febe5bb56858c"
0.0,80579504,2,40289752.0,40289752.0,40114829,40464675,247378.5,PushPop,:batch=e4b46ef9aaeb4b41bc74391ccc89f4c5 phase=decode requests=f613ba29e5e3458d8e63b0275b98ac68
0.0,80565763,2,40282881.5,40282881.5,40090034,40475729,272727.5,PushPop,:batch=e566294f4ca54389a39b90cfc9aae846 phase=decode requests=25de90a8b4234cdd9f459bf44de5f72b
0.0,80559239,2,40279619.5,40279619.5,39847394,40711845,611259.2,PushPop,:batch=c4e624fb19ed41598d100a4e965caa3f phase=decode requests=f613ba29e5e3458d8e63b0275b98ac68
0.0,80548857,2,40274428.5,40274428.5,39776053,40772804,704809.4,PushPop,":batch=95fca5107ebf433fa8ff04de760ac973 phase=decode requests=fd7f18ee548942ab846676d2fc7a354e,7b15763fe2a348b4bded9b891807f3b3,b57ae4d5f220486d9e686230c8c5382e,b86f7835c80b433ab4e1c625067d0f3c"
0.0,80530203,2,40265101.5,40265101.5,39824697,40705506,622826.0,PushPop,":batch=126fa44829244e85a67bd6489feb1717 phase=decode requests=dfa53ed7b1db427c979733175e83eed5,1b90b5029a8e4095a0953f707b492bc0,2b642560cfbc46a3b415e89ad3a03675,1d3635c1d1b8417da02febe5bb56858c"
0.0,80530066,2,40265033.0,40265033.0,40062619,40467447,286256.6,PushPop,:batch=77c639385e73406d963df72d21d60539 phase=decode requests=f613ba29e5e3458d8e63b0275b98ac68
0.0,80516492,2,40258246.0,40258246.0,39752371,40764121,715415.3,PushPop,":batch=1682ad048d034bb2973ad5a1db8da2ce phase=decode requests=dfa53ed7b1db427c979733175e83eed5,1b90b5029a8e4095a0953f707b492bc0,2b642560cfbc46a3b415e89ad3a03675,1d3635c1d1b8417da02febe5bb56858c"
0.0,80483592,2,40241796.0,40241796.0,39757609,40725983,684743.8,PushPop,":batch=052b8c7ca3f34b3eae33eaa62fb1868e phase=decode requests=dfa53ed7b1db427c979733175e83eed5,1b90b5029a8e4095a0953f707b492bc0,2b642560cfbc46a3b415e89ad3a03675,1d3635c1d1b8417da02febe5bb56858c"
0.0,80479506,2,40239753.0,40239753.0,40047429,40432077,271987.2,PushPop,:batch=afb838f06d2c4eceb5477bf33ce03f41 phase=decode requests=e6255778e8534404ac5ca8451b4d8752
0.0,80475295,2,40237647.5,40237647.5,39749592,40725703,690214.7,PushPop,":batch=8acb985d9cbd45359ab396dac94d21c7 phase=decode requests=dfa53ed7b1db427c979733175e83eed5,1b90b5029a8e4095a0953f707b492bc0,2b642560cfbc46a3b415e89ad3a03675,1d3635c1d1b8417da02febe5bb56858c"
0.0,80466748,2,40233374.0,40233374.0,39809655,40657093,599229.2,PushPop,":batch=9cb0f76275c64f81a500fff9fdee303f phase=decode requests=dfa53ed7b1db427c979733175e83eed5,1b90b5029a8e4095a0953f707b492bc0,2b642560cfbc46a3b415e89ad3a03675,1d3635c1d1b8417da02febe5bb56858c"
0.0,80466649,2,40233324.5,40233324.5,39817482,40649167,588090.1,PushPop,":batch=d34268a9d5e74df6b08672084b9fa5e3 phase=decode requests=fd7f18ee548942ab846676d2fc7a354e,7b15763fe2a348b4bded9b891807f3b3,b57ae4d5f220486d9e686230c8c5382e,b86f7835c80b433ab4e1c625067d0f3c"
0.0,80456313,2,40228156.5,40228156.5,39752771,40703542,672296.6,PushPop,":batch=62f6bf51e2ac4ccd964cbf546c3292c0 phase=decode requests=dfa53ed7b1db427c979733175e83eed5,1b90b5029a8e4095a0953f707b492bc0,2b642560cfbc46a3b415e89ad3a03675,1d3635c1d1b8417da02febe5bb56858c"
0.0,80440310,2,40220155.0,40220155.0,39846169,40594141,528896.1,PushPop,":batch=0339e5260dfb4ffa87ae24045cfa1bea phase=decode requests=1811f6ebf58e4b0ea2292b35146cd35f,612ab6a155ee43be83ea6696bd5b8b7f,04a26fdd847647a5a094bbafb63bc469,5f8f2308efff494a9a6a2fa3d4ecc35c"
0.0,80418320,2,40209160.0,40209160.0,40021724,40396596,265074.5,PushPop,:batch=26c54af429ac46eda1aa9013d073fb18 phase=decode requests=e6255778e8534404ac5ca8451b4d8752
0.0,80408479,2,40204239.5,40204239.5,40027557,40380922,249866.8,PushPop,:batch=87ec8c6855d14b9b8caeccd0d5946744 phase=decode requests=268bc1a668514718addc6aee590d0f20
0.0,80398663,2,40199331.5,40199331.5,40016643,40382020,258360.6,PushPop,:batch=794f33b016f744fd9d0f4b12059c703d phase=decode requests=e6255778e8534404ac5ca8451b4d8752
0.0,80377580,2,40188790.0,40188790.0,39722299,40655281,659717.9,PushPop,":batch=f9dbc349b2db4eb883219272e3ba34c7 phase=decode requests=dfa53ed7b1db427c979733175e83eed5,1b90b5029a8e4095a0953f707b492bc0,2b642560cfbc46a3b415e89ad3a03675,1d3635c1d1b8417da02febe5bb56858c"
0.0,80360768,2,40180384.0,40180384.0,39906502,40454266,387327.6,PushPop,:batch=0a334970ec314dd89af8404c2507c50d phase=decode requests=268bc1a668514718addc6aee590d0f20
0.0,80354856,2,40177428.0,40177428.0,39983815,40371041,273810.1,PushPop,:batch=3096d4f393124a3aaa102df47192ea0b phase=decode requests=e6255778e8534404ac5ca8451b4d8752
0.0,80307531,2,40153765.5,40153765.5,39682727,40624804,666149.0,PushPop,":batch=6da87308fb924e97897698340003036c phase=decode requests=dfa53ed7b1db427c979733175e83eed5,1b90b5029a8e4095a0953f707b492bc0,2b642560cfbc46a3b415e89ad3a03675,1d3635c1d1b8417da02febe5bb56858c"
0.0,80298421,2,40149210.5,40149210.5,39665473,40632948,684108.1,PushPop,":batch=42e61e7a370c4633b5f1d947e8ed1794 phase=decode requests=dfa53ed7b1db427c979733175e83eed5,1b90b5029a8e4095a0953f707b492bc0,2b642560cfbc46a3b415e89ad3a03675,1d3635c1d1b8417da02febe5bb56858c"
0.0,80280027,2,40140013.5,40140013.5,39769718,40510309,523676.9,PushPop,":batch=c8c9ca33138b41f3a23158f37a0fffb2 phase=decode requests=fd7f18ee548942ab846676d2fc7a354e,7b15763fe2a348b4bded9b891807f3b3,b57ae4d5f220486d9e686230c8c5382e,b86f7835c80b433ab4e1c625067d0f3c"
0.0,80256325,2,40128162.5,40128162.5,39692573,40563752,616016.6,PushPop,":batch=5c615b7c41854120af0c8b08d7c603f1 phase=decode requests=fd7f18ee548942ab846676d2fc7a354e,7b15763fe2a348b4bded9b891807f3b3,b57ae4d5f220486d9e686230c8c5382e,b86f7835c80b433ab4e1c625067d0f3c"
0.0,80241730,2,40120865.0,40120865.0,39599812,40641918,736880.2,PushPop,":batch=c3ec7415ea774fb8b7131a1b65738269 phase=decode requests=eef2914bac744c1ea29ede0988703e4c,91919f5803e44b6faa967b57bddb81bd,4eba997a613d41f1b98e92a342465594,2c91d8351bd845e18b1e6646cd0b5f4b"
0.0,80233248,2,40116624.0,40116624.0,39637015,40596233,678269.6,PushPop,":batch=f9866215425d4108a4875af0c3080a3a phase=decode requests=eef2914bac744c1ea29ede0988703e4c,91919f5803e44b6faa967b57bddb81bd,4eba997a613d41f1b98e92a342465594,2c91d8351bd845e18b1e6646cd0b5f4b"
0.0,80232305,2,40116152.5,40116152.5,39720615,40511690,559374.5,PushPop,":batch=fa9f2557bcc44c1c953983ad2da71e0b phase=decode requests=eef2914bac744c1ea29ede0988703e4c,91919f5803e44b6faa967b57bddb81bd,4eba997a613d41f1b98e92a342465594,2c91d8351bd845e18b1e6646cd0b5f4b"
0.0,80229550,2,40114775.0,40114775.0,39899834,40329716,303972.5,PushPop,:batch=ffe0b366ecf64d158adb53a5a91bfb8b phase=decode requests=25de90a8b4234cdd9f459bf44de5f72b
0.0,80206702,2,40103351.0,40103351.0,39902001,40304701,284751.9,PushPop,:batch=32f6110a24af4ef8a412dd6c6f12fa27 phase=decode requests=268bc1a668514718addc6aee590d0f20
0.0,80203129,2,40101564.5,40101564.5,39625961,40577168,672604.9,PushPop,":batch=dcfd64eec5a944d98bb8ffe8e143dd14 phase=decode requests=dfa53ed7b1db427c979733175e83eed5,1b90b5029a8e4095a0953f707b492bc0,2b642560cfbc46a3b415e89ad3a03675,1d3635c1d1b8417da02febe5bb56858c"
0.0,80201817,2,40100908.5,40100908.5,39621865,40579952,677469.8,PushPop,":batch=21f93229163145b58065e3ccf6d3df68 phase=decode requests=dfa53ed7b1db427c979733175e83eed5,1b90b5029a8e4095a0953f707b492bc0,2b642560cfbc46a3b415e89ad3a03675,1d3635c1d1b8417da02febe5bb56858c"
0.0,80201542,2,40100771.0,40100771.0,39812000,40389542,408383.9,PushPop,":batch=aa0b5f96c7dc4ed48a22bf248bec9b64 phase=decode requests=dfa53ed7b1db427c979733175e83eed5,1b90b5029a8e4095a0953f707b492bc0,2b642560cfbc46a3b415e89ad3a03675,1d3635c1d1b8417da02febe5bb56858c"
0.0,80198437,2,40099218.5,40099218.5,39663618,40534819,616032.1,PushPop,":batch=13ccc69098ae486dbe7f14090978896a phase=decode requests=fd7f18ee548942ab846676d2fc7a354e,7b15763fe2a348b4bded9b891807f3b3,b57ae4d5f220486d9e686230c8c5382e,b86f7835c80b433ab4e1c625067d0f3c"
0.0,80192045,2,40096022.5,40096022.5,39617216,40574829,677134.6,PushPop,":batch=0a68a965701446378cd4e300363a0fc5 phase=decode requests=dfa53ed7b1db427c979733175e83eed5,1b90b5029a8e4095a0953f707b492bc0,2b642560cfbc46a3b415e89ad3a03675,1d3635c1d1b8417da02febe5bb56858c"
0.0,80189005,2,40094502.5,40094502.5,39675994,40513011,591860.4,PushPop,":batch=21ae930368e34ef29107a3b08deb659a phase=decode requests=dfa53ed7b1db427c979733175e83eed5,1b90b5029a8e4095a0953f707b492bc0,2b642560cfbc46a3b415e89ad3a03675,1d3635c1d1b8417da02febe5bb56858c"
0.0,80187724,2,40093862.0,40093862.0,39397618,40790106,984637.7,PushPop,":batch=05637d9b55234e1e961c63883fc59dc2 phase=decode requests=dfa53ed7b1db427c979733175e83eed5,1b90b5029a8e4095a0953f707b492bc0,2b642560cfbc46a3b415e89ad3a03675,1d3635c1d1b8417da02febe5bb56858c"
0.0,80187389,2,40093694.5,40093694.5,39630342,40557047,655279.4,PushPop,":batch=22873c489f0141b2a52dd469173a3a2f phase=decode requests=dfa53ed7b1db427c979733175e83eed5,1b90b5029a8e4095a0953f707b492bc0,2b642560cfbc46a3b415e89ad3a03675,1d3635c1d1b8417da02febe5bb56858c"
0.0,80183897,2,40091948.5,40091948.5,39583104,40600793,719614.8,PushPop,":batch=6cccb5391ec84161a6b49c080fd6218d phase=decode requests=dfa53ed7b1db427c979733175e83eed5,1b90b5029a8e4095a0953f707b492bc0,2b642560cfbc46a3b415e89ad3a03675,1d3635c1d1b8417da02febe5bb56858c"
0.0,80175822,2,40087911.0,40087911.0,39628617,40547205,649539.8,PushPop,":batch=fb27361e4e014b91a7cd092f8832c736 phase=decode requests=fd7f18ee548942ab846676d2fc7a354e,7b15763fe2a348b4bded9b891807f3b3,b57ae4d5f220486d9e686230c8c5382e,b86f7835c80b433ab4e1c625067d0f3c"
0.0,80175129,2,40087564.5,40087564.5,39664332,40510797,598541.1,PushPop,":batch=06991bcdcdea4063a697eb35ec0711ce phase=decode requests=dfa53ed7b1db427c979733175e83eed5,1b90b5029a8e4095a0953f707b492bc0,2b642560cfbc46a3b415e89ad3a03675,1d3635c1d1b8417da02febe5bb56858c"
0.0,80169143,2,40084571.5,40084571.5,39646296,40522847,619815.2,PushPop,":batch=86e02de7b16040bd8ee83d7e3dc7d696 phase=decode requests=dfa53ed7b1db427c979733175e83eed5,1b90b5029a8e4095a0953f707b492bc0,2b642560cfbc46a3b415e89ad3a03675,1d3635c1d1b8417da02febe5bb56858c"
0.0,80161356,2,40080678.0,40080678.0,39621690,40539666,649107.1,PushPop,":batch=0fd88a14de6544249386956251c8c89f phase=decode requests=fd7f18ee548942ab846676d2fc7a354e,7b15763fe2a348b4bded9b891807f3b3,b57ae4d5f220486d9e686230c8c5382e,b86f7835c80b433ab4e1c625067d0f3c"
0.0,80156488,2,40078244.0,40078244.0,39615159,40541329,654901.1,PushPop,":batch=0388bb9251254d8dbead922322fd08c0 phase=decode requests=dfa53ed7b1db427c979733175e83eed5,1b90b5029a8e4095a0953f707b492bc0,2b642560cfbc46a3b415e89ad3a03675,1d3635c1d1b8417da02febe5bb56858c"
0.0,80152585,2,40076292.5,40076292.5,39646432,40506153,607914.5,PushPop,":batch=e2b0f6f0b9d84a1395e0a82213469042 phase=decode requests=eef2914bac744c1ea29ede0988703e4c,91919f5803e44b6faa967b57bddb81bd,4eba997a613d41f1b98e92a342465594,2c91d8351bd845e18b1e6646cd0b5f4b"
0.0,80150788,2,40075394.0,40075394.0,39579203,40571585,701720.0,PushPop,":batch=4fbf0b65fe6c40f8b5a9109ed956c886 phase=decode requests=dfa53ed7b1db427c979733175e83eed5,1b90b5029a8e4095a0953f707b492bc0,2b642560cfbc46a3b415e89ad3a03675,1d3635c1d1b8417da02febe5bb56858c"
0.0,80115832,2,40057916.0,40057916.0,39623826,40492006,613896.0,PushPop,":batch=279044bf773f4073ad6eb3b58e527d24 phase=decode requests=1811f6ebf58e4b0ea2292b35146cd35f,612ab6a155ee43be83ea6696bd5b8b7f,04a26fdd847647a5a094bbafb63bc469,5f8f2308efff494a9a6a2fa3d4ecc35c"
0.0,80047375,2,40023687.5,40023687.5,39804530,40242845,309935.5,PushPop,:batch=27e13d64be1c45dab55c7d7aa012b509 phase=decode requests=25de90a8b4234cdd9f459bf44de5f72b
0.0,80047093,2,40023546.5,40023546.5,39569056,40478037,642746.6,PushPop,":batch=47c5d3ac1ca14536b4a955e1c2121680 phase=decode requests=dfa53ed7b1db427c979733175e83eed5,1b90b5029a8e4095a0953f707b492bc0,2b642560cfbc46a3b415e89ad3a03675,1d3635c1d1b8417da02febe5bb56858c"
0.0,80041189,2,40020594.5,40020594.5,39831938,40209251,266800.6,PushPop,:batch=f3e4f3bf4953446fb8aeb3ef3b6ba558 phase=decode requests=25de90a8b4234cdd9f459bf44de5f72b
0.0,80022651,2,40011325.5,40011325.5,39856858,40165793,218450.0,PushPop,:batch=26088c099ad94488a72d281f707ea29c phase=decode requests=268bc1a668514718addc6aee590d0f20
0.0,80020492,2,40010246.0,40010246.0,39579316,40441176,609427.1,PushPop,":batch=93e26e25f3294a14b5c086994440ea6a phase=decode requests=dfa53ed7b1db427c979733175e83eed5,1b90b5029a8e4095a0953f707b492bc0,2b642560cfbc46a3b415e89ad3a03675,1d3635c1d1b8417da02febe5bb56858c"
0.0,80015888,2,40007944.0,40007944.0,39542993,40472895,657540.0,PushPop,":batch=26ce3cf23b924667be6c3000ad436086 phase=decode requests=dfa53ed7b1db427c979733175e83eed5,1b90b5029a8e4095a0953f707b492bc0,2b642560cfbc46a3b415e89ad3a03675,1d3635c1d1b8417da02febe5bb56858c"
0.0,80014808,2,40007404.0,40007404.0,39587812,40426996,593392.7,PushPop,":batch=b19a982b60984b5a8e6c057437577fc8 phase=decode requests=dfa53ed7b1db427c979733175e83eed5,1b90b5029a8e4095a0953f707b492bc0,2b642560cfbc46a3b415e89ad3a03675,1d3635c1d1b8417da02febe5bb56858c"
0.0,80013580,2,40006790.0,40006790.0,39829699,40183881,250444.5,PushPop,:batch=9864745004b9467da1826af552c86a6f phase=decode requests=e6255778e8534404ac5ca8451b4d8752
0.0,80012649,2,40006324.5,40006324.5,39597205,40415444,578582.3,PushPop,":batch=32036a4e594d4c679ba6f6ad55543c4e phase=decode requests=fd7f18ee548942ab846676d2fc7a354e,7b15763fe2a348b4bded9b891807f3b3,b57ae4d5f220486d9e686230c8c5382e,b86f7835c80b433ab4e1c625067d0f3c"
0.0,79986450,2,39993225.0,39993225.0,39797486,40188964,276816.7,PushPop,:batch=5cde20bc71534ffd92bbdd020ec404a0 phase=decode requests=e6255778e8534404ac5ca8451b4d8752
0.0,79952178,2,39976089.0,39976089.0,39791737,40160441,260713.1,PushPop,:batch=1f29df2138354d538434a152411c1c40 phase=decode requests=f613ba29e5e3458d8e63b0275b98ac68
0.0,79949506,2,39974753.0,39974753.0,39794841,40154665,254434.0,PushPop,:batch=808e659aaaea438cba161cf942c37480 phase=decode requests=25de90a8b4234cdd9f459bf44de5f72b
0.0,79930948,2,39965474.0,39965474.0,39500032,40430916,658234.4,PushPop,":batch=a2e159a59af64fbf9b5575cacfc09551 phase=decode requests=1811f6ebf58e4b0ea2292b35146cd35f,612ab6a155ee43be83ea6696bd5b8b7f,04a26fdd847647a5a094bbafb63bc469,5f8f2308efff494a9a6a2fa3d4ecc35c"
0.0,79930079,2,39965039.5,39965039.5,39423304,40506775,766129.7,PushPop,":batch=deb530eb633b496c81ce6320c2e76884 phase=decode requests=fd7f18ee548942ab846676d2fc7a354e,7b15763fe2a348b4bded9b891807f3b3,b57ae4d5f220486d9e686230c8c5382e,b86f7835c80b433ab4e1c625067d0f3c"
0.0,79927971,2,39963985.5,39963985.5,39520695,40407276,626907.4,PushPop,":batch=9c9da249f79b42308257f3f4bb8654e3 phase=decode requests=1811f6ebf58e4b0ea2292b35146cd35f,612ab6a155ee43be83ea6696bd5b8b7f,04a26fdd847647a5a094bbafb63bc469,5f8f2308efff494a9a6a2fa3d4ecc35c"
0.0,79916304,2,39958152.0,39958152.0,39496281,40420023,653184.2,PushPop,":batch=304ddd005e484bf587b0fbb9adeb79f8 phase=decode requests=fd7f18ee548942ab846676d2fc7a354e,7b15763fe2a348b4bded9b891807f3b3,b57ae4d5f220486d9e686230c8c5382e,b86f7835c80b433ab4e1c625067d0f3c"
0.0,79910343,2,39955171.5,39955171.5,39510381,40399962,629028.8,PushPop,":batch=4c5ad0b950f647aa881efc7aec28ce8b phase=decode requests=dfa53ed7b1db427c979733175e83eed5,1b90b5029a8e4095a0953f707b492bc0,2b642560cfbc46a3b415e89ad3a03675,1d3635c1d1b8417da02febe5bb56858c"
0.0,79903873,2,39951936.5,39951936.5,39552635,40351238,564697.6,PushPop,":batch=5049483a884f4c2fa1441f9fa0b6458d phase=decode requests=fd7f18ee548942ab846676d2fc7a354e,7b15763fe2a348b4bded9b891807f3b3,b57ae4d5f220486d9e686230c8c5382e,b86f7835c80b433ab4e1c625067d0f3c"
0.0,79898272,2,39949136.0,39949136.0,39519661,40378611,607369.4,PushPop,":batch=57ef9f63d5b848f0a8303d45f4529f73 phase=decode requests=dfa53ed7b1db427c979733175e83eed5,1b90b5029a8e4095a0953f707b492bc0,2b642560cfbc46a3b415e89ad3a03675,1d3635c1d1b8417da02febe5bb56858c"
0.0,79891248,2,39945624.0,39945624.0,39545683,40345565,565602.0,PushPop,":batch=00bb224ba00f462cbf5ad5dd76c2ab64 phase=decode requests=dfa53ed7b1db427c979733175e83eed5,1b90b5029a8e4095a0953f707b492bc0,2b642560cfbc46a3b415e89ad3a03675,1d3635c1d1b8417da02febe5bb56858c"
0.0,79878053,2,39939026.5,39939026.5,39711803,40166250,321342.6,PushPop,:batch=bd7a1b835baa4fb3b6f1ef0c1ca4e3ed phase=decode requests=25de90a8b4234cdd9f459bf44de5f72b
0.0,79863242,2,39931621.0,39931621.0,39561705,40301537,523140.2,PushPop,":batch=7dc4c30d75214b2589300910a6ae782a phase=decode requests=dfa53ed7b1db427c979733175e83eed5,1b90b5029a8e4095a0953f707b492bc0,2b642560cfbc46a3b415e89ad3a03675,1d3635c1d1b8417da02febe5bb56858c"
0.0,79856636,2,39928318.0,39928318.0,39418337,40438299,721222.0,PushPop,":batch=bc5dec0b7723415a9321362384a2eb7a phase=decode requests=dfa53ed7b1db427c979733175e83eed5,1b90b5029a8e4095a0953f707b492bc0,2b642560cfbc46a3b415e89ad3a03675,1d3635c1d1b8417da02febe5bb56858c"
0.0,79855733,2,39927866.5,39927866.5,39482074,40373659,630445.8,PushPop,":batch=7008f638529b45a3ab59df0f2de53374 phase=decode requests=1811f6ebf58e4b0ea2292b35146cd35f,612ab6a155ee43be83ea6696bd5b8b7f,04a26fdd847647a5a094bbafb63bc469,5f8f2308efff494a9a6a2fa3d4ecc35c"
0.0,79852025,2,39926012.5,39926012.5,39726909,40125116,281574.9,PushPop,:batch=40bf221fc1164ea7b9f657b6bda5f955 phase=decode requests=25de90a8b4234cdd9f459bf44de5f72b
0.0,79835179,2,39917589.5,39917589.5,39510150,40325029,576206.5,PushPop,":batch=554d0d07538e42599240c362b5db89d3 phase=decode requests=dfa53ed7b1db427c979733175e83eed5,1b90b5029a8e4095a0953f707b492bc0,2b642560cfbc46a3b415e89ad3a03675,1d3635c1d1b8417da02febe5bb56858c"
0.0,79828526,2,39914263.0,39914263.0,39719160,40109366,275917.3,PushPop,:batch=745d50177dfe4f1fb0599e25cae1e7a3 phase=decode requests=25de90a8b4234cdd9f459bf44de5f72b
0.0,79820734,2,39910367.0,39910367.0,39458535,40362199,638986.9,PushPop,":batch=7cf23fea1a9845ecaeb691051ecf08fb phase=decode requests=dfa53ed7b1db427c979733175e83eed5,1b90b5029a8e4095a0953f707b492bc0,2b642560cfbc46a3b415e89ad3a03675,1d3635c1d1b8417da02febe5bb56858c"
0.0,79816729,2,39908364.5,39908364.5,39556598,40260131,497473.0,PushPop,":batch=17ae2dfe40d44dc6bcd1cee6d2213132 phase=decode requests=fd7f18ee548942ab846676d2fc7a354e,7b15763fe2a348b4bded9b891807f3b3,b57ae4d5f220486d9e686230c8c5382e,b86f7835c80b433ab4e1c625067d0f3c"
0.0,79815359,2,39907679.5,39907679.5,39436110,40379249,666900.0,PushPop,":batch=7ab553bfa3e3404592acc26bd15f0acf phase=decode requests=dfa53ed7b1db427c979733175e83eed5,1b90b5029a8e4095a0953f707b492bc0,2b642560cfbc46a3b415e89ad3a03675,1d3635c1d1b8417da02febe5bb56858c"
0.0,79796163,2,39898081.5,39898081.5,39332217,40463946,800253.3,PushPop,":batch=07445165eb2441aeac1c0f28a3be247d phase=decode requests=dfa53ed7b1db427c979733175e83eed5,1b90b5029a8e4095a0953f707b492bc0,2b642560cfbc46a3b415e89ad3a03675,1d3635c1d1b8417da02febe5bb56858c"
0.0,79781349,2,39890674.5,39890674.5,39454259,40327090,617184.7,PushPop,":batch=627835d5276e42838fd64ea03e12079a phase=decode requests=dfa53ed7b1db427c979733175e83eed5,1b90b5029a8e4095a0953f707b492bc0,2b642560cfbc46a3b415e89ad3a03675,1d3635c1d1b8417da02febe5bb56858c"
0.0,79770765,2,39885382.5,39885382.5,39617445,40153320,378920.8,PushPop,:batch=a5b18dd8cded4f50b9cde2971ea65b74 phase=decode requests=25de90a8b4234cdd9f459bf44de5f72b
0.0,79767086,2,39883543.0,39883543.0,39401719,40365367,681402.0,PushPop,":batch=8adcb12ca6e2435aae93df0363f07741 phase=decode requests=dfa53ed7b1db427c979733175e83eed5,1b90b5029a8e4095a0953f707b492bc0,2b642560cfbc46a3b415e89ad3a03675,1d3635c1d1b8417da02febe5bb56858c"
0.0,79766428,2,39883214.0,39883214.0,39509153,40257275,529002.1,PushPop,":batch=a17e6cd9caf545e1b39a5b5e0d0bf285 phase=decode requests=dfa53ed7b1db427c979733175e83eed5,1b90b5029a8e4095a0953f707b492bc0,2b642560cfbc46a3b415e89ad3a03675,1d3635c1d1b8417da02febe5bb56858c"
0.0,79765745,2,39882872.5,39882872.5,39425796,40339949,646403.8,PushPop,":batch=616617f886ab40199dd5f61653bf420a phase=decode requests=dfa53ed7b1db427c979733175e83eed5,1b90b5029a8e4095a0953f707b492bc0,2b642560cfbc46a3b415e89ad3a03675,1d3635c1d1b8417da02febe5bb56858c"
0.0,79741613,2,39870806.5,39870806.5,39415004,40326609,644602.1,PushPop,":batch=1e067a04b66f45209a22535e6209eb26 phase=decode requests=dfa53ed7b1db427c979733175e83eed5,1b90b5029a8e4095a0953f707b492bc0,2b642560cfbc46a3b415e89ad3a03675,1d3635c1d1b8417da02febe5bb56858c"
0.0,79734482,2,39867241.0,39867241.0,39438330,40296152,606571.8,PushPop,":batch=fcdc5d092a7947d8ba16d3310f39c423 phase=decode requests=fd7f18ee548942ab846676d2fc7a354e,7b15763fe2a348b4bded9b891807f3b3,b57ae4d5f220486d9e686230c8c5382e,b86f7835c80b433ab4e1c625067d0f3c"
0.0,79733262,2,39866631.0,39866631.0,39672513,40060749,274524.3,PushPop,:batch=1a9304621bf5461297ac7d0c7ab2ed3c phase=decode requests=e6255778e8534404ac5ca8451b4d8752
0.0,79729009,2,39864504.5,39864504.5,39410449,40318560,642131.4,PushPop,":batch=1ef59748f1c143eb8cdb337cc555d72b phase=decode requests=1811f6ebf58e4b0ea2292b35146cd35f,612ab6a155ee43be83ea6696bd5b8b7f,04a26fdd847647a5a094bbafb63bc469,5f8f2308efff494a9a6a2fa3d4ecc35c"
0.0,79726306,2,39863153.0,39863153.0,39677033,40049273,263213.4,PushPop,:batch=69665e230a994a599e0955e214439ed5 phase=decode requests=25de90a8b4234cdd9f459bf44de5f72b
0.0,79726115,2,39863057.5,39863057.5,39434134,40291981,606589.4,PushPop,":batch=323ec79b6b48473c8f24ef9517e6c283 phase=decode requests=dfa53ed7b1db427c979733175e83eed5,1b90b5029a8e4095a0953f707b492bc0,2b642560cfbc46a3b415e89ad3a03675,1d3635c1d1b8417da02febe5bb56858c"
0.0,79723063,2,39861531.5,39861531.5,39670074,40052989,270761.8,PushPop,:batch=7cd2e99e31e7456caf7a382dd63fbd18 phase=decode requests=25de90a8b4234cdd9f459bf44de5f72b
0.0,79720837,2,39860418.5,39860418.5,39443608,40277229,589459.1,PushPop,":batch=5e36f24c492541c198987328aba12fb2 phase=decode requests=fd7f18ee548942ab846676d2fc7a354e,7b15763fe2a348b4bded9b891807f3b3,b57ae4d5f220486d9e686230c8c5382e,b86f7835c80b433ab4e1c625067d0f3c"
0.0,79718349,2,39859174.5,39859174.5,39372654,40345695,688043.9,PushPop,":batch=72f5d9a9830546cdbc7790d767edb572 phase=decode requests=dfa53ed7b1db427c979733175e83eed5,1b90b5029a8e4095a0953f707b492bc0,2b642560cfbc46a3b415e89ad3a03675,1d3635c1d1b8417da02febe5bb56858c"
0.0,79712157,2,39856078.5,39856078.5,39651923,40060234,288719.5,PushPop,:batch=8f791105cd6d4c9caeade81e444cfe32 phase=decode requests=25de90a8b4234cdd9f459bf44de5f72b
0.0,79710706,2,39855353.0,39855353.0,39389905,40320801,658242.9,PushPop,":batch=351f5badcf0c4b5ea4f708cd2e63684d phase=decode requests=eef2914bac744c1ea29ede0988703e4c,91919f5803e44b6faa967b57bddb81bd,4eba997a613d41f1b98e92a342465594,2c91d8351bd845e18b1e6646cd0b5f4b"
0.0,79706903,2,39853451.5,39853451.5,39430278,40276625,598457.7,PushPop,":batch=464b2482a345459d949d8f9bb1e41f81 phase=decode requests=dfa53ed7b1db427c979733175e83eed5,1b90b5029a8e4095a0953f707b492bc0,2b642560cfbc46a3b415e89ad3a03675,1d3635c1d1b8417da02febe5bb56858c"
0.0,79701173,2,39850586.5,39850586.5,39428222,40272951,597313.6,PushPop,":batch=4cb4279efa5743d790723498f4d9c349 phase=decode requests=1811f6ebf58e4b0ea2292b35146cd35f,612ab6a155ee43be83ea6696bd5b8b7f,04a26fdd847647a5a094bbafb63bc469,5f8f2308efff494a9a6a2fa3d4ecc35c"
0.0,79692927,2,39846463.5,39846463.5,39460287,40232640,546136.0,PushPop,":batch=7f37b8cee9a04fbaa8796ebadce032fd phase=decode requests=dfa53ed7b1db427c979733175e83eed5,1b90b5029a8e4095a0953f707b492bc0,2b642560cfbc46a3b415e89ad3a03675,1d3635c1d1b8417da02febe5bb56858c"
0.0,79678113,2,39839056.5,39839056.5,39639642,40038471,282014.7,PushPop,:batch=fa8b60327df74280be6cc5d7f298cf89 phase=decode requests=f613ba29e5e3458d8e63b0275b98ac68
0.0,79673635,2,39836817.5,39836817.5,39650842,40022793,263009.1,PushPop,:batch=a7474cc0992a4b97a428b5b8901035b2 phase=decode requests=25de90a8b4234cdd9f459bf44de5f72b
0.0,79671169,2,39835584.5,39835584.5,39374963,40296206,651417.2,PushPop,":batch=c2616179046e454d820462e3c37c1b90 phase=decode requests=fd7f18ee548942ab846676d2fc7a354e,7b15763fe2a348b4bded9b891807f3b3,b57ae4d5f220486d9e686230c8c5382e,b86f7835c80b433ab4e1c625067d0f3c"
0.0,79641210,2,39820605.0,39820605.0,39404375,40236835,588638.1,PushPop,":batch=5f0b7bac2a62475387a664266e5c4e3b phase=decode requests=dfa53ed7b1db427c979733175e83eed5,1b90b5029a8e4095a0953f707b492bc0,2b642560cfbc46a3b415e89ad3a03675,1d3635c1d1b8417da02febe5bb56858c"
0.0,79633701,2,39816850.5,39816850.5,39336998,40296703,678613.9,PushPop,":batch=9bbede074548437c84db1455c25f6ce2 phase=decode requests=1811f6ebf58e4b0ea2292b35146cd35f,612ab6a155ee43be83ea6696bd5b8b7f,04a26fdd847647a5a094bbafb63bc469,5f8f2308efff494a9a6a2fa3d4ecc35c"
0.0,79629724,2,39814862.0,39814862.0,39315725,40313999,705886.3,PushPop,":batch=81258bfc721941f681f9e92876026571 phase=decode requests=dfa53ed7b1db427c979733175e83eed5,1b90b5029a8e4095a0953f707b492bc0,2b642560cfbc46a3b415e89ad3a03675,1d3635c1d1b8417da02febe5bb56858c"
0.0,79613169,2,39806584.5,39806584.5,39614999,39998170,270942.8,PushPop,:batch=47c0438be8d044b4b1da6a590f23801e phase=decode requests=25de90a8b4234cdd9f459bf44de5f72b
0.0,79608930,2,39804465.0,39804465.0,39296905,40312025,717798.2,PushPop,":batch=47e1540fbc1442dc8f4a874c91a4c1f6 phase=decode requests=dfa53ed7b1db427c979733175e83eed5,1b90b5029a8e4095a0953f707b492bc0,2b642560cfbc46a3b415e89ad3a03675,1d3635c1d1b8417da02febe5bb56858c"
0.0,79587551,2,39793775.5,39793775.5,39381293,40206258,583338.3,PushPop,":batch=1f0a8b7bc73e41c19dc7f7cfce6e4d4f phase=decode requests=dfa53ed7b1db427c979733175e83eed5,1b90b5029a8e4095a0953f707b492bc0,2b642560cfbc46a3b415e89ad3a03675,1d3635c1d1b8417da02febe5bb56858c"
0.0,79587404,2,39793702.0,39793702.0,39596093,39991311,279461.3,PushPop,:batch=4e919ac7e3c84d988a29ceff98ff26e9 phase=decode requests=25de90a8b4234cdd9f459bf44de5f72b
0.0,79583551,2,39791775.5,39791775.5,39613312,39970239,252385.5,PushPop,:batch=50554771e9bf41aebed83b51732a75f6 phase=decode requests=25de90a8b4234cdd9f459bf44de5f72b
0.0,79581710,2,39790855.0,39790855.0,39343667,40238043,632419.3,PushPop,":batch=77c22f44f8164fb4bb7ef26d7dfcd7f5 phase=decode requests=dfa53ed7b1db427c979733175e83eed5,1b90b5029a8e4095a0953f707b492bc0,2b642560cfbc46a3b415e89ad3a03675,1d3635c1d1b8417da02febe5bb56858c"
0.0,79577917,2,39788958.5,39788958.5,39402412,40175505,546659.3,PushPop,":batch=3e1764c5c5414f368f51f6c4ec47123f phase=decode requests=1811f6ebf58e4b0ea2292b35146cd35f,612ab6a155ee43be83ea6696bd5b8b7f,04a26fdd847647a5a094bbafb63bc469,5f8f2308efff494a9a6a2fa3d4ecc35c"
0.0,79576535,2,39788267.5,39788267.5,39316988,40259547,666489.9,PushPop,":batch=ffd50d15176b4277adc1f5d1482a987d phase=decode requests=dfa53ed7b1db427c979733175e83eed5,1b90b5029a8e4095a0953f707b492bc0,2b642560cfbc46a3b415e89ad3a03675,1d3635c1d1b8417da02febe5bb56858c"
0.0,79567867,2,39783933.5,39783933.5,39271238,40296629,725060.9,PushPop,":batch=0d4ddb56ef7643f5ac6ac151b5823493 phase=decode requests=dfa53ed7b1db427c979733175e83eed5,1b90b5029a8e4095a0953f707b492bc0,2b642560cfbc46a3b415e89ad3a03675,1d3635c1d1b8417da02febe5bb56858c"
0.0,79561821,2,39780910.5,39780910.5,39330350,40231471,637188.8,PushPop,":batch=4ff9b5e7d825490b813d285e8ebbc343 phase=decode requests=dfa53ed7b1db427c979733175e83eed5,1b90b5029a8e4095a0953f707b492bc0,2b642560cfbc46a3b415e89ad3a03675,1d3635c1d1b8417da02febe5bb56858c"
0.0,79560176,2,39780088.0,39780088.0,39313756,40246420,659493.0,PushPop,":batch=6854592272a644bd95eb5723480dbf63 phase=decode requests=eef2914bac744c1ea29ede0988703e4c,91919f5803e44b6faa967b57bddb81bd,4eba997a613d41f1b98e92a342465594,2c91d8351bd845e18b1e6646cd0b5f4b"
0.0,79556843,2,39778421.5,39778421.5,39325493,40231350,640537.6,PushPop,":batch=23535e7fdf484c8a9c708f87bdc758be phase=decode requests=dfa53ed7b1db427c979733175e83eed5,1b90b5029a8e4095a0953f707b492bc0,2b642560cfbc46a3b415e89ad3a03675,1d3635c1d1b8417da02febe5bb56858c"
0.0,79552271,2,39776135.5,39776135.5,39352427,40199844,599214.3,PushPop,":batch=38da79d05c1148af870c8f85a6964127 phase=decode requests=dfa53ed7b1db427c979733175e83eed5,1b90b5029a8e4095a0953f707b492bc0,2b642560cfbc46a3b415e89ad3a03675,1d3635c1d1b8417da02febe5bb56858c"
0.0,79544482,2,39772241.0,39772241.0,39576221,39968261,277214.1,PushPop,:batch=6aada958053846a3b073fb43c226abc6 phase=decode requests=e6255778e8534404ac5ca8451b4d8752
0.0,79542524,2,39771262.0,39771262.0,39357049,40185475,585785.6,PushPop,":batch=071b4921d6d44b558b062328dd85af78 phase=decode requests=dfa53ed7b1db427c979733175e83eed5,1b90b5029a8e4095a0953f707b492bc0,2b642560cfbc46a3b415e89ad3a03675,1d3635c1d1b8417da02febe5bb56858c"
0.0,79541877,2,39770938.5,39770938.5,39314150,40227727,645996.5,PushPop,":batch=0a7944ce79a34b71883be60f00a9b99d phase=decode requests=dfa53ed7b1db427c979733175e83eed5,1b90b5029a8e4095a0953f707b492bc0,2b642560cfbc46a3b415e89ad3a03675,1d3635c1d1b8417da02febe5bb56858c"
0.0,79533625,2,39766812.5,39766812.5,39587621,39946004,253415.0,PushPop,:batch=6e4627540e854626a7384511d44d3274 phase=decode requests=e6255778e8534404ac5ca8451b4d8752
0.0,79531785,2,39765892.5,39765892.5,39333361,40198424,611691.9,PushPop,":batch=996f85f6c1c64e03879371c1427b4a4f phase=decode requests=dfa53ed7b1db427c979733175e83eed5,1b90b5029a8e4095a0953f707b492bc0,2b642560cfbc46a3b415e89ad3a03675,1d3635c1d1b8417da02febe5bb56858c"
0.0,79520484,2,39760242.0,39760242.0,39300048,40220436,650812.6,PushPop,":batch=962a7a7a25044501b8c0b0e6b0b760c6 phase=decode requests=1811f6ebf58e4b0ea2292b35146cd35f,612ab6a155ee43be83ea6696bd5b8b7f,04a26fdd847647a5a094bbafb63bc469,5f8f2308efff494a9a6a2fa3d4ecc35c"
0.0,79518844,2,39759422.0,39759422.0,39537187,39981657,314287.8,PushPop,:batch=f7512d8e41994b31b11bedfefcbc5ad1 phase=decode requests=25de90a8b4234cdd9f459bf44de5f72b
0.0,79509938,2,39754969.0,39754969.0,39564350,39945588,269576.0,PushPop,:batch=5399074429e848e7879fd77153b771aa phase=decode requests=25de90a8b4234cdd9f459bf44de5f72b
0.0,79509194,2,39754597.0,39754597.0,39304374,40204820,636711.5,PushPop,":batch=60b76eb334ea4b6888a007ba9b21a7d9 phase=decode requests=dfa53ed7b1db427c979733175e83eed5,1b90b5029a8e4095a0953f707b492bc0,2b642560cfbc46a3b415e89ad3a03675,1d3635c1d1b8417da02febe5bb56858c"
0.0,79504558,2,39752279.0,39752279.0,39294353,40210205,647605.2,PushPop,":batch=8005d79e26684e248f24b77b1fc8111a phase=decode requests=dfa53ed7b1db427c979733175e83eed5,1b90b5029a8e4095a0953f707b492bc0,2b642560cfbc46a3b415e89ad3a03675,1d3635c1d1b8417da02febe5bb56858c"
0.0,79501296,2,39750648.0,39750648.0,39303115,40198181,632907.2,PushPop,":batch=e194bcf7340e4ef3b15a211466ba0cba phase=decode requests=fd7f18ee548942ab846676d2fc7a354e,7b15763fe2a348b4bded9b891807f3b3,b57ae4d5f220486d9e686230c8c5382e,b86f7835c80b433ab4e1c625067d0f3c"
0.0,79498250,2,39749125.0,39749125.0,39349416,40148834,565273.9,PushPop,":batch=61a0195cc3f04530982c2fcc411bf887 phase=decode requests=dfa53ed7b1db427c979733175e83eed5,1b90b5029a8e4095a0953f707b492bc0,2b642560cfbc46a3b415e89ad3a03675,1d3635c1d1b8417da02febe5bb56858c"
0.0,79496783,2,39748391.5,39748391.5,39315026,40181757,612871.4,PushPop,":batch=19ee5fd87fe14c1cb1112e67b95fda43 phase=decode requests=dfa53ed7b1db427c979733175e83eed5,1b90b5029a8e4095a0953f707b492bc0,2b642560cfbc46a3b415e89ad3a03675,1d3635c1d1b8417da02febe5bb56858c"
0.0,79493670,2,39746835.0,39746835.0,39298814,40194856,633597.4,PushPop,":batch=38a4dd5d76344a9ca3c0d61870219d6f phase=decode requests=eef2914bac744c1ea29ede0988703e4c,91919f5803e44b6faa967b57bddb81bd,4eba997a613d41f1b98e92a342465594,2c91d8351bd845e18b1e6646cd0b5f4b"
0.0,79493505,2,39746752.5,39746752.5,39568016,39925489,252771.6,PushPop,:batch=d4c1f1d4fc75416d9c7b15eed3474c47 phase=decode requests=e6255778e8534404ac5ca8451b4d8752
0.0,79490572,2,39745286.0,39745286.0,39281303,40209269,656171.1,PushPop,":batch=35ffb00312394fcba739f6a024e29897 phase=decode requests=fd7f18ee548942ab846676d2fc7a354e,7b15763fe2a348b4bded9b891807f3b3,b57ae4d5f220486d9e686230c8c5382e,b86f7835c80b433ab4e1c625067d0f3c"
0.0,79490367,2,39745183.5,39745183.5,39570085,39920282,247626.7,PushPop,:batch=2c4ce4a623424a198f8925bf04bd4028 phase=decode requests=25de90a8b4234cdd9f459bf44de5f72b
0.0,79487538,2,39743769.0,39743769.0,39270951,40216587,668665.6,PushPop,":batch=20d851ae243c462d8c69295fd516c6b9 phase=decode requests=eef2914bac744c1ea29ede0988703e4c,91919f5803e44b6faa967b57bddb81bd,4eba997a613d41f1b98e92a342465594,2c91d8351bd845e18b1e6646cd0b5f4b"
0.0,79487451,2,39743725.5,39743725.5,39300746,40186705,626467.6,PushPop,":batch=ab68f59d5af04d299b962e23edea1875 phase=decode requests=dfa53ed7b1db427c979733175e83eed5,1b90b5029a8e4095a0953f707b492bc0,2b642560cfbc46a3b415e89ad3a03675,1d3635c1d1b8417da02febe5bb56858c"
0.0,79484201,2,39742100.5,39742100.5,39544719,39939482,279139.6,PushPop,:batch=724f331036eb410f86bbb4989ce6d6b9 phase=decode requests=25de90a8b4234cdd9f459bf44de5f72b
0.0,79483338,2,39741669.0,39741669.0,39258962,40224376,682650.8,PushPop,":batch=969fea6e2f2c4bc39a7c988d96fd6c28 phase=decode requests=1811f6ebf58e4b0ea2292b35146cd35f,612ab6a155ee43be83ea6696bd5b8b7f,04a26fdd847647a5a094bbafb63bc469,5f8f2308efff494a9a6a2fa3d4ecc35c"
0.0,79480086,2,39740043.0,39740043.0,39525946,39954140,302778.9,PushPop,:batch=10602f4faec24888a2a983333de36051 phase=decode requests=f613ba29e5e3458d8e63b0275b98ac68
0.0,79475760,2,39737880.0,39737880.0,39305487,40170273,611496.0,PushPop,":batch=9d21ab2ceb714d86a8171e1ba88ac424 phase=decode requests=dfa53ed7b1db427c979733175e83eed5,1b90b5029a8e4095a0953f707b492bc0,2b642560cfbc46a3b415e89ad3a03675,1d3635c1d1b8417da02febe5bb56858c"
0.0,79475194,2,39737597.0,39737597.0,39545082,39930112,272257.3,PushPop,:batch=c9d5ba4814434e7b80fa952158b3b29c phase=decode requests=25de90a8b4234cdd9f459bf44de5f72b
0.0,79475121,2,39737560.5,39737560.5,39307682,40167439,607940.0,PushPop,":batch=226831329a774489838cfb485b3eb739 phase=decode requests=fd7f18ee548942ab846676d2fc7a354e,7b15763fe2a348b4bded9b891807f3b3,b57ae4d5f220486d9e686230c8c5382e,b86f7835c80b433ab4e1c625067d0f3c"
0.0,79469623,2,39734811.5,39734811.5,39309027,40160596,602150.2,PushPop,":batch=e5970cde86d744bc86345d1fbb69cabe phase=decode requests=dfa53ed7b1db427c979733175e83eed5,1b90b5029a8e4095a0953f707b492bc0,2b642560cfbc46a3b415e89ad3a03675,1d3635c1d1b8417da02febe5bb56858c"
0.0,79469137,2,39734568.5,39734568.5,39301283,40167854,612758.2,PushPop,":batch=415047fdf8ff4a5cac362b9461c0b9b9 phase=decode requests=dfa53ed7b1db427c979733175e83eed5,1b90b5029a8e4095a0953f707b492bc0,2b642560cfbc46a3b415e89ad3a03675,1d3635c1d1b8417da02febe5bb56858c"
0.0,79469023,2,39734511.5,39734511.5,39499899,39969124,331792.2,PushPop,:batch=061197d6013e4206b5a9cdf552da4a4f phase=decode requests=25de90a8b4234cdd9f459bf44de5f72b
0.0,79451543,2,39725771.5,39725771.5,39278205,40173338,632954.6,PushPop,":batch=87a542f07826459aa2b16fe924dbbc9c phase=decode requests=dfa53ed7b1db427c979733175e83eed5,1b90b5029a8e4095a0953f707b492bc0,2b642560cfbc46a3b415e89ad3a03675,1d3635c1d1b8417da02febe5bb56858c"
0.0,79450143,2,39725071.5,39725071.5,39312233,40137910,583841.8,PushPop,":batch=7ff8d089ea074be6a17a1382505bf144 phase=decode requests=dfa53ed7b1db427c979733175e83eed5,1b90b5029a8e4095a0953f707b492bc0,2b642560cfbc46a3b415e89ad3a03675,1d3635c1d1b8417da02febe5bb56858c"
0.0,79449449,2,39724724.5,39724724.5,39284843,40164606,622086.4,PushPop,":batch=bbf387db78ac45ab9414584d060e4849 phase=decode requests=dfa53ed7b1db427c979733175e83eed5,1b90b5029a8e4095a0953f707b492bc0,2b642560cfbc46a3b415e89ad3a03675,1d3635c1d1b8417da02febe5bb56858c"
0.0,79445230,2,39722615.0,39722615.0,39502458,39942772,311349.0,PushPop,:batch=28ad6cbcd7264e5b9219f4205e8ce9f7 phase=decode requests=25de90a8b4234cdd9f459bf44de5f72b
0.0,79444805,2,39722402.5,39722402.5,39544126,39900679,252121.0,PushPop,:batch=18a51577adda4767ac61703867afd23e phase=decode requests=f613ba29e5e3458d8e63b0275b98ac68
0.0,79443677,2,39721838.5,39721838.5,39345885,40097792,531678.5,PushPop,":batch=b99c5772dd1f4b4480fcf1985bc6161d phase=decode requests=dfa53ed7b1db427c979733175e83eed5,1b90b5029a8e4095a0953f707b492bc0,2b642560cfbc46a3b415e89ad3a03675,1d3635c1d1b8417da02febe5bb56858c"
0.0,79438658,2,39719329.0,39719329.0,39543908,39894750,248082.8,PushPop,:batch=e426fd790c194976988f0636a383e5f4 phase=decode requests=f613ba29e5e3458d8e63b0275b98ac68
0.0,79438386,2,39719193.0,39719193.0,39382520,40055866,476127.5,PushPop,":batch=bdd7a9a7a7d047dfa0aec5674968696c phase=decode requests=fd7f18ee548942ab846676d2fc7a354e,7b15763fe2a348b4bded9b891807f3b3,b57ae4d5f220486d9e686230c8c5382e,b86f7835c80b433ab4e1c625067d0f3c"
0.0,79436967,2,39718483.5,39718483.5,39259952,40177015,648461.5,PushPop,":batch=082e7a5d48e84d099d42f65a6eca5174 phase=decode requests=dfa53ed7b1db427c979733175e83eed5,1b90b5029a8e4095a0953f707b492bc0,2b642560cfbc46a3b415e89ad3a03675,1d3635c1d1b8417da02febe5bb56858c"
0.0,79433726,2,39716863.0,39716863.0,39337240,40096486,536868.0,PushPop,":batch=e420a0f0d9b4422488eb10df9bf3e287 phase=decode requests=dfa53ed7b1db427c979733175e83eed5,1b90b5029a8e4095a0953f707b492bc0,2b642560cfbc46a3b415e89ad3a03675,1d3635c1d1b8417da02febe5bb56858c"
0.0,79432836,2,39716418.0,39716418.0,39269088,40163748,632620.2,PushPop,":batch=d320872b832443ccb297db4162e82e62 phase=decode requests=dfa53ed7b1db427c979733175e83eed5,1b90b5029a8e4095a0953f707b492bc0,2b642560cfbc46a3b415e89ad3a03675,1d3635c1d1b8417da02febe5bb56858c"
0.0,79431745,2,39715872.5,39715872.5,39272759,40158986,626657.1,PushPop,":batch=6d993e3b189040548379240a6f22fdef phase=decode requests=1811f6ebf58e4b0ea2292b35146cd35f,612ab6a155ee43be83ea6696bd5b8b7f,04a26fdd847647a5a094bbafb63bc469,5f8f2308efff494a9a6a2fa3d4ecc35c"
0.0,79415485,2,39707742.5,39707742.5,39247264,40168221,651214.9,PushPop,":batch=4340d10f2fe44a3b8bd4560e81286ba2 phase=decode requests=dfa53ed7b1db427c979733175e83eed5,1b90b5029a8e4095a0953f707b492bc0,2b642560cfbc46a3b415e89ad3a03675,1d3635c1d1b8417da02febe5bb56858c"
0.0,79413743,2,39706871.5,39706871.5,39368501,40045242,478528.2,PushPop,":batch=e75d84e8d5064eccb368c5f588d8de30 phase=decode requests=dfa53ed7b1db427c979733175e83eed5,1b90b5029a8e4095a0953f707b492bc0,2b642560cfbc46a3b415e89ad3a03675,1d3635c1d1b8417da02febe5bb56858c"
0.0,79400691,2,39700345.5,39700345.5,39283517,40117174,589484.5,PushPop,":batch=e5592c89cfb94282be65f1c102e90a8d phase=decode requests=dfa53ed7b1db427c979733175e83eed5,1b90b5029a8e4095a0953f707b492bc0,2b642560cfbc46a3b415e89ad3a03675,1d3635c1d1b8417da02febe5bb56858c"
0.0,79400151,2,39700075.5,39700075.5,39317901,40082250,540476.4,PushPop,":batch=205f346d3da141509f8ae367af107427 phase=decode requests=dfa53ed7b1db427c979733175e83eed5,1b90b5029a8e4095a0953f707b492bc0,2b642560cfbc46a3b415e89ad3a03675,1d3635c1d1b8417da02febe5bb56858c"
0.0,79399903,2,39699951.5,39699951.5,39527726,39872177,243563.6,PushPop,:batch=9a38b3f9393449b297e82f8d0ebc6443 phase=decode requests=f613ba29e5e3458d8e63b0275b98ac68
0.0,79399460,2,39699730.0,39699730.0,39310096,40089364,551025.7,PushPop,":batch=1d2c1d584c7840dda63899233ef37865 phase=decode requests=1811f6ebf58e4b0ea2292b35146cd35f,612ab6a155ee43be83ea6696bd5b8b7f,04a26fdd847647a5a094bbafb63bc469,5f8f2308efff494a9a6a2fa3d4ecc35c"
0.0,79399454,2,39699727.0,39699727.0,39300299,40099155,564876.5,PushPop,":batch=d426d717cbcc4ff8b0a3ecad74a2d3c6 phase=decode requests=1811f6ebf58e4b0ea2292b35146cd35f,612ab6a155ee43be83ea6696bd5b8b7f,04a26fdd847647a5a094bbafb63bc469,5f8f2308efff494a9a6a2fa3d4ecc35c"
0.0,79399232,2,39699616.0,39699616.0,39263327,40135905,617005.8,PushPop,":batch=4626cf0da9e8470d8c4772506bc2715d phase=decode requests=fd7f18ee548942ab846676d2fc7a354e,7b15763fe2a348b4bded9b891807f3b3,b57ae4d5f220486d9e686230c8c5382e,b86f7835c80b433ab4e1c625067d0f3c"
0.0,79396033,2,39698016.5,39698016.5,39326892,40069141,524849.3,PushPop,":batch=9425cf6a3d7e486e8c923b390ae328fa phase=decode requests=fd7f18ee548942ab846676d2fc7a354e,7b15763fe2a348b4bded9b891807f3b3,b57ae4d5f220486d9e686230c8c5382e,b86f7835c80b433ab4e1c625067d0f3c"
0.0,79388852,2,39694426.0,39694426.0,39251825,40137027,625932.3,PushPop,":batch=18016500fefe4f74931aae6c5c3550e2 phase=decode requests=dfa53ed7b1db427c979733175e83eed5,1b90b5029a8e4095a0953f707b492bc0,2b642560cfbc46a3b415e89ad3a03675,1d3635c1d1b8417da02febe5bb56858c"
0.0,79382386,2,39691193.0,39691193.0,39335703,40046683,502738.8,PushPop,":batch=616ead489afc4b64b4a5eff803e1a24b phase=decode requests=dfa53ed7b1db427c979733175e83eed5,1b90b5029a8e4095a0953f707b492bc0,2b642560cfbc46a3b415e89ad3a03675,1d3635c1d1b8417da02febe5bb56858c"
0.0,79378858,2,39689429.0,39689429.0,39517720,39861138,242833.2,PushPop,:batch=90ca1faa9451408db049fac73f491f95 phase=decode requests=e6255778e8534404ac5ca8451b4d8752
0.0,79375409,2,39687704.5,39687704.5,39265112,40110297,597636.0,PushPop,":batch=23fe8adab5ab4b1597173cf5e8fb2e0f phase=decode requests=fd7f18ee548942ab846676d2fc7a354e,7b15763fe2a348b4bded9b891807f3b3,b57ae4d5f220486d9e686230c8c5382e,b86f7835c80b433ab4e1c625067d0f3c"
0.0,79371895,2,39685947.5,39685947.5,39191294,40180601,699545.7,PushPop,":batch=a1c16e1e868442859a4c34f3cf3f40b5 phase=decode requests=dfa53ed7b1db427c979733175e83eed5,1b90b5029a8e4095a0953f707b492bc0,2b642560cfbc46a3b415e89ad3a03675,1d3635c1d1b8417da02febe5bb56858c"
0.0,79368589,2,39684294.5,39684294.5,39289386,40079203,558485.0,PushPop,":batch=49fcfc14285f4fa4b0b1971ee6b12e71 phase=decode requests=fd7f18ee548942ab846676d2fc7a354e,7b15763fe2a348b4bded9b891807f3b3,b57ae4d5f220486d9e686230c8c5382e,b86f7835c80b433ab4e1c625067d0f3c"
0.0,79366248,2,39683124.0,39683124.0,39208744,40157504,670874.6,PushPop,":batch=8aa29f73ed2c40eb9999aadcf1f485b9 phase=decode requests=dfa53ed7b1db427c979733175e83eed5,1b90b5029a8e4095a0953f707b492bc0,2b642560cfbc46a3b415e89ad3a03675,1d3635c1d1b8417da02febe5bb56858c"
0.0,79364481,2,39682240.5,39682240.5,39516875,39847606,233862.1,PushPop,:batch=26607c78e5344fcfb1a038ae8a09d67d phase=decode requests=25de90a8b4234cdd9f459bf44de5f72b
0.0,79356331,2,39678165.5,39678165.5,39192269,40164062,687161.4,PushPop,":batch=db0f19bae40d4a67a7bb5f4e7eec3da9 phase=decode requests=dfa53ed7b1db427c979733175e83eed5,1b90b5029a8e4095a0953f707b492bc0,2b642560cfbc46a3b415e89ad3a03675,1d3635c1d1b8417da02febe5bb56858c"
0.0,79355716,2,39677858.0,39677858.0,39295830,40059886,540269.2,PushPop,":batch=abba41cf35684081b56f95f2664807d8 phase=decode requests=dfa53ed7b1db427c979733175e83eed5,1b90b5029a8e4095a0953f707b492bc0,2b642560cfbc46a3b415e89ad3a03675,1d3635c1d1b8417da02febe5bb56858c"
0.0,79349896,2,39674948.0,39674948.0,39171986,40177910,711295.7,PushPop,":batch=888683f6e9b4472e9c8a9ff77ac40d9b phase=decode requests=dfa53ed7b1db427c979733175e83eed5,1b90b5029a8e4095a0953f707b492bc0,2b642560cfbc46a3b415e89ad3a03675,1d3635c1d1b8417da02febe5bb56858c"
0.0,79348842,2,39674421.0,39674421.0,39247640,40101202,603559.5,PushPop,":batch=0a4652c93304401882cdd7f0b92273e2 phase=decode requests=dfa53ed7b1db427c979733175e83eed5,1b90b5029a8e4095a0953f707b492bc0,2b642560cfbc46a3b415e89ad3a03675,1d3635c1d1b8417da02febe5bb56858c"
0.0,79340255,2,39670127.5,39670127.5,39179385,40160870,694014.7,PushPop,":batch=4dd78b56802643caa502edc7829f1687 phase=decode requests=dfa53ed7b1db427c979733175e83eed5,1b90b5029a8e4095a0953f707b492bc0,2b642560cfbc46a3b415e89ad3a03675,1d3635c1d1b8417da02febe5bb56858c"
0.0,79339087,2,39669543.5,39669543.5,39205433,40133654,656351.4,PushPop,":batch=2f6a07b685fc44afab5de458582525c3 phase=decode requests=dfa53ed7b1db427c979733175e83eed5,1b90b5029a8e4095a0953f707b492bc0,2b642560cfbc46a3b415e89ad3a03675,1d3635c1d1b8417da02febe5bb56858c"
0.0,79336318,2,39668159.0,39668159.0,39209478,40126840,648672.9,PushPop,":batch=6eec0a31b04f4fe99ab3e43df3e0d874 phase=decode requests=eef2914bac744c1ea29ede0988703e4c,91919f5803e44b6faa967b57bddb81bd,4eba997a613d41f1b98e92a342465594,2c91d8351bd845e18b1e6646cd0b5f4b"
0.0,79334695,2,39667347.5,39667347.5,39282504,40052191,544250.9,PushPop,":batch=6eec038e5a2147fc9a774928d0d35b19 phase=decode requests=fd7f18ee548942ab846676d2fc7a354e,7b15763fe2a348b4bded9b891807f3b3,b57ae4d5f220486d9e686230c8c5382e,b86f7835c80b433ab4e1c625067d0f3c"
0.0,79331098,2,39665549.0,39665549.0,39254714,40076384,581008.4,PushPop,":batch=965301885a344a5ba184e60783437252 phase=decode requests=dfa53ed7b1db427c979733175e83eed5,1b90b5029a8e4095a0953f707b492bc0,2b642560cfbc46a3b415e89ad3a03675,1d3635c1d1b8417da02febe5bb56858c"
0.0,79325334,2,39662667.0,39662667.0,39505052,39820282,222901.3,PushPop,:batch=a3bddbfb6a2c482fb1662aae53309943 phase=decode requests=25de90a8b4234cdd9f459bf44de5f72b
0.0,79313024,2,39656512.0,39656512.0,39478704,39834320,251458.5,PushPop,:batch=9ec9071568634a44bbcd7faf603eefb2 phase=decode requests=25de90a8b4234cdd9f459bf44de5f72b
0.0,79308871,2,39654435.5,39654435.5,39206379,40102492,633647.6,PushPop,":batch=f26b5d25b7234f6f944445dffd01ab8b phase=decode requests=dfa53ed7b1db427c979733175e83eed5,1b90b5029a8e4095a0953f707b492bc0,2b642560cfbc46a3b415e89ad3a03675,1d3635c1d1b8417da02febe5bb56858c"
0.0,79308071,2,39654035.5,39654035.5,39203771,40104300,636770.2,PushPop,":batch=a06ed6d3f40b492c9ad178c3a4c48807 phase=decode requests=dfa53ed7b1db427c979733175e83eed5,1b90b5029a8e4095a0953f707b492bc0,2b642560cfbc46a3b415e89ad3a03675,1d3635c1d1b8417da02febe5bb56858c"
0.0,79301035,2,39650517.5,39650517.5,39196980,40104055,641398.9,PushPop,":batch=7febe67f458145ebb6a7046debf898ca phase=decode requests=dfa53ed7b1db427c979733175e83eed5,1b90b5029a8e4095a0953f707b492bc0,2b642560cfbc46a3b415e89ad3a03675,1d3635c1d1b8417da02febe5bb56858c"
0.0,79299723,2,39649861.5,39649861.5,39225047,40074676,600778.4,PushPop,":batch=1c5d3592e999427384bf06493f8e9e1f phase=decode requests=dfa53ed7b1db427c979733175e83eed5,1b90b5029a8e4095a0953f707b492bc0,2b642560cfbc46a3b415e89ad3a03675,1d3635c1d1b8417da02febe5bb56858c"
0.0,79297817,2,39648908.5,39648908.5,39268076,40029741,538578.5,PushPop,":batch=1f4b38b93c224027a229605b60a2d1bc phase=decode requests=1811f6ebf58e4b0ea2292b35146cd35f,612ab6a155ee43be83ea6696bd5b8b7f,04a26fdd847647a5a094bbafb63bc469,5f8f2308efff494a9a6a2fa3d4ecc35c"
0.0,79288566,2,39644283.0,39644283.0,39188438,40100128,644662.2,PushPop,":batch=74594a2910ea4b1480a4176b1813f994 phase=decode requests=dfa53ed7b1db427c979733175e83eed5,1b90b5029a8e4095a0953f707b492bc0,2b642560cfbc46a3b415e89ad3a03675,1d3635c1d1b8417da02febe5bb56858c"
0.0,79287145,2,39643572.5,39643572.5,38836878,40450267,1140838.3,PushPop,":batch=050429a3e90b4930aa64940aa5121dcc phase=decode requests=dfa53ed7b1db427c979733175e83eed5,1b90b5029a8e4095a0953f707b492bc0,2b642560cfbc46a3b415e89ad3a03675,1d3635c1d1b8417da02febe5bb56858c"
0.0,79281915,2,39640957.5,39640957.5,39195715,40086200,629668.0,PushPop,":batch=86cbf7fe6a3d4aeeb5f11632b4eb70c3 phase=decode requests=dfa53ed7b1db427c979733175e83eed5,1b90b5029a8e4095a0953f707b492bc0,2b642560cfbc46a3b415e89ad3a03675,1d3635c1d1b8417da02febe5bb56858c"
0.0,79273293,2,39636646.5,39636646.5,39197105,40076188,621605.6,PushPop,":batch=70eca4494f9e41babb1843d3274886cf phase=decode requests=dfa53ed7b1db427c979733175e83eed5,1b90b5029a8e4095a0953f707b492bc0,2b642560cfbc46a3b415e89ad3a03675,1d3635c1d1b8417da02febe5bb56858c"
0.0,79268938,2,39634469.0,39634469.0,39191771,40077167,626069.5,PushPop,":batch=2c868202a82344deb800d56c69ab1053 phase=decode requests=dfa53ed7b1db427c979733175e83eed5,1b90b5029a8e4095a0953f707b492bc0,2b642560cfbc46a3b415e89ad3a03675,1d3635c1d1b8417da02febe5bb56858c"
0.0,79268606,2,39634303.0,39634303.0,39206084,40062522,605593.1,PushPop,":batch=03b00bd1d9e84303829f6d13e1db04ad phase=decode requests=dfa53ed7b1db427c979733175e83eed5,1b90b5029a8e4095a0953f707b492bc0,2b642560cfbc46a3b415e89ad3a03675,1d3635c1d1b8417da02febe5bb56858c"
0.0,79267992,2,39633996.0,39633996.0,39232107,40035885,568356.9,PushPop,":batch=bd096726a98e46a7bda3d77689a2647d phase=decode requests=dfa53ed7b1db427c979733175e83eed5,1b90b5029a8e4095a0953f707b492bc0,2b642560cfbc46a3b415e89ad3a03675,1d3635c1d1b8417da02febe5bb56858c"
0.0,79266316,2,39633158.0,39633158.0,39100034,40166282,753951.2,PushPop,":batch=294da57244bb409c9fcaf6b26aeb80d8 phase=decode requests=dfa53ed7b1db427c979733175e83eed5,1b90b5029a8e4095a0953f707b492bc0,2b642560cfbc46a3b415e89ad3a03675,1d3635c1d1b8417da02febe5bb56858c"
0.0,79261957,2,39630978.5,39630978.5,39191987,40069970,620827.7,PushPop,":batch=485b97259a94400fbb3150e084faf0fa phase=decode requests=dfa53ed7b1db427c979733175e83eed5,1b90b5029a8e4095a0953f707b492bc0,2b642560cfbc46a3b415e89ad3a03675,1d3635c1d1b8417da02febe5bb56858c"
0.0,79250556,2,39625278.0,39625278.0,39186757,40063799,620162.3,PushPop,":batch=50c5c98e310a4e238f36984a1765c5fb phase=decode requests=dfa53ed7b1db427c979733175e83eed5,1b90b5029a8e4095a0953f707b492bc0,2b642560cfbc46a3b415e89ad3a03675,1d3635c1d1b8417da02febe5bb56858c"
0.0,79247205,2,39623602.5,39623602.5,39323618,39923587,424242.1,PushPop,:batch=53d9a5f9939b45bca4a46d04471cbcf0 phase=decode requests=25de90a8b4234cdd9f459bf44de5f72b
0.0,79239337,2,39619668.5,39619668.5,39191541,40047796,605463.7,PushPop,":batch=c2e5adc1b4d34518bbc7102a2d295290 phase=decode requests=1811f6ebf58e4b0ea2292b35146cd35f,612ab6a155ee43be83ea6696bd5b8b7f,04a26fdd847647a5a094bbafb63bc469,5f8f2308efff494a9a6a2fa3d4ecc35c"
0.0,79228423,2,39614211.5,39614211.5,39249661,39978762,515552.3,PushPop,":batch=975bde2621df445fb23d91d43e8c9092 phase=decode requests=dfa53ed7b1db427c979733175e83eed5,1b90b5029a8e4095a0953f707b492bc0,2b642560cfbc46a3b415e89ad3a03675,1d3635c1d1b8417da02febe5bb56858c"
0.0,79226836,2,39613418.0,39613418.0,39137114,40089722,673595.6,PushPop,":batch=997c15af3a324856821b46b7f015126a phase=decode requests=dfa53ed7b1db427c979733175e83eed5,1b90b5029a8e4095a0953f707b492bc0,2b642560cfbc46a3b415e89ad3a03675,1d3635c1d1b8417da02febe5bb56858c"
0.0,79226090,2,39613045.0,39613045.0,39206062,40020028,575560.9,PushPop,":batch=d5670752d328476685a89baa13f0b0ed phase=decode requests=dfa53ed7b1db427c979733175e83eed5,1b90b5029a8e4095a0953f707b492bc0,2b642560cfbc46a3b415e89ad3a03675,1d3635c1d1b8417da02febe5bb56858c"
0.0,79222424,2,39611212.0,39611212.0,39428664,39793760,258161.9,PushPop,:batch=1594a1e597b544be80311dd41b10c904 phase=decode requests=f613ba29e5e3458d8e63b0275b98ac68
0.0,79218763,2,39609381.5,39609381.5,38753784,40464979,1209997.6,PushPop,":batch=53acf02df1a344219eed8737e03c92d1 phase=decode requests=dfa53ed7b1db427c979733175e83eed5,1b90b5029a8e4095a0953f707b492bc0,2b642560cfbc46a3b415e89ad3a03675,1d3635c1d1b8417da02febe5bb56858c"
0.0,79215741,2,39607870.5,39607870.5,39126791,40088950,680349.2,PushPop,":batch=68ee6ebe44db498d8beec6c73ccb937e phase=decode requests=dfa53ed7b1db427c979733175e83eed5,1b90b5029a8e4095a0953f707b492bc0,2b642560cfbc46a3b415e89ad3a03675,1d3635c1d1b8417da02febe5bb56858c"
0.0,79211619,2,39605809.5,39605809.5,39223381,39988238,540835.6,PushPop,":batch=7647a1d2b19140ddbd9f502514c1d6cb phase=decode requests=dfa53ed7b1db427c979733175e83eed5,1b90b5029a8e4095a0953f707b492bc0,2b642560cfbc46a3b415e89ad3a03675,1d3635c1d1b8417da02febe5bb56858c"
0.0,79205882,2,39602941.0,39602941.0,39168449,40037433,614464.5,PushPop,":batch=7d7749506f734ebcb082f267336bf12a phase=decode requests=1811f6ebf58e4b0ea2292b35146cd35f,612ab6a155ee43be83ea6696bd5b8b7f,04a26fdd847647a5a094bbafb63bc469,5f8f2308efff494a9a6a2fa3d4ecc35c"
0.0,79203044,2,39601522.0,39601522.0,39174488,40028556,603917.3,PushPop,":batch=840192a0db924d23a33de6a10ae6bb71 phase=decode requests=1811f6ebf58e4b0ea2292b35146cd35f,612ab6a155ee43be83ea6696bd5b8b7f,04a26fdd847647a5a094bbafb63bc469,5f8f2308efff494a9a6a2fa3d4ecc35c"
0.0,79202745,2,39601372.5,39601372.5,39131587,40071158,664377.0,PushPop,":batch=fddb9bf53bfc402a8259b268e482bfe0 phase=decode requests=eef2914bac744c1ea29ede0988703e4c,91919f5803e44b6faa967b57bddb81bd,4eba997a613d41f1b98e92a342465594,2c91d8351bd845e18b1e6646cd0b5f4b"
0.0,79200088,2,39600044.0,39600044.0,39161401,40038687,620334.9,PushPop,":batch=da2c99ed3d1e45509e8585d8ee9b9abe phase=decode requests=dfa53ed7b1db427c979733175e83eed5,1b90b5029a8e4095a0953f707b492bc0,2b642560cfbc46a3b415e89ad3a03675,1d3635c1d1b8417da02febe5bb56858c"
0.0,79197961,2,39598980.5,39598980.5,39188090,40009871,581086.9,PushPop,":batch=5215b85e26264e38ad2549c9481635ea phase=decode requests=dfa53ed7b1db427c979733175e83eed5,1b90b5029a8e4095a0953f707b492bc0,2b642560cfbc46a3b415e89ad3a03675,1d3635c1d1b8417da02febe5bb56858c"
0.0,79192594,2,39596297.0,39596297.0,39133669,40058925,654254.8,PushPop,":batch=c1fa404c87984017bc4ba5f2b2333725 phase=decode requests=dfa53ed7b1db427c979733175e83eed5,1b90b5029a8e4095a0953f707b492bc0,2b642560cfbc46a3b415e89ad3a03675,1d3635c1d1b8417da02febe5bb56858c"
0.0,79190311,2,39595155.5,39595155.5,39221162,39969149,528906.7,PushPop,":batch=70fefea4f72f484980e871a40b3465f9 phase=decode requests=dfa53ed7b1db427c979733175e83eed5,1b90b5029a8e4095a0953f707b492bc0,2b642560cfbc46a3b415e89ad3a03675,1d3635c1d1b8417da02febe5bb56858c"
0.0,79185185,2,39592592.5,39592592.5,38738314,40446871,1208132.2,PushPop,":batch=a63cd810d5c7458dbb38b7d73ad32e39 phase=decode requests=dfa53ed7b1db427c979733175e83eed5,1b90b5029a8e4095a0953f707b492bc0,2b642560cfbc46a3b415e89ad3a03675,1d3635c1d1b8417da02febe5bb56858c"
0.0,79185167,2,39592583.5,39592583.5,39138717,40046450,641864.2,PushPop,":batch=6bea98f3074d4bb8bdda78a708f4a4aa phase=decode requests=fd7f18ee548942ab846676d2fc7a354e,7b15763fe2a348b4bded9b891807f3b3,b57ae4d5f220486d9e686230c8c5382e,b86f7835c80b433ab4e1c625067d0f3c"
0.0,79180569,2,39590284.5,39590284.5,39120685,40059884,664114.0,PushPop,":batch=f70594aaee504da7ae5df3a66c074b4c phase=decode requests=dfa53ed7b1db427c979733175e83eed5,1b90b5029a8e4095a0953f707b492bc0,2b642560cfbc46a3b415e89ad3a03675,1d3635c1d1b8417da02febe5bb56858c"
0.0,79173868,2,39586934.0,39586934.0,39182312,39991556,572221.9,PushPop,":batch=3da4be0d16594ccda83cb7b7116daaa3 phase=decode requests=fd7f18ee548942ab846676d2fc7a354e,7b15763fe2a348b4bded9b891807f3b3,b57ae4d5f220486d9e686230c8c5382e,b86f7835c80b433ab4e1c625067d0f3c"
0.0,79172107,2,39586053.5,39586053.5,39333756,39838351,356802.5,PushPop,:batch=50595ebc22d24c6e9e548e7ee8b42504 phase=decode requests=25de90a8b4234cdd9f459bf44de5f72b
0.0,79158276,2,39579138.0,39579138.0,39164309,39993967,586656.8,PushPop,":batch=760a0b0b61644674813affad9ff1f53d phase=decode requests=fd7f18ee548942ab846676d2fc7a354e,7b15763fe2a348b4bded9b891807f3b3,b57ae4d5f220486d9e686230c8c5382e,b86f7835c80b433ab4e1c625067d0f3c"
0.0,79158013,2,39579006.5,39579006.5,39090300,40067713,691135.4,PushPop,":batch=df6b141690514170bdb53dc4fcde4463 phase=decode requests=dfa53ed7b1db427c979733175e83eed5,1b90b5029a8e4095a0953f707b492bc0,2b642560cfbc46a3b415e89ad3a03675,1d3635c1d1b8417da02febe5bb56858c"
0.0,79154458,2,39577229.0,39577229.0,39085263,40069195,695745.0,PushPop,":batch=44d4b4a99972417fafe266ffe395a341 phase=decode requests=eef2914bac744c1ea29ede0988703e4c,91919f5803e44b6faa967b57bddb81bd,4eba997a613d41f1b98e92a342465594,2c91d8351bd845e18b1e6646cd0b5f4b"
0.0,79153327,2,39576663.5,39576663.5,39194278,39959049,540774.8,PushPop,":batch=40fb24e0c70745b1a88b8d30409038e9 phase=decode requests=dfa53ed7b1db427c979733175e83eed5,1b90b5029a8e4095a0953f707b492bc0,2b642560cfbc46a3b415e89ad3a03675,1d3635c1d1b8417da02febe5bb56858c"
0.0,79149862,2,39574931.0,39574931.0,39370426,39779436,289213.7,PushPop,:batch=d7f56d8fb8ba4b16933546a08229f60d phase=decode requests=f613ba29e5e3458d8e63b0275b98ac68
0.0,79144098,2,39572049.0,39572049.0,39104313,40039785,661478.6,PushPop,":batch=61747417e1ac4918b0df6e46dde1eacb phase=decode requests=dfa53ed7b1db427c979733175e83eed5,1b90b5029a8e4095a0953f707b492bc0,2b642560cfbc46a3b415e89ad3a03675,1d3635c1d1b8417da02febe5bb56858c"
0.0,79142609,2,39571304.5,39571304.5,39101108,40041501,664958.3,PushPop,":batch=ad055ec7fa46412bbdec67ffd14919a5 phase=decode requests=dfa53ed7b1db427c979733175e83eed5,1b90b5029a8e4095a0953f707b492bc0,2b642560cfbc46a3b415e89ad3a03675,1d3635c1d1b8417da02febe5bb56858c"
0.0,79141917,2,39570958.5,39570958.5,39358277,39783640,300777.1,PushPop,:batch=064279cca5b34cd4bcfdd94a32805a7f phase=decode requests=25de90a8b4234cdd9f459bf44de5f72b
0.0,79141641,2,39570820.5,39570820.5,39122257,40019384,634364.6,PushPop,":batch=5ff1fca2d5fa42abbfb60a1df420ad0c phase=decode requests=dfa53ed7b1db427c979733175e83eed5,1b90b5029a8e4095a0953f707b492bc0,2b642560cfbc46a3b415e89ad3a03675,1d3635c1d1b8417da02febe5bb56858c"
0.0,79138906,2,39569453.0,39569453.0,39117367,40021539,639346.2,PushPop,":batch=0f8458f945024744a96bab8275cec562 phase=decode requests=dfa53ed7b1db427c979733175e83eed5,1b90b5029a8e4095a0953f707b492bc0,2b642560cfbc46a3b415e89ad3a03675,1d3635c1d1b8417da02febe5bb56858c"
0.0,79134653,2,39567326.5,39567326.5,39394004,39740649,245115.0,PushPop,:batch=3490fa982e784d8fb8332f7ee2502c5d phase=decode requests=25de90a8b4234cdd9f459bf44de5f72b
0.0,79133657,2,39566828.5,39566828.5,39117034,40016623,636105.5,PushPop,":batch=b5668774d2d54ed3b9a36dca9cae4d32 phase=decode requests=dfa53ed7b1db427c979733175e83eed5,1b90b5029a8e4095a0953f707b492bc0,2b642560cfbc46a3b415e89ad3a03675,1d3635c1d1b8417da02febe5bb56858c"
0.0,79133194,2,39566597.0,39566597.0,39087482,40045712,677570.9,PushPop,":batch=4bd21da3f9bc4ff88286cdc9d7a4c4a1 phase=decode requests=1811f6ebf58e4b0ea2292b35146cd35f,612ab6a155ee43be83ea6696bd5b8b7f,04a26fdd847647a5a094bbafb63bc469,5f8f2308efff494a9a6a2fa3d4ecc35c"
0.0,79132271,2,39566135.5,39566135.5,39382923,39749348,259101.6,PushPop,:batch=06d1ea61eb2f461a9d98558fc6db4240 phase=decode requests=e6255778e8534404ac5ca8451b4d8752
0.0,79127460,2,39563730.0,39563730.0,39134243,39993217,607386.3,PushPop,":batch=cabfb0a672c2437cb4b6561aad9025c4 phase=decode requests=dfa53ed7b1db427c979733175e83eed5,1b90b5029a8e4095a0953f707b492bc0,2b642560cfbc46a3b415e89ad3a03675,1d3635c1d1b8417da02febe5bb56858c"
0.0,79125365,2,39562682.5,39562682.5,39164469,39960896,563158.9,PushPop,":batch=d1039ffca60440ecac3c7973d5402a3d phase=decode requests=dfa53ed7b1db427c979733175e83eed5,1b90b5029a8e4095a0953f707b492bc0,2b642560cfbc46a3b415e89ad3a03675,1d3635c1d1b8417da02febe5bb56858c"
0.0,79124865,2,39562432.5,39562432.5,39114386,40010479,633633.4,PushPop,":batch=3420bcf8083f46f7a7d8c409909f077e phase=decode requests=1811f6ebf58e4b0ea2292b35146cd35f,612ab6a155ee43be83ea6696bd5b8b7f,04a26fdd847647a5a094bbafb63bc469,5f8f2308efff494a9a6a2fa3d4ecc35c"
0.0,79119443,2,39559721.5,39559721.5,39172684,39946759,547353.7,PushPop,":batch=e8b1120ac1b3484c891b96f1553010f8 phase=decode requests=1811f6ebf58e4b0ea2292b35146cd35f,612ab6a155ee43be83ea6696bd5b8b7f,04a26fdd847647a5a094bbafb63bc469,5f8f2308efff494a9a6a2fa3d4ecc35c"
0.0,79114339,2,39557169.5,39557169.5,39142524,39971815,586397.3,PushPop,":batch=a34897207bbd430ca5b4819f3ea46cdb phase=decode requests=fd7f18ee548942ab846676d2fc7a354e,7b15763fe2a348b4bded9b891807f3b3,b57ae4d5f220486d9e686230c8c5382e,b86f7835c80b433ab4e1c625067d0f3c"
0.0,79109659,2,39554829.5,39554829.5,38684951,40424708,1230194.0,PushPop,":batch=c7702b628338428193064902dca1c968 phase=decode requests=dfa53ed7b1db427c979733175e83eed5,1b90b5029a8e4095a0953f707b492bc0,2b642560cfbc46a3b415e89ad3a03675,1d3635c1d1b8417da02febe5bb56858c"
0.0,79107617,2,39553808.5,39553808.5,39074509,40033108,677831.9,PushPop,":batch=6674184130544591b978a47898a50ec6 phase=decode requests=dfa53ed7b1db427c979733175e83eed5,1b90b5029a8e4095a0953f707b492bc0,2b642560cfbc46a3b415e89ad3a03675,1d3635c1d1b8417da02febe5bb56858c"
0.0,79101044,2,39550522.0,39550522.0,39396879,39704165,217284.0,PushPop,:batch=7bde671c4957469eb9198cf4dfc1cdf7 phase=decode requests=e6255778e8534404ac5ca8451b4d8752
0.0,79099623,2,39549811.5,39549811.5,39134875,39964748,586808.8,PushPop,":batch=a4eafb1b8b5c4159b85fa97ea6acf7dd phase=decode requests=dfa53ed7b1db427c979733175e83eed5,1b90b5029a8e4095a0953f707b492bc0,2b642560cfbc46a3b415e89ad3a03675,1d3635c1d1b8417da02febe5bb56858c"
0.0,79098060,2,39549030.0,39549030.0,39161294,39936766,548341.5,PushPop,":batch=72659d7539ec417e95328f428a2b5575 phase=decode requests=dfa53ed7b1db427c979733175e83eed5,1b90b5029a8e4095a0953f707b492bc0,2b642560cfbc46a3b415e89ad3a03675,1d3635c1d1b8417da02febe5bb56858c"
0.0,79097442,2,39548721.0,39548721.0,39099499,39997943,635295.8,PushPop,":batch=f280fdb973204b00b31942f7dd876bc0 phase=decode requests=dfa53ed7b1db427c979733175e83eed5,1b90b5029a8e4095a0953f707b492bc0,2b642560cfbc46a3b415e89ad3a03675,1d3635c1d1b8417da02febe5bb56858c"
0.0,79095774,2,39547887.0,39547887.0,39153563,39942211,557658.3,PushPop,":batch=b113a86ad9d04933a77a2d25faa6b835 phase=decode requests=dfa53ed7b1db427c979733175e83eed5,1b90b5029a8e4095a0953f707b492bc0,2b642560cfbc46a3b415e89ad3a03675,1d3635c1d1b8417da02febe5bb56858c"
0.0,79095110,2,39547555.0,39547555.0,39345533,39749577,285702.3,PushPop,:batch=2e3781e313b343e0bebc0a44952032c5 phase=decode requests=25de90a8b4234cdd9f459bf44de5f72b
0.0,79093298,2,39546649.0,39546649.0,39117986,39975312,606221.0,PushPop,":batch=15aa6d945c434688ab42b7b28d4eed01 phase=decode requests=dfa53ed7b1db427c979733175e83eed5,1b90b5029a8e4095a0953f707b492bc0,2b642560cfbc46a3b415e89ad3a03675,1d3635c1d1b8417da02febe5bb56858c"
0.0,79087015,2,39543507.5,39543507.5,39043335,40043680,707350.7,PushPop,":batch=683fcf335ab64cf39c83fb3f724333de phase=decode requests=dfa53ed7b1db427c979733175e83eed5,1b90b5029a8e4095a0953f707b492bc0,2b642560cfbc46a3b415e89ad3a03675,1d3635c1d1b8417da02febe5bb56858c"
0.0,79086614,2,39543307.0,39543307.0,38643279,40443335,1272831.8,PushPop,":batch=c3b286482b08418e9ce9e3c0c5cff218 phase=decode requests=1811f6ebf58e4b0ea2292b35146cd35f,612ab6a155ee43be83ea6696bd5b8b7f,04a26fdd847647a5a094bbafb63bc469,5f8f2308efff494a9a6a2fa3d4ecc35c"
0.0,79081893,2,39540946.5,39540946.5,38938734,40143159,851657.1,PushPop,:batch=5d66a7e576f54a39a49f4b1c372cb895 phase=decode requests=e6255778e8534404ac5ca8451b4d8752
0.0,79079917,2,39539958.5,39539958.5,39050265,40029652,692531.2,PushPop,":batch=3a442009d59d43cab2d3308ffa82ba49 phase=decode requests=eef2914bac744c1ea29ede0988703e4c,91919f5803e44b6faa967b57bddb81bd,4eba997a613d41f1b98e92a342465594,2c91d8351bd845e18b1e6646cd0b5f4b"
0.0,79079819,2,39539909.5,39539909.5,39299232,39780587,340369.4,PushPop,:batch=c9d51c298a2b491f80325aac28d31686 phase=decode requests=25de90a8b4234cdd9f459bf44de5f72b
0.0,79078740,2,39539370.0,39539370.0,39105599,39973141,613444.8,PushPop,":batch=3fc5f36f115e49808381439d298a61ac phase=decode requests=dfa53ed7b1db427c979733175e83eed5,1b90b5029a8e4095a0953f707b492bc0,2b642560cfbc46a3b415e89ad3a03675,1d3635c1d1b8417da02febe5bb56858c"
0.0,79076728,2,39538364.0,39538364.0,39343503,39733225,275575.1,PushPop,:batch=548fd07a441e40eead22e98c31f8e7e3 phase=decode requests=e6255778e8534404ac5ca8451b4d8752
0.0,79076621,2,39538310.5,39538310.5,39137737,39938884,566496.5,PushPop,":batch=e2a8f822adc641a1958a2f0804f2c60d phase=decode requests=fd7f18ee548942ab846676d2fc7a354e,7b15763fe2a348b4bded9b891807f3b3,b57ae4d5f220486d9e686230c8c5382e,b86f7835c80b433ab4e1c625067d0f3c"
0.0,79075673,2,39537836.5,39537836.5,39059366,40016307,676659.5,PushPop,":batch=66fb9bc4896f49c2afb6def8c9b13e52 phase=decode requests=fd7f18ee548942ab846676d2fc7a354e,7b15763fe2a348b4bded9b891807f3b3,b57ae4d5f220486d9e686230c8c5382e,b86f7835c80b433ab4e1c625067d0f3c"
0.0,79073307,2,39536653.5,39536653.5,39115229,39958078,595984.2,PushPop,":batch=8951241f04584016918305045e05678e phase=decode requests=dfa53ed7b1db427c979733175e83eed5,1b90b5029a8e4095a0953f707b492bc0,2b642560cfbc46a3b415e89ad3a03675,1d3635c1d1b8417da02febe5bb56858c"
0.0,79070885,2,39535442.5,39535442.5,39413953,39656932,171812.1,PushPop,:batch=44d47a5236d34fb88ff7e83c26abc89f phase=decode requests=e6255778e8534404ac5ca8451b4d8752
0.0,79069248,2,39534624.0,39534624.0,39071085,39998163,655543.1,PushPop,":batch=8afcc82e025e40f59c6bb26e279e0830 phase=decode requests=1811f6ebf58e4b0ea2292b35146cd35f,612ab6a155ee43be83ea6696bd5b8b7f,04a26fdd847647a5a094bbafb63bc469,5f8f2308efff494a9a6a2fa3d4ecc35c"
0.0,79068973,2,39534486.5,39534486.5,39158910,39910063,531145.4,PushPop,":batch=4d26aba12a84424484b711e09bed692a phase=decode requests=dfa53ed7b1db427c979733175e83eed5,1b90b5029a8e4095a0953f707b492bc0,2b642560cfbc46a3b415e89ad3a03675,1d3635c1d1b8417da02febe5bb56858c"
0.0,79067972,2,39533986.0,39533986.0,39155538,39912434,535206.3,PushPop,":batch=f2879131f5cf40d4baf3cff9b5f9774c phase=decode requests=dfa53ed7b1db427c979733175e83eed5,1b90b5029a8e4095a0953f707b492bc0,2b642560cfbc46a3b415e89ad3a03675,1d3635c1d1b8417da02febe5bb56858c"
0.0,79067929,2,39533964.5,39533964.5,39343507,39724422,269347.6,PushPop,:batch=a3229d46245a4b7eb9ede5a3942a3d6e phase=decode requests=25de90a8b4234cdd9f459bf44de5f72b
0.0,79066594,2,39533297.0,39533297.0,39058334,40008260,671699.1,PushPop,":batch=331cce60ae7946e39e4d6facbcc712ed phase=decode requests=dfa53ed7b1db427c979733175e83eed5,1b90b5029a8e4095a0953f707b492bc0,2b642560cfbc46a3b415e89ad3a03675,1d3635c1d1b8417da02febe5bb56858c"
0.0,79066433,2,39533216.5,39533216.5,39096424,39970009,617717.9,PushPop,":batch=73ec8e88d6a64e6a8f1cd829bc698a13 phase=decode requests=dfa53ed7b1db427c979733175e83eed5,1b90b5029a8e4095a0953f707b492bc0,2b642560cfbc46a3b415e89ad3a03675,1d3635c1d1b8417da02febe5bb56858c"
0.0,79063701,2,39531850.5,39531850.5,39311810,39751891,311184.3,PushPop,:batch=25e7c133a7af42749ef98a73b41da071 phase=decode requests=e6255778e8534404ac5ca8451b4d8752
0.0,79063276,2,39531638.0,39531638.0,39111649,39951627,593954.1,PushPop,":batch=38554766805f4b31825e8e346de28f63 phase=decode requests=dfa53ed7b1db427c979733175e83eed5,1b90b5029a8e4095a0953f707b492bc0,2b642560cfbc46a3b415e89ad3a03675,1d3635c1d1b8417da02febe5bb56858c"
0.0,79060918,2,39530459.0,39530459.0,39103705,39957213,603521.3,PushPop,":batch=e6111fbf9c7146e89c2b2f48453222d7 phase=decode requests=dfa53ed7b1db427c979733175e83eed5,1b90b5029a8e4095a0953f707b492bc0,2b642560cfbc46a3b415e89ad3a03675,1d3635c1d1b8417da02febe5bb56858c"
0.0,79060768,2,39530384.0,39530384.0,39103213,39957555,604111.0,PushPop,":batch=dbd542b9a018460fb1a9c16ccf6fe272 phase=decode requests=dfa53ed7b1db427c979733175e83eed5,1b90b5029a8e4095a0953f707b492bc0,2b642560cfbc46a3b415e89ad3a03675,1d3635c1d1b8417da02febe5bb56858c"
0.0,79060132,2,39530066.0,39530066.0,39111397,39948735,592087.4,PushPop,":batch=d6741e2f7a9f4340959f73d3f40e2077 phase=decode requests=dfa53ed7b1db427c979733175e83eed5,1b90b5029a8e4095a0953f707b492bc0,2b642560cfbc46a3b415e89ad3a03675,1d3635c1d1b8417da02febe5bb56858c"
0.0,79058610,2,39529305.0,39529305.0,39184517,39874093,487603.9,PushPop,":batch=ba979d9f547b4c5aba28e990802be0c1 phase=decode requests=dfa53ed7b1db427c979733175e83eed5,1b90b5029a8e4095a0953f707b492bc0,2b642560cfbc46a3b415e89ad3a03675,1d3635c1d1b8417da02febe5bb56858c"
0.0,79056691,2,39528345.5,39528345.5,39108486,39948205,593771.0,PushPop,":batch=9ee13daa03f14539817aaa15fbf9e52c phase=decode requests=dfa53ed7b1db427c979733175e83eed5,1b90b5029a8e4095a0953f707b492bc0,2b642560cfbc46a3b415e89ad3a03675,1d3635c1d1b8417da02febe5bb56858c"
0.0,79052417,2,39526208.5,39526208.5,39085795,39966622,622838.7,PushPop,":batch=a48e638d5c9d49dc8b8591c92049979e phase=decode requests=dfa53ed7b1db427c979733175e83eed5,1b90b5029a8e4095a0953f707b492bc0,2b642560cfbc46a3b415e89ad3a03675,1d3635c1d1b8417da02febe5bb56858c"
0.0,79051521,2,39525760.5,39525760.5,38982514,40069007,768266.6,PushPop,":batch=90522ee2e6e84222bfec46465e486748 phase=decode requests=dfa53ed7b1db427c979733175e83eed5,1b90b5029a8e4095a0953f707b492bc0,2b642560cfbc46a3b415e89ad3a03675,1d3635c1d1b8417da02febe5bb56858c"
0.0,79050107,2,39525053.5,39525053.5,39159611,39890496,516813.7,PushPop,":batch=8c3cfb96ccae440a9fca1d3ea4add0c1 phase=decode requests=fd7f18ee548942ab846676d2fc7a354e,7b15763fe2a348b4bded9b891807f3b3,b57ae4d5f220486d9e686230c8c5382e,b86f7835c80b433ab4e1c625067d0f3c"
0.0,79046525,2,39523262.5,39523262.5,39331184,39715341,271640.0,PushPop,:batch=31c6fb77b3b345a8a5ce12cd60ba4530 phase=decode requests=25de90a8b4234cdd9f459bf44de5f72b
0.0,79046005,2,39523002.5,39523002.5,39052610,39993395,665235.5,PushPop,":batch=0c9ab62ab6b4492dbb916693f7e22f95 phase=decode requests=dfa53ed7b1db427c979733175e83eed5,1b90b5029a8e4095a0953f707b492bc0,2b642560cfbc46a3b415e89ad3a03675,1d3635c1d1b8417da02febe5bb56858c"
0.0,79043567,2,39521783.5,39521783.5,39099383,39944184,597364.5,PushPop,":batch=fa66c20864824b8ea430f7b0e77bd82f phase=decode requests=dfa53ed7b1db427c979733175e83eed5,1b90b5029a8e4095a0953f707b492bc0,2b642560cfbc46a3b415e89ad3a03675,1d3635c1d1b8417da02febe5bb56858c"
0.0,79043083,2,39521541.5,39521541.5,39076851,39966232,628887.3,PushPop,":batch=f81ba3f561324e12bee33a017fb3be82 phase=decode requests=dfa53ed7b1db427c979733175e83eed5,1b90b5029a8e4095a0953f707b492bc0,2b642560cfbc46a3b415e89ad3a03675,1d3635c1d1b8417da02febe5bb56858c"
0.0,79042542,2,39521271.0,39521271.0,39043930,39998612,675062.1,PushPop,":batch=299ff0738e304aa697a17fede41ddff0 phase=decode requests=dfa53ed7b1db427c979733175e83eed5,1b90b5029a8e4095a0953f707b492bc0,2b642560cfbc46a3b415e89ad3a03675,1d3635c1d1b8417da02febe5bb56858c"
0.0,79039676,2,39519838.0,39519838.0,39088973,39950703,609335.1,PushPop,":batch=bca99a2e7ad349d6ad7067131f971243 phase=decode requests=dfa53ed7b1db427c979733175e83eed5,1b90b5029a8e4095a0953f707b492bc0,2b642560cfbc46a3b415e89ad3a03675,1d3635c1d1b8417da02febe5bb56858c"
0.0,79039608,2,39519804.0,39519804.0,39076609,39962999,626772.4,PushPop,":batch=2c52458ef3974e768f08fd13066e61c1 phase=decode requests=dfa53ed7b1db427c979733175e83eed5,1b90b5029a8e4095a0953f707b492bc0,2b642560cfbc46a3b415e89ad3a03675,1d3635c1d1b8417da02febe5bb56858c"
0.0,79038639,2,39519319.5,39519319.5,39044401,39994238,671636.2,PushPop,":batch=a7983a6f8efb4447a9b7fe19acb2d2f8 phase=decode requests=dfa53ed7b1db427c979733175e83eed5,1b90b5029a8e4095a0953f707b492bc0,2b642560cfbc46a3b415e89ad3a03675,1d3635c1d1b8417da02febe5bb56858c"
0.0,79038032,2,39519016.0,39519016.0,39129149,39908883,551355.2,PushPop,":batch=eed7c9815b8c4822a1acacd2cdc2c1f8 phase=decode requests=dfa53ed7b1db427c979733175e83eed5,1b90b5029a8e4095a0953f707b492bc0,2b642560cfbc46a3b415e89ad3a03675,1d3635c1d1b8417da02febe5bb56858c"
0.0,79035487,2,39517743.5,39517743.5,39082803,39952684,615098.8,PushPop,":batch=8de6954c645e46b8925c7b23953cc4cc phase=decode requests=fd7f18ee548942ab846676d2fc7a354e,7b15763fe2a348b4bded9b891807f3b3,b57ae4d5f220486d9e686230c8c5382e,b86f7835c80b433ab4e1c625067d0f3c"
0.0,79027776,2,39513888.0,39513888.0,39094042,39933734,593751.9,PushPop,":batch=45636a51665440b0ac03d51f82e30fc3 phase=decode requests=dfa53ed7b1db427c979733175e83eed5,1b90b5029a8e4095a0953f707b492bc0,2b642560cfbc46a3b415e89ad3a03675,1d3635c1d1b8417da02febe5bb56858c"
0.0,79026018,2,39513009.0,39513009.0,39058553,39967465,642697.8,PushPop,":batch=fb4dd90db36448a2a6b059ee72e16fa5 phase=decode requests=dfa53ed7b1db427c979733175e83eed5,1b90b5029a8e4095a0953f707b492bc0,2b642560cfbc46a3b415e89ad3a03675,1d3635c1d1b8417da02febe5bb56858c"
0.0,79025543,2,39512771.5,39512771.5,39107355,39918188,573345.5,PushPop,":batch=40341b60bd5546b6b4683caa120a85e4 phase=decode requests=dfa53ed7b1db427c979733175e83eed5,1b90b5029a8e4095a0953f707b492bc0,2b642560cfbc46a3b415e89ad3a03675,1d3635c1d1b8417da02febe5bb56858c"
0.0,79024866,2,39512433.0,39512433.0,39129436,39895430,541639.6,PushPop,":batch=434b98c0abe64e9facd002dd9293cf2f phase=decode requests=1811f6ebf58e4b0ea2292b35146cd35f,612ab6a155ee43be83ea6696bd5b8b7f,04a26fdd847647a5a094bbafb63bc469,5f8f2308efff494a9a6a2fa3d4ecc35c"
0.0,79019042,2,39509521.0,39509521.0,38999483,40019559,721302.7,PushPop,":batch=a1a18978ffdd49ba82112fca7050c9db phase=decode requests=dfa53ed7b1db427c979733175e83eed5,1b90b5029a8e4095a0953f707b492bc0,2b642560cfbc46a3b415e89ad3a03675,1d3635c1d1b8417da02febe5bb56858c"
0.0,79016788,2,39508394.0,39508394.0,38994702,40022086,726470.2,PushPop,":batch=4c2df54bde9b41aa86244fbf68ccf374 phase=decode requests=fd7f18ee548942ab846676d2fc7a354e,7b15763fe2a348b4bded9b891807f3b3,b57ae4d5f220486d9e686230c8c5382e,b86f7835c80b433ab4e1c625067d0f3c"
0.0,79016755,2,39508377.5,39508377.5,39292611,39724144,305139.9,PushPop,:batch=e88256544b614e799478004b5d7f5632 phase=decode requests=25de90a8b4234cdd9f459bf44de5f72b
0.0,79014113,2,39507056.5,39507056.5,39053084,39961029,642014.1,PushPop,":batch=5b38ed2c405a40088c7e2e34476a3279 phase=decode requests=dfa53ed7b1db427c979733175e83eed5,1b90b5029a8e4095a0953f707b492bc0,2b642560cfbc46a3b415e89ad3a03675,1d3635c1d1b8417da02febe5bb56858c"
0.0,79010349,2,39505174.5,39505174.5,39068151,39942198,618044.6,PushPop,":batch=b129432aa8034a48b73f6d0ab7e2ccdf phase=decode requests=dfa53ed7b1db427c979733175e83eed5,1b90b5029a8e4095a0953f707b492bc0,2b642560cfbc46a3b415e89ad3a03675,1d3635c1d1b8417da02febe5bb56858c"
0.0,79007714,2,39503857.0,39503857.0,39322847,39684867,255986.8,PushPop,:batch=e3a347f02c1e492ba6e950695c709bb3 phase=decode requests=25de90a8b4234cdd9f459bf44de5f72b
0.0,79006730,2,39503365.0,39503365.0,39123935,39882795,536595.1,PushPop,":batch=5489039ce0214616a91f2f1c2f871c47 phase=decode requests=dfa53ed7b1db427c979733175e83eed5,1b90b5029a8e4095a0953f707b492bc0,2b642560cfbc46a3b415e89ad3a03675,1d3635c1d1b8417da02febe5bb56858c"
0.0,79002595,2,39501297.5,39501297.5,39323599,39678996,251303.6,PushPop,:batch=b8a650995959488caf7ff9c0a2972dd2 phase=decode requests=25de90a8b4234cdd9f459bf44de5f72b
0.0,78997289,2,39498644.5,39498644.5,39129004,39868285,522750.6,PushPop,":batch=ff25b2c085f34ad184ee6fd7e97fea03 phase=decode requests=eef2914bac744c1ea29ede0988703e4c,91919f5803e44b6faa967b57bddb81bd,4eba997a613d41f1b98e92a342465594,2c91d8351bd845e18b1e6646cd0b5f4b"
0.0,78993155,2,39496577.5,39496577.5,39133614,39859541,513307.9,PushPop,":batch=edc5f34ccec84e7e90b6e3c0a26a9537 phase=decode requests=dfa53ed7b1db427c979733175e83eed5,1b90b5029a8e4095a0953f707b492bc0,2b642560cfbc46a3b415e89ad3a03675,1d3635c1d1b8417da02febe5bb56858c"
0.0,78992891,2,39496445.5,39496445.5,39060171,39932720,616985.3,PushPop,":batch=76edaa6dc0d846ac850b2eff0bbb8e50 phase=decode requests=dfa53ed7b1db427c979733175e83eed5,1b90b5029a8e4095a0953f707b492bc0,2b642560cfbc46a3b415e89ad3a03675,1d3635c1d1b8417da02febe5bb56858c"
0.0,78989309,2,39494654.5,39494654.5,39041834,39947475,640384.9,PushPop,":batch=94a442a62d644396b41c22ebf4a00a8d phase=decode requests=fd7f18ee548942ab846676d2fc7a354e,7b15763fe2a348b4bded9b891807f3b3,b57ae4d5f220486d9e686230c8c5382e,b86f7835c80b433ab4e1c625067d0f3c"
0.0,78987821,2,39493910.5,39493910.5,39104088,39883733,551292.3,PushPop,":batch=010d9eb7051745219833faf54234b27d phase=decode requests=1811f6ebf58e4b0ea2292b35146cd35f,612ab6a155ee43be83ea6696bd5b8b7f,04a26fdd847647a5a094bbafb63bc469,5f8f2308efff494a9a6a2fa3d4ecc35c"
0.0,78986921,2,39493460.5,39493460.5,39052743,39934178,623268.7,PushPop,":batch=b255448463e141bab639de6ef86c41e4 phase=decode requests=dfa53ed7b1db427c979733175e83eed5,1b90b5029a8e4095a0953f707b492bc0,2b642560cfbc46a3b415e89ad3a03675,1d3635c1d1b8417da02febe5bb56858c"
0.0,78986479,2,39493239.5,39493239.5,39010949,39975530,682061.8,PushPop,":batch=52745e71e33a4f4d8042035529b0bf2c phase=decode requests=dfa53ed7b1db427c979733175e83eed5,1b90b5029a8e4095a0953f707b492bc0,2b642560cfbc46a3b415e89ad3a03675,1d3635c1d1b8417da02febe5bb56858c"
0.0,78975943,2,39487971.5,39487971.5,39107812,39868131,537626.7,PushPop,":batch=4c37c6eb013a413cbb912669a0dc2734 phase=decode requests=dfa53ed7b1db427c979733175e83eed5,1b90b5029a8e4095a0953f707b492bc0,2b642560cfbc46a3b415e89ad3a03675,1d3635c1d1b8417da02febe5bb56858c"
0.0,78974692,2,39487346.0,39487346.0,39081215,39893477,574356.0,PushPop,":batch=03e0b6b625b54e9387dd4954ed0b1699 phase=decode requests=dfa53ed7b1db427c979733175e83eed5,1b90b5029a8e4095a0953f707b492bc0,2b642560cfbc46a3b415e89ad3a03675,1d3635c1d1b8417da02febe5bb56858c"
0.0,78973414,2,39486707.0,39486707.0,39110554,39862860,531960.7,PushPop,":batch=282c74839e054c7695a9e1148f59d032 phase=decode requests=dfa53ed7b1db427c979733175e83eed5,1b90b5029a8e4095a0953f707b492bc0,2b642560cfbc46a3b415e89ad3a03675,1d3635c1d1b8417da02febe5bb56858c"
0.0,78972633,2,39486316.5,39486316.5,39108426,39864207,534417.9,PushPop,":batch=b52eac74693842398683ae51faa87352 phase=decode requests=eef2914bac744c1ea29ede0988703e4c,91919f5803e44b6faa967b57bddb81bd,4eba997a613d41f1b98e92a342465594,2c91d8351bd845e18b1e6646cd0b5f4b"
0.0,78972094,2,39486047.0,39486047.0,38977966,39994128,718535.0,PushPop,":batch=b877ccae5cdf41ad94021775db0df49a phase=decode requests=dfa53ed7b1db427c979733175e83eed5,1b90b5029a8e4095a0953f707b492bc0,2b642560cfbc46a3b415e89ad3a03675,1d3635c1d1b8417da02febe5bb56858c"
0.0,78971089,2,39485544.5,39485544.5,39034743,39936346,637529.6,PushPop,":batch=ad64a1f679754fb3bfd27b42b8c17e76 phase=decode requests=dfa53ed7b1db427c979733175e83eed5,1b90b5029a8e4095a0953f707b492bc0,2b642560cfbc46a3b415e89ad3a03675,1d3635c1d1b8417da02febe5bb56858c"
0.0,78970741,2,39485370.5,39485370.5,39011587,39959154,670031.1,PushPop,":batch=0e2458e7d70d4e5c989e2a59dc3a2881 phase=decode requests=dfa53ed7b1db427c979733175e83eed5,1b90b5029a8e4095a0953f707b492bc0,2b642560cfbc46a3b415e89ad3a03675,1d3635c1d1b8417da02febe5bb56858c"
0.0,78970312,2,39485156.0,39485156.0,39135439,39834873,494574.5,PushPop,":batch=82690a97afa042fb9bcc4d6228381405 phase=decode requests=eef2914bac744c1ea29ede0988703e4c,91919f5803e44b6faa967b57bddb81bd,4eba997a613d41f1b98e92a342465594,2c91d8351bd845e18b1e6646cd0b5f4b"
0.0,78969568,2,39484784.0,39484784.0,38979550,39990018,714508.8,PushPop,":batch=67873bf980a34aa0b617a10a6c21e92a phase=decode requests=dfa53ed7b1db427c979733175e83eed5,1b90b5029a8e4095a0953f707b492bc0,2b642560cfbc46a3b415e89ad3a03675,1d3635c1d1b8417da02febe5bb56858c"
0.0,78968061,2,39484030.5,39484030.5,39068509,39899552,587636.1,PushPop,":batch=a2a3ed50f3aa4eb482e7623c2c2612ed phase=decode requests=dfa53ed7b1db427c979733175e83eed5,1b90b5029a8e4095a0953f707b492bc0,2b642560cfbc46a3b415e89ad3a03675,1d3635c1d1b8417da02febe5bb56858c"
0.0,78967319,2,39483659.5,39483659.5,39076254,39891065,576158.4,PushPop,":batch=d316b484111d46d88f1eb27e5cd1e093 phase=decode requests=dfa53ed7b1db427c979733175e83eed5,1b90b5029a8e4095a0953f707b492bc0,2b642560cfbc46a3b415e89ad3a03675,1d3635c1d1b8417da02febe5bb56858c"
0.0,78964608,2,39482304.0,39482304.0,39010410,39954198,667358.9,PushPop,":batch=cf4c06cd5aa34f9c9cfd277c4c072ba4 phase=decode requests=eef2914bac744c1ea29ede0988703e4c,91919f5803e44b6faa967b57bddb81bd,4eba997a613d41f1b98e92a342465594,2c91d8351bd845e18b1e6646cd0b5f4b"
0.0,78964017,2,39482008.5,39482008.5,39012759,39951258,663619.0,PushPop,":batch=f0a8f0e1f98b4212b02a130b75fd1afa phase=decode requests=dfa53ed7b1db427c979733175e83eed5,1b90b5029a8e4095a0953f707b492bc0,2b642560cfbc46a3b415e89ad3a03675,1d3635c1d1b8417da02febe5bb56858c"
0.0,78954703,2,39477351.5,39477351.5,39040112,39914591,618350.0,PushPop,":batch=7b1d860fc3174414961df7e0f57c7493 phase=decode requests=fd7f18ee548942ab846676d2fc7a354e,7b15763fe2a348b4bded9b891807f3b3,b57ae4d5f220486d9e686230c8c5382e,b86f7835c80b433ab4e1c625067d0f3c"
0.0,78951304,2,39475652.0,39475652.0,39042994,39908310,611870.8,PushPop,":batch=e9b4420a97a546068558eaa7c7fc26c4 phase=decode requests=dfa53ed7b1db427c979733175e83eed5,1b90b5029a8e4095a0953f707b492bc0,2b642560cfbc46a3b415e89ad3a03675,1d3635c1d1b8417da02febe5bb56858c"
0.0,78951300,2,39475650.0,39475650.0,39039800,39911500,616385.0,PushPop,":batch=f8472ca6d90c440289fb300f5fb60cc8 phase=decode requests=fd7f18ee548942ab846676d2fc7a354e,7b15763fe2a348b4bded9b891807f3b3,b57ae4d5f220486d9e686230c8c5382e,b86f7835c80b433ab4e1c625067d0f3c"
0.0,78948814,2,39474407.0,39474407.0,39050737,39898077,599159.9,PushPop,":batch=c98cfb556602467ca88c3af642d72692 phase=decode requests=dfa53ed7b1db427c979733175e83eed5,1b90b5029a8e4095a0953f707b492bc0,2b642560cfbc46a3b415e89ad3a03675,1d3635c1d1b8417da02febe5bb56858c"
0.0,78946849,2,39473424.5,39473424.5,38978856,39967993,699425.5,PushPop,":batch=a8f7c61bcdbd47e8818291884aed48cb phase=decode requests=dfa53ed7b1db427c979733175e83eed5,1b90b5029a8e4095a0953f707b492bc0,2b642560cfbc46a3b415e89ad3a03675,1d3635c1d1b8417da02febe5bb56858c"
0.0,78945190,2,39472595.0,39472595.0,39072144,39873046,566323.2,PushPop,":batch=95d49df0d88c4331bda79f9627735803 phase=decode requests=dfa53ed7b1db427c979733175e83eed5,1b90b5029a8e4095a0953f707b492bc0,2b642560cfbc46a3b415e89ad3a03675,1d3635c1d1b8417da02febe5bb56858c"
0.0,78943897,2,39471948.5,39471948.5,39059148,39884749,583788.1,PushPop,":batch=5048e39b3eaa471b8876df81efafa27f phase=decode requests=dfa53ed7b1db427c979733175e83eed5,1b90b5029a8e4095a0953f707b492bc0,2b642560cfbc46a3b415e89ad3a03675,1d3635c1d1b8417da02febe5bb56858c"
0.0,78942183,2,39471091.5,39471091.5,39002714,39939469,662385.8,PushPop,":batch=e70450ad2feb4fea9649f87706bcbf38 phase=decode requests=dfa53ed7b1db427c979733175e83eed5,1b90b5029a8e4095a0953f707b492bc0,2b642560cfbc46a3b415e89ad3a03675,1d3635c1d1b8417da02febe5bb56858c"
0.0,78941332,2,39470666.0,39470666.0,39090968,39850364,536974.1,PushPop,":batch=ab42019116fe476d8a6f1de34be493b0 phase=decode requests=1811f6ebf58e4b0ea2292b35146cd35f,612ab6a155ee43be83ea6696bd5b8b7f,04a26fdd847647a5a094bbafb63bc469,5f8f2308efff494a9a6a2fa3d4ecc35c"
0.0,78940913,2,39470456.5,39470456.5,39025941,39914972,628639.8,PushPop,":batch=088351ae74604a72993cd865a92db2bf phase=decode requests=dfa53ed7b1db427c979733175e83eed5,1b90b5029a8e4095a0953f707b492bc0,2b642560cfbc46a3b415e89ad3a03675,1d3635c1d1b8417da02febe5bb56858c"
0.0,78940901,2,39470450.5,39470450.5,39119339,39821562,496546.6,PushPop,":batch=a1e096dd314a466ca40d02fc50745646 phase=decode requests=dfa53ed7b1db427c979733175e83eed5,1b90b5029a8e4095a0953f707b492bc0,2b642560cfbc46a3b415e89ad3a03675,1d3635c1d1b8417da02febe5bb56858c"
0.0,78939085,2,39469542.5,39469542.5,39063528,39875557,574191.2,PushPop,":batch=dac7ac7130c44b69a1d955a0b285cc2c phase=decode requests=dfa53ed7b1db427c979733175e83eed5,1b90b5029a8e4095a0953f707b492bc0,2b642560cfbc46a3b415e89ad3a03675,1d3635c1d1b8417da02febe5bb56858c"
0.0,78936481,2,39468240.5,39468240.5,38915414,40021067,781814.7,PushPop,":batch=a7e5e3445a0d4687ab4526f64e736f83 phase=decode requests=dfa53ed7b1db427c979733175e83eed5,1b90b5029a8e4095a0953f707b492bc0,2b642560cfbc46a3b415e89ad3a03675,1d3635c1d1b8417da02febe5bb56858c"
0.0,78935768,2,39467884.0,39467884.0,39087955,39847813,537300.7,PushPop,":batch=2ee89fbe242340d8a99f89febd5231ed phase=decode requests=dfa53ed7b1db427c979733175e83eed5,1b90b5029a8e4095a0953f707b492bc0,2b642560cfbc46a3b415e89ad3a03675,1d3635c1d1b8417da02febe5bb56858c"
0.0,78932290,2,39466145.0,39466145.0,39043850,39888440,597215.3,PushPop,":batch=fe07e911508f41a3abbbf467c2b2ff21 phase=decode requests=dfa53ed7b1db427c979733175e83eed5,1b90b5029a8e4095a0953f707b492bc0,2b642560cfbc46a3b415e89ad3a03675,1d3635c1d1b8417da02febe5bb56858c"
0.0,78923100,2,39461550.0,39461550.0,39120132,39802968,482838.0,PushPop,":batch=c25406bea37646b9b24ffe41b677c4f2 phase=decode requests=fd7f18ee548942ab846676d2fc7a354e,7b15763fe2a348b4bded9b891807f3b3,b57ae4d5f220486d9e686230c8c5382e,b86f7835c80b433ab4e1c625067d0f3c"
0.0,78921081,2,39460540.5,39460540.5,39012282,39908799,633933.3,PushPop,":batch=213b46b42c534127a9582ecf55efd090 phase=decode requests=dfa53ed7b1db427c979733175e83eed5,1b90b5029a8e4095a0953f707b492bc0,2b642560cfbc46a3b415e89ad3a03675,1d3635c1d1b8417da02febe5bb56858c"
0.0,78916210,2,39458105.0,39458105.0,39070845,39845365,547668.3,PushPop,":batch=ea32bb4a32cc471b91bf83b2eb439f64 phase=decode requests=dfa53ed7b1db427c979733175e83eed5,1b90b5029a8e4095a0953f707b492bc0,2b642560cfbc46a3b415e89ad3a03675,1d3635c1d1b8417da02febe5bb56858c"
0.0,78915714,2,39457857.0,39457857.0,39282295,39633419,248282.2,PushPop,:batch=8d210f8abf8b404b9e1c60eb3d1b3662 phase=decode requests=25de90a8b4234cdd9f459bf44de5f72b
0.0,78914839,2,39457419.5,39457419.5,39010460,39904379,632096.2,PushPop,":batch=c7b5a1d1d94b40d993db78b7ceb41c10 phase=decode requests=dfa53ed7b1db427c979733175e83eed5,1b90b5029a8e4095a0953f707b492bc0,2b642560cfbc46a3b415e89ad3a03675,1d3635c1d1b8417da02febe5bb56858c"
0.0,78911689,2,39455844.5,39455844.5,39010355,39901334,630017.3,PushPop,":batch=268b1a0bd936424195ebe2b04c96fd05 phase=decode requests=dfa53ed7b1db427c979733175e83eed5,1b90b5029a8e4095a0953f707b492bc0,2b642560cfbc46a3b415e89ad3a03675,1d3635c1d1b8417da02febe5bb56858c"
0.0,78907332,2,39453666.0,39453666.0,38970875,39936457,682769.6,PushPop,":batch=f06acbf01f04491fabc1b620285642cd phase=decode requests=dfa53ed7b1db427c979733175e83eed5,1b90b5029a8e4095a0953f707b492bc0,2b642560cfbc46a3b415e89ad3a03675,1d3635c1d1b8417da02febe5bb56858c"
0.0,78907182,2,39453591.0,39453591.0,39274796,39632386,252854.3,PushPop,:batch=6bf48029a4a44a4eb9fb142c64dd6774 phase=decode requests=25de90a8b4234cdd9f459bf44de5f72b
0.0,78906621,2,39453310.5,39453310.5,39272964,39633657,255048.5,PushPop,:batch=4d2dd5623eef46da8c6f7a2ada499b79 phase=decode requests=f613ba29e5e3458d8e63b0275b98ac68
0.0,78900860,2,39450430.0,39450430.0,39020033,39880827,608673.3,PushPop,":batch=bec0585724d140309079df2f9317d860 phase=decode requests=dfa53ed7b1db427c979733175e83eed5,1b90b5029a8e4095a0953f707b492bc0,2b642560cfbc46a3b415e89ad3a03675,1d3635c1d1b8417da02febe5bb56858c"
0.0,78900124,2,39450062.0,39450062.0,38976585,39923539,669597.6,PushPop,":batch=6af9ba74ed4249289cddd5df6a8054ed phase=decode requests=dfa53ed7b1db427c979733175e83eed5,1b90b5029a8e4095a0953f707b492bc0,2b642560cfbc46a3b415e89ad3a03675,1d3635c1d1b8417da02febe5bb56858c"
0.0,78899692,2,39449846.0,39449846.0,39031113,39868579,592177.9,PushPop,":batch=3856aad74f6c4edd92501b498fdeb4e5 phase=decode requests=dfa53ed7b1db427c979733175e83eed5,1b90b5029a8e4095a0953f707b492bc0,2b642560cfbc46a3b415e89ad3a03675,1d3635c1d1b8417da02febe5bb56858c"
0.0,78897476,2,39448738.0,39448738.0,39020183,39877293,606068.3,PushPop,":batch=9901ef69de0c49dbbe95c334b4f0d564 phase=decode requests=dfa53ed7b1db427c979733175e83eed5,1b90b5029a8e4095a0953f707b492bc0,2b642560cfbc46a3b415e89ad3a03675,1d3635c1d1b8417da02febe5bb56858c"
0.0,78894454,2,39447227.0,39447227.0,39013269,39881185,613709.3,PushPop,":batch=374fa4898ba24d47b465fdb577a38e12 phase=decode requests=dfa53ed7b1db427c979733175e83eed5,1b90b5029a8e4095a0953f707b492bc0,2b642560cfbc46a3b415e89ad3a03675,1d3635c1d1b8417da02febe5bb56858c"
0.0,78891559,2,39445779.5,39445779.5,39248124,39643435,279527.1,PushPop,:batch=8f7a8441772b4d9e9e120a31d02d66a1 phase=decode requests=25de90a8b4234cdd9f459bf44de5f72b
0.0,78890519,2,39445259.5,39445259.5,39001593,39888926,627439.2,PushPop,":batch=2c3b4baf33444d69bdc3e2e769e67e07 phase=decode requests=dfa53ed7b1db427c979733175e83eed5,1b90b5029a8e4095a0953f707b492bc0,2b642560cfbc46a3b415e89ad3a03675,1d3635c1d1b8417da02febe5bb56858c"
0.0,78887946,2,39443973.0,39443973.0,39045335,39842611,563759.3,PushPop,":batch=fe537a38db4748c48632f8fe13678c96 phase=decode requests=dfa53ed7b1db427c979733175e83eed5,1b90b5029a8e4095a0953f707b492bc0,2b642560cfbc46a3b415e89ad3a03675,1d3635c1d1b8417da02febe5bb56858c"
0.0,78887826,2,39443913.0,39443913.0,39000800,39887026,626656.4,PushPop,":batch=957c034182da4c57b66d3e03d280c616 phase=decode requests=fd7f18ee548942ab846676d2fc7a354e,7b15763fe2a348b4bded9b891807f3b3,b57ae4d5f220486d9e686230c8c5382e,b86f7835c80b433ab4e1c625067d0f3c"
0.0,78887328,2,39443664.0,39443664.0,38984326,39903002,649602.0,PushPop,":batch=7342868a29c8458e83d9f13c9b9c608d phase=decode requests=fd7f18ee548942ab846676d2fc7a354e,7b15763fe2a348b4bded9b891807f3b3,b57ae4d5f220486d9e686230c8c5382e,b86f7835c80b433ab4e1c625067d0f3c"
0.0,78886690,2,39443345.0,39443345.0,39016771,39869919,603266.7,PushPop,":batch=62554c4e127641fda7010ee2d52fd578 phase=decode requests=dfa53ed7b1db427c979733175e83eed5,1b90b5029a8e4095a0953f707b492bc0,2b642560cfbc46a3b415e89ad3a03675,1d3635c1d1b8417da02febe5bb56858c"
0.0,78886265,2,39443132.5,39443132.5,39012303,39873962,609284.9,PushPop,":batch=dea85b6e56f24ae8a8f65a4873ce01ae phase=decode requests=dfa53ed7b1db427c979733175e83eed5,1b90b5029a8e4095a0953f707b492bc0,2b642560cfbc46a3b415e89ad3a03675,1d3635c1d1b8417da02febe5bb56858c"
0.0,78885054,2,39442527.0,39442527.0,39269676,39615378,244448.2,PushPop,:batch=a626701a752148d1b1f5e860b8e9ac70 phase=decode requests=25de90a8b4234cdd9f459bf44de5f72b
0.0,78882958,2,39441479.0,39441479.0,39023771,39859187,590728.3,PushPop,":batch=809e0cb74cae4d25a27e1b56db9c9103 phase=decode requests=dfa53ed7b1db427c979733175e83eed5,1b90b5029a8e4095a0953f707b492bc0,2b642560cfbc46a3b415e89ad3a03675,1d3635c1d1b8417da02febe5bb56858c"
0.0,78879590,2,39439795.0,39439795.0,38971557,39908033,662188.5,PushPop,":batch=598463dff94c45d2ae1d20c764d1a364 phase=decode requests=fd7f18ee548942ab846676d2fc7a354e,7b15763fe2a348b4bded9b891807f3b3,b57ae4d5f220486d9e686230c8c5382e,b86f7835c80b433ab4e1c625067d0f3c"
0.0,78876055,2,39438027.5,39438027.5,39008535,39867520,607394.1,PushPop,":batch=33fa5003a50e4df78aec51ff4d7f743a phase=decode requests=dfa53ed7b1db427c979733175e83eed5,1b90b5029a8e4095a0953f707b492bc0,2b642560cfbc46a3b415e89ad3a03675,1d3635c1d1b8417da02febe5bb56858c"
0.0,78875669,2,39437834.5,39437834.5,39053229,39822440,543914.3,PushPop,":batch=3d1c43cd62c847a0942ab5e34e3b0990 phase=decode requests=fd7f18ee548942ab846676d2fc7a354e,7b15763fe2a348b4bded9b891807f3b3,b57ae4d5f220486d9e686230c8c5382e,b86f7835c80b433ab4e1c625067d0f3c"
0.0,78873319,2,39436659.5,39436659.5,38928844,39944475,718159.6,PushPop,":batch=2d23401bf1a641e99faaeca4f7eb066b phase=decode requests=eef2914bac744c1ea29ede0988703e4c,91919f5803e44b6faa967b57bddb81bd,4eba997a613d41f1b98e92a342465594,2c91d8351bd845e18b1e6646cd0b5f4b"
0.0,78869456,2,39434728.0,39434728.0,38983131,39886325,638654.6,PushPop,":batch=f1ab07d5b73f499587ad0d90c2bd2757 phase=decode requests=dfa53ed7b1db427c979733175e83eed5,1b90b5029a8e4095a0953f707b492bc0,2b642560cfbc46a3b415e89ad3a03675,1d3635c1d1b8417da02febe5bb56858c"
0.0,78868594,2,39434297.0,39434297.0,39038443,39830151,559822.1,PushPop,":batch=64bb39db08ce4d05991d719d6709a00f phase=decode requests=dfa53ed7b1db427c979733175e83eed5,1b90b5029a8e4095a0953f707b492bc0,2b642560cfbc46a3b415e89ad3a03675,1d3635c1d1b8417da02febe5bb56858c"
0.0,78862886,2,39431443.0,39431443.0,39043627,39819259,548454.6,PushPop,":batch=b96540a7aa134eb8bcbf29963b895d09 phase=decode requests=dfa53ed7b1db427c979733175e83eed5,1b90b5029a8e4095a0953f707b492bc0,2b642560cfbc46a3b415e89ad3a03675,1d3635c1d1b8417da02febe5bb56858c"
0.0,78862733,2,39431366.5,39431366.5,39077627,39785106,500263.2,PushPop,":batch=b3b85d20444e45efbab496f6a581621a phase=decode requests=dfa53ed7b1db427c979733175e83eed5,1b90b5029a8e4095a0953f707b492bc0,2b642560cfbc46a3b415e89ad3a03675,1d3635c1d1b8417da02febe5bb56858c"
0.0,78862682,2,39431341.0,39431341.0,38965415,39897267,658918.9,PushPop,":batch=82626e7a5e5f443f96d78a508c1f71fd phase=decode requests=dfa53ed7b1db427c979733175e83eed5,1b90b5029a8e4095a0953f707b492bc0,2b642560cfbc46a3b415e89ad3a03675,1d3635c1d1b8417da02febe5bb56858c"
0.0,78860997,2,39430498.5,39430498.5,39003437,39857560,603956.2,PushPop,":batch=717e1f730c5f4fa6a044dc82717cbda7 phase=decode requests=dfa53ed7b1db427c979733175e83eed5,1b90b5029a8e4095a0953f707b492bc0,2b642560cfbc46a3b415e89ad3a03675,1d3635c1d1b8417da02febe5bb56858c"
0.0,78859822,2,39429911.0,39429911.0,38954086,39905736,672918.2,PushPop,":batch=269ebdfa613848ca992543cc0c816b22 phase=decode requests=dfa53ed7b1db427c979733175e83eed5,1b90b5029a8e4095a0953f707b492bc0,2b642560cfbc46a3b415e89ad3a03675,1d3635c1d1b8417da02febe5bb56858c"
0.0,78856449,2,39428224.5,39428224.5,38999284,39857165,606613.5,PushPop,":batch=304e9bce08f340869ffdc146d514d253 phase=decode requests=dfa53ed7b1db427c979733175e83eed5,1b90b5029a8e4095a0953f707b492bc0,2b642560cfbc46a3b415e89ad3a03675,1d3635c1d1b8417da02febe5bb56858c"
0.0,78855104,2,39427552.0,39427552.0,39049920,39805184,534052.3,PushPop,":batch=36173451a7314352b58eae13ecc18b08 phase=decode requests=fd7f18ee548942ab846676d2fc7a354e,7b15763fe2a348b4bded9b891807f3b3,b57ae4d5f220486d9e686230c8c5382e,b86f7835c80b433ab4e1c625067d0f3c"
0.0,78851915,2,39425957.5,39425957.5,39253100,39598815,244457.4,PushPop,:batch=dbb039ab8c1a46a9b2b41613d98bc1dc phase=decode requests=f613ba29e5e3458d8e63b0275b98ac68
0.0,78851596,2,39425798.0,39425798.0,39008131,39843465,590670.3,PushPop,":batch=513e4359a82747388f6402adf3d020dd phase=decode requests=dfa53ed7b1db427c979733175e83eed5,1b90b5029a8e4095a0953f707b492bc0,2b642560cfbc46a3b415e89ad3a03675,1d3635c1d1b8417da02febe5bb56858c"
0.0,78848842,2,39424421.0,39424421.0,38980092,39868750,628376.1,PushPop,":batch=6b6f499afd3d4ef6895d949c721ae7d6 phase=decode requests=dfa53ed7b1db427c979733175e83eed5,1b90b5029a8e4095a0953f707b492bc0,2b642560cfbc46a3b415e89ad3a03675,1d3635c1d1b8417da02febe5bb56858c"
0.0,78847334,2,39423667.0,39423667.0,38966817,39880517,646083.5,PushPop,":batch=dd07ea9b27fe49f598a8ee87712d27a5 phase=decode requests=dfa53ed7b1db427c979733175e83eed5,1b90b5029a8e4095a0953f707b492bc0,2b642560cfbc46a3b415e89ad3a03675,1d3635c1d1b8417da02febe5bb56858c"
0.0,78847253,2,39423626.5,39423626.5,39040853,39806400,541323.5,PushPop,":batch=c3ebb26f085e41e7a7ca1d3faa741f88 phase=decode requests=eef2914bac744c1ea29ede0988703e4c,91919f5803e44b6faa967b57bddb81bd,4eba997a613d41f1b98e92a342465594,2c91d8351bd845e18b1e6646cd0b5f4b"
0.0,78846440,2,39423220.0,39423220.0,38948481,39897959,671382.3,PushPop,":batch=d152b67cf39c491fbcb6891e47d51690 phase=decode requests=fd7f18ee548942ab846676d2fc7a354e,7b15763fe2a348b4bded9b891807f3b3,b57ae4d5f220486d9e686230c8c5382e,b86f7835c80b433ab4e1c625067d0f3c"
0.0,78845409,2,39422704.5,39422704.5,39021771,39823638,567005.6,PushPop,":batch=659c97bc093f46ae82219efbea044239 phase=decode requests=dfa53ed7b1db427c979733175e83eed5,1b90b5029a8e4095a0953f707b492bc0,2b642560cfbc46a3b415e89ad3a03675,1d3635c1d1b8417da02febe5bb56858c"
0.0,78841926,2,39420963.0,39420963.0,39014281,39827645,575135.2,PushPop,":batch=ffe4ab16737744f8940876071890c7eb phase=decode requests=dfa53ed7b1db427c979733175e83eed5,1b90b5029a8e4095a0953f707b492bc0,2b642560cfbc46a3b415e89ad3a03675,1d3635c1d1b8417da02febe5bb56858c"
0.0,78841381,2,39420690.5,39420690.5,38991035,39850346,607624.6,PushPop,":batch=fd47671021284ee69b555548af89fbba phase=decode requests=dfa53ed7b1db427c979733175e83eed5,1b90b5029a8e4095a0953f707b492bc0,2b642560cfbc46a3b415e89ad3a03675,1d3635c1d1b8417da02febe5bb56858c"
0.0,78841159,2,39420579.5,39420579.5,38976382,39864777,628190.1,PushPop,":batch=2077f65cd10646b78af760cc9eda700a phase=decode requests=dfa53ed7b1db427c979733175e83eed5,1b90b5029a8e4095a0953f707b492bc0,2b642560cfbc46a3b415e89ad3a03675,1d3635c1d1b8417da02febe5bb56858c"
0.0,78840923,2,39420461.5,39420461.5,39015620,39825303,572532.3,PushPop,":batch=37ea6218bbc045e49236aca6e7d5c53f phase=decode requests=eef2914bac744c1ea29ede0988703e4c,91919f5803e44b6faa967b57bddb81bd,4eba997a613d41f1b98e92a342465594,2c91d8351bd845e18b1e6646cd0b5f4b"
0.0,78838616,2,39419308.0,39419308.0,39026778,39811838,555121.2,PushPop,":batch=ff29b73f87ee4b9aaafedb0628a09337 phase=decode requests=dfa53ed7b1db427c979733175e83eed5,1b90b5029a8e4095a0953f707b492bc0,2b642560cfbc46a3b415e89ad3a03675,1d3635c1d1b8417da02febe5bb56858c"
0.0,78838565,2,39419282.5,39419282.5,38984692,39853873,614603.8,PushPop,":batch=2da3632921b24dd79f9ba276eab3ea8b phase=decode requests=dfa53ed7b1db427c979733175e83eed5,1b90b5029a8e4095a0953f707b492bc0,2b642560cfbc46a3b415e89ad3a03675,1d3635c1d1b8417da02febe5bb56858c"
0.0,78838477,2,39419238.5,39419238.5,38955760,39882717,655457.6,PushPop,":batch=05686b2e4f7a4b4e9df1d885116e3b2c phase=decode requests=dfa53ed7b1db427c979733175e83eed5,1b90b5029a8e4095a0953f707b492bc0,2b642560cfbc46a3b415e89ad3a03675,1d3635c1d1b8417da02febe5bb56858c"
0.0,78838470,2,39419235.0,39419235.0,38904499,39933971,727946.6,PushPop,":batch=957157bc170f496bab5cb28676fec4e7 phase=decode requests=eef2914bac744c1ea29ede0988703e4c,91919f5803e44b6faa967b57bddb81bd,4eba997a613d41f1b98e92a342465594,2c91d8351bd845e18b1e6646cd0b5f4b"
0.0,78837720,2,39418860.0,39418860.0,38958315,39879405,651309.0,PushPop,":batch=819ee25ad8c74456b7989638dd5d41d1 phase=decode requests=1811f6ebf58e4b0ea2292b35146cd35f,612ab6a155ee43be83ea6696bd5b8b7f,04a26fdd847647a5a094bbafb63bc469,5f8f2308efff494a9a6a2fa3d4ecc35c"
0.0,78837669,2,39418834.5,39418834.5,39007872,39829797,581188.7,PushPop,":batch=5dfb6fc1f9bf47e1aa3b421493b0c666 phase=decode requests=dfa53ed7b1db427c979733175e83eed5,1b90b5029a8e4095a0953f707b492bc0,2b642560cfbc46a3b415e89ad3a03675,1d3635c1d1b8417da02febe5bb56858c"
0.0,78837548,2,39418774.0,39418774.0,38960173,39877375,648559.8,PushPop,":batch=65f57a08c302410b8fb99cf1684ffb4f phase=decode requests=1811f6ebf58e4b0ea2292b35146cd35f,612ab6a155ee43be83ea6696bd5b8b7f,04a26fdd847647a5a094bbafb63bc469,5f8f2308efff494a9a6a2fa3d4ecc35c"
0.0,78835242,2,39417621.0,39417621.0,39041316,39793926,532175.6,PushPop,":batch=15e945e3a69644aa8b349c0a1db9a36c phase=decode requests=fd7f18ee548942ab846676d2fc7a354e,7b15763fe2a348b4bded9b891807f3b3,b57ae4d5f220486d9e686230c8c5382e,b86f7835c80b433ab4e1c625067d0f3c"
0.0,78835100,2,39417550.0,39417550.0,38984758,39850342,612060.3,PushPop,":batch=34d79690b1d344bcad699580181eed2b phase=decode requests=dfa53ed7b1db427c979733175e83eed5,1b90b5029a8e4095a0953f707b492bc0,2b642560cfbc46a3b415e89ad3a03675,1d3635c1d1b8417da02febe5bb56858c"
0.0,78834642,2,39417321.0,39417321.0,38957896,39876746,649725.1,PushPop,":batch=5fdf99cb550147eaab4cd23077387cfe phase=decode requests=dfa53ed7b1db427c979733175e83eed5,1b90b5029a8e4095a0953f707b492bc0,2b642560cfbc46a3b415e89ad3a03675,1d3635c1d1b8417da02febe5bb56858c"
0.0,78834435,2,39417217.5,39417217.5,38929575,39904860,689630.6,PushPop,":batch=5d1ea9faf86c4161be1d23c86cea3805 phase=decode requests=fd7f18ee548942ab846676d2fc7a354e,7b15763fe2a348b4bded9b891807f3b3,b57ae4d5f220486d9e686230c8c5382e,b86f7835c80b433ab4e1c625067d0f3c"
0.0,78834113,2,39417056.5,39417056.5,38971571,39862542,630011.6,PushPop,":batch=d0f9fca9d633404183a549c3af0ee811 phase=decode requests=fd7f18ee548942ab846676d2fc7a354e,7b15763fe2a348b4bded9b891807f3b3,b57ae4d5f220486d9e686230c8c5382e,b86f7835c80b433ab4e1c625067d0f3c"
0.0,78833929,2,39416964.5,39416964.5,39007398,39826531,579214.5,PushPop,":batch=97212194cbb84dbf918740bfeb9cb583 phase=decode requests=dfa53ed7b1db427c979733175e83eed5,1b90b5029a8e4095a0953f707b492bc0,2b642560cfbc46a3b415e89ad3a03675,1d3635c1d1b8417da02febe5bb56858c"
0.0,78832506,2,39416253.0,39416253.0,38985048,39847458,609816.0,PushPop,":batch=8e4adcc3aa2a4767b381ddfcb90025de phase=decode requests=dfa53ed7b1db427c979733175e83eed5,1b90b5029a8e4095a0953f707b492bc0,2b642560cfbc46a3b415e89ad3a03675,1d3635c1d1b8417da02febe5bb56858c"
0.0,78831872,2,39415936.0,39415936.0,39019928,39811944,560039.9,PushPop,":batch=1da8980fcb7a4d5e96c21dc862c3fbc6 phase=decode requests=dfa53ed7b1db427c979733175e83eed5,1b90b5029a8e4095a0953f707b492bc0,2b642560cfbc46a3b415e89ad3a03675,1d3635c1d1b8417da02febe5bb56858c"
0.0,78831371,2,39415685.5,39415685.5,39255870,39575501,226013.2,PushPop,:batch=b63cb8296ded45a7ae10f750ecd968ef phase=decode requests=268bc1a668514718addc6aee590d0f20
0.0,78830180,2,39415090.0,39415090.0,38974135,39856045,623604.5,PushPop,":batch=b51e4c7be52a418a97fa20fc095ca0e1 phase=decode requests=dfa53ed7b1db427c979733175e83eed5,1b90b5029a8e4095a0953f707b492bc0,2b642560cfbc46a3b415e89ad3a03675,1d3635c1d1b8417da02febe5bb56858c"
0.0,78830035,2,39415017.5,39415017.5,38953465,39876570,652733.8,PushPop,":batch=107b4aa879ba4c6e9c7940effbc88093 phase=decode requests=dfa53ed7b1db427c979733175e83eed5,1b90b5029a8e4095a0953f707b492bc0,2b642560cfbc46a3b415e89ad3a03675,1d3635c1d1b8417da02febe5bb56858c"
0.0,78828867,2,39414433.5,39414433.5,38965884,39862983,634344.8,PushPop,":batch=17dcc8c1895a4503a87162744424b6b1 phase=decode requests=dfa53ed7b1db427c979733175e83eed5,1b90b5029a8e4095a0953f707b492bc0,2b642560cfbc46a3b415e89ad3a03675,1d3635c1d1b8417da02febe5bb56858c"
0.0,78826798,2,39413399.0,39413399.0,38919425,39907373,698584.7,PushPop,":batch=f5b3d583ed5c4827bdd08d0a3c7368bc phase=decode requests=dfa53ed7b1db427c979733175e83eed5,1b90b5029a8e4095a0953f707b492bc0,2b642560cfbc46a3b415e89ad3a03675,1d3635c1d1b8417da02febe5bb56858c"
0.0,78822941,2,39411470.5,39411470.5,39005818,39817123,573679.3,PushPop,":batch=16178e3476bf46c488bb533bf2d350d0 phase=decode requests=dfa53ed7b1db427c979733175e83eed5,1b90b5029a8e4095a0953f707b492bc0,2b642560cfbc46a3b415e89ad3a03675,1d3635c1d1b8417da02febe5bb56858c"
0.0,78821936,2,39410968.0,39410968.0,38984862,39837074,602604.9,PushPop,":batch=a78507bb43374b4b9c574c029c27a27c phase=decode requests=dfa53ed7b1db427c979733175e83eed5,1b90b5029a8e4095a0953f707b492bc0,2b642560cfbc46a3b415e89ad3a03675,1d3635c1d1b8417da02febe5bb56858c"
0.0,78819012,2,39409506.0,39409506.0,38920186,39898826,692003.0,PushPop,":batch=5383acc5b6b94731a567a75c272d90e0 phase=decode requests=fd7f18ee548942ab846676d2fc7a354e,7b15763fe2a348b4bded9b891807f3b3,b57ae4d5f220486d9e686230c8c5382e,b86f7835c80b433ab4e1c625067d0f3c"
0.0,78817011,2,39408505.5,39408505.5,38958962,39858049,635750.5,PushPop,":batch=9c177a9f3c154d84bc791dc7397f4396 phase=decode requests=dfa53ed7b1db427c979733175e83eed5,1b90b5029a8e4095a0953f707b492bc0,2b642560cfbc46a3b415e89ad3a03675,1d3635c1d1b8417da02febe5bb56858c"
0.0,78815665,2,39407832.5,39407832.5,38994569,39821096,584442.8,PushPop,":batch=37d04d18220d42cfb669e85da9a387ce phase=decode requests=dfa53ed7b1db427c979733175e83eed5,1b90b5029a8e4095a0953f707b492bc0,2b642560cfbc46a3b415e89ad3a03675,1d3635c1d1b8417da02febe5bb56858c"
0.0,78813949,2,39406974.5,39406974.5,38973646,39840303,612819.0,PushPop,":batch=02b8a534ea1c44c8a9f4c13359ffd597 phase=decode requests=dfa53ed7b1db427c979733175e83eed5,1b90b5029a8e4095a0953f707b492bc0,2b642560cfbc46a3b415e89ad3a03675,1d3635c1d1b8417da02febe5bb56858c"
0.0,78812351,2,39406175.5,39406175.5,39035785,39776566,523811.3,PushPop,":batch=1dba71d9a3b347af8ee38f5404e80b9d phase=decode requests=1811f6ebf58e4b0ea2292b35146cd35f,612ab6a155ee43be83ea6696bd5b8b7f,04a26fdd847647a5a094bbafb63bc469,5f8f2308efff494a9a6a2fa3d4ecc35c"
0.0,78811005,2,39405502.5,39405502.5,38655562,40155443,1060576.0,PushPop,":batch=0313b09eddf34bcab00752002b0b7080 phase=decode requests=fd7f18ee548942ab846676d2fc7a354e,7b15763fe2a348b4bded9b891807f3b3,b57ae4d5f220486d9e686230c8c5382e,b86f7835c80b433ab4e1c625067d0f3c"
0.0,78809315,2,39404657.5,39404657.5,38986790,39822525,590953.9,PushPop,":batch=8d3a39d15a564c9ea246bc06211c7e4b phase=decode requests=dfa53ed7b1db427c979733175e83eed5,1b90b5029a8e4095a0953f707b492bc0,2b642560cfbc46a3b415e89ad3a03675,1d3635c1d1b8417da02febe5bb56858c"
0.0,78806567,2,39403283.5,39403283.5,38980432,39826135,598002.3,PushPop,":batch=230e6c8e00c24460aaba96c9d78c70a9 phase=decode requests=dfa53ed7b1db427c979733175e83eed5,1b90b5029a8e4095a0953f707b492bc0,2b642560cfbc46a3b415e89ad3a03675,1d3635c1d1b8417da02febe5bb56858c"
0.0,78801996,2,39400998.0,39400998.0,38974736,39827260,602825.5,PushPop,":batch=189a0acd161a4e0c82734e4783410aa9 phase=decode requests=dfa53ed7b1db427c979733175e83eed5,1b90b5029a8e4095a0953f707b492bc0,2b642560cfbc46a3b415e89ad3a03675,1d3635c1d1b8417da02febe5bb56858c"
0.0,78800849,2,39400424.5,39400424.5,38995957,39804892,572003.4,PushPop,":batch=9d095dcf7d0e4ddead9d0a5fd7796eab phase=decode requests=1811f6ebf58e4b0ea2292b35146cd35f,612ab6a155ee43be83ea6696bd5b8b7f,04a26fdd847647a5a094bbafb63bc469,5f8f2308efff494a9a6a2fa3d4ecc35c"
0.0,78800006,2,39400003.0,39400003.0,39003525,39796481,560704.6,PushPop,":batch=2a98f9e3764b4da494ec0a08e7fc54c9 phase=decode requests=dfa53ed7b1db427c979733175e83eed5,1b90b5029a8e4095a0953f707b492bc0,2b642560cfbc46a3b415e89ad3a03675,1d3635c1d1b8417da02febe5bb56858c"
0.0,78799642,2,39399821.0,39399821.0,38959768,39839874,622328.9,PushPop,":batch=005ff1bc16124002a6a123ff41ee5327 phase=decode requests=dfa53ed7b1db427c979733175e83eed5,1b90b5029a8e4095a0953f707b492bc0,2b642560cfbc46a3b415e89ad3a03675,1d3635c1d1b8417da02febe5bb56858c"
0.0,78799312,2,39399656.0,39399656.0,38958392,39840920,624041.5,PushPop,":batch=2d9aa8eeb9a04234bc2fc281791c275c phase=decode requests=dfa53ed7b1db427c979733175e83eed5,1b90b5029a8e4095a0953f707b492bc0,2b642560cfbc46a3b415e89ad3a03675,1d3635c1d1b8417da02febe5bb56858c"
0.0,78798198,2,39399099.0,39399099.0,38949563,39848635,635739.9,PushPop,":batch=02408730766c40048fd1e3a72a21e325 phase=decode requests=fd7f18ee548942ab846676d2fc7a354e,7b15763fe2a348b4bded9b891807f3b3,b57ae4d5f220486d9e686230c8c5382e,b86f7835c80b433ab4e1c625067d0f3c"
0.0,78797384,2,39398692.0,39398692.0,38975263,39822121,598819.0,PushPop,":batch=cb09ab63659a42449896049218dc9681 phase=decode requests=fd7f18ee548942ab846676d2fc7a354e,7b15763fe2a348b4bded9b891807f3b3,b57ae4d5f220486d9e686230c8c5382e,b86f7835c80b433ab4e1c625067d0f3c"
0.0,78797351,2,39398675.5,39398675.5,39212850,39584501,262796.9,PushPop,:batch=f1d325dccded49f080e1ba4ba15e38e8 phase=decode requests=25de90a8b4234cdd9f459bf44de5f72b
0.0,78797091,2,39398545.5,39398545.5,39003650,39793441,558466.6,PushPop,":batch=e9e8b1e87e70479f81bf3da4235daeaa phase=decode requests=dfa53ed7b1db427c979733175e83eed5,1b90b5029a8e4095a0953f707b492bc0,2b642560cfbc46a3b415e89ad3a03675,1d3635c1d1b8417da02febe5bb56858c"
0.0,78796810,2,39398405.0,39398405.0,38965135,39831675,612736.3,PushPop,":batch=37c4346856704f2ea4535ea0b70d35fa phase=decode requests=1811f6ebf58e4b0ea2292b35146cd35f,612ab6a155ee43be83ea6696bd5b8b7f,04a26fdd847647a5a094bbafb63bc469,5f8f2308efff494a9a6a2fa3d4ecc35c"
0.0,78796169,2,39398084.5,39398084.5,39017558,39778611,538145.7,PushPop,":batch=2af6cdceb2f6429182ae076e49fa70b7 phase=decode requests=dfa53ed7b1db427c979733175e83eed5,1b90b5029a8e4095a0953f707b492bc0,2b642560cfbc46a3b415e89ad3a03675,1d3635c1d1b8417da02febe5bb56858c"
0.0,78792944,2,39396472.0,39396472.0,39197518,39595426,281363.4,PushPop,:batch=1d855bcc88814c578ecb6dfb92cb839d phase=decode requests=25de90a8b4234cdd9f459bf44de5f72b
0.0,78791050,2,39395525.0,39395525.0,38973264,39817786,597167.2,PushPop,":batch=b469167e30424036831a8b95e66852c7 phase=decode requests=fd7f18ee548942ab846676d2fc7a354e,7b15763fe2a348b4bded9b891807f3b3,b57ae4d5f220486d9e686230c8c5382e,b86f7835c80b433ab4e1c625067d0f3c"
0.0,78791038,2,39395519.0,39395519.0,38970400,39820638,601209.1,PushPop,":batch=8c4258ed54ca4f328d4621f4f50c3193 phase=decode requests=fd7f18ee548942ab846676d2fc7a354e,7b15763fe2a348b4bded9b891807f3b3,b57ae4d5f220486d9e686230c8c5382e,b86f7835c80b433ab4e1c625067d0f3c"
0.0,78790508,2,39395254.0,39395254.0,38927709,39862799,661208.5,PushPop,":batch=74376abc731a47f390654753fb0b3f4a phase=decode requests=dfa53ed7b1db427c979733175e83eed5,1b90b5029a8e4095a0953f707b492bc0,2b642560cfbc46a3b415e89ad3a03675,1d3635c1d1b8417da02febe5bb56858c"
0.0,78789163,2,39394581.5,39394581.5,38957761,39831402,617757.5,PushPop,":batch=22997d4872084963830a822af4bf8c79 phase=decode requests=dfa53ed7b1db427c979733175e83eed5,1b90b5029a8e4095a0953f707b492bc0,2b642560cfbc46a3b415e89ad3a03675,1d3635c1d1b8417da02febe5bb56858c"
0.0,78787395,2,39393697.5,39393697.5,39237521,39549874,220866.9,PushPop,:batch=e3216a8771134da3869f8f52bfc23cff phase=decode requests=f613ba29e5e3458d8e63b0275b98ac68
0.0,78786753,2,39393376.5,39393376.5,38922262,39864491,666256.5,PushPop,":batch=06e8de157bb8449596f0837ea9cebf20 phase=decode requests=eef2914bac744c1ea29ede0988703e4c,91919f5803e44b6faa967b57bddb81bd,4eba997a613d41f1b98e92a342465594,2c91d8351bd845e18b1e6646cd0b5f4b"
0.0,78785720,2,39392860.0,39392860.0,38911494,39874226,680754.3,PushPop,":batch=4ff313f7f097470b9d818a62fd7c4a86 phase=decode requests=fd7f18ee548942ab846676d2fc7a354e,7b15763fe2a348b4bded9b891807f3b3,b57ae4d5f220486d9e686230c8c5382e,b86f7835c80b433ab4e1c625067d0f3c"
0.0,78785664,2,39392832.0,39392832.0,38942287,39843377,637166.8,PushPop,":batch=d80e87bf6f4d4cd5b7003dd50aafa874 phase=decode requests=dfa53ed7b1db427c979733175e83eed5,1b90b5029a8e4095a0953f707b492bc0,2b642560cfbc46a3b415e89ad3a03675,1d3635c1d1b8417da02febe5bb56858c"
0.0,78785476,2,39392738.0,39392738.0,38927921,39857555,657350.5,PushPop,":batch=741803af830b42ab9d284181ac1e6aa4 phase=decode requests=dfa53ed7b1db427c979733175e83eed5,1b90b5029a8e4095a0953f707b492bc0,2b642560cfbc46a3b415e89ad3a03675,1d3635c1d1b8417da02febe5bb56858c"
0.0,78783927,2,39391963.5,39391963.5,38955587,39828340,617129.6,PushPop,":batch=79f31184b0b746ce843bcefe9f554947 phase=decode requests=dfa53ed7b1db427c979733175e83eed5,1b90b5029a8e4095a0953f707b492bc0,2b642560cfbc46a3b415e89ad3a03675,1d3635c1d1b8417da02febe5bb56858c"
0.0,78783578,2,39391789.0,39391789.0,38902663,39880915,691728.6,PushPop,":batch=2aef6f2e2dda41b49b040060de70e5fb phase=decode requests=dfa53ed7b1db427c979733175e83eed5,1b90b5029a8e4095a0953f707b492bc0,2b642560cfbc46a3b415e89ad3a03675,1d3635c1d1b8417da02febe5bb56858c"
0.0,78782602,2,39391301.0,39391301.0,38978017,39804585,584471.8,PushPop,":batch=1a380e7fa6584b0c87782664155bedd6 phase=decode requests=dfa53ed7b1db427c979733175e83eed5,1b90b5029a8e4095a0953f707b492bc0,2b642560cfbc46a3b415e89ad3a03675,1d3635c1d1b8417da02febe5bb56858c"
0.0,78782507,2,39391253.5,39391253.5,38956941,39825566,614210.6,PushPop,":batch=896792ca53924d70bab0140cab714964 phase=decode requests=dfa53ed7b1db427c979733175e83eed5,1b90b5029a8e4095a0953f707b492bc0,2b642560cfbc46a3b415e89ad3a03675,1d3635c1d1b8417da02febe5bb56858c"
0.0,78781861,2,39390930.5,39390930.5,38953041,39828820,619269.3,PushPop,":batch=decd2a1a8dd044ca81d9fb87002ac8f1 phase=decode requests=dfa53ed7b1db427c979733175e83eed5,1b90b5029a8e4095a0953f707b492bc0,2b642560cfbc46a3b415e89ad3a03675,1d3635c1d1b8417da02febe5bb56858c"
0.0,78780273,2,39390136.5,39390136.5,39020276,39759997,523061.7,PushPop,":batch=6dd25689e8b9417db2ddadf9d8b4d3ff phase=decode requests=dfa53ed7b1db427c979733175e83eed5,1b90b5029a8e4095a0953f707b492bc0,2b642560cfbc46a3b415e89ad3a03675,1d3635c1d1b8417da02febe5bb56858c"
0.0,78780218,2,39390109.0,39390109.0,38976754,39803464,584572.2,PushPop,":batch=a121538605ea47b18e0d6564cf68b6ce phase=decode requests=dfa53ed7b1db427c979733175e83eed5,1b90b5029a8e4095a0953f707b492bc0,2b642560cfbc46a3b415e89ad3a03675,1d3635c1d1b8417da02febe5bb56858c"
0.0,78779548,2,39389774.0,39389774.0,38867471,39912077,738648.0,PushPop,":batch=1cbb389564d74b93acd6771e3e0eb6d9 phase=decode requests=eef2914bac744c1ea29ede0988703e4c,91919f5803e44b6faa967b57bddb81bd,4eba997a613d41f1b98e92a342465594,2c91d8351bd845e18b1e6646cd0b5f4b"
0.0,78778589,2,39389294.5,39389294.5,38953957,39824632,615660.2,PushPop,":batch=597068224e3f4baebc6f3f4347282614 phase=decode requests=dfa53ed7b1db427c979733175e83eed5,1b90b5029a8e4095a0953f707b492bc0,2b642560cfbc46a3b415e89ad3a03675,1d3635c1d1b8417da02febe5bb56858c"
0.0,78778510,2,39389255.0,39389255.0,38972764,39805746,589007.2,PushPop,":batch=dcf6e7b3bbd940529c3757f0b1fc724c phase=decode requests=dfa53ed7b1db427c979733175e83eed5,1b90b5029a8e4095a0953f707b492bc0,2b642560cfbc46a3b415e89ad3a03675,1d3635c1d1b8417da02febe5bb56858c"
0.0,78776104,2,39388052.0,39388052.0,38927326,39848778,651565.0,PushPop,":batch=d0dd466ff6184592bcda6125f5eab621 phase=decode requests=fd7f18ee548942ab846676d2fc7a354e,7b15763fe2a348b4bded9b891807f3b3,b57ae4d5f220486d9e686230c8c5382e,b86f7835c80b433ab4e1c625067d0f3c"
0.0,78776036,2,39388018.0,39388018.0,38958239,39817797,607799.3,PushPop,":batch=a32c85b28be842ddb73ce6125a7d2749 phase=decode requests=dfa53ed7b1db427c979733175e83eed5,1b90b5029a8e4095a0953f707b492bc0,2b642560cfbc46a3b415e89ad3a03675,1d3635c1d1b8417da02febe5bb56858c"
0.0,78774107,2,39387053.5,39387053.5,38949231,39824876,619174.5,PushPop,":batch=5b7f0c8bb03c47dd9b558a7f166b118a phase=decode requests=dfa53ed7b1db427c979733175e83eed5,1b90b5029a8e4095a0953f707b492bc0,2b642560cfbc46a3b415e89ad3a03675,1d3635c1d1b8417da02febe5bb56858c"
0.0,78772371,2,39386185.5,39386185.5,38965681,39806690,594683.2,PushPop,":batch=e64bb391dc2f42aaaba24979eba5c5a8 phase=decode requests=fd7f18ee548942ab846676d2fc7a354e,7b15763fe2a348b4bded9b891807f3b3,b57ae4d5f220486d9e686230c8c5382e,b86f7835c80b433ab4e1c625067d0f3c"
0.0,78771784,2,39385892.0,39385892.0,38932895,39838889,640634.5,PushPop,":batch=848c4ca006334f7bb45ba3c4e0bf48d2 phase=decode requests=dfa53ed7b1db427c979733175e83eed5,1b90b5029a8e4095a0953f707b492bc0,2b642560cfbc46a3b415e89ad3a03675,1d3635c1d1b8417da02febe5bb56858c"
0.0,78769869,2,39384934.5,39384934.5,38984705,39785164,566010.0,PushPop,":batch=459c800d7c1c48559e9ab2c63973f42d phase=decode requests=dfa53ed7b1db427c979733175e83eed5,1b90b5029a8e4095a0953f707b492bc0,2b642560cfbc46a3b415e89ad3a03675,1d3635c1d1b8417da02febe5bb56858c"
0.0,78769808,2,39384904.0,39384904.0,39010806,39759002,529054.5,PushPop,":batch=d41114fa7eec44b9af3276b6d6eb7ccd phase=decode requests=fd7f18ee548942ab846676d2fc7a354e,7b15763fe2a348b4bded9b891807f3b3,b57ae4d5f220486d9e686230c8c5382e,b86f7835c80b433ab4e1c625067d0f3c"
0.0,78769055,2,39384527.5,39384527.5,39197148,39571907,264994.6,PushPop,:batch=d2c75cdff292414c97b2cecc30f9fafa phase=decode requests=e6255778e8534404ac5ca8451b4d8752
0.0,78766624,2,39383312.0,39383312.0,38931906,39834718,638384.5,PushPop,":batch=a7dd1522588d4bad86dada9f0c175c73 phase=decode requests=dfa53ed7b1db427c979733175e83eed5,1b90b5029a8e4095a0953f707b492bc0,2b642560cfbc46a3b415e89ad3a03675,1d3635c1d1b8417da02febe5bb56858c"
0.0,78764786,2,39382393.0,39382393.0,38946858,39817928,615939.5,PushPop,":batch=7f886b070b7e4f3d9a2a020713420ee7 phase=decode requests=fd7f18ee548942ab846676d2fc7a354e,7b15763fe2a348b4bded9b891807f3b3,b57ae4d5f220486d9e686230c8c5382e,b86f7835c80b433ab4e1c625067d0f3c"
0.0,78763388,2,39381694.0,39381694.0,38910287,39853101,666670.2,PushPop,":batch=ac3db6d2675840128d418db840201565 phase=decode requests=dfa53ed7b1db427c979733175e83eed5,1b90b5029a8e4095a0953f707b492bc0,2b642560cfbc46a3b415e89ad3a03675,1d3635c1d1b8417da02febe5bb56858c"
0.0,78763042,2,39381521.0,39381521.0,38902824,39860218,676979.8,PushPop,":batch=1fe68b6469ea4540aa831ae68db5359e phase=decode requests=dfa53ed7b1db427c979733175e83eed5,1b90b5029a8e4095a0953f707b492bc0,2b642560cfbc46a3b415e89ad3a03675,1d3635c1d1b8417da02febe5bb56858c"
0.0,78761580,2,39380790.0,39380790.0,38946496,39815084,614184.5,PushPop,":batch=1a63a8dbcc5e43639346c5b043b0bfb7 phase=decode requests=dfa53ed7b1db427c979733175e83eed5,1b90b5029a8e4095a0953f707b492bc0,2b642560cfbc46a3b415e89ad3a03675,1d3635c1d1b8417da02febe5bb56858c"
0.0,78759680,2,39379840.0,39379840.0,38969450,39790230,580379.1,PushPop,":batch=f312a3fc7b8f4d0ea932415d59773eaf phase=decode requests=dfa53ed7b1db427c979733175e83eed5,1b90b5029a8e4095a0953f707b492bc0,2b642560cfbc46a3b415e89ad3a03675,1d3635c1d1b8417da02febe5bb56858c"
0.0,78758882,2,39379441.0,39379441.0,38995977,39762905,542300.0,PushPop,":batch=9f62bc5f099f4e5080050e1ce5636326 phase=decode requests=dfa53ed7b1db427c979733175e83eed5,1b90b5029a8e4095a0953f707b492bc0,2b642560cfbc46a3b415e89ad3a03675,1d3635c1d1b8417da02febe5bb56858c"
0.0,78758313,2,39379156.5,39379156.5,38950740,39807573,605872.4,PushPop,":batch=114ad4c0654e4db697adacacff76e29e phase=decode requests=dfa53ed7b1db427c979733175e83eed5,1b90b5029a8e4095a0953f707b492bc0,2b642560cfbc46a3b415e89ad3a03675,1d3635c1d1b8417da02febe5bb56858c"
0.0,78756639,2,39378319.5,39378319.5,38946081,39810558,611277.5,PushPop,":batch=7b317619584746ef8fbcab72610431f2 phase=decode requests=dfa53ed7b1db427c979733175e83eed5,1b90b5029a8e4095a0953f707b492bc0,2b642560cfbc46a3b415e89ad3a03675,1d3635c1d1b8417da02febe5bb56858c"
0.0,78755241,2,39377620.5,39377620.5,38964108,39791133,584795.0,PushPop,":batch=9ea8362fd9d64c5c85eb082d0a8387dc phase=decode requests=dfa53ed7b1db427c979733175e83eed5,1b90b5029a8e4095a0953f707b492bc0,2b642560cfbc46a3b415e89ad3a03675,1d3635c1d1b8417da02febe5bb56858c"
0.0,78755146,2,39377573.0,39377573.0,38999491,39755655,534688.7,PushPop,":batch=ddb5de5c16794b3997f2d4a204c3f3a7 phase=decode requests=fd7f18ee548942ab846676d2fc7a354e,7b15763fe2a348b4bded9b891807f3b3,b57ae4d5f220486d9e686230c8c5382e,b86f7835c80b433ab4e1c625067d0f3c"
0.0,78755047,2,39377523.5,39377523.5,38994961,39760086,541025.1,PushPop,":batch=179f6c6f95334e88a4a9e459fae56a1b phase=decode requests=fd7f18ee548942ab846676d2fc7a354e,7b15763fe2a348b4bded9b891807f3b3,b57ae4d5f220486d9e686230c8c5382e,b86f7835c80b433ab4e1c625067d0f3c"
0.0,78754303,2,39377151.5,39377151.5,38999937,39754366,533461.9,PushPop,":batch=3a8c305348f647a7b0b4eee624cbb1ee phase=decode requests=fd7f18ee548942ab846676d2fc7a354e,7b15763fe2a348b4bded9b891807f3b3,b57ae4d5f220486d9e686230c8c5382e,b86f7835c80b433ab4e1c625067d0f3c"
0.0,78753700,2,39376850.0,39376850.0,38993767,39759933,541761.2,PushPop,":batch=55f948811fd74e2f961b7c4ec4f159f1 phase=decode requests=fd7f18ee548942ab846676d2fc7a354e,7b15763fe2a348b4bded9b891807f3b3,b57ae4d5f220486d9e686230c8c5382e,b86f7835c80b433ab4e1c625067d0f3c"
0.0,78752132,2,39376066.0,39376066.0,38954114,39798018,596730.2,PushPop,":batch=bed26020841f4dcdbc6271f682ed7c20 phase=decode requests=dfa53ed7b1db427c979733175e83eed5,1b90b5029a8e4095a0953f707b492bc0,2b642560cfbc46a3b415e89ad3a03675,1d3635c1d1b8417da02febe5bb56858c"
0.0,78747556,2,39373778.0,39373778.0,38918537,39829019,643808.0,PushPop,":batch=5a3d88d8397c4be1a79c2afaf1863f06 phase=decode requests=dfa53ed7b1db427c979733175e83eed5,1b90b5029a8e4095a0953f707b492bc0,2b642560cfbc46a3b415e89ad3a03675,1d3635c1d1b8417da02febe5bb56858c"
0.0,78745644,2,39372822.0,39372822.0,39173087,39572557,282467.9,PushPop,:batch=4d0a0ad90b4f43348b30af50e28c911f phase=decode requests=25de90a8b4234cdd9f459bf44de5f72b
0.0,78745555,2,39372777.5,39372777.5,38937331,39808224,615814.3,PushPop,":batch=983b6832ed1c4883809ebc1751f67d36 phase=decode requests=fd7f18ee548942ab846676d2fc7a354e,7b15763fe2a348b4bded9b891807f3b3,b57ae4d5f220486d9e686230c8c5382e,b86f7835c80b433ab4e1c625067d0f3c"
0.0,78744867,2,39372433.5,39372433.5,38924812,39820055,633032.4,PushPop,":batch=8ead7d460ddb418db289cc922f132bf1 phase=decode requests=dfa53ed7b1db427c979733175e83eed5,1b90b5029a8e4095a0953f707b492bc0,2b642560cfbc46a3b415e89ad3a03675,1d3635c1d1b8417da02febe5bb56858c"
0.0,78742450,2,39371225.0,39371225.0,38947738,39794712,598901.1,PushPop,":batch=97f9a376d95846a483678ad8da9d4c31 phase=decode requests=dfa53ed7b1db427c979733175e83eed5,1b90b5029a8e4095a0953f707b492bc0,2b642560cfbc46a3b415e89ad3a03675,1d3635c1d1b8417da02febe5bb56858c"
0.0,78740763,2,39370381.5,39370381.5,38973556,39767207,561196.0,PushPop,":batch=2c6be2d936794405b7f2bbaba88efb62 phase=decode requests=dfa53ed7b1db427c979733175e83eed5,1b90b5029a8e4095a0953f707b492bc0,2b642560cfbc46a3b415e89ad3a03675,1d3635c1d1b8417da02febe5bb56858c"
0.0,78740748,2,39370374.0,39370374.0,38965301,39775447,572859.7,PushPop,":batch=b5c1995881b44c0abeb01604cd41dda8 phase=decode requests=dfa53ed7b1db427c979733175e83eed5,1b90b5029a8e4095a0953f707b492bc0,2b642560cfbc46a3b415e89ad3a03675,1d3635c1d1b8417da02febe5bb56858c"
0.0,78740196,2,39370098.0,39370098.0,38936376,39803820,613375.5,PushPop,":batch=5dcdf63b793740eca69f8f94889e185a phase=decode requests=dfa53ed7b1db427c979733175e83eed5,1b90b5029a8e4095a0953f707b492bc0,2b642560cfbc46a3b415e89ad3a03675,1d3635c1d1b8417da02febe5bb56858c"
0.0,78736842,2,39368421.0,39368421.0,38975564,39761278,555583.7,PushPop,":batch=cfadafb5a0794a359e2bd2e427c58670 phase=decode requests=fd7f18ee548942ab846676d2fc7a354e,7b15763fe2a348b4bded9b891807f3b3,b57ae4d5f220486d9e686230c8c5382e,b86f7835c80b433ab4e1c625067d0f3c"
0.0,78734325,2,39367162.5,39367162.5,38958840,39775485,577455.2,PushPop,":batch=4948d31a50654480955459dd0b82338a phase=decode requests=dfa53ed7b1db427c979733175e83eed5,1b90b5029a8e4095a0953f707b492bc0,2b642560cfbc46a3b415e89ad3a03675,1d3635c1d1b8417da02febe5bb56858c"
0.0,78733890,2,39366945.0,39366945.0,39012868,39721022,500740.5,PushPop,":batch=0ec01b17ce4e4b05a0ae7d56a2ac715b phase=decode requests=eef2914bac744c1ea29ede0988703e4c,91919f5803e44b6faa967b57bddb81bd,4eba997a613d41f1b98e92a342465594,2c91d8351bd845e18b1e6646cd0b5f4b"
0.0,78733104,2,39366552.0,39366552.0,38969464,39763640,561567.2,PushPop,":batch=5e4537625b6449159f633e221434e8e2 phase=decode requests=dfa53ed7b1db427c979733175e83eed5,1b90b5029a8e4095a0953f707b492bc0,2b642560cfbc46a3b415e89ad3a03675,1d3635c1d1b8417da02febe5bb56858c"
0.0,78732040,2,39366020.0,39366020.0,38966182,39765858,565456.3,PushPop,":batch=35befc9febb74c88a15300a0ef10e0e4 phase=decode requests=fd7f18ee548942ab846676d2fc7a354e,7b15763fe2a348b4bded9b891807f3b3,b57ae4d5f220486d9e686230c8c5382e,b86f7835c80b433ab4e1c625067d0f3c"
0.0,78731784,2,39365892.0,39365892.0,38928397,39803387,618711.4,PushPop,":batch=18a2bc5f8a934c7aa5cca2f5de67300f phase=decode requests=dfa53ed7b1db427c979733175e83eed5,1b90b5029a8e4095a0953f707b492bc0,2b642560cfbc46a3b415e89ad3a03675,1d3635c1d1b8417da02febe5bb56858c"
0.0,78730390,2,39365195.0,39365195.0,38951456,39778934,585115.3,PushPop,":batch=2a04340dd16e4dfaa685594a3b688130 phase=decode requests=dfa53ed7b1db427c979733175e83eed5,1b90b5029a8e4095a0953f707b492bc0,2b642560cfbc46a3b415e89ad3a03675,1d3635c1d1b8417da02febe5bb56858c"
0.0,78730093,2,39365046.5,39365046.5,38873418,39856675,695267.7,PushPop,":batch=b7c97b1d8f2b44dc842b5e01b3c21b41 phase=decode requests=1811f6ebf58e4b0ea2292b35146cd35f,612ab6a155ee43be83ea6696bd5b8b7f,04a26fdd847647a5a094bbafb63bc469,5f8f2308efff494a9a6a2fa3d4ecc35c"
0.0,78728279,2,39364139.5,39364139.5,38882886,39845393,680595.2,PushPop,":batch=4d09db219c1a48d8bc14ce8454c67b10 phase=decode requests=dfa53ed7b1db427c979733175e83eed5,1b90b5029a8e4095a0953f707b492bc0,2b642560cfbc46a3b415e89ad3a03675,1d3635c1d1b8417da02febe5bb56858c"
0.0,78727522,2,39363761.0,39363761.0,38916590,39810932,632395.3,PushPop,":batch=b419d9ed1f39499ea46915be00b9c285 phase=decode requests=fd7f18ee548942ab846676d2fc7a354e,7b15763fe2a348b4bded9b891807f3b3,b57ae4d5f220486d9e686230c8c5382e,b86f7835c80b433ab4e1c625067d0f3c"
0.0,78726519,2,39363259.5,39363259.5,38919908,39806611,626993.7,PushPop,":batch=08f724852c834652bc385ea6aeb30692 phase=decode requests=dfa53ed7b1db427c979733175e83eed5,1b90b5029a8e4095a0953f707b492bc0,2b642560cfbc46a3b415e89ad3a03675,1d3635c1d1b8417da02febe5bb56858c"
0.0,78726480,2,39363240.0,39363240.0,38959373,39767107,571154.2,PushPop,":batch=f8ef9f1ba5154c19b20cfc88f76dbebd phase=decode requests=dfa53ed7b1db427c979733175e83eed5,1b90b5029a8e4095a0953f707b492bc0,2b642560cfbc46a3b415e89ad3a03675,1d3635c1d1b8417da02febe5bb56858c"
0.0,78724399,2,39362199.5,39362199.5,38934081,39790318,605451.0,PushPop,":batch=1130d98726ac40c6987714527fe39917 phase=decode requests=dfa53ed7b1db427c979733175e83eed5,1b90b5029a8e4095a0953f707b492bc0,2b642560cfbc46a3b415e89ad3a03675,1d3635c1d1b8417da02febe5bb56858c"
0.0,78724139,2,39362069.5,39362069.5,38942752,39781387,593004.5,PushPop,":batch=f2c5b9b76caa42998c2b8ba558489e50 phase=decode requests=fd7f18ee548942ab846676d2fc7a354e,7b15763fe2a348b4bded9b891807f3b3,b57ae4d5f220486d9e686230c8c5382e,b86f7835c80b433ab4e1c625067d0f3c"
0.0,78719958,2,39359979.0,39359979.0,38937974,39781984,596805.2,PushPop,":batch=bfcf8d55724d42d88fe91e6fcf263479 phase=decode requests=dfa53ed7b1db427c979733175e83eed5,1b90b5029a8e4095a0953f707b492bc0,2b642560cfbc46a3b415e89ad3a03675,1d3635c1d1b8417da02febe5bb56858c"
0.0,78719140,2,39359570.0,39359570.0,38926422,39792718,612563.8,PushPop,":batch=127a2de25a4640fa94bb8c13cca713be phase=decode requests=dfa53ed7b1db427c979733175e83eed5,1b90b5029a8e4095a0953f707b492bc0,2b642560cfbc46a3b415e89ad3a03675,1d3635c1d1b8417da02febe5bb56858c"
0.0,78718795,2,39359397.5,39359397.5,38983465,39735330,531648.8,PushPop,":batch=941f358ce57a4ec597b46442f13cdb8b phase=decode requests=dfa53ed7b1db427c979733175e83eed5,1b90b5029a8e4095a0953f707b492bc0,2b642560cfbc46a3b415e89ad3a03675,1d3635c1d1b8417da02febe5bb56858c"
0.0,78718141,2,39359070.5,39359070.5,38940313,39777828,592212.5,PushPop,":batch=4e37f8bc10824962a585f032fd2bc381 phase=decode requests=dfa53ed7b1db427c979733175e83eed5,1b90b5029a8e4095a0953f707b492bc0,2b642560cfbc46a3b415e89ad3a03675,1d3635c1d1b8417da02febe5bb56858c"
0.0,78717920,2,39358960.0,39358960.0,38886199,39831721,668585.0,PushPop,":batch=d32b4aa57fb1472a99089295c7b55664 phase=decode requests=dfa53ed7b1db427c979733175e83eed5,1b90b5029a8e4095a0953f707b492bc0,2b642560cfbc46a3b415e89ad3a03675,1d3635c1d1b8417da02febe5bb56858c"
0.0,78717542,2,39358771.0,39358771.0,38856330,39861212,710558.9,PushPop,":batch=464f282b01294445a9d9e01b412c65b9 phase=decode requests=fd7f18ee548942ab846676d2fc7a354e,7b15763fe2a348b4bded9b891807f3b3,b57ae4d5f220486d9e686230c8c5382e,b86f7835c80b433ab4e1c625067d0f3c"
0.0,78717257,2,39358628.5,39358628.5,38930928,39786329,604859.8,PushPop,":batch=89b2097726e24bb9a2c4b3b92bcebd5a phase=decode requests=fd7f18ee548942ab846676d2fc7a354e,7b15763fe2a348b4bded9b891807f3b3,b57ae4d5f220486d9e686230c8c5382e,b86f7835c80b433ab4e1c625067d0f3c"
0.0,78717123,2,39358561.5,39358561.5,39140916,39576207,307797.2,PushPop,:batch=41e2814f6c6d44d09bec814c8d815f84 phase=decode requests=25de90a8b4234cdd9f459bf44de5f72b
0.0,78715971,2,39357985.5,39357985.5,38972283,39743688,545465.7,PushPop,":batch=b35d25b8b8f0499588830376e9549918 phase=decode requests=1811f6ebf58e4b0ea2292b35146cd35f,612ab6a155ee43be83ea6696bd5b8b7f,04a26fdd847647a5a094bbafb63bc469,5f8f2308efff494a9a6a2fa3d4ecc35c"
0.0,78711083,2,39355541.5,39355541.5,38902894,39808189,640140.2,PushPop,":batch=772ecd1c867b4594aa0e2dcded907e0b phase=decode requests=fd7f18ee548942ab846676d2fc7a354e,7b15763fe2a348b4bded9b891807f3b3,b57ae4d5f220486d9e686230c8c5382e,b86f7835c80b433ab4e1c625067d0f3c"
0.0,78707685,2,39353842.5,39353842.5,38898732,39808953,643623.4,PushPop,":batch=406420cfe24f45fa926abef62d6d15fa phase=decode requests=dfa53ed7b1db427c979733175e83eed5,1b90b5029a8e4095a0953f707b492bc0,2b642560cfbc46a3b415e89ad3a03675,1d3635c1d1b8417da02febe5bb56858c"
0.0,78707186,2,39353593.0,39353593.0,38930358,39776828,598544.7,PushPop,":batch=e9f666b8dd6545f4a05853cbb8ef645d phase=decode requests=dfa53ed7b1db427c979733175e83eed5,1b90b5029a8e4095a0953f707b492bc0,2b642560cfbc46a3b415e89ad3a03675,1d3635c1d1b8417da02febe5bb56858c"
0.0,78705716,2,39352858.0,39352858.0,38882114,39823602,665732.5,PushPop,":batch=4a3bf721408e4e46bbd57e8c5089fe1a phase=decode requests=fd7f18ee548942ab846676d2fc7a354e,7b15763fe2a348b4bded9b891807f3b3,b57ae4d5f220486d9e686230c8c5382e,b86f7835c80b433ab4e1c625067d0f3c"
0.0,78704772,2,39352386.0,39352386.0,38944211,39760561,577246.6,PushPop,":batch=b2805d6f5762497e883ed7d3a38ac8f4 phase=decode requests=dfa53ed7b1db427c979733175e83eed5,1b90b5029a8e4095a0953f707b492bc0,2b642560cfbc46a3b415e89ad3a03675,1d3635c1d1b8417da02febe5bb56858c"
0.0,78703663,2,39351831.5,39351831.5,38976129,39727534,531323.6,PushPop,":batch=fa8c5a7a16af4ea198d8031cece00f95 phase=decode requests=dfa53ed7b1db427c979733175e83eed5,1b90b5029a8e4095a0953f707b492bc0,2b642560cfbc46a3b415e89ad3a03675,1d3635c1d1b8417da02febe5bb56858c"
0.0,78703342,2,39351671.0,39351671.0,38907536,39795806,628101.7,PushPop,":batch=662e43633b1a456db87f9f31c9226f02 phase=decode requests=1811f6ebf58e4b0ea2292b35146cd35f,612ab6a155ee43be83ea6696bd5b8b7f,04a26fdd847647a5a094bbafb63bc469,5f8f2308efff494a9a6a2fa3d4ecc35c"
0.0,78703110,2,39351555.0,39351555.0,38862319,39840791,691884.2,PushPop,":batch=d7f110fb428a4453b70c87f4953bc06f phase=decode requests=dfa53ed7b1db427c979733175e83eed5,1b90b5029a8e4095a0953f707b492bc0,2b642560cfbc46a3b415e89ad3a03675,1d3635c1d1b8417da02febe5bb56858c"
0.0,78699210,2,39349605.0,39349605.0,38892400,39806810,646585.5,PushPop,":batch=48649f0bfc9d471380001ad8ab026d41 phase=decode requests=eef2914bac744c1ea29ede0988703e4c,91919f5803e44b6faa967b57bddb81bd,4eba997a613d41f1b98e92a342465594,2c91d8351bd845e18b1e6646cd0b5f4b"
0.0,78698898,2,39349449.0,39349449.0,38893291,39805607,645104.8,PushPop,":batch=9dc84ee1d34040adad565f90afefd98e phase=decode requests=dfa53ed7b1db427c979733175e83eed5,1b90b5029a8e4095a0953f707b492bc0,2b642560cfbc46a3b415e89ad3a03675,1d3635c1d1b8417da02febe5bb56858c"
0.0,78698791,2,39349395.5,39349395.5,38898524,39800267,637628.6,PushPop,":batch=fa5754be14604954aa9e77e139ac37e1 phase=decode requests=dfa53ed7b1db427c979733175e83eed5,1b90b5029a8e4095a0953f707b492bc0,2b642560cfbc46a3b415e89ad3a03675,1d3635c1d1b8417da02febe5bb56858c"
0.0,78697318,2,39348659.0,39348659.0,38957473,39739845,553220.5,PushPop,":batch=37f242f77da240ceb5985ddbc500e8e6 phase=decode requests=fd7f18ee548942ab846676d2fc7a354e,7b15763fe2a348b4bded9b891807f3b3,b57ae4d5f220486d9e686230c8c5382e,b86f7835c80b433ab4e1c625067d0f3c"
0.0,78694794,2,39347397.0,39347397.0,38909136,39785658,619794.7,PushPop,":batch=712fa784f2ae41eab9c5d3734097811c phase=decode requests=dfa53ed7b1db427c979733175e83eed5,1b90b5029a8e4095a0953f707b492bc0,2b642560cfbc46a3b415e89ad3a03675,1d3635c1d1b8417da02febe5bb56858c"
0.0,78694357,2,39347178.5,39347178.5,38907048,39787309,622438.5,PushPop,":batch=134ead9475b5493fb097e59fe3625737 phase=decode requests=dfa53ed7b1db427c979733175e83eed5,1b90b5029a8e4095a0953f707b492bc0,2b642560cfbc46a3b415e89ad3a03675,1d3635c1d1b8417da02febe5bb56858c"
0.0,78693771,2,39346885.5,39346885.5,38889388,39804383,646999.2,PushPop,":batch=2b22fbe6e3854061ad7f073c53816baf phase=decode requests=1811f6ebf58e4b0ea2292b35146cd35f,612ab6a155ee43be83ea6696bd5b8b7f,04a26fdd847647a5a094bbafb63bc469,5f8f2308efff494a9a6a2fa3d4ecc35c"
0.0,78693744,2,39346872.0,39346872.0,38918092,39775652,606386.5,PushPop,":batch=ea02955a60cd469abf7d6f00248bb1bd phase=decode requests=fd7f18ee548942ab846676d2fc7a354e,7b15763fe2a348b4bded9b891807f3b3,b57ae4d5f220486d9e686230c8c5382e,b86f7835c80b433ab4e1c625067d0f3c"
0.0,78689315,2,39344657.5,39344657.5,38900697,39788618,627855.0,PushPop,":batch=81002119706b41e5ba600b1ac7ae330b phase=decode requests=dfa53ed7b1db427c979733175e83eed5,1b90b5029a8e4095a0953f707b492bc0,2b642560cfbc46a3b415e89ad3a03675,1d3635c1d1b8417da02febe5bb56858c"
0.0,78687765,2,39343882.5,39343882.5,38868003,39819762,672995.2,PushPop,":batch=cea39c5eb4924dae83d12a42812daf78 phase=decode requests=dfa53ed7b1db427c979733175e83eed5,1b90b5029a8e4095a0953f707b492bc0,2b642560cfbc46a3b415e89ad3a03675,1d3635c1d1b8417da02febe5bb56858c"
0.0,78686481,2,39343240.5,39343240.5,39168926,39517555,246517.9,PushPop,:batch=5d873e80670d46fab4077eb60217b434 phase=decode requests=25de90a8b4234cdd9f459bf44de5f72b
0.0,78685967,2,39342983.5,39342983.5,38888621,39797346,642565.6,PushPop,":batch=29ea340793aa483f86d4d96594e460aa phase=decode requests=fd7f18ee548942ab846676d2fc7a354e,7b15763fe2a348b4bded9b891807f3b3,b57ae4d5f220486d9e686230c8c5382e,b86f7835c80b433ab4e1c625067d0f3c"
0.0,78685788,2,39342894.0,39342894.0,38891793,39793995,637953.2,PushPop,":batch=6890b0d997b94923b37b6d02554962c1 phase=decode requests=dfa53ed7b1db427c979733175e83eed5,1b90b5029a8e4095a0953f707b492bc0,2b642560cfbc46a3b415e89ad3a03675,1d3635c1d1b8417da02febe5bb56858c"
0.0,78684244,2,39342122.0,39342122.0,38891811,39792433,636835.9,PushPop,":batch=6d6b8baac0f24c059d2471db759e7edf phase=decode requests=eef2914bac744c1ea29ede0988703e4c,91919f5803e44b6faa967b57bddb81bd,4eba997a613d41f1b98e92a342465594,2c91d8351bd845e18b1e6646cd0b5f4b"
0.0,78684050,2,39342025.0,39342025.0,38892810,39791240,635285.9,PushPop,":batch=77a2961a4ac241d2ba4da356779c1a91 phase=decode requests=dfa53ed7b1db427c979733175e83eed5,1b90b5029a8e4095a0953f707b492bc0,2b642560cfbc46a3b415e89ad3a03675,1d3635c1d1b8417da02febe5bb56858c"
0.0,78682083,2,39341041.5,39341041.5,38930531,39751552,580549.5,PushPop,":batch=eefa595074174cbf9a5c048ca7f7e88a phase=decode requests=dfa53ed7b1db427c979733175e83eed5,1b90b5029a8e4095a0953f707b492bc0,2b642560cfbc46a3b415e89ad3a03675,1d3635c1d1b8417da02febe5bb56858c"
0.0,78680880,2,39340440.0,39340440.0,38943924,39736956,560758.3,PushPop,":batch=03a87f287e8345268200015375192ca6 phase=decode requests=fd7f18ee548942ab846676d2fc7a354e,7b15763fe2a348b4bded9b891807f3b3,b57ae4d5f220486d9e686230c8c5382e,b86f7835c80b433ab4e1c625067d0f3c"
0.0,78680625,2,39340312.5,39340312.5,38864891,39815734,672347.5,PushPop,":batch=08cd5799d5074abbafdc617fe9ed38fe phase=decode requests=dfa53ed7b1db427c979733175e83eed5,1b90b5029a8e4095a0953f707b492bc0,2b642560cfbc46a3b415e89ad3a03675,1d3635c1d1b8417da02febe5bb56858c"
0.0,78675367,2,39337683.5,39337683.5,38929708,39745659,576964.5,PushPop,":batch=a90e1544cac34e52868ea88e9e23b9d0 phase=decode requests=dfa53ed7b1db427c979733175e83eed5,1b90b5029a8e4095a0953f707b492bc0,2b642560cfbc46a3b415e89ad3a03675,1d3635c1d1b8417da02febe5bb56858c"
0.0,78674802,2,39337401.0,39337401.0,38902425,39772377,615149.0,PushPop,":batch=3a4f30951c804ae081b12f76d772e843 phase=decode requests=dfa53ed7b1db427c979733175e83eed5,1b90b5029a8e4095a0953f707b492bc0,2b642560cfbc46a3b415e89ad3a03675,1d3635c1d1b8417da02febe5bb56858c"
0.0,78673951,2,39336975.5,39336975.5,38922408,39751543,586287.0,PushPop,":batch=cd757a80517c43d09a674c434664fbe4 phase=decode requests=fd7f18ee548942ab846676d2fc7a354e,7b15763fe2a348b4bded9b891807f3b3,b57ae4d5f220486d9e686230c8c5382e,b86f7835c80b433ab4e1c625067d0f3c"
0.0,78671338,2,39335669.0,39335669.0,38875589,39795749,650651.4,PushPop,":batch=995f1a965da94233a0ea7b44a6fba838 phase=decode requests=dfa53ed7b1db427c979733175e83eed5,1b90b5029a8e4095a0953f707b492bc0,2b642560cfbc46a3b415e89ad3a03675,1d3635c1d1b8417da02febe5bb56858c"
0.0,78670523,2,39335261.5,39335261.5,38887223,39783300,633622.1,PushPop,":batch=aae849da066b487caadb4cd6782b0026 phase=decode requests=dfa53ed7b1db427c979733175e83eed5,1b90b5029a8e4095a0953f707b492bc0,2b642560cfbc46a3b415e89ad3a03675,1d3635c1d1b8417da02febe5bb56858c"
0.0,78669802,2,39334901.0,39334901.0,38911315,39758487,599041.1,PushPop,":batch=d7bbac7eec074cf986eb4ddd8ca929bb phase=decode requests=fd7f18ee548942ab846676d2fc7a354e,7b15763fe2a348b4bded9b891807f3b3,b57ae4d5f220486d9e686230c8c5382e,b86f7835c80b433ab4e1c625067d0f3c"
0.0,78669554,2,39334777.0,39334777.0,38876153,39793401,648592.3,PushPop,":batch=6e2ae9f1e67846e596023f9d98ae715f phase=decode requests=fd7f18ee548942ab846676d2fc7a354e,7b15763fe2a348b4bded9b891807f3b3,b57ae4d5f220486d9e686230c8c5382e,b86f7835c80b433ab4e1c625067d0f3c"
0.0,78669058,2,39334529.0,39334529.0,38902348,39766710,611196.2,PushPop,":batch=bf72de51c72848b0bf821809429227ff phase=decode requests=dfa53ed7b1db427c979733175e83eed5,1b90b5029a8e4095a0953f707b492bc0,2b642560cfbc46a3b415e89ad3a03675,1d3635c1d1b8417da02febe5bb56858c"
0.0,78668855,2,39334427.5,39334427.5,38891234,39777621,626770.3,PushPop,":batch=32e8e631cdfa4143a9b0d706db73a049 phase=decode requests=dfa53ed7b1db427c979733175e83eed5,1b90b5029a8e4095a0953f707b492bc0,2b642560cfbc46a3b415e89ad3a03675,1d3635c1d1b8417da02febe5bb56858c"
0.0,78667594,2,39333797.0,39333797.0,38937910,39729684,559868.8,PushPop,":batch=f0df78c65f044e9098bf551605c661d0 phase=decode requests=fd7f18ee548942ab846676d2fc7a354e,7b15763fe2a348b4bded9b891807f3b3,b57ae4d5f220486d9e686230c8c5382e,b86f7835c80b433ab4e1c625067d0f3c"
0.0,78666858,2,39333429.0,39333429.0,38880031,39786827,641201.6,PushPop,":batch=94ff910574e74586b4dab1b747afa964 phase=decode requests=fd7f18ee548942ab846676d2fc7a354e,7b15763fe2a348b4bded9b891807f3b3,b57ae4d5f220486d9e686230c8c5382e,b86f7835c80b433ab4e1c625067d0f3c"
0.0,78666460,2,39333230.0,39333230.0,38943613,39722847,551001.6,PushPop,":batch=7fe523ceed66414990fa64439ce322c1 phase=decode requests=fd7f18ee548942ab846676d2fc7a354e,7b15763fe2a348b4bded9b891807f3b3,b57ae4d5f220486d9e686230c8c5382e,b86f7835c80b433ab4e1c625067d0f3c"
0.0,78663947,2,39331973.5,39331973.5,38960117,39703830,525884.5,PushPop,":batch=27b90bd1710e46a69872346a44a942e6 phase=decode requests=eef2914bac744c1ea29ede0988703e4c,91919f5803e44b6faa967b57bddb81bd,4eba997a613d41f1b98e92a342465594,2c91d8351bd845e18b1e6646cd0b5f4b"
0.0,78661957,2,39330978.5,39330978.5,38885143,39776814,630506.6,PushPop,":batch=d6ac7302531e491b93c40fa4d72ec05a phase=decode requests=dfa53ed7b1db427c979733175e83eed5,1b90b5029a8e4095a0953f707b492bc0,2b642560cfbc46a3b415e89ad3a03675,1d3635c1d1b8417da02febe5bb56858c"
0.0,78659931,2,39329965.5,39329965.5,38891517,39768414,620059.8,PushPop,":batch=a893452ad23844b0be90e7105a219039 phase=decode requests=dfa53ed7b1db427c979733175e83eed5,1b90b5029a8e4095a0953f707b492bc0,2b642560cfbc46a3b415e89ad3a03675,1d3635c1d1b8417da02febe5bb56858c"
0.0,78657150,2,39328575.0,39328575.0,38869361,39787789,649426.7,PushPop,":batch=3cdf4eded4c44269916e508679e304d2 phase=decode requests=dfa53ed7b1db427c979733175e83eed5,1b90b5029a8e4095a0953f707b492bc0,2b642560cfbc46a3b415e89ad3a03675,1d3635c1d1b8417da02febe5bb56858c"
0.0,78657023,2,39328511.5,39328511.5,38876005,39781018,639940.8,PushPop,":batch=c49892c8bf40433794207821d5bf92c0 phase=decode requests=dfa53ed7b1db427c979733175e83eed5,1b90b5029a8e4095a0953f707b492bc0,2b642560cfbc46a3b415e89ad3a03675,1d3635c1d1b8417da02febe5bb56858c"
0.0,78653280,2,39326640.0,39326640.0,38912158,39741122,586166.1,PushPop,":batch=bcfc4dfdb8eb4c94a1d034b708fdb63e phase=decode requests=dfa53ed7b1db427c979733175e83eed5,1b90b5029a8e4095a0953f707b492bc0,2b642560cfbc46a3b415e89ad3a03675,1d3635c1d1b8417da02febe5bb56858c"
0.0,78649620,2,39324810.0,39324810.0,38825307,39824313,706403.9,PushPop,":batch=55fc5a7c841d438bba3a1b3e50935e17 phase=decode requests=1811f6ebf58e4b0ea2292b35146cd35f,612ab6a155ee43be83ea6696bd5b8b7f,04a26fdd847647a5a094bbafb63bc469,5f8f2308efff494a9a6a2fa3d4ecc35c"
0.0,78646521,2,39323260.5,39323260.5,38879100,39767421,628137.8,PushPop,":batch=484a2a2bf9fb4bb3873032917a7af378 phase=decode requests=dfa53ed7b1db427c979733175e83eed5,1b90b5029a8e4095a0953f707b492bc0,2b642560cfbc46a3b415e89ad3a03675,1d3635c1d1b8417da02febe5bb56858c"
0.0,78645284,2,39322642.0,39322642.0,38910368,39734916,583043.5,PushPop,":batch=22aef10f81b446f388dc353376423e6c phase=decode requests=eef2914bac744c1ea29ede0988703e4c,91919f5803e44b6faa967b57bddb81bd,4eba997a613d41f1b98e92a342465594,2c91d8351bd845e18b1e6646cd0b5f4b"
0.0,78645024,2,39322512.0,39322512.0,38885129,39759895,618553.0,PushPop,":batch=2fb764b4a2864ef79a39b32d576e1d9c phase=decode requests=dfa53ed7b1db427c979733175e83eed5,1b90b5029a8e4095a0953f707b492bc0,2b642560cfbc46a3b415e89ad3a03675,1d3635c1d1b8417da02febe5bb56858c"
0.0,78641181,2,39320590.5,39320590.5,38879084,39762097,624384.5,PushPop,":batch=5430c379907440b09b8e0b21920da230 phase=decode requests=dfa53ed7b1db427c979733175e83eed5,1b90b5029a8e4095a0953f707b492bc0,2b642560cfbc46a3b415e89ad3a03675,1d3635c1d1b8417da02febe5bb56858c"
0.0,78639644,2,39319822.0,39319822.0,39105252,39534392,303447.8,PushPop,:batch=58f578355b664111bc789a0a55f1801a phase=decode requests=e6255778e8534404ac5ca8451b4d8752
0.0,78638757,2,39319378.5,39319378.5,38932195,39706562,547560.2,PushPop,":batch=0dba9717ab0f4fa4a1b0f6117cad0720 phase=decode requests=fd7f18ee548942ab846676d2fc7a354e,7b15763fe2a348b4bded9b891807f3b3,b57ae4d5f220486d9e686230c8c5382e,b86f7835c80b433ab4e1c625067d0f3c"
0.0,78638071,2,39319035.5,39319035.5,38891000,39747071,605333.6,PushPop,":batch=cba6f7c646a24030ba8a45f8872139c5 phase=decode requests=dfa53ed7b1db427c979733175e83eed5,1b90b5029a8e4095a0953f707b492bc0,2b642560cfbc46a3b415e89ad3a03675,1d3635c1d1b8417da02febe5bb56858c"
0.0,78637522,2,39318761.0,39318761.0,38913297,39724225,573412.7,PushPop,":batch=451879ae853247b18496180f10fb5fae phase=decode requests=dfa53ed7b1db427c979733175e83eed5,1b90b5029a8e4095a0953f707b492bc0,2b642560cfbc46a3b415e89ad3a03675,1d3635c1d1b8417da02febe5bb56858c"
0.0,78635638,2,39317819.0,39317819.0,38872323,39763315,630026.5,PushPop,":batch=5ea9bd8fc65a4378923e2f051423562d phase=decode requests=1811f6ebf58e4b0ea2292b35146cd35f,612ab6a155ee43be83ea6696bd5b8b7f,04a26fdd847647a5a094bbafb63bc469,5f8f2308efff494a9a6a2fa3d4ecc35c"
0.0,78635419,2,39317709.5,39317709.5,38860068,39775351,647202.8,PushPop,":batch=42e659baeffe4f3b96e9e56ec1b256f0 phase=decode requests=dfa53ed7b1db427c979733175e83eed5,1b90b5029a8e4095a0953f707b492bc0,2b642560cfbc46a3b415e89ad3a03675,1d3635c1d1b8417da02febe5bb56858c"
0.0,78635235,2,39317617.5,39317617.5,38859862,39775373,647364.0,PushPop,":batch=070f930fe1ae4c8db614a275640eff92 phase=decode requests=dfa53ed7b1db427c979733175e83eed5,1b90b5029a8e4095a0953f707b492bc0,2b642560cfbc46a3b415e89ad3a03675,1d3635c1d1b8417da02febe5bb56858c"
0.0,78633691,2,39316845.5,39316845.5,39160365,39473326,221296.8,PushPop,:batch=13bade80682a425aa087ae775d595bf5 phase=decode requests=e6255778e8534404ac5ca8451b4d8752
0.0,78632582,2,39316291.0,39316291.0,38811971,39820611,713216.2,PushPop,":batch=bb06e482b3f74e55a35efe8913cf3639 phase=decode requests=eef2914bac744c1ea29ede0988703e4c,91919f5803e44b6faa967b57bddb81bd,4eba997a613d41f1b98e92a342465594,2c91d8351bd845e18b1e6646cd0b5f4b"
0.0,78629894,2,39314947.0,39314947.0,38927573,39702321,547829.6,PushPop,":batch=3a55cde11a884cdc815fd326d6fc5f8d phase=decode requests=fd7f18ee548942ab846676d2fc7a354e,7b15763fe2a348b4bded9b891807f3b3,b57ae4d5f220486d9e686230c8c5382e,b86f7835c80b433ab4e1c625067d0f3c"
0.0,78629428,2,39314714.0,39314714.0,38837616,39791812,674718.5,PushPop,":batch=0ab774cab48b45d49d93c8591377a80c phase=decode requests=dfa53ed7b1db427c979733175e83eed5,1b90b5029a8e4095a0953f707b492bc0,2b642560cfbc46a3b415e89ad3a03675,1d3635c1d1b8417da02febe5bb56858c"
0.0,78628589,2,39314294.5,39314294.5,38910049,39718540,571689.5,PushPop,":batch=7b988961fca147a6955b36055137fc2b phase=decode requests=dfa53ed7b1db427c979733175e83eed5,1b90b5029a8e4095a0953f707b492bc0,2b642560cfbc46a3b415e89ad3a03675,1d3635c1d1b8417da02febe5bb56858c"
0.0,78622427,2,39311213.5,39311213.5,38820604,39801823,693826.6,PushPop,":batch=2162a79a84264c92913d5fa01a882018 phase=decode requests=dfa53ed7b1db427c979733175e83eed5,1b90b5029a8e4095a0953f707b492bc0,2b642560cfbc46a3b415e89ad3a03675,1d3635c1d1b8417da02febe5bb56858c"
0.0,78621332,2,39310666.0,39310666.0,38853499,39767833,646531.8,PushPop,":batch=f1db89e6ef43482a9a0d5a78656716cc phase=decode requests=fd7f18ee548942ab846676d2fc7a354e,7b15763fe2a348b4bded9b891807f3b3,b57ae4d5f220486d9e686230c8c5382e,b86f7835c80b433ab4e1c625067d0f3c"
0.0,78620700,2,39310350.0,39310350.0,38853913,39766787,645499.4,PushPop,":batch=302c967885ca45c6b89d23113d7ac182 phase=decode requests=dfa53ed7b1db427c979733175e83eed5,1b90b5029a8e4095a0953f707b492bc0,2b642560cfbc46a3b415e89ad3a03675,1d3635c1d1b8417da02febe5bb56858c"
0.0,78620511,2,39310255.5,39310255.5,38930435,39690076,537147.3,PushPop,":batch=d827a0efc5924588859ac76919b1910e phase=decode requests=fd7f18ee548942ab846676d2fc7a354e,7b15763fe2a348b4bded9b891807f3b3,b57ae4d5f220486d9e686230c8c5382e,b86f7835c80b433ab4e1c625067d0f3c"
0.0,78617831,2,39308915.5,39308915.5,38842592,39775239,659481.0,PushPop,":batch=466cc08ebcc045f1a3eb5bfdbbd7e9e7 phase=decode requests=dfa53ed7b1db427c979733175e83eed5,1b90b5029a8e4095a0953f707b492bc0,2b642560cfbc46a3b415e89ad3a03675,1d3635c1d1b8417da02febe5bb56858c"
0.0,78617471,2,39308735.5,39308735.5,38887100,39730371,596282.6,PushPop,":batch=628c8d843da049f0bb444e3bf093eadc phase=decode requests=eef2914bac744c1ea29ede0988703e4c,91919f5803e44b6faa967b57bddb81bd,4eba997a613d41f1b98e92a342465594,2c91d8351bd845e18b1e6646cd0b5f4b"
0.0,78617162,2,39308581.0,39308581.0,38819139,39798023,692175.5,PushPop,":batch=1472bab9c938495cba15a3bd8e3fa034 phase=decode requests=fd7f18ee548942ab846676d2fc7a354e,7b15763fe2a348b4bded9b891807f3b3,b57ae4d5f220486d9e686230c8c5382e,b86f7835c80b433ab4e1c625067d0f3c"
0.0,78615627,2,39307813.5,39307813.5,38909995,39705632,562600.3,PushPop,":batch=a280552e6a734a80a36b48cf89ed381c phase=decode requests=dfa53ed7b1db427c979733175e83eed5,1b90b5029a8e4095a0953f707b492bc0,2b642560cfbc46a3b415e89ad3a03675,1d3635c1d1b8417da02febe5bb56858c"
0.0,78615324,2,39307662.0,39307662.0,38936527,39678797,524864.2,PushPop,":batch=7e639727bdc5416a8baaaf7c4c91bfb8 phase=decode requests=fd7f18ee548942ab846676d2fc7a354e,7b15763fe2a348b4bded9b891807f3b3,b57ae4d5f220486d9e686230c8c5382e,b86f7835c80b433ab4e1c625067d0f3c"
0.0,78614658,2,39307329.0,39307329.0,38844748,39769910,654188.3,PushPop,":batch=77b1781d91a5467d931f6c9708b11229 phase=decode requests=dfa53ed7b1db427c979733175e83eed5,1b90b5029a8e4095a0953f707b492bc0,2b642560cfbc46a3b415e89ad3a03675,1d3635c1d1b8417da02febe5bb56858c"
0.0,78614051,2,39307025.5,39307025.5,39101533,39512518,290610.3,PushPop,:batch=c2cd74e618fe465f8defb421689c1317 phase=decode requests=25de90a8b4234cdd9f459bf44de5f72b
0.0,78613790,2,39306895.0,39306895.0,38891070,39722720,588065.4,PushPop,":batch=a1bb8bfd13ec4f46b876bd323007ed97 phase=decode requests=dfa53ed7b1db427c979733175e83eed5,1b90b5029a8e4095a0953f707b492bc0,2b642560cfbc46a3b415e89ad3a03675,1d3635c1d1b8417da02febe5bb56858c"
0.0,78613268,2,39306634.0,39306634.0,38872346,39740922,614176.0,PushPop,":batch=dd300d5831e44040b688ceb874830168 phase=decode requests=dfa53ed7b1db427c979733175e83eed5,1b90b5029a8e4095a0953f707b492bc0,2b642560cfbc46a3b415e89ad3a03675,1d3635c1d1b8417da02febe5bb56858c"
0.0,78612701,2,39306350.5,39306350.5,38857543,39755158,634709.7,PushPop,":batch=6197371e4f154162807677678b50b76e phase=decode requests=fd7f18ee548942ab846676d2fc7a354e,7b15763fe2a348b4bded9b891807f3b3,b57ae4d5f220486d9e686230c8c5382e,b86f7835c80b433ab4e1c625067d0f3c"
0.0,78610559,2,39305279.5,39305279.5,38834235,39776324,666157.5,PushPop,":batch=d4c3e2a8a2a94407b1a24cf5b4580add phase=decode requests=dfa53ed7b1db427c979733175e83eed5,1b90b5029a8e4095a0953f707b492bc0,2b642560cfbc46a3b415e89ad3a03675,1d3635c1d1b8417da02febe5bb56858c"
0.0,78607968,2,39303984.0,39303984.0,38875906,39732062,605393.7,PushPop,":batch=875b5a10c0b8440ab255ca41c6136844 phase=decode requests=dfa53ed7b1db427c979733175e83eed5,1b90b5029a8e4095a0953f707b492bc0,2b642560cfbc46a3b415e89ad3a03675,1d3635c1d1b8417da02febe5bb56858c"
0.0,78605139,2,39302569.5,39302569.5,38862414,39742725,622473.9,PushPop,":batch=6b55dd8a749c4a1ca7ce74f5a87a8ae9 phase=decode requests=dfa53ed7b1db427c979733175e83eed5,1b90b5029a8e4095a0953f707b492bc0,2b642560cfbc46a3b415e89ad3a03675,1d3635c1d1b8417da02febe5bb56858c"
0.0,78604847,2,39302423.5,39302423.5,38564051,40040796,1044216.4,PushPop,":batch=a93b1f7127bc4f38ac7b0f77f91d6972 phase=decode requests=dfa53ed7b1db427c979733175e83eed5,1b90b5029a8e4095a0953f707b492bc0,2b642560cfbc46a3b415e89ad3a03675,1d3635c1d1b8417da02febe5bb56858c"
0.0,78603761,2,39301880.5,39301880.5,38913428,39690333,549354.8,PushPop,":batch=86e234c4d39d4430b5516c7a105aa774 phase=decode requests=dfa53ed7b1db427c979733175e83eed5,1b90b5029a8e4095a0953f707b492bc0,2b642560cfbc46a3b415e89ad3a03675,1d3635c1d1b8417da02febe5bb56858c"
0.0,78602573,2,39301286.5,39301286.5,38995726,39606847,432127.8,PushPop,:batch=59062a948555437688018b7b1ae88617 phase=decode requests=25de90a8b4234cdd9f459bf44de5f72b
0.0,78601162,2,39300581.0,39300581.0,38880865,39720297,593568.1,PushPop,":batch=664385df79ff4fc09efa3d08a4ac9787 phase=decode requests=fd7f18ee548942ab846676d2fc7a354e,7b15763fe2a348b4bded9b891807f3b3,b57ae4d5f220486d9e686230c8c5382e,b86f7835c80b433ab4e1c625067d0f3c"
0.0,78599365,2,39299682.5,39299682.5,39201406,39397959,138984.0,PushPop,:batch=0f8a0a18ad0d4b60b0d030a652f8fce9 phase=decode requests=25de90a8b4234cdd9f459bf44de5f72b
0.0,78597263,2,39298631.5,39298631.5,38839636,39757627,649117.7,PushPop,":batch=8ffc72f392584e00ace3271a15df9cf7 phase=decode requests=fd7f18ee548942ab846676d2fc7a354e,7b15763fe2a348b4bded9b891807f3b3,b57ae4d5f220486d9e686230c8c5382e,b86f7835c80b433ab4e1c625067d0f3c"
0.0,78595620,2,39297810.0,39297810.0,38825377,39770243,668121.2,PushPop,":batch=98562b6f6e5047ffb120537ff4a03028 phase=decode requests=fd7f18ee548942ab846676d2fc7a354e,7b15763fe2a348b4bded9b891807f3b3,b57ae4d5f220486d9e686230c8c5382e,b86f7835c80b433ab4e1c625067d0f3c"
0.0,78595610,2,39297805.0,39297805.0,38813962,39781648,684257.3,PushPop,":batch=300f0ef4f7e54fae8e280115496fe356 phase=decode requests=eef2914bac744c1ea29ede0988703e4c,91919f5803e44b6faa967b57bddb81bd,4eba997a613d41f1b98e92a342465594,2c91d8351bd845e18b1e6646cd0b5f4b"
0.0,78593051,2,39296525.5,39296525.5,38835189,39757862,652428.3,PushPop,":batch=5d3730165682416498e2fda7994c931f phase=decode requests=dfa53ed7b1db427c979733175e83eed5,1b90b5029a8e4095a0953f707b492bc0,2b642560cfbc46a3b415e89ad3a03675,1d3635c1d1b8417da02febe5bb56858c"
0.0,78592628,2,39296314.0,39296314.0,38857653,39734975,620360.3,PushPop,":batch=fbff0c3860144a99b2258c364a4f521a phase=decode requests=fd7f18ee548942ab846676d2fc7a354e,7b15763fe2a348b4bded9b891807f3b3,b57ae4d5f220486d9e686230c8c5382e,b86f7835c80b433ab4e1c625067d0f3c"
0.0,78592614,2,39296307.0,39296307.0,38893467,39699147,569701.8,PushPop,":batch=09ef2525d3ac47a3917efc1f480e600d phase=decode requests=fd7f18ee548942ab846676d2fc7a354e,7b15763fe2a348b4bded9b891807f3b3,b57ae4d5f220486d9e686230c8c5382e,b86f7835c80b433ab4e1c625067d0f3c"
0.0,78592507,2,39296253.5,39296253.5,38885374,39707133,581071.4,PushPop,":batch=5afcb51b68354bbc98aa62dc637e8f5d phase=decode requests=dfa53ed7b1db427c979733175e83eed5,1b90b5029a8e4095a0953f707b492bc0,2b642560cfbc46a3b415e89ad3a03675,1d3635c1d1b8417da02febe5bb56858c"
0.0,78591948,2,39295974.0,39295974.0,38927414,39664534,521222.6,PushPop,":batch=d94128cb6b07473489cc2d2d452fbee0 phase=decode requests=1811f6ebf58e4b0ea2292b35146cd35f,612ab6a155ee43be83ea6696bd5b8b7f,04a26fdd847647a5a094bbafb63bc469,5f8f2308efff494a9a6a2fa3d4ecc35c"
0.0,78591366,2,39295683.0,39295683.0,39142760,39448606,216265.8,PushPop,:batch=745773255cae45d991380ec264abcca2 phase=decode requests=25de90a8b4234cdd9f459bf44de5f72b
0.0,78589435,2,39294717.5,39294717.5,38791711,39797724,711358.6,PushPop,":batch=82f1f035b9cd4376a1ffe2250f79f317 phase=decode requests=fd7f18ee548942ab846676d2fc7a354e,7b15763fe2a348b4bded9b891807f3b3,b57ae4d5f220486d9e686230c8c5382e,b86f7835c80b433ab4e1c625067d0f3c"
0.0,78589253,2,39294626.5,39294626.5,38858648,39730605,616566.7,PushPop,":batch=285b697c43274b7394f43c50665655a7 phase=decode requests=dfa53ed7b1db427c979733175e83eed5,1b90b5029a8e4095a0953f707b492bc0,2b642560cfbc46a3b415e89ad3a03675,1d3635c1d1b8417da02febe5bb56858c"
0.0,78588629,2,39294314.5,39294314.5,38863170,39725459,609730.4,PushPop,":batch=fe156193592442beb58b2a0f6be94ea9 phase=decode requests=fd7f18ee548942ab846676d2fc7a354e,7b15763fe2a348b4bded9b891807f3b3,b57ae4d5f220486d9e686230c8c5382e,b86f7835c80b433ab4e1c625067d0f3c"
0.0,78587312,2,39293656.0,39293656.0,39242397,39344915,72491.2,PushPop,:batch=1cf3a8e1febf49beb68650ffab6f3e46 phase=decode requests=f613ba29e5e3458d8e63b0275b98ac68
0.0,78584343,2,39292171.5,39292171.5,38860584,39723759,610356.9,PushPop,":batch=4847e64e0b204003829e10e64255bd51 phase=decode requests=dfa53ed7b1db427c979733175e83eed5,1b90b5029a8e4095a0953f707b492bc0,2b642560cfbc46a3b415e89ad3a03675,1d3635c1d1b8417da02febe5bb56858c"
0.0,78584006,2,39292003.0,39292003.0,38874492,39709514,590449.7,PushPop,":batch=361f46c2b643421294ab243527a56cae phase=decode requests=dfa53ed7b1db427c979733175e83eed5,1b90b5029a8e4095a0953f707b492bc0,2b642560cfbc46a3b415e89ad3a03675,1d3635c1d1b8417da02febe5bb56858c"
0.0,78582834,2,39291417.0,39291417.0,38835877,39746957,644230.8,PushPop,":batch=5b37e5012e93447da07a02aac4bb69b8 phase=decode requests=dfa53ed7b1db427c979733175e83eed5,1b90b5029a8e4095a0953f707b492bc0,2b642560cfbc46a3b415e89ad3a03675,1d3635c1d1b8417da02febe5bb56858c"
0.0,78580855,2,39290427.5,39290427.5,38919021,39661834,525248.1,PushPop,":batch=abbf561fb5b34270a362961187b038bf phase=decode requests=dfa53ed7b1db427c979733175e83eed5,1b90b5029a8e4095a0953f707b492bc0,2b642560cfbc46a3b415e89ad3a03675,1d3635c1d1b8417da02febe5bb56858c"
0.0,78580634,2,39290317.0,39290317.0,38799924,39780710,693520.4,PushPop,":batch=6ade8c482d0044dbae74e1d287fb5cd7 phase=decode requests=eef2914bac744c1ea29ede0988703e4c,91919f5803e44b6faa967b57bddb81bd,4eba997a613d41f1b98e92a342465594,2c91d8351bd845e18b1e6646cd0b5f4b"
0.0,78580120,2,39290060.0,39290060.0,38854068,39726052,616585.8,PushPop,":batch=9ce92f675e0048108fe061dcf403674c phase=decode requests=dfa53ed7b1db427c979733175e83eed5,1b90b5029a8e4095a0953f707b492bc0,2b642560cfbc46a3b415e89ad3a03675,1d3635c1d1b8417da02febe5bb56858c"
0.0,78579463,2,39289731.5,39289731.5,38892977,39686486,561095.6,PushPop,":batch=cb6972dbbd5a4f64983a2932f43a350c phase=decode requests=fd7f18ee548942ab846676d2fc7a354e,7b15763fe2a348b4bded9b891807f3b3,b57ae4d5f220486d9e686230c8c5382e,b86f7835c80b433ab4e1c625067d0f3c"
0.0,78578631,2,39289315.5,39289315.5,38856867,39721764,611574.5,PushPop,":batch=9578b4dc8c4a4eae959f97a77305b978 phase=decode requests=dfa53ed7b1db427c979733175e83eed5,1b90b5029a8e4095a0953f707b492bc0,2b642560cfbc46a3b415e89ad3a03675,1d3635c1d1b8417da02febe5bb56858c"
0.0,78578084,2,39289042.0,39289042.0,38931803,39646281,505212.2,PushPop,":batch=86bc932a5537418ea776438fdcc9135d phase=decode requests=fd7f18ee548942ab846676d2fc7a354e,7b15763fe2a348b4bded9b891807f3b3,b57ae4d5f220486d9e686230c8c5382e,b86f7835c80b433ab4e1c625067d0f3c"
0.0,78577089,2,39288544.5,39288544.5,39084022,39493067,289238.5,PushPop,:batch=6d0b32b41f9c4bba8376b74c6e13c48d phase=decode requests=25de90a8b4234cdd9f459bf44de5f72b
0.0,78575369,2,39287684.5,39287684.5,38859307,39716062,605817.3,PushPop,":batch=65e3be9e18a84f52a5b16baffaca8c4d phase=decode requests=fd7f18ee548942ab846676d2fc7a354e,7b15763fe2a348b4bded9b891807f3b3,b57ae4d5f220486d9e686230c8c5382e,b86f7835c80b433ab4e1c625067d0f3c"
0.0,78574639,2,39287319.5,39287319.5,38885706,39688933,567967.3,PushPop,":batch=92a8ec2577f944bfb9c967dd2f9e8d3b phase=decode requests=fd7f18ee548942ab846676d2fc7a354e,7b15763fe2a348b4bded9b891807f3b3,b57ae4d5f220486d9e686230c8c5382e,b86f7835c80b433ab4e1c625067d0f3c"
0.0,78573775,2,39286887.5,39286887.5,39062276,39511499,317648.6,PushPop,:batch=4a8c779ab7d847d5a4fb2b48d3edae23 phase=decode requests=25de90a8b4234cdd9f459bf44de5f72b
0.0,78570691,2,39285345.5,39285345.5,38916166,39654525,522098.7,PushPop,":batch=1267ef12e0a64c0695d4eff439acb9e1 phase=decode requests=dfa53ed7b1db427c979733175e83eed5,1b90b5029a8e4095a0953f707b492bc0,2b642560cfbc46a3b415e89ad3a03675,1d3635c1d1b8417da02febe5bb56858c"
0.0,78570054,2,39285027.0,39285027.0,38838072,39731982,632089.8,PushPop,":batch=a4273317bda749b09913ad664c0f7e0c phase=decode requests=eef2914bac744c1ea29ede0988703e4c,91919f5803e44b6faa967b57bddb81bd,4eba997a613d41f1b98e92a342465594,2c91d8351bd845e18b1e6646cd0b5f4b"
0.0,78567285,2,39283642.5,39283642.5,38817356,39749929,659428.7,PushPop,":batch=2c9c2cfe078848448a905a141824883b phase=decode requests=eef2914bac744c1ea29ede0988703e4c,91919f5803e44b6faa967b57bddb81bd,4eba997a613d41f1b98e92a342465594,2c91d8351bd845e18b1e6646cd0b5f4b"
0.0,78565757,2,39282878.5,39282878.5,38874719,39691038,577224.7,PushPop,":batch=a1c99d4172d1454c8cf0bfafe68cd37d phase=decode requests=1811f6ebf58e4b0ea2292b35146cd35f,612ab6a155ee43be83ea6696bd5b8b7f,04a26fdd847647a5a094bbafb63bc469,5f8f2308efff494a9a6a2fa3d4ecc35c"
0.0,78563591,2,39281795.5,39281795.5,38850624,39712967,609768.6,PushPop,":batch=adce24ec4ca848a6924ab2b749f991f3 phase=decode requests=1811f6ebf58e4b0ea2292b35146cd35f,612ab6a155ee43be83ea6696bd5b8b7f,04a26fdd847647a5a094bbafb63bc469,5f8f2308efff494a9a6a2fa3d4ecc35c"
0.0,78563337,2,39281668.5,39281668.5,38852555,39710782,606858.1,PushPop,":batch=df98123313cc4a5ba5765a97187e7d6b phase=decode requests=fd7f18ee548942ab846676d2fc7a354e,7b15763fe2a348b4bded9b891807f3b3,b57ae4d5f220486d9e686230c8c5382e,b86f7835c80b433ab4e1c625067d0f3c"
0.0,78562510,2,39281255.0,39281255.0,38903870,39658640,533703.0,PushPop,":batch=3394c93acebc401da07502743b13546d phase=decode requests=fd7f18ee548942ab846676d2fc7a354e,7b15763fe2a348b4bded9b891807f3b3,b57ae4d5f220486d9e686230c8c5382e,b86f7835c80b433ab4e1c625067d0f3c"
0.0,78561435,2,39280717.5,39280717.5,38899988,39661447,538432.8,PushPop,":batch=961eaf748ede4fb8840ba19ef89519c3 phase=decode requests=fd7f18ee548942ab846676d2fc7a354e,7b15763fe2a348b4bded9b891807f3b3,b57ae4d5f220486d9e686230c8c5382e,b86f7835c80b433ab4e1c625067d0f3c"
0.0,78560635,2,39280317.5,39280317.5,38783270,39777365,702931.3,PushPop,":batch=69679eeec8d54f2db55b859e9af12037 phase=decode requests=fd7f18ee548942ab846676d2fc7a354e,7b15763fe2a348b4bded9b891807f3b3,b57ae4d5f220486d9e686230c8c5382e,b86f7835c80b433ab4e1c625067d0f3c"
0.0,78557696,2,39278848.0,39278848.0,38831956,39725740,632000.7,PushPop,":batch=3e4a43adecad4d14b41630bc4ea03323 phase=decode requests=fd7f18ee548942ab846676d2fc7a354e,7b15763fe2a348b4bded9b891807f3b3,b57ae4d5f220486d9e686230c8c5382e,b86f7835c80b433ab4e1c625067d0f3c"
0.0,78556950,2,39278475.0,39278475.0,38803927,39753023,671112.2,PushPop,":batch=80d16eb6f24749318f614560c778068c phase=decode requests=fd7f18ee548942ab846676d2fc7a354e,7b15763fe2a348b4bded9b891807f3b3,b57ae4d5f220486d9e686230c8c5382e,b86f7835c80b433ab4e1c625067d0f3c"
0.0,78554865,2,39277432.5,39277432.5,38809362,39745503,661951.6,PushPop,":batch=d55287bc33914f578ec3c86721ffb640 phase=decode requests=dfa53ed7b1db427c979733175e83eed5,1b90b5029a8e4095a0953f707b492bc0,2b642560cfbc46a3b415e89ad3a03675,1d3635c1d1b8417da02febe5bb56858c"
0.0,78553217,2,39276608.5,39276608.5,38820458,39732759,645094.2,PushPop,":batch=2c33bcac81844bd1aa5b33b002fe1df7 phase=decode requests=eef2914bac744c1ea29ede0988703e4c,91919f5803e44b6faa967b57bddb81bd,4eba997a613d41f1b98e92a342465594,2c91d8351bd845e18b1e6646cd0b5f4b"
0.0,78552503,2,39276251.5,39276251.5,38845988,39706515,608484.5,PushPop,":batch=21504d21e5c74e69860f39e63840784d phase=decode requests=fd7f18ee548942ab846676d2fc7a354e,7b15763fe2a348b4bded9b891807f3b3,b57ae4d5f220486d9e686230c8c5382e,b86f7835c80b433ab4e1c625067d0f3c"
0.0,78552091,2,39276045.5,39276045.5,38840161,39711930,616433.8,PushPop,":batch=7e0a2c8a33b24966ba244391b85b715c phase=decode requests=fd7f18ee548942ab846676d2fc7a354e,7b15763fe2a348b4bded9b891807f3b3,b57ae4d5f220486d9e686230c8c5382e,b86f7835c80b433ab4e1c625067d0f3c"
0.0,78551267,2,39275633.5,39275633.5,38813257,39738010,653899.1,PushPop,":batch=07f016b7a361459bb57f21fa345f1829 phase=decode requests=fd7f18ee548942ab846676d2fc7a354e,7b15763fe2a348b4bded9b891807f3b3,b57ae4d5f220486d9e686230c8c5382e,b86f7835c80b433ab4e1c625067d0f3c"
0.0,78546990,2,39273495.0,39273495.0,38869401,39677589,571475.2,PushPop,":batch=0ba04b264b8848b794407448a292c5c5 phase=decode requests=fd7f18ee548942ab846676d2fc7a354e,7b15763fe2a348b4bded9b891807f3b3,b57ae4d5f220486d9e686230c8c5382e,b86f7835c80b433ab4e1c625067d0f3c"
0.0,78545395,2,39272697.5,39272697.5,39072284,39473111,283427.5,PushPop,:batch=b6d23bea00cb42fea4bfd78084189dca phase=decode requests=e6255778e8534404ac5ca8451b4d8752
0.0,78543621,2,39271810.5,39271810.5,38844593,39699028,604176.8,PushPop,":batch=05167a0b560946879555771f8e637069 phase=decode requests=dfa53ed7b1db427c979733175e83eed5,1b90b5029a8e4095a0953f707b492bc0,2b642560cfbc46a3b415e89ad3a03675,1d3635c1d1b8417da02febe5bb56858c"
0.0,78543520,2,39271760.0,39271760.0,38903604,39639916,520651.2,PushPop,":batch=2b065a1218d74ca1a677199f3fbc7691 phase=decode requests=dfa53ed7b1db427c979733175e83eed5,1b90b5029a8e4095a0953f707b492bc0,2b642560cfbc46a3b415e89ad3a03675,1d3635c1d1b8417da02febe5bb56858c"
0.0,78543411,2,39271705.5,39271705.5,38771857,39771554,706892.5,PushPop,":batch=f69cd6e67ae24ae981fa1d2981ad57b0 phase=decode requests=dfa53ed7b1db427c979733175e83eed5,1b90b5029a8e4095a0953f707b492bc0,2b642560cfbc46a3b415e89ad3a03675,1d3635c1d1b8417da02febe5bb56858c"
0.0,78542714,2,39271357.0,39271357.0,38797096,39745618,670706.3,PushPop,":batch=f6e539569ba9475aa82b70d206fc407b phase=decode requests=dfa53ed7b1db427c979733175e83eed5,1b90b5029a8e4095a0953f707b492bc0,2b642560cfbc46a3b415e89ad3a03675,1d3635c1d1b8417da02febe5bb56858c"
0.0,78539141,2,39269570.5,39269570.5,38800824,39738317,662907.7,PushPop,":batch=4277745274b242e0b97cb3c3d6ed5460 phase=decode requests=fd7f18ee548942ab846676d2fc7a354e,7b15763fe2a348b4bded9b891807f3b3,b57ae4d5f220486d9e686230c8c5382e,b86f7835c80b433ab4e1c625067d0f3c"
0.0,78538116,2,39269058.0,39269058.0,38852112,39686004,589650.7,PushPop,":batch=7f7232fcb3714b31a4220fd2a7d379f0 phase=decode requests=dfa53ed7b1db427c979733175e83eed5,1b90b5029a8e4095a0953f707b492bc0,2b642560cfbc46a3b415e89ad3a03675,1d3635c1d1b8417da02febe5bb56858c"
0.0,78537301,2,39268650.5,39268650.5,38806420,39730881,653692.6,PushPop,":batch=97b59e78dfa94bd2b7c4efb20538b4d3 phase=decode requests=1811f6ebf58e4b0ea2292b35146cd35f,612ab6a155ee43be83ea6696bd5b8b7f,04a26fdd847647a5a094bbafb63bc469,5f8f2308efff494a9a6a2fa3d4ecc35c"
0.0,78536697,2,39268348.5,39268348.5,38837586,39699111,609190.2,PushPop,":batch=4b495986a158418c9e589a8cc445d083 phase=decode requests=dfa53ed7b1db427c979733175e83eed5,1b90b5029a8e4095a0953f707b492bc0,2b642560cfbc46a3b415e89ad3a03675,1d3635c1d1b8417da02febe5bb56858c"
0.0,78536383,2,39268191.5,39268191.5,38888498,39647885,536967.7,PushPop,":batch=d72343190e0a4102996a36f2a7b3c671 phase=decode requests=fd7f18ee548942ab846676d2fc7a354e,7b15763fe2a348b4bded9b891807f3b3,b57ae4d5f220486d9e686230c8c5382e,b86f7835c80b433ab4e1c625067d0f3c"
0.0,78536048,2,39268024.0,39268024.0,38892704,39643344,530782.6,PushPop,":batch=65918f3047224a159bfcc5be25d152d8 phase=decode requests=fd7f18ee548942ab846676d2fc7a354e,7b15763fe2a348b4bded9b891807f3b3,b57ae4d5f220486d9e686230c8c5382e,b86f7835c80b433ab4e1c625067d0f3c"
0.0,78534337,2,39267168.5,39267168.5,38830390,39703947,617698.1,PushPop,":batch=631d28c9d0434f10bb76dfbfeb684bab phase=decode requests=dfa53ed7b1db427c979733175e83eed5,1b90b5029a8e4095a0953f707b492bc0,2b642560cfbc46a3b415e89ad3a03675,1d3635c1d1b8417da02febe5bb56858c"
0.0,78531983,2,39265991.5,39265991.5,38800426,39731557,658409.0,PushPop,":batch=ae24420f5c32435b906cff6eb44328f0 phase=decode requests=fd7f18ee548942ab846676d2fc7a354e,7b15763fe2a348b4bded9b891807f3b3,b57ae4d5f220486d9e686230c8c5382e,b86f7835c80b433ab4e1c625067d0f3c"
0.0,78531486,2,39265743.0,39265743.0,38819027,39712459,631751.8,PushPop,":batch=c5298e91390e42cb8d7d5ac139210c70 phase=decode requests=fd7f18ee548942ab846676d2fc7a354e,7b15763fe2a348b4bded9b891807f3b3,b57ae4d5f220486d9e686230c8c5382e,b86f7835c80b433ab4e1c625067d0f3c"
0.0,78531120,2,39265560.0,39265560.0,38815903,39715217,635911.0,PushPop,":batch=2e5bf872ca5a440ba1fc2999b12772c7 phase=decode requests=fd7f18ee548942ab846676d2fc7a354e,7b15763fe2a348b4bded9b891807f3b3,b57ae4d5f220486d9e686230c8c5382e,b86f7835c80b433ab4e1c625067d0f3c"
0.0,78531028,2,39265514.0,39265514.0,38829969,39701059,615953.6,PushPop,":batch=ff86c1ac175c4471b72165669c107c23 phase=decode requests=fd7f18ee548942ab846676d2fc7a354e,7b15763fe2a348b4bded9b891807f3b3,b57ae4d5f220486d9e686230c8c5382e,b86f7835c80b433ab4e1c625067d0f3c"
0.0,78531020,2,39265510.0,39265510.0,38884637,39646383,538635.8,PushPop,":batch=92ced4d6c0034f428506a069f0cdf2d3 phase=decode requests=fd7f18ee548942ab846676d2fc7a354e,7b15763fe2a348b4bded9b891807f3b3,b57ae4d5f220486d9e686230c8c5382e,b86f7835c80b433ab4e1c625067d0f3c"
0.0,78530822,2,39265411.0,39265411.0,38865438,39665384,565647.2,PushPop,":batch=f0b518c501fc4b989a3f322251e13142 phase=decode requests=fd7f18ee548942ab846676d2fc7a354e,7b15763fe2a348b4bded9b891807f3b3,b57ae4d5f220486d9e686230c8c5382e,b86f7835c80b433ab4e1c625067d0f3c"
0.0,78529930,2,39264965.0,39264965.0,38840718,39689212,599975.9,PushPop,":batch=36a6e3edebd34743910c31f9183dd07f phase=decode requests=fd7f18ee548942ab846676d2fc7a354e,7b15763fe2a348b4bded9b891807f3b3,b57ae4d5f220486d9e686230c8c5382e,b86f7835c80b433ab4e1c625067d0f3c"
0.0,78527929,2,39263964.5,39263964.5,38786713,39741216,674935.5,PushPop,":batch=7f583a24e66542cba29ad6ec6704b18c phase=decode requests=dfa53ed7b1db427c979733175e83eed5,1b90b5029a8e4095a0953f707b492bc0,2b642560cfbc46a3b415e89ad3a03675,1d3635c1d1b8417da02febe5bb56858c"
0.0,78523908,2,39261954.0,39261954.0,38820563,39703345,624221.1,PushPop,":batch=d36bc72d80bb441faa280dc2aef74d59 phase=decode requests=fd7f18ee548942ab846676d2fc7a354e,7b15763fe2a348b4bded9b891807f3b3,b57ae4d5f220486d9e686230c8c5382e,b86f7835c80b433ab4e1c625067d0f3c"
0.0,78519108,2,39259554.0,39259554.0,38826532,39692576,612385.6,PushPop,":batch=2048b8894bcb4985bc7f38cb2dce3ec5 phase=decode requests=fd7f18ee548942ab846676d2fc7a354e,7b15763fe2a348b4bded9b891807f3b3,b57ae4d5f220486d9e686230c8c5382e,b86f7835c80b433ab4e1c625067d0f3c"
0.0,78515531,2,39257765.5,39257765.5,38803157,39712374,642913.5,PushPop,":batch=4701ec5f1a03481a9af9775b54e2fd9e phase=decode requests=eef2914bac744c1ea29ede0988703e4c,91919f5803e44b6faa967b57bddb81bd,4eba997a613d41f1b98e92a342465594,2c91d8351bd845e18b1e6646cd0b5f4b"
0.0,78515070,2,39257535.0,39257535.0,38885832,39629238,525667.4,PushPop,":batch=36cf7fe09d6145e2a088849f8c9d1121 phase=decode requests=fd7f18ee548942ab846676d2fc7a354e,7b15763fe2a348b4bded9b891807f3b3,b57ae4d5f220486d9e686230c8c5382e,b86f7835c80b433ab4e1c625067d0f3c"
0.0,78512896,2,39256448.0,39256448.0,38883654,39629242,527210.3,PushPop,":batch=e8244bd761b6412eb51ae396ce0ef4e6 phase=decode requests=fd7f18ee548942ab846676d2fc7a354e,7b15763fe2a348b4bded9b891807f3b3,b57ae4d5f220486d9e686230c8c5382e,b86f7835c80b433ab4e1c625067d0f3c"
0.0,78508324,2,39254162.0,39254162.0,38816969,39691355,618284.3,PushPop,":batch=501c26f17f8d4ac590673ae06c43bb2d phase=decode requests=fd7f18ee548942ab846676d2fc7a354e,7b15763fe2a348b4bded9b891807f3b3,b57ae4d5f220486d9e686230c8c5382e,b86f7835c80b433ab4e1c625067d0f3c"
0.0,78508184,2,39254092.0,39254092.0,38890181,39618003,514647.9,PushPop,":batch=62a1bf3857f945baa536c14ec9357bca phase=decode requests=dfa53ed7b1db427c979733175e83eed5,1b90b5029a8e4095a0953f707b492bc0,2b642560cfbc46a3b415e89ad3a03675,1d3635c1d1b8417da02febe5bb56858c"
0.0,78508060,2,39254030.0,39254030.0,38837769,39670291,588682.0,PushPop,":batch=77f0ecba8226431abd0b76f05fb6ebed phase=decode requests=1811f6ebf58e4b0ea2292b35146cd35f,612ab6a155ee43be83ea6696bd5b8b7f,04a26fdd847647a5a094bbafb63bc469,5f8f2308efff494a9a6a2fa3d4ecc35c"
0.0,78505124,2,39252562.0,39252562.0,38786060,39719064,659733.5,PushPop,":batch=2a414f636bae4262adcc921c25f28f97 phase=decode requests=1811f6ebf58e4b0ea2292b35146cd35f,612ab6a155ee43be83ea6696bd5b8b7f,04a26fdd847647a5a094bbafb63bc469,5f8f2308efff494a9a6a2fa3d4ecc35c"
0.0,78504412,2,39252206.0,39252206.0,38744413,39759999,718127.7,PushPop,":batch=214c30c3f0d14f3ab63f004a158a6982 phase=decode requests=fd7f18ee548942ab846676d2fc7a354e,7b15763fe2a348b4bded9b891807f3b3,b57ae4d5f220486d9e686230c8c5382e,b86f7835c80b433ab4e1c625067d0f3c"
0.0,78500449,2,39250224.5,39250224.5,38772401,39728048,675744.5,PushPop,":batch=c31b7fa1c37b4372ab52842e9a1dcab9 phase=decode requests=eef2914bac744c1ea29ede0988703e4c,91919f5803e44b6faa967b57bddb81bd,4eba997a613d41f1b98e92a342465594,2c91d8351bd845e18b1e6646cd0b5f4b"
0.0,78498299,2,39249149.5,39249149.5,38874288,39624011,530134.2,PushPop,":batch=1a6e4a3359424575b81be5977a4c21d3 phase=decode requests=1811f6ebf58e4b0ea2292b35146cd35f,612ab6a155ee43be83ea6696bd5b8b7f,04a26fdd847647a5a094bbafb63bc469,5f8f2308efff494a9a6a2fa3d4ecc35c"
0.0,78498053,2,39249026.5,39249026.5,38804256,39693797,629000.5,PushPop,":batch=e8301f859b7f4441b6b40096b413ada0 phase=decode requests=fd7f18ee548942ab846676d2fc7a354e,7b15763fe2a348b4bded9b891807f3b3,b57ae4d5f220486d9e686230c8c5382e,b86f7835c80b433ab4e1c625067d0f3c"
0.0,78496040,2,39248020.0,39248020.0,38819441,39676599,606102.2,PushPop,":batch=aca04efe0faf43449b54ffd6a45867fd phase=decode requests=eef2914bac744c1ea29ede0988703e4c,91919f5803e44b6faa967b57bddb81bd,4eba997a613d41f1b98e92a342465594,2c91d8351bd845e18b1e6646cd0b5f4b"
0.0,78494853,2,39247426.5,39247426.5,38788355,39706498,649225.1,PushPop,":batch=651aadd585594b16be0f2ece60746cb7 phase=decode requests=fd7f18ee548942ab846676d2fc7a354e,7b15763fe2a348b4bded9b891807f3b3,b57ae4d5f220486d9e686230c8c5382e,b86f7835c80b433ab4e1c625067d0f3c"
0.0,78493866,2,39246933.0,39246933.0,38840050,39653816,575419.5,PushPop,":batch=10ada87ae9ef4c2bb874ffb1cbfb4949 phase=decode requests=fd7f18ee548942ab846676d2fc7a354e,7b15763fe2a348b4bded9b891807f3b3,b57ae4d5f220486d9e686230c8c5382e,b86f7835c80b433ab4e1c625067d0f3c"
0.0,78492738,2,39246369.0,39246369.0,38784545,39708193,653117.8,PushPop,":batch=d23ac54182e7438a81dc001daa35e6e1 phase=decode requests=fd7f18ee548942ab846676d2fc7a354e,7b15763fe2a348b4bded9b891807f3b3,b57ae4d5f220486d9e686230c8c5382e,b86f7835c80b433ab4e1c625067d0f3c"
0.0,78492602,2,39246301.0,39246301.0,38858915,39633687,547846.5,PushPop,":batch=b8fa8741228e4eca89755b0dd3a3ea76 phase=decode requests=eef2914bac744c1ea29ede0988703e4c,91919f5803e44b6faa967b57bddb81bd,4eba997a613d41f1b98e92a342465594,2c91d8351bd845e18b1e6646cd0b5f4b"
0.0,78490959,2,39245479.5,39245479.5,38876271,39614688,522139.7,PushPop,":batch=90b0adb5465a4035b8da1590c57e4ed9 phase=decode requests=eef2914bac744c1ea29ede0988703e4c,91919f5803e44b6faa967b57bddb81bd,4eba997a613d41f1b98e92a342465594,2c91d8351bd845e18b1e6646cd0b5f4b"
0.0,78490070,2,39245035.0,39245035.0,38824727,39665343,594405.3,PushPop,":batch=274357f5377c46559ff5d01c71e4af83 phase=decode requests=fd7f18ee548942ab846676d2fc7a354e,7b15763fe2a348b4bded9b891807f3b3,b57ae4d5f220486d9e686230c8c5382e,b86f7835c80b433ab4e1c625067d0f3c"
0.0,78489914,2,39244957.0,39244957.0,38421654,40068260,1164326.3,PushPop,":batch=e84579f9d0f74368b56f48a4fa97e1f0 phase=decode requests=dfa53ed7b1db427c979733175e83eed5,1b90b5029a8e4095a0953f707b492bc0,2b642560cfbc46a3b415e89ad3a03675,1d3635c1d1b8417da02febe5bb56858c"
0.0,78487147,2,39243573.5,39243573.5,38864550,39622597,536020.2,PushPop,":batch=c5b4c3d66e2b44989fd07e6251f3797c phase=decode requests=1811f6ebf58e4b0ea2292b35146cd35f,612ab6a155ee43be83ea6696bd5b8b7f,04a26fdd847647a5a094bbafb63bc469,5f8f2308efff494a9a6a2fa3d4ecc35c"
0.0,78485078,2,39242539.0,39242539.0,38838566,39646512,571304.1,PushPop,":batch=7480dcb629be4b33846027bf58d0694c phase=decode requests=dfa53ed7b1db427c979733175e83eed5,1b90b5029a8e4095a0953f707b492bc0,2b642560cfbc46a3b415e89ad3a03675,1d3635c1d1b8417da02febe5bb56858c"
0.0,78483962,2,39241981.0,39241981.0,38847790,39636172,557470.3,PushPop,":batch=bb020876035c477a9b6cc1dc6fbba4e8 phase=decode requests=fd7f18ee548942ab846676d2fc7a354e,7b15763fe2a348b4bded9b891807f3b3,b57ae4d5f220486d9e686230c8c5382e,b86f7835c80b433ab4e1c625067d0f3c"
0.0,78483225,2,39241612.5,39241612.5,38801986,39681239,621725.8,PushPop,":batch=ce224bb8df6c4d6db4b08e3514f5c7f3 phase=decode requests=fd7f18ee548942ab846676d2fc7a354e,7b15763fe2a348b4bded9b891807f3b3,b57ae4d5f220486d9e686230c8c5382e,b86f7835c80b433ab4e1c625067d0f3c"
0.0,78482141,2,39241070.5,39241070.5,38794179,39687962,632000.0,PushPop,":batch=46386bf4197942e986b90f390af5111f phase=decode requests=dfa53ed7b1db427c979733175e83eed5,1b90b5029a8e4095a0953f707b492bc0,2b642560cfbc46a3b415e89ad3a03675,1d3635c1d1b8417da02febe5bb56858c"
0.0,78481459,2,39240729.5,39240729.5,38782393,39699066,648185.7,PushPop,":batch=288c36dcc8f44c97b726552309b7bdef phase=decode requests=dfa53ed7b1db427c979733175e83eed5,1b90b5029a8e4095a0953f707b492bc0,2b642560cfbc46a3b415e89ad3a03675,1d3635c1d1b8417da02febe5bb56858c"
0.0,78480063,2,39240031.5,39240031.5,38793717,39686346,631184.0,PushPop,":batch=bf7ec16e99a249c58a1caf91397b4f8c phase=decode requests=fd7f18ee548942ab846676d2fc7a354e,7b15763fe2a348b4bded9b891807f3b3,b57ae4d5f220486d9e686230c8c5382e,b86f7835c80b433ab4e1c625067d0f3c"
0.0,78479466,2,39239733.0,39239733.0,38862306,39617160,533762.4,PushPop,":batch=efc49ebd7f71424583c5988be3cd67ce phase=decode requests=fd7f18ee548942ab846676d2fc7a354e,7b15763fe2a348b4bded9b891807f3b3,b57ae4d5f220486d9e686230c8c5382e,b86f7835c80b433ab4e1c625067d0f3c"
0.0,78478507,2,39239253.5,39239253.5,38748747,39729760,693680.9,PushPop,":batch=f72ac22ce92b44d182d47376345eba63 phase=decode requests=dfa53ed7b1db427c979733175e83eed5,1b90b5029a8e4095a0953f707b492bc0,2b642560cfbc46a3b415e89ad3a03675,1d3635c1d1b8417da02febe5bb56858c"
0.0,78477267,2,39238633.5,39238633.5,38791807,39685460,631908.1,PushPop,":batch=555c9b3f16804211a33c6cc522723d99 phase=decode requests=dfa53ed7b1db427c979733175e83eed5,1b90b5029a8e4095a0953f707b492bc0,2b642560cfbc46a3b415e89ad3a03675,1d3635c1d1b8417da02febe5bb56858c"
0.0,78477154,2,39238577.0,39238577.0,38737616,39739538,708465.8,PushPop,":batch=16d0d1f9f7574f0587591383b4ea01f6 phase=decode requests=dfa53ed7b1db427c979733175e83eed5,1b90b5029a8e4095a0953f707b492bc0,2b642560cfbc46a3b415e89ad3a03675,1d3635c1d1b8417da02febe5bb56858c"
0.0,78475627,2,39237813.5,39237813.5,38839116,39636511,563843.4,PushPop,":batch=fd3eef07caef4cb193653c33897fdaa6 phase=decode requests=dfa53ed7b1db427c979733175e83eed5,1b90b5029a8e4095a0953f707b492bc0,2b642560cfbc46a3b415e89ad3a03675,1d3635c1d1b8417da02febe5bb56858c"
0.0,78474355,2,39237177.5,39237177.5,39026184,39448171,298389.9,PushPop,:batch=6c0e793d663e42e8afbaea24b42dd1df phase=decode requests=25de90a8b4234cdd9f459bf44de5f72b
0.0,78474176,2,39237088.0,39237088.0,38738719,39735457,704800.2,PushPop,":batch=506ef589a7634bf1a5ed1fd4f707aa88 phase=decode requests=dfa53ed7b1db427c979733175e83eed5,1b90b5029a8e4095a0953f707b492bc0,2b642560cfbc46a3b415e89ad3a03675,1d3635c1d1b8417da02febe5bb56858c"
0.0,78473811,2,39236905.5,39236905.5,38743380,39730431,697950.5,PushPop,":batch=6cf45afde2a948a699a83a69d068cc16 phase=decode requests=dfa53ed7b1db427c979733175e83eed5,1b90b5029a8e4095a0953f707b492bc0,2b642560cfbc46a3b415e89ad3a03675,1d3635c1d1b8417da02febe5bb56858c"
0.0,78473026,2,39236513.0,39236513.0,38802229,39670797,614170.3,PushPop,":batch=6ad591a9f3e24352a122e347cb9f2e39 phase=decode requests=dfa53ed7b1db427c979733175e83eed5,1b90b5029a8e4095a0953f707b492bc0,2b642560cfbc46a3b415e89ad3a03675,1d3635c1d1b8417da02febe5bb56858c"
0.0,78472264,2,39236132.0,39236132.0,38799200,39673064,617915.2,PushPop,":batch=37e7b2855fe8477da33f8805e6438fbd phase=decode requests=dfa53ed7b1db427c979733175e83eed5,1b90b5029a8e4095a0953f707b492bc0,2b642560cfbc46a3b415e89ad3a03675,1d3635c1d1b8417da02febe5bb56858c"
0.0,78471512,2,39235756.0,39235756.0,39046061,39425451,268269.2,PushPop,:batch=656c293b9001408dbc82fe82a57a5ea4 phase=decode requests=25de90a8b4234cdd9f459bf44de5f72b
0.0,78471506,2,39235753.0,39235753.0,38800170,39671336,616007.4,PushPop,":batch=2fde165e6c254bc292d0b6a134635528 phase=decode requests=1811f6ebf58e4b0ea2292b35146cd35f,612ab6a155ee43be83ea6696bd5b8b7f,04a26fdd847647a5a094bbafb63bc469,5f8f2308efff494a9a6a2fa3d4ecc35c"
0.0,78471079,2,39235539.5,39235539.5,39054355,39416724,256233.6,PushPop,:batch=f9a8cbb9be274af3b2c5ef1fa968831f phase=decode requests=e6255778e8534404ac5ca8451b4d8752
0.0,78468808,2,39234404.0,39234404.0,38847170,39621638,547631.6,PushPop,":batch=5d26f5a64fe24168add64988fc6edcc5 phase=decode requests=fd7f18ee548942ab846676d2fc7a354e,7b15763fe2a348b4bded9b891807f3b3,b57ae4d5f220486d9e686230c8c5382e,b86f7835c80b433ab4e1c625067d0f3c"
0.0,78466155,2,39233077.5,39233077.5,38771739,39694416,652431.2,PushPop,":batch=fbf2a49ab0bc47caa7dec8a69faf5d5a phase=decode requests=eef2914bac744c1ea29ede0988703e4c,91919f5803e44b6faa967b57bddb81bd,4eba997a613d41f1b98e92a342465594,2c91d8351bd845e18b1e6646cd0b5f4b"
0.0,78465219,2,39232609.5,39232609.5,38821483,39643736,581420.7,PushPop,":batch=d1fcfc6d99cd40df8a1292bd68edae98 phase=decode requests=fd7f18ee548942ab846676d2fc7a354e,7b15763fe2a348b4bded9b891807f3b3,b57ae4d5f220486d9e686230c8c5382e,b86f7835c80b433ab4e1c625067d0f3c"
0.0,78461343,2,39230671.5,39230671.5,39014640,39446703,305514.7,PushPop,:batch=47886f9ae46c45c8916f9b4eeffcb18e phase=decode requests=25de90a8b4234cdd9f459bf44de5f72b
0.0,78460921,2,39230460.5,39230460.5,38849837,39611084,538282.9,PushPop,":batch=f45ef788bd4541ee925dbd85538bb6f7 phase=decode requests=fd7f18ee548942ab846676d2fc7a354e,7b15763fe2a348b4bded9b891807f3b3,b57ae4d5f220486d9e686230c8c5382e,b86f7835c80b433ab4e1c625067d0f3c"
0.0,78459471,2,39229735.5,39229735.5,38771041,39688430,648692.0,PushPop,":batch=eb41a613a3484854a94b44f99f405a73 phase=decode requests=dfa53ed7b1db427c979733175e83eed5,1b90b5029a8e4095a0953f707b492bc0,2b642560cfbc46a3b415e89ad3a03675,1d3635c1d1b8417da02febe5bb56858c"
0.0,78456180,2,39228090.0,39228090.0,38848057,39608123,537447.8,PushPop,":batch=fd5ce367736e4ea591cbaee0b0749535 phase=decode requests=fd7f18ee548942ab846676d2fc7a354e,7b15763fe2a348b4bded9b891807f3b3,b57ae4d5f220486d9e686230c8c5382e,b86f7835c80b433ab4e1c625067d0f3c"
0.0,78454158,2,39227079.0,39227079.0,38740216,39713942,688528.3,PushPop,":batch=e6a8731ee6614b489ee7f22f40a234e0 phase=decode requests=eef2914bac744c1ea29ede0988703e4c,91919f5803e44b6faa967b57bddb81bd,4eba997a613d41f1b98e92a342465594,2c91d8351bd845e18b1e6646cd0b5f4b"
0.0,78452007,2,39226003.5,39226003.5,38797878,39654129,605460.9,PushPop,":batch=07db49aadde148fabc3dd5e28e8fd965 phase=decode requests=1811f6ebf58e4b0ea2292b35146cd35f,612ab6a155ee43be83ea6696bd5b8b7f,04a26fdd847647a5a094bbafb63bc469,5f8f2308efff494a9a6a2fa3d4ecc35c"
0.0,78451132,2,39225566.0,39225566.0,38824907,39626225,566617.4,PushPop,":batch=7419bbeacfc5498c91b12e9cadfb92de phase=decode requests=fd7f18ee548942ab846676d2fc7a354e,7b15763fe2a348b4bded9b891807f3b3,b57ae4d5f220486d9e686230c8c5382e,b86f7835c80b433ab4e1c625067d0f3c"
0.0,78450306,2,39225153.0,39225153.0,38802229,39648077,598104.9,PushPop,":batch=10726587d73d475b8ae54c8506222716 phase=decode requests=fd7f18ee548942ab846676d2fc7a354e,7b15763fe2a348b4bded9b891807f3b3,b57ae4d5f220486d9e686230c8c5382e,b86f7835c80b433ab4e1c625067d0f3c"
0.0,78449429,2,39224714.5,39224714.5,38857463,39591966,519372.1,PushPop,":batch=6faa37ab1dca440dbc7a25c9014cf9c3 phase=decode requests=1811f6ebf58e4b0ea2292b35146cd35f,612ab6a155ee43be83ea6696bd5b8b7f,04a26fdd847647a5a094bbafb63bc469,5f8f2308efff494a9a6a2fa3d4ecc35c"
0.0,78448685,2,39224342.5,39224342.5,38788107,39660578,616930.2,PushPop,":batch=0a4898801bcf4308a8db8c2e618dfa81 phase=decode requests=fd7f18ee548942ab846676d2fc7a354e,7b15763fe2a348b4bded9b891807f3b3,b57ae4d5f220486d9e686230c8c5382e,b86f7835c80b433ab4e1c625067d0f3c"
0.0,78448112,2,39224056.0,39224056.0,38831363,39616749,555351.8,PushPop,":batch=7fb3eb6ce0f545a7963043375a7e1fcf phase=decode requests=dfa53ed7b1db427c979733175e83eed5,1b90b5029a8e4095a0953f707b492bc0,2b642560cfbc46a3b415e89ad3a03675,1d3635c1d1b8417da02febe5bb56858c"
0.0,78447233,2,39223616.5,39223616.5,38778688,39668545,629223.9,PushPop,":batch=8338864571c646f58b4b0df33fe1b445 phase=decode requests=fd7f18ee548942ab846676d2fc7a354e,7b15763fe2a348b4bded9b891807f3b3,b57ae4d5f220486d9e686230c8c5382e,b86f7835c80b433ab4e1c625067d0f3c"
0.0,78447064,2,39223532.0,39223532.0,38801983,39645081,596160.3,PushPop,":batch=42a1d0ec3cf74cf4a46859545ddf9875 phase=decode requests=eef2914bac744c1ea29ede0988703e4c,91919f5803e44b6faa967b57bddb81bd,4eba997a613d41f1b98e92a342465594,2c91d8351bd845e18b1e6646cd0b5f4b"
0.0,78445708,2,39222854.0,39222854.0,38757481,39688227,658136.8,PushPop,":batch=7fab753841454861b1fbf18bafe3f6be phase=decode requests=fd7f18ee548942ab846676d2fc7a354e,7b15763fe2a348b4bded9b891807f3b3,b57ae4d5f220486d9e686230c8c5382e,b86f7835c80b433ab4e1c625067d0f3c"
0.0,78444912,2,39222456.0,39222456.0,38809544,39635368,583945.8,PushPop,":batch=4bf4e15911cb4c5a8cba92d6778c52b6 phase=decode requests=dfa53ed7b1db427c979733175e83eed5,1b90b5029a8e4095a0953f707b492bc0,2b642560cfbc46a3b415e89ad3a03675,1d3635c1d1b8417da02febe5bb56858c"
0.0,78440553,2,39220276.5,39220276.5,38724210,39716343,701544.0,PushPop,":batch=4b46362fedcc44ecaaecf923bb49d38d phase=decode requests=fd7f18ee548942ab846676d2fc7a354e,7b15763fe2a348b4bded9b891807f3b3,b57ae4d5f220486d9e686230c8c5382e,b86f7835c80b433ab4e1c625067d0f3c"
0.0,78438376,2,39219188.0,39219188.0,38860513,39577863,507243.0,PushPop,":batch=c478865331564c5f8e09e9bd344ce88d phase=decode requests=fd7f18ee548942ab846676d2fc7a354e,7b15763fe2a348b4bded9b891807f3b3,b57ae4d5f220486d9e686230c8c5382e,b86f7835c80b433ab4e1c625067d0f3c"
0.0,78432404,2,39216202.0,39216202.0,38743492,39688912,668512.9,PushPop,":batch=54b667aef17547329ca6e02e2b96bbc3 phase=decode requests=dfa53ed7b1db427c979733175e83eed5,1b90b5029a8e4095a0953f707b492bc0,2b642560cfbc46a3b415e89ad3a03675,1d3635c1d1b8417da02febe5bb56858c"
0.0,78431364,2,39215682.0,39215682.0,38793386,39637978,597216.7,PushPop,":batch=c3533ea56480459794aa2245d511b860 phase=decode requests=fd7f18ee548942ab846676d2fc7a354e,7b15763fe2a348b4bded9b891807f3b3,b57ae4d5f220486d9e686230c8c5382e,b86f7835c80b433ab4e1c625067d0f3c"
0.0,78430770,2,39215385.0,39215385.0,38759372,39671398,644899.8,PushPop,":batch=a1efa9403a424a3abc72d11ee8a13d73 phase=decode requests=1811f6ebf58e4b0ea2292b35146cd35f,612ab6a155ee43be83ea6696bd5b8b7f,04a26fdd847647a5a094bbafb63bc469,5f8f2308efff494a9a6a2fa3d4ecc35c"
0.0,78425815,2,39212907.5,39212907.5,38746691,39679124,659329.7,PushPop,":batch=2dcd064cb13441b497e6b290f0119f4b phase=decode requests=fd7f18ee548942ab846676d2fc7a354e,7b15763fe2a348b4bded9b891807f3b3,b57ae4d5f220486d9e686230c8c5382e,b86f7835c80b433ab4e1c625067d0f3c"
0.0,78424885,2,39212442.5,39212442.5,38787642,39637243,600758.6,PushPop,":batch=d2821fc13c0748e098650e28f4a04da2 phase=decode requests=fd7f18ee548942ab846676d2fc7a354e,7b15763fe2a348b4bded9b891807f3b3,b57ae4d5f220486d9e686230c8c5382e,b86f7835c80b433ab4e1c625067d0f3c"
0.0,78424688,2,39212344.0,39212344.0,38838005,39586683,529395.3,PushPop,":batch=42bc3f1ebc954ad99c52083c6c2a50d6 phase=decode requests=eef2914bac744c1ea29ede0988703e4c,91919f5803e44b6faa967b57bddb81bd,4eba997a613d41f1b98e92a342465594,2c91d8351bd845e18b1e6646cd0b5f4b"
0.0,78424567,2,39212283.5,39212283.5,38735120,39689447,674811.1,PushPop,":batch=6637eaeaaefe43608f787af6153eb92c phase=decode requests=fd7f18ee548942ab846676d2fc7a354e,7b15763fe2a348b4bded9b891807f3b3,b57ae4d5f220486d9e686230c8c5382e,b86f7835c80b433ab4e1c625067d0f3c"
0.0,78422455,2,39211227.5,39211227.5,38773436,39649019,619130.7,PushPop,":batch=32c17aa2597242c890f57e385e5d36d7 phase=decode requests=fd7f18ee548942ab846676d2fc7a354e,7b15763fe2a348b4bded9b891807f3b3,b57ae4d5f220486d9e686230c8c5382e,b86f7835c80b433ab4e1c625067d0f3c"
0.0,78421985,2,39210992.5,39210992.5,38774297,39647688,617580.7,PushPop,":batch=1ac17196d17f4871bfadb5645907eebd phase=decode requests=dfa53ed7b1db427c979733175e83eed5,1b90b5029a8e4095a0953f707b492bc0,2b642560cfbc46a3b415e89ad3a03675,1d3635c1d1b8417da02febe5bb56858c"
0.0,78420255,2,39210127.5,39210127.5,38772018,39648237,619580.4,PushPop,":batch=d0114e5eb4c54b04871eae4fd9024807 phase=decode requests=fd7f18ee548942ab846676d2fc7a354e,7b15763fe2a348b4bded9b891807f3b3,b57ae4d5f220486d9e686230c8c5382e,b86f7835c80b433ab4e1c625067d0f3c"
0.0,78417373,2,39208686.5,39208686.5,38777508,39639865,609778.5,PushPop,":batch=1d927450691a43a28bab85ee81dff87b phase=decode requests=fd7f18ee548942ab846676d2fc7a354e,7b15763fe2a348b4bded9b891807f3b3,b57ae4d5f220486d9e686230c8c5382e,b86f7835c80b433ab4e1c625067d0f3c"
0.0,78416170,2,39208085.0,39208085.0,38752391,39663779,644448.6,PushPop,":batch=7d0100c7b4f14fc3920fb8f06a735ba4 phase=decode requests=eef2914bac744c1ea29ede0988703e4c,91919f5803e44b6faa967b57bddb81bd,4eba997a613d41f1b98e92a342465594,2c91d8351bd845e18b1e6646cd0b5f4b"
0.0,78414545,2,39207272.5,39207272.5,38788581,39625964,592119.2,PushPop,":batch=25cc2a1991ca453f9ae59d4f9ae607b8 phase=decode requests=eef2914bac744c1ea29ede0988703e4c,91919f5803e44b6faa967b57bddb81bd,4eba997a613d41f1b98e92a342465594,2c91d8351bd845e18b1e6646cd0b5f4b"
0.0,78414265,2,39207132.5,39207132.5,38814691,39599574,554996.1,PushPop,":batch=3621c8e31fba4487bb19e4fc32256885 phase=decode requests=fd7f18ee548942ab846676d2fc7a354e,7b15763fe2a348b4bded9b891807f3b3,b57ae4d5f220486d9e686230c8c5382e,b86f7835c80b433ab4e1c625067d0f3c"
0.0,78413513,2,39206756.5,39206756.5,38772702,39640811,613845.8,PushPop,":batch=ae71e87ab8b546efa49f67bbf4fb3d29 phase=decode requests=eef2914bac744c1ea29ede0988703e4c,91919f5803e44b6faa967b57bddb81bd,4eba997a613d41f1b98e92a342465594,2c91d8351bd845e18b1e6646cd0b5f4b"
0.0,78413380,2,39206690.0,39206690.0,38747424,39665956,649500.2,PushPop,":batch=fe760c5b63a548ebaae46e8719e629ee phase=decode requests=fd7f18ee548942ab846676d2fc7a354e,7b15763fe2a348b4bded9b891807f3b3,b57ae4d5f220486d9e686230c8c5382e,b86f7835c80b433ab4e1c625067d0f3c"
0.0,78412947,2,39206473.5,39206473.5,38709896,39703051,702266.6,PushPop,":batch=a6e9b96de0ae4a48b68a1976d065b7c6 phase=decode requests=fd7f18ee548942ab846676d2fc7a354e,7b15763fe2a348b4bded9b891807f3b3,b57ae4d5f220486d9e686230c8c5382e,b86f7835c80b433ab4e1c625067d0f3c"
0.0,78412624,2,39206312.0,39206312.0,38845859,39566765,509757.5,PushPop,":batch=d66bcfb65b864008bb8a6a724f4a7ce8 phase=decode requests=1811f6ebf58e4b0ea2292b35146cd35f,612ab6a155ee43be83ea6696bd5b8b7f,04a26fdd847647a5a094bbafb63bc469,5f8f2308efff494a9a6a2fa3d4ecc35c"
0.0,78412205,2,39206102.5,39206102.5,38702721,39709484,711888.9,PushPop,":batch=ee96204b6dc34539b50a2cd0051d4780 phase=decode requests=eef2914bac744c1ea29ede0988703e4c,91919f5803e44b6faa967b57bddb81bd,4eba997a613d41f1b98e92a342465594,2c91d8351bd845e18b1e6646cd0b5f4b"
0.0,78411803,2,39205901.5,39205901.5,38744917,39666886,651930.5,PushPop,":batch=0a9e2cd0f631423dae0d95e6a3fb9b61 phase=decode requests=dfa53ed7b1db427c979733175e83eed5,1b90b5029a8e4095a0953f707b492bc0,2b642560cfbc46a3b415e89ad3a03675,1d3635c1d1b8417da02febe5bb56858c"
0.0,78411755,2,39205877.5,39205877.5,38755719,39656036,636620.3,PushPop,":batch=b26dd371effb4ce6aa115477a8556054 phase=decode requests=dfa53ed7b1db427c979733175e83eed5,1b90b5029a8e4095a0953f707b492bc0,2b642560cfbc46a3b415e89ad3a03675,1d3635c1d1b8417da02febe5bb56858c"
0.0,78409300,2,39204650.0,39204650.0,38763357,39645943,624082.5,PushPop,":batch=abe7026275504cc7b695067b9ea2e08e phase=decode requests=fd7f18ee548942ab846676d2fc7a354e,7b15763fe2a348b4bded9b891807f3b3,b57ae4d5f220486d9e686230c8c5382e,b86f7835c80b433ab4e1c625067d0f3c"
0.0,78408163,2,39204081.5,39204081.5,38716246,39691917,689903.6,PushPop,":batch=5ea5c516079344969d543e3cc1b65cb2 phase=decode requests=eef2914bac744c1ea29ede0988703e4c,91919f5803e44b6faa967b57bddb81bd,4eba997a613d41f1b98e92a342465594,2c91d8351bd845e18b1e6646cd0b5f4b"
0.0,78405511,2,39202755.5,39202755.5,38731990,39673521,665763.0,PushPop,":batch=3428d218332a4364abc7a70c9d2df3f6 phase=decode requests=dfa53ed7b1db427c979733175e83eed5,1b90b5029a8e4095a0953f707b492bc0,2b642560cfbc46a3b415e89ad3a03675,1d3635c1d1b8417da02febe5bb56858c"
0.0,78404798,2,39202399.0,39202399.0,38787316,39617482,587016.0,PushPop,":batch=e5eb57989fb947068fe8f7c8d0e15189 phase=decode requests=fd7f18ee548942ab846676d2fc7a354e,7b15763fe2a348b4bded9b891807f3b3,b57ae4d5f220486d9e686230c8c5382e,b86f7835c80b433ab4e1c625067d0f3c"
0.0,78403717,2,39201858.5,39201858.5,38756028,39647689,630499.5,PushPop,":batch=4b001a82c620491381a49da100c78eee phase=decode requests=dfa53ed7b1db427c979733175e83eed5,1b90b5029a8e4095a0953f707b492bc0,2b642560cfbc46a3b415e89ad3a03675,1d3635c1d1b8417da02febe5bb56858c"
0.0,78403601,2,39201800.5,39201800.5,38799817,39603784,568490.5,PushPop,":batch=82a8387fc6d44a6c9abee6d33ecbb8a3 phase=decode requests=dfa53ed7b1db427c979733175e83eed5,1b90b5029a8e4095a0953f707b492bc0,2b642560cfbc46a3b415e89ad3a03675,1d3635c1d1b8417da02febe5bb56858c"
0.0,78403391,2,39201695.5,39201695.5,38769890,39633501,610665.2,PushPop,":batch=6288fa96f76f4ea499b3d953ef46b332 phase=decode requests=dfa53ed7b1db427c979733175e83eed5,1b90b5029a8e4095a0953f707b492bc0,2b642560cfbc46a3b415e89ad3a03675,1d3635c1d1b8417da02febe5bb56858c"
0.0,78402301,2,39201150.5,39201150.5,38751543,39650758,635841.0,PushPop,":batch=fa6588a8efa84c54af7a65ef3c00e289 phase=decode requests=dfa53ed7b1db427c979733175e83eed5,1b90b5029a8e4095a0953f707b492bc0,2b642560cfbc46a3b415e89ad3a03675,1d3635c1d1b8417da02febe5bb56858c"
0.0,78402112,2,39201056.0,39201056.0,38770386,39631726,609059.4,PushPop,":batch=7aef735ef14145acb3788ec9e6bfbb33 phase=decode requests=fd7f18ee548942ab846676d2fc7a354e,7b15763fe2a348b4bded9b891807f3b3,b57ae4d5f220486d9e686230c8c5382e,b86f7835c80b433ab4e1c625067d0f3c"
0.0,78401043,2,39200521.5,39200521.5,38739501,39661542,651981.4,PushPop,":batch=7d810d22c7cb45ff913a11a656ad48a4 phase=decode requests=fd7f18ee548942ab846676d2fc7a354e,7b15763fe2a348b4bded9b891807f3b3,b57ae4d5f220486d9e686230c8c5382e,b86f7835c80b433ab4e1c625067d0f3c"
0.0,78401038,2,39200519.0,39200519.0,38781586,39619452,592460.7,PushPop,":batch=19ce186333084396af095471bf392a1c phase=decode requests=fd7f18ee548942ab846676d2fc7a354e,7b15763fe2a348b4bded9b891807f3b3,b57ae4d5f220486d9e686230c8c5382e,b86f7835c80b433ab4e1c625067d0f3c"
0.0,78398532,2,39199266.0,39199266.0,38996859,39401673,286246.7,PushPop,:batch=4ccba59651a5407ab56f4184fce4ecc9 phase=decode requests=25de90a8b4234cdd9f459bf44de5f72b
0.0,78397590,2,39198795.0,39198795.0,38745406,39652184,641188.9,PushPop,":batch=8100f68ef75044ce824f0581c73e8184 phase=decode requests=1811f6ebf58e4b0ea2292b35146cd35f,612ab6a155ee43be83ea6696bd5b8b7f,04a26fdd847647a5a094bbafb63bc469,5f8f2308efff494a9a6a2fa3d4ecc35c"
0.0,78397223,2,39198611.5,39198611.5,38774930,39622293,599176.1,PushPop,":batch=796b05e8c7be41879d4860ccddd9247f phase=decode requests=eef2914bac744c1ea29ede0988703e4c,91919f5803e44b6faa967b57bddb81bd,4eba997a613d41f1b98e92a342465594,2c91d8351bd845e18b1e6646cd0b5f4b"
0.0,78396929,2,39198464.5,39198464.5,38771316,39625613,604079.2,PushPop,":batch=32383c95852a4730aa7fbfef217fbc3a phase=decode requests=eef2914bac744c1ea29ede0988703e4c,91919f5803e44b6faa967b57bddb81bd,4eba997a613d41f1b98e92a342465594,2c91d8351bd845e18b1e6646cd0b5f4b"
0.0,78395612,2,39197806.0,39197806.0,38761951,39633661,616392.1,PushPop,":batch=494c526aa3e94dc6b73997e34a3630eb phase=decode requests=fd7f18ee548942ab846676d2fc7a354e,7b15763fe2a348b4bded9b891807f3b3,b57ae4d5f220486d9e686230c8c5382e,b86f7835c80b433ab4e1c625067d0f3c"
0.0,78394486,2,39197243.0,39197243.0,38714221,39680265,683096.3,PushPop,":batch=a0f013a87b5848c9adff8361cc8c59a5 phase=decode requests=fd7f18ee548942ab846676d2fc7a354e,7b15763fe2a348b4bded9b891807f3b3,b57ae4d5f220486d9e686230c8c5382e,b86f7835c80b433ab4e1c625067d0f3c"
0.0,78392726,2,39196363.0,39196363.0,38729034,39663692,660903.0,PushPop,":batch=bc82fd6c23e44bbba847f997a972d449 phase=decode requests=fd7f18ee548942ab846676d2fc7a354e,7b15763fe2a348b4bded9b891807f3b3,b57ae4d5f220486d9e686230c8c5382e,b86f7835c80b433ab4e1c625067d0f3c"
0.0,78392513,2,39196256.5,39196256.5,38719097,39673416,674805.4,PushPop,":batch=a5256db96aa94a3188ff1a9ce0a1afa5 phase=decode requests=eef2914bac744c1ea29ede0988703e4c,91919f5803e44b6faa967b57bddb81bd,4eba997a613d41f1b98e92a342465594,2c91d8351bd845e18b1e6646cd0b5f4b"
0.0,78392394,2,39196197.0,39196197.0,38707120,39685274,691659.3,PushPop,":batch=1081de777d32486fb393d26fcbdc788b phase=decode requests=fd7f18ee548942ab846676d2fc7a354e,7b15763fe2a348b4bded9b891807f3b3,b57ae4d5f220486d9e686230c8c5382e,b86f7835c80b433ab4e1c625067d0f3c"
0.0,78389505,2,39194752.5,39194752.5,38763387,39626118,610042.9,PushPop,":batch=514875f3453b474fbd7adbe1b240fd4d phase=decode requests=fd7f18ee548942ab846676d2fc7a354e,7b15763fe2a348b4bded9b891807f3b3,b57ae4d5f220486d9e686230c8c5382e,b86f7835c80b433ab4e1c625067d0f3c"
0.0,78387720,2,39193860.0,39193860.0,38757672,39630048,616863.0,PushPop,":batch=5b5e930dc36148c297b9a06a2e952a00 phase=decode requests=fd7f18ee548942ab846676d2fc7a354e,7b15763fe2a348b4bded9b891807f3b3,b57ae4d5f220486d9e686230c8c5382e,b86f7835c80b433ab4e1c625067d0f3c"
0.0,78386355,2,39193177.5,39193177.5,38764516,39621839,606218.9,PushPop,":batch=86f9ed1f9f374b56bae0ea57208c172b phase=decode requests=dfa53ed7b1db427c979733175e83eed5,1b90b5029a8e4095a0953f707b492bc0,2b642560cfbc46a3b415e89ad3a03675,1d3635c1d1b8417da02febe5bb56858c"
0.0,78384926,2,39192463.0,39192463.0,38710975,39673951,680926.9,PushPop,":batch=c493bcf005ef40368c4f64503290c61f phase=decode requests=fd7f18ee548942ab846676d2fc7a354e,7b15763fe2a348b4bded9b891807f3b3,b57ae4d5f220486d9e686230c8c5382e,b86f7835c80b433ab4e1c625067d0f3c"
0.0,78383865,2,39191932.5,39191932.5,38722440,39661425,663962.7,PushPop,":batch=4ae225eddce94c02b20dc2136ba1aaa7 phase=decode requests=dfa53ed7b1db427c979733175e83eed5,1b90b5029a8e4095a0953f707b492bc0,2b642560cfbc46a3b415e89ad3a03675,1d3635c1d1b8417da02febe5bb56858c"
0.0,78382094,2,39191047.0,39191047.0,38842362,39539732,493115.1,PushPop,":batch=ed03ae12089e4f7b9705f9015e91f163 phase=decode requests=fd7f18ee548942ab846676d2fc7a354e,7b15763fe2a348b4bded9b891807f3b3,b57ae4d5f220486d9e686230c8c5382e,b86f7835c80b433ab4e1c625067d0f3c"
0.0,78380901,2,39190450.5,39190450.5,38805480,39575421,544430.5,PushPop,":batch=d74eb2165010490da0ce3a001c541096 phase=decode requests=fd7f18ee548942ab846676d2fc7a354e,7b15763fe2a348b4bded9b891807f3b3,b57ae4d5f220486d9e686230c8c5382e,b86f7835c80b433ab4e1c625067d0f3c"
0.0,78380639,2,39190319.5,39190319.5,38747351,39633288,626452.1,PushPop,":batch=b2b68179e0be41e19f1142740501d6ec phase=decode requests=dfa53ed7b1db427c979733175e83eed5,1b90b5029a8e4095a0953f707b492bc0,2b642560cfbc46a3b415e89ad3a03675,1d3635c1d1b8417da02febe5bb56858c"
0.0,78378196,2,39189098.0,39189098.0,38731220,39646976,647537.3,PushPop,":batch=f746d16f56b145ec8f4949414396d272 phase=decode requests=1811f6ebf58e4b0ea2292b35146cd35f,612ab6a155ee43be83ea6696bd5b8b7f,04a26fdd847647a5a094bbafb63bc469,5f8f2308efff494a9a6a2fa3d4ecc35c"
0.0,78376544,2,39188272.0,39188272.0,38734760,39641784,641362.8,PushPop,":batch=2b4601c2bf074268b93c693f9a21dcca phase=decode requests=eef2914bac744c1ea29ede0988703e4c,91919f5803e44b6faa967b57bddb81bd,4eba997a613d41f1b98e92a342465594,2c91d8351bd845e18b1e6646cd0b5f4b"
0.0,78376012,2,39188006.0,39188006.0,38739782,39636230,633884.5,PushPop,":batch=b52447ae71364ae2a084d1eb8d3c5c27 phase=decode requests=fd7f18ee548942ab846676d2fc7a354e,7b15763fe2a348b4bded9b891807f3b3,b57ae4d5f220486d9e686230c8c5382e,b86f7835c80b433ab4e1c625067d0f3c"
0.0,78374016,2,39187008.0,39187008.0,38705489,39668527,680970.7,PushPop,":batch=36eaa52f86ca4a6b9a04df868d0e3cae phase=decode requests=eef2914bac744c1ea29ede0988703e4c,91919f5803e44b6faa967b57bddb81bd,4eba997a613d41f1b98e92a342465594,2c91d8351bd845e18b1e6646cd0b5f4b"
0.0,78373451,2,39186725.5,39186725.5,38769194,39604257,590478.7,PushPop,":batch=77b80ee09e6a45e086db57de6cfb38a3 phase=decode requests=dfa53ed7b1db427c979733175e83eed5,1b90b5029a8e4095a0953f707b492bc0,2b642560cfbc46a3b415e89ad3a03675,1d3635c1d1b8417da02febe5bb56858c"
0.0,78371667,2,39185833.5,39185833.5,38725116,39646551,651552.9,PushPop,":batch=d6b581f7f3d7424e89bf3eb664d72416 phase=decode requests=fd7f18ee548942ab846676d2fc7a354e,7b15763fe2a348b4bded9b891807f3b3,b57ae4d5f220486d9e686230c8c5382e,b86f7835c80b433ab4e1c625067d0f3c"
0.0,78371564,2,39185782.0,39185782.0,38778442,39593122,576065.8,PushPop,":batch=a18f00b77dcf43f6869b775d1a6a0cf7 phase=decode requests=dfa53ed7b1db427c979733175e83eed5,1b90b5029a8e4095a0953f707b492bc0,2b642560cfbc46a3b415e89ad3a03675,1d3635c1d1b8417da02febe5bb56858c"
0.0,78370119,2,39185059.5,39185059.5,38961850,39408269,315665.9,PushPop,:batch=43c62da53ef746cf9262e5f8afcbca61 phase=decode requests=e6255778e8534404ac5ca8451b4d8752
0.0,78368848,2,39184424.0,39184424.0,39005156,39363692,253523.2,PushPop,:batch=ac5dd4075b914a66a937555d944ce162 phase=decode requests=f613ba29e5e3458d8e63b0275b98ac68
0.0,78367171,2,39183585.5,39183585.5,38744499,39622672,620962.1,PushPop,":batch=52d2b5f707514bc789038da7e215ee95 phase=decode requests=dfa53ed7b1db427c979733175e83eed5,1b90b5029a8e4095a0953f707b492bc0,2b642560cfbc46a3b415e89ad3a03675,1d3635c1d1b8417da02febe5bb56858c"
0.0,78366224,2,39183112.0,39183112.0,39158764,39207460,34433.3,PushPop,:batch=8ca673b08f06407b858ff08f86faa2cb phase=decode requests=25de90a8b4234cdd9f459bf44de5f72b
0.0,78364072,2,39182036.0,39182036.0,38758455,39605617,599034.0,PushPop,":batch=43e15a707b704aee8e77a30c3368b1ee phase=decode requests=fd7f18ee548942ab846676d2fc7a354e,7b15763fe2a348b4bded9b891807f3b3,b57ae4d5f220486d9e686230c8c5382e,b86f7835c80b433ab4e1c625067d0f3c"
0.0,78362117,2,39181058.5,39181058.5,38760880,39601237,594222.1,PushPop,":batch=4b3935fb1f6d4cda80639dfdbd7bcdbe phase=decode requests=fd7f18ee548942ab846676d2fc7a354e,7b15763fe2a348b4bded9b891807f3b3,b57ae4d5f220486d9e686230c8c5382e,b86f7835c80b433ab4e1c625067d0f3c"
0.0,78361415,2,39180707.5,39180707.5,38792355,39569060,549213.4,PushPop,":batch=b6e6d9c2961f4ebf91380fe26eac195e phase=decode requests=dfa53ed7b1db427c979733175e83eed5,1b90b5029a8e4095a0953f707b492bc0,2b642560cfbc46a3b415e89ad3a03675,1d3635c1d1b8417da02febe5bb56858c"
0.0,78361153,2,39180576.5,39180576.5,38733231,39627922,632642.1,PushPop,":batch=e5f84c27c3ed42279150216dbaf8de49 phase=decode requests=fd7f18ee548942ab846676d2fc7a354e,7b15763fe2a348b4bded9b891807f3b3,b57ae4d5f220486d9e686230c8c5382e,b86f7835c80b433ab4e1c625067d0f3c"
0.0,78359939,2,39179969.5,39179969.5,38724263,39635676,644466.3,PushPop,":batch=cf4e4c6f5f77440886501ae288bfb809 phase=decode requests=dfa53ed7b1db427c979733175e83eed5,1b90b5029a8e4095a0953f707b492bc0,2b642560cfbc46a3b415e89ad3a03675,1d3635c1d1b8417da02febe5bb56858c"
0.0,78358324,2,39179162.0,39179162.0,38760847,39597477,591586.7,PushPop,":batch=59cf8588b31d46f5be80913db5471ac6 phase=decode requests=fd7f18ee548942ab846676d2fc7a354e,7b15763fe2a348b4bded9b891807f3b3,b57ae4d5f220486d9e686230c8c5382e,b86f7835c80b433ab4e1c625067d0f3c"
0.0,78357067,2,39178533.5,39178533.5,38716719,39640348,653104.3,PushPop,":batch=387cb4d3da5c46bfb55a8a7ae8fa1862 phase=decode requests=eef2914bac744c1ea29ede0988703e4c,91919f5803e44b6faa967b57bddb81bd,4eba997a613d41f1b98e92a342465594,2c91d8351bd845e18b1e6646cd0b5f4b"
0.0,78356337,2,39178168.5,39178168.5,38694788,39661549,683603.3,PushPop,":batch=c775f6376c9449528e2e1a0b0ad89730 phase=decode requests=eef2914bac744c1ea29ede0988703e4c,91919f5803e44b6faa967b57bddb81bd,4eba997a613d41f1b98e92a342465594,2c91d8351bd845e18b1e6646cd0b5f4b"
0.0,78355069,2,39177534.5,39177534.5,38725051,39630018,639908.3,PushPop,":batch=c8d196561c874c1e9e453cde4435a075 phase=decode requests=fd7f18ee548942ab846676d2fc7a354e,7b15763fe2a348b4bded9b891807f3b3,b57ae4d5f220486d9e686230c8c5382e,b86f7835c80b433ab4e1c625067d0f3c"
0.0,78353056,2,39176528.0,39176528.0,38782716,39570340,556934.3,PushPop,":batch=a97265b92abb44909b6da2aaaf03ad37 phase=decode requests=1811f6ebf58e4b0ea2292b35146cd35f,612ab6a155ee43be83ea6696bd5b8b7f,04a26fdd847647a5a094bbafb63bc469,5f8f2308efff494a9a6a2fa3d4ecc35c"
0.0,78349999,2,39174999.5,39174999.5,38966623,39383376,294688.9,PushPop,:batch=24bf618e00bb402bb93a4f27b24be61c phase=decode requests=25de90a8b4234cdd9f459bf44de5f72b
0.0,78349970,2,39174985.0,39174985.0,38771299,39578671,570898.2,PushPop,":batch=c824cdfd70a0496192e98f278e37ec64 phase=decode requests=fd7f18ee548942ab846676d2fc7a354e,7b15763fe2a348b4bded9b891807f3b3,b57ae4d5f220486d9e686230c8c5382e,b86f7835c80b433ab4e1c625067d0f3c"
0.0,78348348,2,39174174.0,39174174.0,38765166,39583182,578424.7,PushPop,":batch=9015d08170584a6baf72d2af50dc0eb9 phase=decode requests=fd7f18ee548942ab846676d2fc7a354e,7b15763fe2a348b4bded9b891807f3b3,b57ae4d5f220486d9e686230c8c5382e,b86f7835c80b433ab4e1c625067d0f3c"
0.0,78346088,2,39173044.0,39173044.0,38728456,39617632,628742.4,PushPop,":batch=333a09e3ca45453582c6a230b156c403 phase=decode requests=fd7f18ee548942ab846676d2fc7a354e,7b15763fe2a348b4bded9b891807f3b3,b57ae4d5f220486d9e686230c8c5382e,b86f7835c80b433ab4e1c625067d0f3c"
0.0,78345940,2,39172970.0,39172970.0,38769153,39576787,571083.5,PushPop,":batch=ce180d83a8804d0394bb4f6680c3c7be phase=decode requests=eef2914bac744c1ea29ede0988703e4c,91919f5803e44b6faa967b57bddb81bd,4eba997a613d41f1b98e92a342465594,2c91d8351bd845e18b1e6646cd0b5f4b"
0.0,78345810,2,39172905.0,39172905.0,38759182,39586628,585092.7,PushPop,":batch=0444ef8a54ce4c5e8c6d807d93cf9d90 phase=decode requests=fd7f18ee548942ab846676d2fc7a354e,7b15763fe2a348b4bded9b891807f3b3,b57ae4d5f220486d9e686230c8c5382e,b86f7835c80b433ab4e1c625067d0f3c"
0.0,78344300,2,39172150.0,39172150.0,38719554,39624746,640067.4,PushPop,":batch=34617b23f95044628ba1843a8eb0d868 phase=decode requests=eef2914bac744c1ea29ede0988703e4c,91919f5803e44b6faa967b57bddb81bd,4eba997a613d41f1b98e92a342465594,2c91d8351bd845e18b1e6646cd0b5f4b"
0.0,78343751,2,39171875.5,39171875.5,38699317,39644434,668298.6,PushPop,":batch=2519b9783ffd4720b577d9fe3aeb8858 phase=decode requests=dfa53ed7b1db427c979733175e83eed5,1b90b5029a8e4095a0953f707b492bc0,2b642560cfbc46a3b415e89ad3a03675,1d3635c1d1b8417da02febe5bb56858c"
0.0,78343570,2,39171785.0,39171785.0,38967994,39375576,288204.0,PushPop,:batch=c809036ebaf6481d851ca0cd9a6dfe13 phase=decode requests=25de90a8b4234cdd9f459bf44de5f72b
0.0,78343115,2,39171557.5,39171557.5,38735677,39607438,616428.1,PushPop,":batch=8026a9d725d04d8ba001ae719ec345aa phase=decode requests=fd7f18ee548942ab846676d2fc7a354e,7b15763fe2a348b4bded9b891807f3b3,b57ae4d5f220486d9e686230c8c5382e,b86f7835c80b433ab4e1c625067d0f3c"
0.0,78340179,2,39170089.5,39170089.5,38749375,39590804,594980.2,PushPop,":batch=7b0e610907ee41c8bfa4b65929d5dbea phase=decode requests=dfa53ed7b1db427c979733175e83eed5,1b90b5029a8e4095a0953f707b492bc0,2b642560cfbc46a3b415e89ad3a03675,1d3635c1d1b8417da02febe5bb56858c"
0.0,78339927,2,39169963.5,39169963.5,38715398,39624529,642852.7,PushPop,":batch=21aa2e663a0e43c88329f7b3186e0372 phase=decode requests=fd7f18ee548942ab846676d2fc7a354e,7b15763fe2a348b4bded9b891807f3b3,b57ae4d5f220486d9e686230c8c5382e,b86f7835c80b433ab4e1c625067d0f3c"
0.0,78339508,2,39169754.0,39169754.0,38270682,40068826,1271479.8,PushPop,:batch=d80379279ffc463b9bef636739818ffc phase=decode requests=25de90a8b4234cdd9f459bf44de5f72b
0.0,78338586,2,39169293.0,39169293.0,38705542,39633044,655843.0,PushPop,":batch=3ee43e1508c843f3826c6bd73b1fff70 phase=decode requests=eef2914bac744c1ea29ede0988703e4c,91919f5803e44b6faa967b57bddb81bd,4eba997a613d41f1b98e92a342465594,2c91d8351bd845e18b1e6646cd0b5f4b"
0.0,78338155,2,39169077.5,39169077.5,38727527,39610628,624446.7,PushPop,":batch=a07d58a529af4c41be2fcd6135837b34 phase=decode requests=dfa53ed7b1db427c979733175e83eed5,1b90b5029a8e4095a0953f707b492bc0,2b642560cfbc46a3b415e89ad3a03675,1d3635c1d1b8417da02febe5bb56858c"
0.0,78337665,2,39168832.5,39168832.5,38783716,39553949,544637.0,PushPop,":batch=6f6b2139e16240e38a53329ec0ed3f1e phase=decode requests=dfa53ed7b1db427c979733175e83eed5,1b90b5029a8e4095a0953f707b492bc0,2b642560cfbc46a3b415e89ad3a03675,1d3635c1d1b8417da02febe5bb56858c"
0.0,78336532,2,39168266.0,39168266.0,38725219,39611313,626563.1,PushPop,":batch=80d01b2c2e2b42ed97ecf900e5d49ef3 phase=decode requests=eef2914bac744c1ea29ede0988703e4c,91919f5803e44b6faa967b57bddb81bd,4eba997a613d41f1b98e92a342465594,2c91d8351bd845e18b1e6646cd0b5f4b"
0.0,78336162,2,39168081.0,39168081.0,38708254,39627908,650293.6,PushPop,":batch=9b264087b8374f7a9049e8820e9f96d3 phase=decode requests=fd7f18ee548942ab846676d2fc7a354e,7b15763fe2a348b4bded9b891807f3b3,b57ae4d5f220486d9e686230c8c5382e,b86f7835c80b433ab4e1c625067d0f3c"
0.0,78335922,2,39167961.0,39167961.0,38696667,39639255,666510.4,PushPop,":batch=27b22ce3baef4ede882dbcfd9c8b5c1f phase=decode requests=eef2914bac744c1ea29ede0988703e4c,91919f5803e44b6faa967b57bddb81bd,4eba997a613d41f1b98e92a342465594,2c91d8351bd845e18b1e6646cd0b5f4b"
0.0,78335454,2,39167727.0,39167727.0,38709267,39626187,648360.3,PushPop,":batch=fd20de2c5c1446c9b39fc7c37567020b phase=decode requests=fd7f18ee548942ab846676d2fc7a354e,7b15763fe2a348b4bded9b891807f3b3,b57ae4d5f220486d9e686230c8c5382e,b86f7835c80b433ab4e1c625067d0f3c"
0.0,78334737,2,39167368.5,39167368.5,38746843,39587894,594712.9,PushPop,":batch=738ca6d4d07b41c5a4005988d3fcf3e1 phase=decode requests=fd7f18ee548942ab846676d2fc7a354e,7b15763fe2a348b4bded9b891807f3b3,b57ae4d5f220486d9e686230c8c5382e,b86f7835c80b433ab4e1c625067d0f3c"
0.0,78334466,2,39167233.0,39167233.0,38985777,39348689,256617.5,PushPop,:batch=01abdf252a5b4aea8a6be763133be266 phase=decode requests=25de90a8b4234cdd9f459bf44de5f72b
0.0,78333259,2,39166629.5,39166629.5,38703803,39629456,654535.5,PushPop,":batch=e31c441264b046e390783d10ae054e55 phase=decode requests=fd7f18ee548942ab846676d2fc7a354e,7b15763fe2a348b4bded9b891807f3b3,b57ae4d5f220486d9e686230c8c5382e,b86f7835c80b433ab4e1c625067d0f3c"
0.0,78332516,2,39166258.0,39166258.0,38722748,39609768,627217.9,PushPop,":batch=b3876751637f4b56b3da335d40647c01 phase=decode requests=fd7f18ee548942ab846676d2fc7a354e,7b15763fe2a348b4bded9b891807f3b3,b57ae4d5f220486d9e686230c8c5382e,b86f7835c80b433ab4e1c625067d0f3c"
0.0,78331810,2,39165905.0,39165905.0,38718964,39612846,632070.0,PushPop,":batch=c1851df71e014da68a1069fe9a243ab9 phase=decode requests=eef2914bac744c1ea29ede0988703e4c,91919f5803e44b6faa967b57bddb81bd,4eba997a613d41f1b98e92a342465594,2c91d8351bd845e18b1e6646cd0b5f4b"
0.0,78331260,2,39165630.0,39165630.0,38705167,39626093,651193.0,PushPop,":batch=5be7375301074603a030b8720bf4e9ce phase=decode requests=eef2914bac744c1ea29ede0988703e4c,91919f5803e44b6faa967b57bddb81bd,4eba997a613d41f1b98e92a342465594,2c91d8351bd845e18b1e6646cd0b5f4b"
0.0,78327991,2,39163995.5,39163995.5,38682351,39645640,681148.2,PushPop,":batch=2e620567846c4807867962ea843b8ff7 phase=decode requests=dfa53ed7b1db427c979733175e83eed5,1b90b5029a8e4095a0953f707b492bc0,2b642560cfbc46a3b415e89ad3a03675,1d3635c1d1b8417da02febe5bb56858c"
0.0,78327089,2,39163544.5,39163544.5,38685267,39641822,676386.5,PushPop,":batch=9852b45ff48c493ebff86291d2b34a2e phase=decode requests=eef2914bac744c1ea29ede0988703e4c,91919f5803e44b6faa967b57bddb81bd,4eba997a613d41f1b98e92a342465594,2c91d8351bd845e18b1e6646cd0b5f4b"
0.0,78326734,2,39163367.0,39163367.0,38727409,39599325,616537.7,PushPop,":batch=e02a57dc447d4cc696b9e828880a14cd phase=decode requests=fd7f18ee548942ab846676d2fc7a354e,7b15763fe2a348b4bded9b891807f3b3,b57ae4d5f220486d9e686230c8c5382e,b86f7835c80b433ab4e1c625067d0f3c"
0.0,78325993,2,39162996.5,39162996.5,38736985,39589008,602471.2,PushPop,":batch=5553977d3610434d9b1e12f02ef0732f phase=decode requests=dfa53ed7b1db427c979733175e83eed5,1b90b5029a8e4095a0953f707b492bc0,2b642560cfbc46a3b415e89ad3a03675,1d3635c1d1b8417da02febe5bb56858c"
0.0,78325917,2,39162958.5,39162958.5,38717670,39608247,629733.0,PushPop,":batch=8b7324cb757f47888a813695ee211917 phase=decode requests=fd7f18ee548942ab846676d2fc7a354e,7b15763fe2a348b4bded9b891807f3b3,b57ae4d5f220486d9e686230c8c5382e,b86f7835c80b433ab4e1c625067d0f3c"
0.0,78325613,2,39162806.5,39162806.5,38763301,39562312,564986.1,PushPop,":batch=24defb454ca94f978adb24e20d3a4b5a phase=decode requests=fd7f18ee548942ab846676d2fc7a354e,7b15763fe2a348b4bded9b891807f3b3,b57ae4d5f220486d9e686230c8c5382e,b86f7835c80b433ab4e1c625067d0f3c"
0.0,78324991,2,39162495.5,39162495.5,38710050,39614941,639854.6,PushPop,":batch=a073e55090404061bcebd31f54b077e7 phase=decode requests=1811f6ebf58e4b0ea2292b35146cd35f,612ab6a155ee43be83ea6696bd5b8b7f,04a26fdd847647a5a094bbafb63bc469,5f8f2308efff494a9a6a2fa3d4ecc35c"
0.0,78322516,2,39161258.0,39161258.0,38695324,39627192,658930.2,PushPop,":batch=03fe580ee1b74556bd34da4dd49fa707 phase=decode requests=fd7f18ee548942ab846676d2fc7a354e,7b15763fe2a348b4bded9b891807f3b3,b57ae4d5f220486d9e686230c8c5382e,b86f7835c80b433ab4e1c625067d0f3c"
0.0,78321702,2,39160851.0,39160851.0,38769809,39551893,553016.9,PushPop,":batch=43177fdd9e9649cead0c71e572d1ea94 phase=decode requests=dfa53ed7b1db427c979733175e83eed5,1b90b5029a8e4095a0953f707b492bc0,2b642560cfbc46a3b415e89ad3a03675,1d3635c1d1b8417da02febe5bb56858c"
0.0,78321053,2,39160526.5,39160526.5,38802118,39518935,506866.2,PushPop,":batch=930d54c0842b4ba3a240135d75ad2924 phase=decode requests=eef2914bac744c1ea29ede0988703e4c,91919f5803e44b6faa967b57bddb81bd,4eba997a613d41f1b98e92a342465594,2c91d8351bd845e18b1e6646cd0b5f4b"
0.0,78320790,2,39160395.0,39160395.0,38720885,39599905,621561.0,PushPop,":batch=ecc6d7b095b844858001751333a3d2e1 phase=decode requests=dfa53ed7b1db427c979733175e83eed5,1b90b5029a8e4095a0953f707b492bc0,2b642560cfbc46a3b415e89ad3a03675,1d3635c1d1b8417da02febe5bb56858c"
0.0,78319931,2,39159965.5,39159965.5,38714687,39605244,629718.9,PushPop,":batch=edd8cadf575d476cb129ac3bed0a1079 phase=decode requests=fd7f18ee548942ab846676d2fc7a354e,7b15763fe2a348b4bded9b891807f3b3,b57ae4d5f220486d9e686230c8c5382e,b86f7835c80b433ab4e1c625067d0f3c"
0.0,78318336,2,39159168.0,39159168.0,38716287,39602049,626328.3,PushPop,":batch=97e61d0b73304015adacaa6ecd87a2c5 phase=decode requests=dfa53ed7b1db427c979733175e83eed5,1b90b5029a8e4095a0953f707b492bc0,2b642560cfbc46a3b415e89ad3a03675,1d3635c1d1b8417da02febe5bb56858c"
0.0,78317967,2,39158983.5,39158983.5,38759099,39558868,565522.1,PushPop,":batch=526b7948b84d4f87aa831caf7a4ad760 phase=decode requests=fd7f18ee548942ab846676d2fc7a354e,7b15763fe2a348b4bded9b891807f3b3,b57ae4d5f220486d9e686230c8c5382e,b86f7835c80b433ab4e1c625067d0f3c"
0.0,78315900,2,39157950.0,39157950.0,38745765,39570135,582917.6,PushPop,":batch=ac6aa0fc0aa040ddb9771b66fb5debea phase=decode requests=fd7f18ee548942ab846676d2fc7a354e,7b15763fe2a348b4bded9b891807f3b3,b57ae4d5f220486d9e686230c8c5382e,b86f7835c80b433ab4e1c625067d0f3c"
0.0,78315668,2,39157834.0,39157834.0,38721302,39594366,617349.5,PushPop,":batch=546e3649b19e400d99d62a7f03ecece7 phase=decode requests=fd7f18ee548942ab846676d2fc7a354e,7b15763fe2a348b4bded9b891807f3b3,b57ae4d5f220486d9e686230c8c5382e,b86f7835c80b433ab4e1c625067d0f3c"
0.0,78315460,2,39157730.0,39157730.0,38699760,39615700,647667.4,PushPop,":batch=3bfe0d882bc54ab0896f97c42a130fd5 phase=decode requests=1811f6ebf58e4b0ea2292b35146cd35f,612ab6a155ee43be83ea6696bd5b8b7f,04a26fdd847647a5a094bbafb63bc469,5f8f2308efff494a9a6a2fa3d4ecc35c"
0.0,78312828,2,39156414.0,39156414.0,38972115,39340713,260638.1,PushPop,:batch=c558ba548b2f4c0289aa2df8aa6d3b4c phase=decode requests=f613ba29e5e3458d8e63b0275b98ac68
0.0,78312335,2,39156167.5,39156167.5,38747795,39564540,577525.9,PushPop,":batch=d3809c831c8f456b8685b92fa2831007 phase=decode requests=dfa53ed7b1db427c979733175e83eed5,1b90b5029a8e4095a0953f707b492bc0,2b642560cfbc46a3b415e89ad3a03675,1d3635c1d1b8417da02febe5bb56858c"
0.0,78311266,2,39155633.0,39155633.0,38662859,39648407,696887.7,PushPop,":batch=0d647908841f45278f6c8a889e733395 phase=decode requests=fd7f18ee548942ab846676d2fc7a354e,7b15763fe2a348b4bded9b891807f3b3,b57ae4d5f220486d9e686230c8c5382e,b86f7835c80b433ab4e1c625067d0f3c"
0.0,78310532,2,39155266.0,39155266.0,38626873,39683659,747260.5,PushPop,":batch=e84be77111c44cb5aa5d428f82e67f6e phase=decode requests=fd7f18ee548942ab846676d2fc7a354e,7b15763fe2a348b4bded9b891807f3b3,b57ae4d5f220486d9e686230c8c5382e,b86f7835c80b433ab4e1c625067d0f3c"
0.0,78309704,2,39154852.0,39154852.0,38711496,39598208,627000.1,PushPop,":batch=1c9a8a85f46c443c9f06b12ca699c851 phase=decode requests=dfa53ed7b1db427c979733175e83eed5,1b90b5029a8e4095a0953f707b492bc0,2b642560cfbc46a3b415e89ad3a03675,1d3635c1d1b8417da02febe5bb56858c"
0.0,78309438,2,39154719.0,39154719.0,38753685,39555753,567147.7,PushPop,":batch=bb9ebcd805f54c25830d91ed812ba4c1 phase=decode requests=1811f6ebf58e4b0ea2292b35146cd35f,612ab6a155ee43be83ea6696bd5b8b7f,04a26fdd847647a5a094bbafb63bc469,5f8f2308efff494a9a6a2fa3d4ecc35c"
0.0,78308181,2,39154090.5,39154090.5,38752097,39556084,568504.7,PushPop,":batch=946e934b3e0d4050871cf84d11e1e18e phase=decode requests=dfa53ed7b1db427c979733175e83eed5,1b90b5029a8e4095a0953f707b492bc0,2b642560cfbc46a3b415e89ad3a03675,1d3635c1d1b8417da02febe5bb56858c"
0.0,78308077,2,39154038.5,39154038.5,38698991,39609086,643534.3,PushPop,":batch=8b7626c6cb93486f921ea82a3b3636f9 phase=decode requests=fd7f18ee548942ab846676d2fc7a354e,7b15763fe2a348b4bded9b891807f3b3,b57ae4d5f220486d9e686230c8c5382e,b86f7835c80b433ab4e1c625067d0f3c"
0.0,78306115,2,39153057.5,39153057.5,38714937,39591178,619596.0,PushPop,":batch=accd534be69a47e494f7523c402eab2b phase=decode requests=fd7f18ee548942ab846676d2fc7a354e,7b15763fe2a348b4bded9b891807f3b3,b57ae4d5f220486d9e686230c8c5382e,b86f7835c80b433ab4e1c625067d0f3c"
0.0,78305532,2,39152766.0,39152766.0,38757325,39548207,559238.0,PushPop,":batch=4464d2d638a649b5844453ec1e0d761e phase=decode requests=1811f6ebf58e4b0ea2292b35146cd35f,612ab6a155ee43be83ea6696bd5b8b7f,04a26fdd847647a5a094bbafb63bc469,5f8f2308efff494a9a6a2fa3d4ecc35c"
0.0,78304723,2,39152361.5,39152361.5,38763995,39540728,549233.2,PushPop,":batch=0937f527b0f74e60958154cf04a080e0 phase=decode requests=dfa53ed7b1db427c979733175e83eed5,1b90b5029a8e4095a0953f707b492bc0,2b642560cfbc46a3b415e89ad3a03675,1d3635c1d1b8417da02febe5bb56858c"
0.0,78297922,2,39148961.0,39148961.0,38764409,39533513,543838.7,PushPop,":batch=138338c5dc76464cb9f8609268c2aeab phase=decode requests=dfa53ed7b1db427c979733175e83eed5,1b90b5029a8e4095a0953f707b492bc0,2b642560cfbc46a3b415e89ad3a03675,1d3635c1d1b8417da02febe5bb56858c"
0.0,78297870,2,39148935.0,39148935.0,38709621,39588249,621283.8,PushPop,":batch=89091e9b587d42e68136960d12ccb44b phase=decode requests=fd7f18ee548942ab846676d2fc7a354e,7b15763fe2a348b4bded9b891807f3b3,b57ae4d5f220486d9e686230c8c5382e,b86f7835c80b433ab4e1c625067d0f3c"
0.0,78296016,2,39148008.0,39148008.0,38732765,39563251,587242.3,PushPop,":batch=ba681d4fa4c64b11b1b6ae7c75f05f00 phase=decode requests=fd7f18ee548942ab846676d2fc7a354e,7b15763fe2a348b4bded9b891807f3b3,b57ae4d5f220486d9e686230c8c5382e,b86f7835c80b433ab4e1c625067d0f3c"
0.0,78295592,2,39147796.0,39147796.0,38687431,39608161,651054.4,PushPop,":batch=1172600cf8ff42a5a7dbca56a34cc342 phase=decode requests=fd7f18ee548942ab846676d2fc7a354e,7b15763fe2a348b4bded9b891807f3b3,b57ae4d5f220486d9e686230c8c5382e,b86f7835c80b433ab4e1c625067d0f3c"
0.0,78295466,2,39147733.0,39147733.0,38687038,39608428,651521.1,PushPop,":batch=914812c0395c47cabff9deee5e731b37 phase=decode requests=fd7f18ee548942ab846676d2fc7a354e,7b15763fe2a348b4bded9b891807f3b3,b57ae4d5f220486d9e686230c8c5382e,b86f7835c80b433ab4e1c625067d0f3c"
0.0,78295166,2,39147583.0,39147583.0,38690075,39605091,647014.0,PushPop,":batch=72c030410ba64b88901545d0fd2bfaf5 phase=decode requests=fd7f18ee548942ab846676d2fc7a354e,7b15763fe2a348b4bded9b891807f3b3,b57ae4d5f220486d9e686230c8c5382e,b86f7835c80b433ab4e1c625067d0f3c"
0.0,78294807,2,39147403.5,39147403.5,38987778,39307029,225744.5,PushPop,:batch=ae3e993f9cac43498825a950cc9b92e3 phase=decode requests=25de90a8b4234cdd9f459bf44de5f72b
0.0,78293534,2,39146767.0,39146767.0,38657178,39636356,692383.4,PushPop,":batch=7a8f1c2824574589b533ed8403342e4a phase=decode requests=eef2914bac744c1ea29ede0988703e4c,91919f5803e44b6faa967b57bddb81bd,4eba997a613d41f1b98e92a342465594,2c91d8351bd845e18b1e6646cd0b5f4b"
0.0,78291514,2,39145757.0,39145757.0,38693853,39597661,639088.8,PushPop,":batch=c99acb270d1e47c4b86db269e4fa60e5 phase=decode requests=eef2914bac744c1ea29ede0988703e4c,91919f5803e44b6faa967b57bddb81bd,4eba997a613d41f1b98e92a342465594,2c91d8351bd845e18b1e6646cd0b5f4b"
0.0,78289784,2,39144892.0,39144892.0,38733987,39555797,581107.4,PushPop,":batch=d5ea8f78a4ef461f874440ce765344ed phase=decode requests=fd7f18ee548942ab846676d2fc7a354e,7b15763fe2a348b4bded9b891807f3b3,b57ae4d5f220486d9e686230c8c5382e,b86f7835c80b433ab4e1c625067d0f3c"
0.0,78289557,2,39144778.5,39144778.5,38695036,39594521,636031.9,PushPop,":batch=c4c512542ed24000850b421bc908b0b3 phase=decode requests=dfa53ed7b1db427c979733175e83eed5,1b90b5029a8e4095a0953f707b492bc0,2b642560cfbc46a3b415e89ad3a03675,1d3635c1d1b8417da02febe5bb56858c"
0.0,78289422,2,39144711.0,39144711.0,38767393,39522029,533608.2,PushPop,":batch=67a65ed74d92488a9d896ec5e6c2709b phase=decode requests=dfa53ed7b1db427c979733175e83eed5,1b90b5029a8e4095a0953f707b492bc0,2b642560cfbc46a3b415e89ad3a03675,1d3635c1d1b8417da02febe5bb56858c"
0.0,78287144,2,39143572.0,39143572.0,38762342,39524802,539140.6,PushPop,":batch=cbe3109eaab44960a44c9d7fd20944d2 phase=decode requests=fd7f18ee548942ab846676d2fc7a354e,7b15763fe2a348b4bded9b891807f3b3,b57ae4d5f220486d9e686230c8c5382e,b86f7835c80b433ab4e1c625067d0f3c"
0.0,78285819,2,39142909.5,39142909.5,38714150,39571669,606357.5,PushPop,":batch=16098764c4b440aaac2f7e6f9ef0d3bb phase=decode requests=eef2914bac744c1ea29ede0988703e4c,91919f5803e44b6faa967b57bddb81bd,4eba997a613d41f1b98e92a342465594,2c91d8351bd845e18b1e6646cd0b5f4b"
0.0,78283922,2,39141961.0,39141961.0,38697464,39586458,628613.7,PushPop,":batch=2d7819a5e79c403980747fdad90bdbd6 phase=decode requests=fd7f18ee548942ab846676d2fc7a354e,7b15763fe2a348b4bded9b891807f3b3,b57ae4d5f220486d9e686230c8c5382e,b86f7835c80b433ab4e1c625067d0f3c"
0.0,78282319,2,39141159.5,39141159.5,38732410,39549909,578059.1,PushPop,":batch=002861d4f3f54b368c9d0f2cd7d2a9ca phase=decode requests=1811f6ebf58e4b0ea2292b35146cd35f,612ab6a155ee43be83ea6696bd5b8b7f,04a26fdd847647a5a094bbafb63bc469,5f8f2308efff494a9a6a2fa3d4ecc35c"
0.0,78281823,2,39140911.5,39140911.5,38667451,39614372,669574.3,PushPop,":batch=3d496bc5514842148f399d60bbf0d3e8 phase=decode requests=1811f6ebf58e4b0ea2292b35146cd35f,612ab6a155ee43be83ea6696bd5b8b7f,04a26fdd847647a5a094bbafb63bc469,5f8f2308efff494a9a6a2fa3d4ecc35c"
0.0,78281794,2,39140897.0,39140897.0,38707213,39574581,613321.8,PushPop,":batch=f22e1be304be49f299288f270989607d phase=decode requests=dfa53ed7b1db427c979733175e83eed5,1b90b5029a8e4095a0953f707b492bc0,2b642560cfbc46a3b415e89ad3a03675,1d3635c1d1b8417da02febe5bb56858c"
0.0,78280658,2,39140329.0,39140329.0,38681102,39599556,649445.1,PushPop,":batch=f53c8c1fba15472a829b2e8e20e1236b phase=decode requests=fd7f18ee548942ab846676d2fc7a354e,7b15763fe2a348b4bded9b891807f3b3,b57ae4d5f220486d9e686230c8c5382e,b86f7835c80b433ab4e1c625067d0f3c"
0.0,78279378,2,39139689.0,39139689.0,38707063,39572315,611825.6,PushPop,":batch=13ca50c869324ad79622152666c572c8 phase=decode requests=eef2914bac744c1ea29ede0988703e4c,91919f5803e44b6faa967b57bddb81bd,4eba997a613d41f1b98e92a342465594,2c91d8351bd845e18b1e6646cd0b5f4b"
0.0,78278478,2,39139239.0,39139239.0,38732323,39546155,575466.1,PushPop,":batch=2da97641720f427c838bca48d96e6fc9 phase=decode requests=dfa53ed7b1db427c979733175e83eed5,1b90b5029a8e4095a0953f707b492bc0,2b642560cfbc46a3b415e89ad3a03675,1d3635c1d1b8417da02febe5bb56858c"
0.0,78277594,2,39138797.0,39138797.0,38664152,39613442,671249.4,PushPop,":batch=c05888a970a14c99914a4714d7c47f2d phase=decode requests=fd7f18ee548942ab846676d2fc7a354e,7b15763fe2a348b4bded9b891807f3b3,b57ae4d5f220486d9e686230c8c5382e,b86f7835c80b433ab4e1c625067d0f3c"
0.0,78276251,2,39138125.5,39138125.5,38764652,39511599,528171.3,PushPop,":batch=df56be0573124d338db42a4da9ae507f phase=decode requests=fd7f18ee548942ab846676d2fc7a354e,7b15763fe2a348b4bded9b891807f3b3,b57ae4d5f220486d9e686230c8c5382e,b86f7835c80b433ab4e1c625067d0f3c"
0.0,78275115,2,39137557.5,39137557.5,38680215,39594900,646780.0,PushPop,":batch=9e91559e2bc94bfc8854601a3cfb225e phase=decode requests=fd7f18ee548942ab846676d2fc7a354e,7b15763fe2a348b4bded9b891807f3b3,b57ae4d5f220486d9e686230c8c5382e,b86f7835c80b433ab4e1c625067d0f3c"
0.0,78274294,2,39137147.0,39137147.0,38714026,39560268,598383.5,PushPop,":batch=441f779754f24e7992d9df29d9145321 phase=decode requests=eef2914bac744c1ea29ede0988703e4c,91919f5803e44b6faa967b57bddb81bd,4eba997a613d41f1b98e92a342465594,2c91d8351bd845e18b1e6646cd0b5f4b"
0.0,78273839,2,39136919.5,39136919.5,38675966,39597873,651886.7,PushPop,":batch=e98cc07f24b14f9cbd3a2a9494bcbafe phase=decode requests=fd7f18ee548942ab846676d2fc7a354e,7b15763fe2a348b4bded9b891807f3b3,b57ae4d5f220486d9e686230c8c5382e,b86f7835c80b433ab4e1c625067d0f3c"
0.0,78273661,2,39136830.5,39136830.5,38716106,39557555,594994.3,PushPop,":batch=038d18a6c2804f819c36df6f4cf167a7 phase=decode requests=fd7f18ee548942ab846676d2fc7a354e,7b15763fe2a348b4bded9b891807f3b3,b57ae4d5f220486d9e686230c8c5382e,b86f7835c80b433ab4e1c625067d0f3c"
0.0,78272574,2,39136287.0,39136287.0,38657179,39615395,677561.0,PushPop,":batch=a984264e34b64bf0a811d2e986145337 phase=decode requests=dfa53ed7b1db427c979733175e83eed5,1b90b5029a8e4095a0953f707b492bc0,2b642560cfbc46a3b415e89ad3a03675,1d3635c1d1b8417da02febe5bb56858c"
0.0,78266149,2,39133074.5,39133074.5,38763166,39502983,523129.6,PushPop,":batch=0adb8e93d1f44c669272fc0da7c180a8 phase=decode requests=fd7f18ee548942ab846676d2fc7a354e,7b15763fe2a348b4bded9b891807f3b3,b57ae4d5f220486d9e686230c8c5382e,b86f7835c80b433ab4e1c625067d0f3c"
0.0,78266095,2,39133047.5,39133047.5,38732993,39533102,565762.5,PushPop,":batch=384b6a97934443189871a3ff5817e0f5 phase=decode requests=dfa53ed7b1db427c979733175e83eed5,1b90b5029a8e4095a0953f707b492bc0,2b642560cfbc46a3b415e89ad3a03675,1d3635c1d1b8417da02febe5bb56858c"
0.0,78265125,2,39132562.5,39132562.5,38692375,39572750,622519.1,PushPop,":batch=d2b9b658efa94b22b88ba20154f949b4 phase=decode requests=dfa53ed7b1db427c979733175e83eed5,1b90b5029a8e4095a0953f707b492bc0,2b642560cfbc46a3b415e89ad3a03675,1d3635c1d1b8417da02febe5bb56858c"
0.0,78264296,2,39132148.0,39132148.0,38675968,39588328,645135.9,PushPop,":batch=0016924bcd4248169b8e115ea36ae06a phase=decode requests=eef2914bac744c1ea29ede0988703e4c,91919f5803e44b6faa967b57bddb81bd,4eba997a613d41f1b98e92a342465594,2c91d8351bd845e18b1e6646cd0b5f4b"
0.0,78262899,2,39131449.5,39131449.5,38754188,39508711,533528.3,PushPop,":batch=9ef29edf7c684758af9a4a3a8f68c763 phase=decode requests=1811f6ebf58e4b0ea2292b35146cd35f,612ab6a155ee43be83ea6696bd5b8b7f,04a26fdd847647a5a094bbafb63bc469,5f8f2308efff494a9a6a2fa3d4ecc35c"
0.0,78262426,2,39131213.0,39131213.0,38717383,39545043,585244.0,PushPop,":batch=2989a799bf5249c985cf0afb167784b1 phase=decode requests=fd7f18ee548942ab846676d2fc7a354e,7b15763fe2a348b4bded9b891807f3b3,b57ae4d5f220486d9e686230c8c5382e,b86f7835c80b433ab4e1c625067d0f3c"
0.0,78260508,2,39130254.0,39130254.0,38673776,39586732,645557.4,PushPop,":batch=04a922b5d71949bd9a2f9f00f9398f40 phase=decode requests=dfa53ed7b1db427c979733175e83eed5,1b90b5029a8e4095a0953f707b492bc0,2b642560cfbc46a3b415e89ad3a03675,1d3635c1d1b8417da02febe5bb56858c"
0.0,78257125,2,39128562.5,39128562.5,38679972,39577153,634402.8,PushPop,":batch=b71219f50fde4075b8376814048f0856 phase=decode requests=dfa53ed7b1db427c979733175e83eed5,1b90b5029a8e4095a0953f707b492bc0,2b642560cfbc46a3b415e89ad3a03675,1d3635c1d1b8417da02febe5bb56858c"
0.0,78255109,2,39127554.5,39127554.5,38703469,39551640,599747.5,PushPop,":batch=b0ddf8de415642e4956f6b163c2919ae phase=decode requests=fd7f18ee548942ab846676d2fc7a354e,7b15763fe2a348b4bded9b891807f3b3,b57ae4d5f220486d9e686230c8c5382e,b86f7835c80b433ab4e1c625067d0f3c"
0.0,78254916,2,39127458.0,39127458.0,38720280,39534636,575836.6,PushPop,":batch=4cc02f1bea894edab7d8d8b7f5b70a2a phase=decode requests=dfa53ed7b1db427c979733175e83eed5,1b90b5029a8e4095a0953f707b492bc0,2b642560cfbc46a3b415e89ad3a03675,1d3635c1d1b8417da02febe5bb56858c"
0.0,78254740,2,39127370.0,39127370.0,38668304,39586436,649217.4,PushPop,":batch=c7a2399232c54c73a29c702e02af0449 phase=decode requests=1811f6ebf58e4b0ea2292b35146cd35f,612ab6a155ee43be83ea6696bd5b8b7f,04a26fdd847647a5a094bbafb63bc469,5f8f2308efff494a9a6a2fa3d4ecc35c"
0.0,78252365,2,39126182.5,39126182.5,38731061,39521304,558786.2,PushPop,":batch=c1f4ac7fc63e4f7aa0db696b14b8cc79 phase=decode requests=fd7f18ee548942ab846676d2fc7a354e,7b15763fe2a348b4bded9b891807f3b3,b57ae4d5f220486d9e686230c8c5382e,b86f7835c80b433ab4e1c625067d0f3c"
0.0,78250708,2,39125354.0,39125354.0,38654850,39595858,665393.1,PushPop,":batch=9290495791cd400a8cf67449b351aad0 phase=decode requests=eef2914bac744c1ea29ede0988703e4c,91919f5803e44b6faa967b57bddb81bd,4eba997a613d41f1b98e92a342465594,2c91d8351bd845e18b1e6646cd0b5f4b"
0.0,78244699,2,39122349.5,39122349.5,38689217,39555482,612541.9,PushPop,":batch=73ee2f72a3574d418c1211769214ac4b phase=decode requests=dfa53ed7b1db427c979733175e83eed5,1b90b5029a8e4095a0953f707b492bc0,2b642560cfbc46a3b415e89ad3a03675,1d3635c1d1b8417da02febe5bb56858c"
0.0,78241282,2,39120641.0,39120641.0,38664864,39576418,644566.0,PushPop,":batch=0c53dbb59d00477a8b3e12e0238a3a9f phase=decode requests=1811f6ebf58e4b0ea2292b35146cd35f,612ab6a155ee43be83ea6696bd5b8b7f,04a26fdd847647a5a094bbafb63bc469,5f8f2308efff494a9a6a2fa3d4ecc35c"
0.0,78240327,2,39120163.5,39120163.5,38678095,39562232,625179.3,PushPop,":batch=ccd9cd5c50894201b606a2625e0ef127 phase=decode requests=fd7f18ee548942ab846676d2fc7a354e,7b15763fe2a348b4bded9b891807f3b3,b57ae4d5f220486d9e686230c8c5382e,b86f7835c80b433ab4e1c625067d0f3c"
0.0,78239528,2,39119764.0,39119764.0,38638140,39601388,681119.2,PushPop,":batch=caf61ea41c0648eb9d8c3590d894ae67 phase=decode requests=eef2914bac744c1ea29ede0988703e4c,91919f5803e44b6faa967b57bddb81bd,4eba997a613d41f1b98e92a342465594,2c91d8351bd845e18b1e6646cd0b5f4b"
0.0,78239059,2,39119529.5,39119529.5,38645792,39593267,669966.0,PushPop,":batch=c3ffe1dc2da24e1d9055fff27e1670a8 phase=decode requests=fd7f18ee548942ab846676d2fc7a354e,7b15763fe2a348b4bded9b891807f3b3,b57ae4d5f220486d9e686230c8c5382e,b86f7835c80b433ab4e1c625067d0f3c"
0.0,78238308,2,39119154.0,39119154.0,38750993,39487315,520658.3,PushPop,":batch=8767cafc323b492abffb64e45676d39d phase=decode requests=eef2914bac744c1ea29ede0988703e4c,91919f5803e44b6faa967b57bddb81bd,4eba997a613d41f1b98e92a342465594,2c91d8351bd845e18b1e6646cd0b5f4b"
0.0,78237886,2,39118943.0,39118943.0,38663765,39574121,643718.9,PushPop,":batch=87e38d981c9b4322b1c39a5cdff0b057 phase=decode requests=fd7f18ee548942ab846676d2fc7a354e,7b15763fe2a348b4bded9b891807f3b3,b57ae4d5f220486d9e686230c8c5382e,b86f7835c80b433ab4e1c625067d0f3c"
0.0,78237856,2,39118928.0,39118928.0,38617712,39620144,708826.5,PushPop,":batch=a1b19d891a12414bba07bcefe577e5f3 phase=decode requests=eef2914bac744c1ea29ede0988703e4c,91919f5803e44b6faa967b57bddb81bd,4eba997a613d41f1b98e92a342465594,2c91d8351bd845e18b1e6646cd0b5f4b"
0.0,78231272,2,39115636.0,39115636.0,38760951,39470321,501600.3,PushPop,":batch=594d1052c0e64b6cb2549dbe5476a46d phase=decode requests=1811f6ebf58e4b0ea2292b35146cd35f,612ab6a155ee43be83ea6696bd5b8b7f,04a26fdd847647a5a094bbafb63bc469,5f8f2308efff494a9a6a2fa3d4ecc35c"
0.0,78231252,2,39115626.0,39115626.0,38700202,39531050,587498.3,PushPop,":batch=a820360028df4067a6372eb4f5bb9cc5 phase=decode requests=dfa53ed7b1db427c979733175e83eed5,1b90b5029a8e4095a0953f707b492bc0,2b642560cfbc46a3b415e89ad3a03675,1d3635c1d1b8417da02febe5bb56858c"
0.0,78230251,2,39115125.5,39115125.5,38714960,39515291,565919.5,PushPop,":batch=84ec1e40c4014e04bafb2be3b3d9172d phase=decode requests=dfa53ed7b1db427c979733175e83eed5,1b90b5029a8e4095a0953f707b492bc0,2b642560cfbc46a3b415e89ad3a03675,1d3635c1d1b8417da02febe5bb56858c"
0.0,78229678,2,39114839.0,39114839.0,38744971,39484707,523072.3,PushPop,":batch=44d93f2841e04630a4765d0a7a680766 phase=decode requests=fd7f18ee548942ab846676d2fc7a354e,7b15763fe2a348b4bded9b891807f3b3,b57ae4d5f220486d9e686230c8c5382e,b86f7835c80b433ab4e1c625067d0f3c"
0.0,78227114,2,39113557.0,39113557.0,38636335,39590779,674893.8,PushPop,":batch=a4757b316836490c87d2ac8496c0aee9 phase=decode requests=eef2914bac744c1ea29ede0988703e4c,91919f5803e44b6faa967b57bddb81bd,4eba997a613d41f1b98e92a342465594,2c91d8351bd845e18b1e6646cd0b5f4b"
0.0,78226132,2,39113066.0,39113066.0,38670567,39555565,625788.1,PushPop,":batch=ac669391004e4abeb2b426e84b4e623a phase=decode requests=eef2914bac744c1ea29ede0988703e4c,91919f5803e44b6faa967b57bddb81bd,4eba997a613d41f1b98e92a342465594,2c91d8351bd845e18b1e6646cd0b5f4b"
0.0,78223236,2,39111618.0,39111618.0,38693273,39529963,591629.2,PushPop,":batch=e741d96d1e3447bd84a82705932f88c0 phase=decode requests=dfa53ed7b1db427c979733175e83eed5,1b90b5029a8e4095a0953f707b492bc0,2b642560cfbc46a3b415e89ad3a03675,1d3635c1d1b8417da02febe5bb56858c"
0.0,78223185,2,39111592.5,39111592.5,38924894,39298291,264031.6,PushPop,:batch=6165ea1beda245abb81b3e51a2a406a0 phase=decode requests=25de90a8b4234cdd9f459bf44de5f72b
0.0,78222925,2,39111462.5,39111462.5,38710330,39512595,567287.0,PushPop,":batch=5984b9f7d6294b1f91d9fd65e1fc1858 phase=decode requests=dfa53ed7b1db427c979733175e83eed5,1b90b5029a8e4095a0953f707b492bc0,2b642560cfbc46a3b415e89ad3a03675,1d3635c1d1b8417da02febe5bb56858c"
0.0,78218614,2,39109307.0,39109307.0,38920412,39298202,267137.9,PushPop,:batch=98c14862710145ba92f7895470321673 phase=decode requests=25de90a8b4234cdd9f459bf44de5f72b
0.0,78217798,2,39108899.0,39108899.0,38924476,39293322,260813.5,PushPop,:batch=4282424951e1438f97c48da41a9bf256 phase=decode requests=25de90a8b4234cdd9f459bf44de5f72b
0.0,78217571,2,39108785.5,39108785.5,38643911,39573660,657431.8,PushPop,":batch=762d966e9383481e9430f7e47f844509 phase=decode requests=eef2914bac744c1ea29ede0988703e4c,91919f5803e44b6faa967b57bddb81bd,4eba997a613d41f1b98e92a342465594,2c91d8351bd845e18b1e6646cd0b5f4b"
0.0,78216973,2,39108486.5,39108486.5,38685182,39531791,598643.0,PushPop,":batch=a1a73e3ccd7a4f33bd4ce080a83fe827 phase=decode requests=fd7f18ee548942ab846676d2fc7a354e,7b15763fe2a348b4bded9b891807f3b3,b57ae4d5f220486d9e686230c8c5382e,b86f7835c80b433ab4e1c625067d0f3c"
0.0,78216533,2,39108266.5,39108266.5,38675429,39541104,612124.7,PushPop,":batch=800855dfd51748f3b645b2be3b4dbcae phase=decode requests=eef2914bac744c1ea29ede0988703e4c,91919f5803e44b6faa967b57bddb81bd,4eba997a613d41f1b98e92a342465594,2c91d8351bd845e18b1e6646cd0b5f4b"
0.0,78216087,2,39108043.5,39108043.5,38655176,39560911,640451.4,PushPop,":batch=322bb5c22d344d35b1a98037c5f2b3fc phase=decode requests=dfa53ed7b1db427c979733175e83eed5,1b90b5029a8e4095a0953f707b492bc0,2b642560cfbc46a3b415e89ad3a03675,1d3635c1d1b8417da02febe5bb56858c"
0.0,78215463,2,39107731.5,39107731.5,38803533,39411930,430201.6,PushPop,:batch=ffa2464e098c4f8dbf8e11b924c54a78 phase=decode requests=268bc1a668514718addc6aee590d0f20
0.0,78215204,2,39107602.0,39107602.0,38666396,39548808,623959.5,PushPop,":batch=05ac6be0b7e34d45b441200514d50ba4 phase=decode requests=fd7f18ee548942ab846676d2fc7a354e,7b15763fe2a348b4bded9b891807f3b3,b57ae4d5f220486d9e686230c8c5382e,b86f7835c80b433ab4e1c625067d0f3c"
0.0,78213796,2,39106898.0,39106898.0,38722642,39491154,543420.0,PushPop,":batch=a1a7394a0f19452ebd51faf7b0659781 phase=decode requests=dfa53ed7b1db427c979733175e83eed5,1b90b5029a8e4095a0953f707b492bc0,2b642560cfbc46a3b415e89ad3a03675,1d3635c1d1b8417da02febe5bb56858c"
0.0,78213250,2,39106625.0,39106625.0,38647266,39565984,649631.7,PushPop,":batch=b12bb3cbc1754f7da1f70189aacf5eda phase=decode requests=1811f6ebf58e4b0ea2292b35146cd35f,612ab6a155ee43be83ea6696bd5b8b7f,04a26fdd847647a5a094bbafb63bc469,5f8f2308efff494a9a6a2fa3d4ecc35c"
0.0,78211418,2,39105709.0,39105709.0,38679449,39531969,602822.7,PushPop,":batch=34351e44d6a9492aab19c1ee9e46b62f phase=decode requests=fd7f18ee548942ab846676d2fc7a354e,7b15763fe2a348b4bded9b891807f3b3,b57ae4d5f220486d9e686230c8c5382e,b86f7835c80b433ab4e1c625067d0f3c"
0.0,78211029,2,39105514.5,39105514.5,38913088,39297941,272132.2,PushPop,:batch=52cd7f0f147a4376aba1418cbc9e06d3 phase=decode requests=f613ba29e5e3458d8e63b0275b98ac68
0.0,78206785,2,39103392.5,39103392.5,38686158,39520627,590058.7,PushPop,":batch=7ff2fb00a85c4c269f7a65ee41d00198 phase=decode requests=1811f6ebf58e4b0ea2292b35146cd35f,612ab6a155ee43be83ea6696bd5b8b7f,04a26fdd847647a5a094bbafb63bc469,5f8f2308efff494a9a6a2fa3d4ecc35c"
0.0,78205666,2,39102833.0,39102833.0,38747950,39457716,501880.4,PushPop,":batch=2aed51c9ebda4694b38e3db81f5ac1db phase=decode requests=1811f6ebf58e4b0ea2292b35146cd35f,612ab6a155ee43be83ea6696bd5b8b7f,04a26fdd847647a5a094bbafb63bc469,5f8f2308efff494a9a6a2fa3d4ecc35c"
0.0,78204016,2,39102008.0,39102008.0,38647821,39556195,642317.4,PushPop,":batch=76f5da88013c4bb088c36d7a304da540 phase=decode requests=fd7f18ee548942ab846676d2fc7a354e,7b15763fe2a348b4bded9b891807f3b3,b57ae4d5f220486d9e686230c8c5382e,b86f7835c80b433ab4e1c625067d0f3c"
0.0,78203497,2,39101748.5,39101748.5,38660165,39543332,624493.4,PushPop,":batch=09ce746eae044f33bd159e2df6d6de35 phase=decode requests=eef2914bac744c1ea29ede0988703e4c,91919f5803e44b6faa967b57bddb81bd,4eba997a613d41f1b98e92a342465594,2c91d8351bd845e18b1e6646cd0b5f4b"
0.0,78201233,2,39100616.5,39100616.5,38669275,39531958,610009.0,PushPop,":batch=d759b7c99f8546a4b707dfbc2c05c196 phase=decode requests=dfa53ed7b1db427c979733175e83eed5,1b90b5029a8e4095a0953f707b492bc0,2b642560cfbc46a3b415e89ad3a03675,1d3635c1d1b8417da02febe5bb56858c"
0.0,78201121,2,39100560.5,39100560.5,38663189,39537932,618536.7,PushPop,":batch=0a0eb241f7d843baafbcd39d4c724897 phase=decode requests=fd7f18ee548942ab846676d2fc7a354e,7b15763fe2a348b4bded9b891807f3b3,b57ae4d5f220486d9e686230c8c5382e,b86f7835c80b433ab4e1c625067d0f3c"
0.0,78199333,2,39099666.5,39099666.5,38651407,39547926,633934.7,PushPop,":batch=5abb95f083854e5c9b9fce4a1afa0f62 phase=decode requests=fd7f18ee548942ab846676d2fc7a354e,7b15763fe2a348b4bded9b891807f3b3,b57ae4d5f220486d9e686230c8c5382e,b86f7835c80b433ab4e1c625067d0f3c"
0.0,78197995,2,39098997.5,39098997.5,38714976,39483019,543088.4,PushPop,":batch=38fc42b14f4f4936bb8cb433316df0ac phase=decode requests=1811f6ebf58e4b0ea2292b35146cd35f,612ab6a155ee43be83ea6696bd5b8b7f,04a26fdd847647a5a094bbafb63bc469,5f8f2308efff494a9a6a2fa3d4ecc35c"
0.0,78197122,2,39098561.0,39098561.0,38672046,39525076,603183.3,PushPop,":batch=789b9dc6671543ab9e5ee972ab2453ce phase=decode requests=dfa53ed7b1db427c979733175e83eed5,1b90b5029a8e4095a0953f707b492bc0,2b642560cfbc46a3b415e89ad3a03675,1d3635c1d1b8417da02febe5bb56858c"
0.0,78193409,2,39096704.5,39096704.5,38612142,39581267,685274.9,PushPop,":batch=590126ccb01a4662ab1e4acc5706cc3b phase=decode requests=eef2914bac744c1ea29ede0988703e4c,91919f5803e44b6faa967b57bddb81bd,4eba997a613d41f1b98e92a342465594,2c91d8351bd845e18b1e6646cd0b5f4b"
0.0,78193296,2,39096648.0,39096648.0,38660111,39533185,617356.5,PushPop,":batch=1043db9f228d42b2b56049dc69da4237 phase=decode requests=fd7f18ee548942ab846676d2fc7a354e,7b15763fe2a348b4bded9b891807f3b3,b57ae4d5f220486d9e686230c8c5382e,b86f7835c80b433ab4e1c625067d0f3c"
0.0,78192663,2,39096331.5,39096331.5,38650274,39542389,630820.6,PushPop,":batch=48f890973e544a818b58af60243ee1c8 phase=decode requests=dfa53ed7b1db427c979733175e83eed5,1b90b5029a8e4095a0953f707b492bc0,2b642560cfbc46a3b415e89ad3a03675,1d3635c1d1b8417da02febe5bb56858c"
0.0,78192173,2,39096086.5,39096086.5,38622827,39569346,669290.0,PushPop,":batch=948be2a3885749e6a1c8bc8226c21ce9 phase=decode requests=dfa53ed7b1db427c979733175e83eed5,1b90b5029a8e4095a0953f707b492bc0,2b642560cfbc46a3b415e89ad3a03675,1d3635c1d1b8417da02febe5bb56858c"
0.0,78192108,2,39096054.0,39096054.0,38683650,39508458,583227.3,PushPop,":batch=5eb93c9101d144018c421adc2a284379 phase=decode requests=dfa53ed7b1db427c979733175e83eed5,1b90b5029a8e4095a0953f707b492bc0,2b642560cfbc46a3b415e89ad3a03675,1d3635c1d1b8417da02febe5bb56858c"
0.0,78191872,2,39095936.0,39095936.0,38702898,39488974,555839.7,PushPop,":batch=47d1faf761294607af531eef0c783205 phase=decode requests=eef2914bac744c1ea29ede0988703e4c,91919f5803e44b6faa967b57bddb81bd,4eba997a613d41f1b98e92a342465594,2c91d8351bd845e18b1e6646cd0b5f4b"
0.0,78191110,2,39095555.0,39095555.0,38917139,39273971,252318.3,PushPop,:batch=614fe71110684271820b7ca73aadb33a phase=decode requests=25de90a8b4234cdd9f459bf44de5f72b
0.0,78190956,2,39095478.0,39095478.0,38740355,39450601,502219.8,PushPop,":batch=fd145793bbe349cc860cc92ed5ed6304 phase=decode requests=1811f6ebf58e4b0ea2292b35146cd35f,612ab6a155ee43be83ea6696bd5b8b7f,04a26fdd847647a5a094bbafb63bc469,5f8f2308efff494a9a6a2fa3d4ecc35c"
0.0,78189536,2,39094768.0,39094768.0,38637757,39551779,646311.2,PushPop,":batch=04a3dbc67d41429dad84fdf8b8c64d67 phase=decode requests=1811f6ebf58e4b0ea2292b35146cd35f,612ab6a155ee43be83ea6696bd5b8b7f,04a26fdd847647a5a094bbafb63bc469,5f8f2308efff494a9a6a2fa3d4ecc35c"
0.0,78188746,2,39094373.0,39094373.0,38622446,39566300,667405.6,PushPop,":batch=bb8f367529e645298634651fd15c5d57 phase=decode requests=1811f6ebf58e4b0ea2292b35146cd35f,612ab6a155ee43be83ea6696bd5b8b7f,04a26fdd847647a5a094bbafb63bc469,5f8f2308efff494a9a6a2fa3d4ecc35c"
0.0,78187400,2,39093700.0,39093700.0,38660525,39526875,612602.0,PushPop,":batch=7fd4a91b386a4952bab009cb5daf357f phase=decode requests=dfa53ed7b1db427c979733175e83eed5,1b90b5029a8e4095a0953f707b492bc0,2b642560cfbc46a3b415e89ad3a03675,1d3635c1d1b8417da02febe5bb56858c"
0.0,78186589,2,39093294.5,39093294.5,38658503,39528086,614888.0,PushPop,":batch=18894e260e8441138c5224eaa9fdcc8e phase=decode requests=eef2914bac744c1ea29ede0988703e4c,91919f5803e44b6faa967b57bddb81bd,4eba997a613d41f1b98e92a342465594,2c91d8351bd845e18b1e6646cd0b5f4b"
0.0,78186206,2,39093103.0,39093103.0,38901976,39284230,270294.4,PushPop,:batch=211e85bddfa44e4398ef2311300577de phase=decode requests=25de90a8b4234cdd9f459bf44de5f72b
0.0,78186067,2,39093033.5,39093033.5,38615885,39570182,674789.9,PushPop,":batch=21f6587fad0c4d4db6e6490c2c13f822 phase=decode requests=dfa53ed7b1db427c979733175e83eed5,1b90b5029a8e4095a0953f707b492bc0,2b642560cfbc46a3b415e89ad3a03675,1d3635c1d1b8417da02febe5bb56858c"
0.0,78185299,2,39092649.5,39092649.5,38709690,39475609,541586.5,PushPop,":batch=6502ced75bf64359b9c90db8c4102474 phase=decode requests=1811f6ebf58e4b0ea2292b35146cd35f,612ab6a155ee43be83ea6696bd5b8b7f,04a26fdd847647a5a094bbafb63bc469,5f8f2308efff494a9a6a2fa3d4ecc35c"
0.0,78183987,2,39091993.5,39091993.5,38641142,39542845,637600.3,PushPop,":batch=d950f05beee74adfb19b54b138cf6b28 phase=decode requests=dfa53ed7b1db427c979733175e83eed5,1b90b5029a8e4095a0953f707b492bc0,2b642560cfbc46a3b415e89ad3a03675,1d3635c1d1b8417da02febe5bb56858c"
0.0,78183882,2,39091941.0,39091941.0,38678647,39505235,584486.0,PushPop,":batch=89ea3c2e73e34f7cb7d058ee6cbaaa1a phase=decode requests=dfa53ed7b1db427c979733175e83eed5,1b90b5029a8e4095a0953f707b492bc0,2b642560cfbc46a3b415e89ad3a03675,1d3635c1d1b8417da02febe5bb56858c"
0.0,78181911,2,39090955.5,39090955.5,38658417,39523494,611701.8,PushPop,":batch=f38baa8c76fc40d0b3d3480a19ce33de phase=decode requests=eef2914bac744c1ea29ede0988703e4c,91919f5803e44b6faa967b57bddb81bd,4eba997a613d41f1b98e92a342465594,2c91d8351bd845e18b1e6646cd0b5f4b"
0.0,78180764,2,39090382.0,39090382.0,38428467,39752297,936089.2,PushPop,":batch=bdc4e8bc38ff46dfa7c0fbd53d7634d4 phase=decode requests=dfa53ed7b1db427c979733175e83eed5,1b90b5029a8e4095a0953f707b492bc0,2b642560cfbc46a3b415e89ad3a03675,1d3635c1d1b8417da02febe5bb56858c"
0.0,78179694,2,39089847.0,39089847.0,38637044,39542650,640360.1,PushPop,":batch=ccc8c87ed6fc4078b5e58050138feb3b phase=decode requests=eef2914bac744c1ea29ede0988703e4c,91919f5803e44b6faa967b57bddb81bd,4eba997a613d41f1b98e92a342465594,2c91d8351bd845e18b1e6646cd0b5f4b"
0.0,78179678,2,39089839.0,39089839.0,38651802,39527876,619477.9,PushPop,":batch=6f685ce1e40b4d70bc30e9995c7f86fe phase=decode requests=fd7f18ee548942ab846676d2fc7a354e,7b15763fe2a348b4bded9b891807f3b3,b57ae4d5f220486d9e686230c8c5382e,b86f7835c80b433ab4e1c625067d0f3c"
0.0,78175908,2,39087954.0,39087954.0,38690168,39485740,562554.4,PushPop,":batch=3df6dfd2f065441e8eb413d10bd47ee4 phase=decode requests=1811f6ebf58e4b0ea2292b35146cd35f,612ab6a155ee43be83ea6696bd5b8b7f,04a26fdd847647a5a094bbafb63bc469,5f8f2308efff494a9a6a2fa3d4ecc35c"
0.0,78175727,2,39087863.5,39087863.5,38967277,39208450,170535.1,PushPop,:batch=d891ee09f050413b81044dac890df438 phase=decode requests=e6255778e8534404ac5ca8451b4d8752
0.0,78173970,2,39086985.0,39086985.0,38643685,39530285,626920.9,PushPop,":batch=b8bfd0fac338435ea6726efee04a77e1 phase=decode requests=fd7f18ee548942ab846676d2fc7a354e,7b15763fe2a348b4bded9b891807f3b3,b57ae4d5f220486d9e686230c8c5382e,b86f7835c80b433ab4e1c625067d0f3c"
0.0,78172248,2,39086124.0,39086124.0,38647062,39525186,620927.4,PushPop,":batch=bef9dead27f443119a6de5b2366f58d5 phase=decode requests=dfa53ed7b1db427c979733175e83eed5,1b90b5029a8e4095a0953f707b492bc0,2b642560cfbc46a3b415e89ad3a03675,1d3635c1d1b8417da02febe5bb56858c"
0.0,78171792,2,39085896.0,39085896.0,38639690,39532102,631030.6,PushPop,":batch=150f223781354befb081c86bcae2b976 phase=decode requests=eef2914bac744c1ea29ede0988703e4c,91919f5803e44b6faa967b57bddb81bd,4eba997a613d41f1b98e92a342465594,2c91d8351bd845e18b1e6646cd0b5f4b"
0.0,78171648,2,39085824.0,39085824.0,38926083,39245565,225907.9,PushPop,:batch=a850bddbb52946e389b0ce560988753f phase=decode requests=25de90a8b4234cdd9f459bf44de5f72b
0.0,78170822,2,39085411.0,39085411.0,38677402,39493420,577011.9,PushPop,":batch=6eeedbfaf99848e9ba4e06f6fc3dd5cb phase=decode requests=dfa53ed7b1db427c979733175e83eed5,1b90b5029a8e4095a0953f707b492bc0,2b642560cfbc46a3b415e89ad3a03675,1d3635c1d1b8417da02febe5bb56858c"
0.0,78170291,2,39085145.5,39085145.5,38647238,39523053,619294.7,PushPop,":batch=7f7bc9605b924bb6bc600addb497099e phase=decode requests=fd7f18ee548942ab846676d2fc7a354e,7b15763fe2a348b4bded9b891807f3b3,b57ae4d5f220486d9e686230c8c5382e,b86f7835c80b433ab4e1c625067d0f3c"
0.0,78168188,2,39084094.0,39084094.0,38700589,39467599,542358.0,PushPop,":batch=d79e583109b54369a356b128b2be2369 phase=decode requests=dfa53ed7b1db427c979733175e83eed5,1b90b5029a8e4095a0953f707b492bc0,2b642560cfbc46a3b415e89ad3a03675,1d3635c1d1b8417da02febe5bb56858c"
0.0,78167962,2,39083981.0,39083981.0,38659058,39508904,600931.9,PushPop,":batch=f0895e4da2ec4529b362df8b1ad50871 phase=decode requests=1811f6ebf58e4b0ea2292b35146cd35f,612ab6a155ee43be83ea6696bd5b8b7f,04a26fdd847647a5a094bbafb63bc469,5f8f2308efff494a9a6a2fa3d4ecc35c"
0.0,78165510,2,39082755.0,39082755.0,38697572,39467938,544731.0,PushPop,":batch=b1d504b222b34df98c89f8972f137580 phase=decode requests=dfa53ed7b1db427c979733175e83eed5,1b90b5029a8e4095a0953f707b492bc0,2b642560cfbc46a3b415e89ad3a03675,1d3635c1d1b8417da02febe5bb56858c"
0.0,78164797,2,39082398.5,39082398.5,38592171,39572626,693286.4,PushPop,":batch=5bc72927ab6d4c8d9276d7200197d6b5 phase=decode requests=1811f6ebf58e4b0ea2292b35146cd35f,612ab6a155ee43be83ea6696bd5b8b7f,04a26fdd847647a5a094bbafb63bc469,5f8f2308efff494a9a6a2fa3d4ecc35c"
0.0,78164614,2,39082307.0,39082307.0,38611288,39553326,666121.5,PushPop,":batch=e0c902fff73c4ed6ac8fd6d7923caac9 phase=decode requests=dfa53ed7b1db427c979733175e83eed5,1b90b5029a8e4095a0953f707b492bc0,2b642560cfbc46a3b415e89ad3a03675,1d3635c1d1b8417da02febe5bb56858c"
0.0,78164110,2,39082055.0,39082055.0,38902258,39261852,254271.4,PushPop,:batch=2bd4751a49ba47efa98c37b56a2ed005 phase=decode requests=f613ba29e5e3458d8e63b0275b98ac68
0.0,78163814,2,39081907.0,39081907.0,38624919,39538895,646278.6,PushPop,":batch=2106a7902f5e44a992fba92992fcc3bc phase=decode requests=1811f6ebf58e4b0ea2292b35146cd35f,612ab6a155ee43be83ea6696bd5b8b7f,04a26fdd847647a5a094bbafb63bc469,5f8f2308efff494a9a6a2fa3d4ecc35c"
0.0,78162988,2,39081494.0,39081494.0,38616471,39546517,657641.8,PushPop,":batch=4c858994bb304356bb94519152f2e0c7 phase=decode requests=1811f6ebf58e4b0ea2292b35146cd35f,612ab6a155ee43be83ea6696bd5b8b7f,04a26fdd847647a5a094bbafb63bc469,5f8f2308efff494a9a6a2fa3d4ecc35c"
0.0,78161518,2,39080759.0,39080759.0,38621516,39540002,649467.7,PushPop,":batch=593664d8de034384a7b9ca2b7d77d597 phase=decode requests=dfa53ed7b1db427c979733175e83eed5,1b90b5029a8e4095a0953f707b492bc0,2b642560cfbc46a3b415e89ad3a03675,1d3635c1d1b8417da02febe5bb56858c"
0.0,78161515,2,39080757.5,39080757.5,38611968,39549547,662968.5,PushPop,":batch=9e4dbe3d4f2c49ac90f78c0aa0100633 phase=decode requests=1811f6ebf58e4b0ea2292b35146cd35f,612ab6a155ee43be83ea6696bd5b8b7f,04a26fdd847647a5a094bbafb63bc469,5f8f2308efff494a9a6a2fa3d4ecc35c"
0.0,78160607,2,39080303.5,39080303.5,38652377,39508230,605179.5,PushPop,":batch=a76f06d1d94e465a9499feffe1717703 phase=decode requests=dfa53ed7b1db427c979733175e83eed5,1b90b5029a8e4095a0953f707b492bc0,2b642560cfbc46a3b415e89ad3a03675,1d3635c1d1b8417da02febe5bb56858c"
0.0,78160245,2,39080122.5,39080122.5,38639057,39521188,623760.8,PushPop,":batch=3e397494e8774663b9db0e8c3f6f2c25 phase=decode requests=dfa53ed7b1db427c979733175e83eed5,1b90b5029a8e4095a0953f707b492bc0,2b642560cfbc46a3b415e89ad3a03675,1d3635c1d1b8417da02febe5bb56858c"
0.0,78159172,2,39079586.0,39079586.0,38692881,39466291,546883.5,PushPop,":batch=f2ecb2774380400d9d5385b3e27cce7b phase=decode requests=1811f6ebf58e4b0ea2292b35146cd35f,612ab6a155ee43be83ea6696bd5b8b7f,04a26fdd847647a5a094bbafb63bc469,5f8f2308efff494a9a6a2fa3d4ecc35c"
0.0,78156223,2,39078111.5,39078111.5,38674245,39481978,571153.5,PushPop,":batch=7b99c14b881142e5bdba12dbfc6a49af phase=decode requests=eef2914bac744c1ea29ede0988703e4c,91919f5803e44b6faa967b57bddb81bd,4eba997a613d41f1b98e92a342465594,2c91d8351bd845e18b1e6646cd0b5f4b"
0.0,78153976,2,39076988.0,39076988.0,38703204,39450772,528610.4,PushPop,":batch=a8c1f1e5af244988920a150c45aee24c phase=decode requests=eef2914bac744c1ea29ede0988703e4c,91919f5803e44b6faa967b57bddb81bd,4eba997a613d41f1b98e92a342465594,2c91d8351bd845e18b1e6646cd0b5f4b"
0.0,78153093,2,39076546.5,39076546.5,38591588,39561505,685834.9,PushPop,":batch=c99d5310ee6e4b4fb65aa787226591fa phase=decode requests=1811f6ebf58e4b0ea2292b35146cd35f,612ab6a155ee43be83ea6696bd5b8b7f,04a26fdd847647a5a094bbafb63bc469,5f8f2308efff494a9a6a2fa3d4ecc35c"
0.0,78151655,2,39075827.5,39075827.5,38631836,39519819,627898.8,PushPop,":batch=313e452c24ed48a6977f355f12449258 phase=decode requests=dfa53ed7b1db427c979733175e83eed5,1b90b5029a8e4095a0953f707b492bc0,2b642560cfbc46a3b415e89ad3a03675,1d3635c1d1b8417da02febe5bb56858c"
0.0,78151313,2,39075656.5,39075656.5,38640455,39510858,615467.9,PushPop,":batch=e9a8da06377b4009b31e4faa6af8c26e phase=decode requests=dfa53ed7b1db427c979733175e83eed5,1b90b5029a8e4095a0953f707b492bc0,2b642560cfbc46a3b415e89ad3a03675,1d3635c1d1b8417da02febe5bb56858c"
0.0,78150611,2,39075305.5,39075305.5,38646447,39504164,606497.5,PushPop,":batch=59dda6a4c9d8413ab6def7311439162b phase=decode requests=eef2914bac744c1ea29ede0988703e4c,91919f5803e44b6faa967b57bddb81bd,4eba997a613d41f1b98e92a342465594,2c91d8351bd845e18b1e6646cd0b5f4b"
0.0,78150356,2,39075178.0,39075178.0,38637190,39513166,619408.6,PushPop,":batch=07e2d06007bf488180417c4a57adee17 phase=decode requests=dfa53ed7b1db427c979733175e83eed5,1b90b5029a8e4095a0953f707b492bc0,2b642560cfbc46a3b415e89ad3a03675,1d3635c1d1b8417da02febe5bb56858c"
0.0,78147782,2,39073891.0,39073891.0,38637954,39509828,616508.0,PushPop,":batch=da2b783b694f46dfaf8bc4a736e1d290 phase=decode requests=eef2914bac744c1ea29ede0988703e4c,91919f5803e44b6faa967b57bddb81bd,4eba997a613d41f1b98e92a342465594,2c91d8351bd845e18b1e6646cd0b5f4b"
0.0,78145815,2,39072907.5,39072907.5,38629940,39515875,626450.6,PushPop,":batch=0b45a050afc14877849301716ebb823e phase=decode requests=fd7f18ee548942ab846676d2fc7a354e,7b15763fe2a348b4bded9b891807f3b3,b57ae4d5f220486d9e686230c8c5382e,b86f7835c80b433ab4e1c625067d0f3c"
0.0,78145813,2,39072906.5,39072906.5,38622024,39523789,637644.1,PushPop,":batch=50604fad081c4ea0b16596590d731b5e phase=decode requests=eef2914bac744c1ea29ede0988703e4c,91919f5803e44b6faa967b57bddb81bd,4eba997a613d41f1b98e92a342465594,2c91d8351bd845e18b1e6646cd0b5f4b"
0.0,78144697,2,39072348.5,39072348.5,38588552,39556145,684191.6,PushPop,":batch=f77b2386a6324bcb9d7bfbf0ebd60901 phase=decode requests=1811f6ebf58e4b0ea2292b35146cd35f,612ab6a155ee43be83ea6696bd5b8b7f,04a26fdd847647a5a094bbafb63bc469,5f8f2308efff494a9a6a2fa3d4ecc35c"
0.0,78143573,2,39071786.5,39071786.5,38622823,39520750,634930.3,PushPop,":batch=1b366dbe229242fc80b5334f6aa803c3 phase=decode requests=dfa53ed7b1db427c979733175e83eed5,1b90b5029a8e4095a0953f707b492bc0,2b642560cfbc46a3b415e89ad3a03675,1d3635c1d1b8417da02febe5bb56858c"
0.0,78143082,2,39071541.0,39071541.0,38616557,39526525,643444.5,PushPop,":batch=0fac9b8fccbc45b495d1083683212139 phase=decode requests=1811f6ebf58e4b0ea2292b35146cd35f,612ab6a155ee43be83ea6696bd5b8b7f,04a26fdd847647a5a094bbafb63bc469,5f8f2308efff494a9a6a2fa3d4ecc35c"
0.0,78141954,2,39070977.0,39070977.0,38597507,39544447,669587.7,PushPop,":batch=dfef8973aaa949aa92f2b03b3b1935d9 phase=decode requests=dfa53ed7b1db427c979733175e83eed5,1b90b5029a8e4095a0953f707b492bc0,2b642560cfbc46a3b415e89ad3a03675,1d3635c1d1b8417da02febe5bb56858c"
0.0,78138749,2,39069374.5,39069374.5,38639273,39499476,608255.4,PushPop,":batch=cff8726911c64eb7855ae40ef2b7088d phase=decode requests=1811f6ebf58e4b0ea2292b35146cd35f,612ab6a155ee43be83ea6696bd5b8b7f,04a26fdd847647a5a094bbafb63bc469,5f8f2308efff494a9a6a2fa3d4ecc35c"
0.0,78138736,2,39069368.0,39069368.0,38630457,39508279,620713.9,PushPop,":batch=5d92a7dff31c41f6afb2ece6b9bd255c phase=decode requests=fd7f18ee548942ab846676d2fc7a354e,7b15763fe2a348b4bded9b891807f3b3,b57ae4d5f220486d9e686230c8c5382e,b86f7835c80b433ab4e1c625067d0f3c"
0.0,78136924,2,39068462.0,39068462.0,38585447,39551477,683086.4,PushPop,":batch=465a44772df84433b8db0c864fc50007 phase=decode requests=1811f6ebf58e4b0ea2292b35146cd35f,612ab6a155ee43be83ea6696bd5b8b7f,04a26fdd847647a5a094bbafb63bc469,5f8f2308efff494a9a6a2fa3d4ecc35c"
0.0,78135235,2,39067617.5,39067617.5,38700846,39434389,518693.2,PushPop,":batch=fe187886ba964478b09708008b3013f1 phase=decode requests=fd7f18ee548942ab846676d2fc7a354e,7b15763fe2a348b4bded9b891807f3b3,b57ae4d5f220486d9e686230c8c5382e,b86f7835c80b433ab4e1c625067d0f3c"
0.0,78133926,2,39066963.0,39066963.0,38585065,39548861,681506.7,PushPop,":batch=9967cc25fb624dd5a4b906bee4d23ef3 phase=decode requests=dfa53ed7b1db427c979733175e83eed5,1b90b5029a8e4095a0953f707b492bc0,2b642560cfbc46a3b415e89ad3a03675,1d3635c1d1b8417da02febe5bb56858c"
0.0,78133828,2,39066914.0,39066914.0,38704209,39429619,512942.3,PushPop,":batch=5243e320894a47079a4eed98e9c911c6 phase=decode requests=dfa53ed7b1db427c979733175e83eed5,1b90b5029a8e4095a0953f707b492bc0,2b642560cfbc46a3b415e89ad3a03675,1d3635c1d1b8417da02febe5bb56858c"
0.0,78133309,2,39066654.5,39066654.5,38917533,39215776,210889.6,PushPop,:batch=e94755adf12b4da3b2e5630cbaa8e91c phase=decode requests=25de90a8b4234cdd9f459bf44de5f72b
0.0,78133122,2,39066561.0,39066561.0,38688571,39444551,534558.6,PushPop,":batch=31ce9126cd2d45d99108dba90fa7cff6 phase=decode requests=1811f6ebf58e4b0ea2292b35146cd35f,612ab6a155ee43be83ea6696bd5b8b7f,04a26fdd847647a5a094bbafb63bc469,5f8f2308efff494a9a6a2fa3d4ecc35c"
0.0,78132429,2,39066214.5,39066214.5,38599134,39533295,660551.6,PushPop,":batch=f83ced9ab628474593c08230dfe54d50 phase=decode requests=dfa53ed7b1db427c979733175e83eed5,1b90b5029a8e4095a0953f707b492bc0,2b642560cfbc46a3b415e89ad3a03675,1d3635c1d1b8417da02febe5bb56858c"
0.0,78129876,2,39064938.0,39064938.0,38667572,39462304,561960.4,PushPop,":batch=9cb2eb5eb8c34d81ab92a2abe0938443 phase=decode requests=1811f6ebf58e4b0ea2292b35146cd35f,612ab6a155ee43be83ea6696bd5b8b7f,04a26fdd847647a5a094bbafb63bc469,5f8f2308efff494a9a6a2fa3d4ecc35c"
0.0,78128609,2,39064304.5,39064304.5,38695677,39432932,521318.0,PushPop,":batch=a8920fe627644f87bfaa735c6c4a678d phase=decode requests=fd7f18ee548942ab846676d2fc7a354e,7b15763fe2a348b4bded9b891807f3b3,b57ae4d5f220486d9e686230c8c5382e,b86f7835c80b433ab4e1c625067d0f3c"
0.0,78128434,2,39064217.0,39064217.0,38628163,39500271,616673.5,PushPop,":batch=352f3608dd514dbd95edd3324126c496 phase=decode requests=eef2914bac744c1ea29ede0988703e4c,91919f5803e44b6faa967b57bddb81bd,4eba997a613d41f1b98e92a342465594,2c91d8351bd845e18b1e6646cd0b5f4b"
0.0,78127362,2,39063681.0,39063681.0,38601981,39525381,652942.4,PushPop,":batch=604276010bca4065b35cba3f78c2f6a9 phase=decode requests=1811f6ebf58e4b0ea2292b35146cd35f,612ab6a155ee43be83ea6696bd5b8b7f,04a26fdd847647a5a094bbafb63bc469,5f8f2308efff494a9a6a2fa3d4ecc35c"
0.0,78125781,2,39062890.5,39062890.5,38668722,39457059,557438.4,PushPop,":batch=9c38cfbe98e8448e8d438909e1bb5fb8 phase=decode requests=1811f6ebf58e4b0ea2292b35146cd35f,612ab6a155ee43be83ea6696bd5b8b7f,04a26fdd847647a5a094bbafb63bc469,5f8f2308efff494a9a6a2fa3d4ecc35c"
0.0,78123558,2,39061779.0,39061779.0,38737378,39386180,458772.3,PushPop,":batch=a6586b273f3f4d8992f5e1780d080b84 phase=decode requests=1811f6ebf58e4b0ea2292b35146cd35f,612ab6a155ee43be83ea6696bd5b8b7f,04a26fdd847647a5a094bbafb63bc469,5f8f2308efff494a9a6a2fa3d4ecc35c"
0.0,78122859,2,39061429.5,39061429.5,38684683,39438176,532800.0,PushPop,":batch=cbffbbee61ae4be59a48ad5d71fbb6e8 phase=decode requests=1811f6ebf58e4b0ea2292b35146cd35f,612ab6a155ee43be83ea6696bd5b8b7f,04a26fdd847647a5a094bbafb63bc469,5f8f2308efff494a9a6a2fa3d4ecc35c"
0.0,78122670,2,39061335.0,39061335.0,38692789,39429881,521202.8,PushPop,":batch=cea5df6176144d688a5c052c031e9b9e phase=decode requests=1811f6ebf58e4b0ea2292b35146cd35f,612ab6a155ee43be83ea6696bd5b8b7f,04a26fdd847647a5a094bbafb63bc469,5f8f2308efff494a9a6a2fa3d4ecc35c"
0.0,78122647,2,39061323.5,39061323.5,38600228,39522419,652087.5,PushPop,":batch=dc13f0fb39d341bda8c23dc429462f85 phase=decode requests=eef2914bac744c1ea29ede0988703e4c,91919f5803e44b6faa967b57bddb81bd,4eba997a613d41f1b98e92a342465594,2c91d8351bd845e18b1e6646cd0b5f4b"
0.0,78118469,2,39059234.5,39059234.5,38613506,39504963,630355.3,PushPop,":batch=6fa4f4254dc5409c9dd00539410077d4 phase=decode requests=1811f6ebf58e4b0ea2292b35146cd35f,612ab6a155ee43be83ea6696bd5b8b7f,04a26fdd847647a5a094bbafb63bc469,5f8f2308efff494a9a6a2fa3d4ecc35c"
0.0,78118411,2,39059205.5,39059205.5,38654281,39464130,572649.7,PushPop,":batch=d55861bdb9824633b57f8c60dba65a68 phase=decode requests=1811f6ebf58e4b0ea2292b35146cd35f,612ab6a155ee43be83ea6696bd5b8b7f,04a26fdd847647a5a094bbafb63bc469,5f8f2308efff494a9a6a2fa3d4ecc35c"
0.0,78116989,2,39058494.5,39058494.5,38656177,39460812,568962.9,PushPop,":batch=d46a94567e064017b6d8fb6f9b593abb phase=decode requests=eef2914bac744c1ea29ede0988703e4c,91919f5803e44b6faa967b57bddb81bd,4eba997a613d41f1b98e92a342465594,2c91d8351bd845e18b1e6646cd0b5f4b"
0.0,78116235,2,39058117.5,39058117.5,38615233,39501002,626333.3,PushPop,":batch=19dd821dd33841c88c1757730354abd6 phase=decode requests=eef2914bac744c1ea29ede0988703e4c,91919f5803e44b6faa967b57bddb81bd,4eba997a613d41f1b98e92a342465594,2c91d8351bd845e18b1e6646cd0b5f4b"
0.0,78114254,2,39057127.0,39057127.0,38725605,39388649,468842.9,PushPop,":batch=27d01df28c1b4061bf760235eefee31c phase=decode requests=1811f6ebf58e4b0ea2292b35146cd35f,612ab6a155ee43be83ea6696bd5b8b7f,04a26fdd847647a5a094bbafb63bc469,5f8f2308efff494a9a6a2fa3d4ecc35c"
0.0,78114081,2,39057040.5,39057040.5,38918995,39195086,195225.8,PushPop,:batch=116be0d20f7d464faf6843795d4d218e phase=decode requests=f613ba29e5e3458d8e63b0275b98ac68
0.0,78112990,2,39056495.0,39056495.0,38690206,39422784,518010.9,PushPop,":batch=ec335afc27c544fc97b8d92fb9f341db phase=decode requests=1811f6ebf58e4b0ea2292b35146cd35f,612ab6a155ee43be83ea6696bd5b8b7f,04a26fdd847647a5a094bbafb63bc469,5f8f2308efff494a9a6a2fa3d4ecc35c"
0.0,78110565,2,39055282.5,39055282.5,38654630,39455935,566608.2,PushPop,":batch=a5447b7a84c546498fadc6fb1d50aaee phase=decode requests=dfa53ed7b1db427c979733175e83eed5,1b90b5029a8e4095a0953f707b492bc0,2b642560cfbc46a3b415e89ad3a03675,1d3635c1d1b8417da02febe5bb56858c"
0.0,78107211,2,39053605.5,39053605.5,38699149,39408062,501277.2,PushPop,":batch=20b267e15bf0461681886645983532f0 phase=decode requests=1811f6ebf58e4b0ea2292b35146cd35f,612ab6a155ee43be83ea6696bd5b8b7f,04a26fdd847647a5a094bbafb63bc469,5f8f2308efff494a9a6a2fa3d4ecc35c"
0.0,78106719,2,39053359.5,39053359.5,38607994,39498725,629841.9,PushPop,":batch=f7d68c9da69f47ad87da8635d741a624 phase=decode requests=1811f6ebf58e4b0ea2292b35146cd35f,612ab6a155ee43be83ea6696bd5b8b7f,04a26fdd847647a5a094bbafb63bc469,5f8f2308efff494a9a6a2fa3d4ecc35c"
0.0,78100883,2,39050441.5,39050441.5,38622971,39477912,604534.6,PushPop,":batch=96d652dea6244643a919331daed556db phase=decode requests=1811f6ebf58e4b0ea2292b35146cd35f,612ab6a155ee43be83ea6696bd5b8b7f,04a26fdd847647a5a094bbafb63bc469,5f8f2308efff494a9a6a2fa3d4ecc35c"
0.0,78100562,2,39050281.0,39050281.0,38615420,39485142,614986.3,PushPop,":batch=745951401a3448f28104368e70562584 phase=decode requests=dfa53ed7b1db427c979733175e83eed5,1b90b5029a8e4095a0953f707b492bc0,2b642560cfbc46a3b415e89ad3a03675,1d3635c1d1b8417da02febe5bb56858c"
0.0,78100007,2,39050003.5,39050003.5,38605370,39494637,628806.7,PushPop,":batch=9a90a17cd46e41b081aa1192313c4882 phase=decode requests=eef2914bac744c1ea29ede0988703e4c,91919f5803e44b6faa967b57bddb81bd,4eba997a613d41f1b98e92a342465594,2c91d8351bd845e18b1e6646cd0b5f4b"
0.0,78099683,2,39049841.5,39049841.5,38604676,39495007,629559.1,PushPop,":batch=d8effe2e2d994c7687510b531335c4d3 phase=decode requests=1811f6ebf58e4b0ea2292b35146cd35f,612ab6a155ee43be83ea6696bd5b8b7f,04a26fdd847647a5a094bbafb63bc469,5f8f2308efff494a9a6a2fa3d4ecc35c"
0.0,78097578,2,39048789.0,39048789.0,38654082,39443496,558200.0,PushPop,":batch=46f15171fbf44fb1b1cb7ee1e9ea2584 phase=decode requests=dfa53ed7b1db427c979733175e83eed5,1b90b5029a8e4095a0953f707b492bc0,2b642560cfbc46a3b415e89ad3a03675,1d3635c1d1b8417da02febe5bb56858c"
0.0,78095822,2,39047911.0,39047911.0,38616611,39479211,609950.3,PushPop,":batch=b58f39ae02b04903842f693eef294474 phase=decode requests=dfa53ed7b1db427c979733175e83eed5,1b90b5029a8e4095a0953f707b492bc0,2b642560cfbc46a3b415e89ad3a03675,1d3635c1d1b8417da02febe5bb56858c"
0.0,78094738,2,39047369.0,39047369.0,38555222,39539516,696001.0,PushPop,":batch=8f002fdf8a14401cb89c40fe4863b439 phase=decode requests=1811f6ebf58e4b0ea2292b35146cd35f,612ab6a155ee43be83ea6696bd5b8b7f,04a26fdd847647a5a094bbafb63bc469,5f8f2308efff494a9a6a2fa3d4ecc35c"
0.0,78091018,2,39045509.0,39045509.0,38650975,39440043,557955.3,PushPop,":batch=788ec237013244fd87407bef2b591806 phase=decode requests=dfa53ed7b1db427c979733175e83eed5,1b90b5029a8e4095a0953f707b492bc0,2b642560cfbc46a3b415e89ad3a03675,1d3635c1d1b8417da02febe5bb56858c"
0.0,78089732,2,39044866.0,39044866.0,38604419,39485313,622886.1,PushPop,":batch=65a8d353b13847a78ffb855514514d43 phase=decode requests=eef2914bac744c1ea29ede0988703e4c,91919f5803e44b6faa967b57bddb81bd,4eba997a613d41f1b98e92a342465594,2c91d8351bd845e18b1e6646cd0b5f4b"
0.0,78086596,2,39043298.0,39043298.0,38611898,39474698,610091.7,PushPop,":batch=ca3149166fdd4d52a4450d1b052f4372 phase=decode requests=dfa53ed7b1db427c979733175e83eed5,1b90b5029a8e4095a0953f707b492bc0,2b642560cfbc46a3b415e89ad3a03675,1d3635c1d1b8417da02febe5bb56858c"
0.0,78084953,2,39042476.5,39042476.5,38661693,39423260,538509.2,PushPop,":batch=7cee7d049d7b492fb3272e005f126388 phase=decode requests=1811f6ebf58e4b0ea2292b35146cd35f,612ab6a155ee43be83ea6696bd5b8b7f,04a26fdd847647a5a094bbafb63bc469,5f8f2308efff494a9a6a2fa3d4ecc35c"
0.0,78083919,2,39041959.5,39041959.5,38603042,39480877,620723.1,PushPop,":batch=bda49a009d834eca9bd5837953c606a8 phase=decode requests=dfa53ed7b1db427c979733175e83eed5,1b90b5029a8e4095a0953f707b492bc0,2b642560cfbc46a3b415e89ad3a03675,1d3635c1d1b8417da02febe5bb56858c"
0.0,78083011,2,39041505.5,39041505.5,38609185,39473826,611393.5,PushPop,":batch=1b5a7ad761664c2e884254d89183ec92 phase=decode requests=fd7f18ee548942ab846676d2fc7a354e,7b15763fe2a348b4bded9b891807f3b3,b57ae4d5f220486d9e686230c8c5382e,b86f7835c80b433ab4e1c625067d0f3c"
0.0,78082466,2,39041233.0,39041233.0,38639386,39443080,568297.5,PushPop,":batch=1785d2e5548348e7a7985719f7aba810 phase=decode requests=dfa53ed7b1db427c979733175e83eed5,1b90b5029a8e4095a0953f707b492bc0,2b642560cfbc46a3b415e89ad3a03675,1d3635c1d1b8417da02febe5bb56858c"
0.0,78081400,2,39040700.0,39040700.0,38650042,39431358,552473.8,PushPop,":batch=51c78720a4224a84a8a65ffce3d93d30 phase=decode requests=dfa53ed7b1db427c979733175e83eed5,1b90b5029a8e4095a0953f707b492bc0,2b642560cfbc46a3b415e89ad3a03675,1d3635c1d1b8417da02febe5bb56858c"
0.0,78080955,2,39040477.5,39040477.5,38651726,39429229,549777.6,PushPop,":batch=d8bf7c2749924095b5bc350b56d92a1d phase=decode requests=1811f6ebf58e4b0ea2292b35146cd35f,612ab6a155ee43be83ea6696bd5b8b7f,04a26fdd847647a5a094bbafb63bc469,5f8f2308efff494a9a6a2fa3d4ecc35c"
0.0,78080114,2,39040057.0,39040057.0,38608348,39471766,610528.7,PushPop,":batch=66f2bbdc71f34f5bb54bbfee25c177c9 phase=decode requests=eef2914bac744c1ea29ede0988703e4c,91919f5803e44b6faa967b57bddb81bd,4eba997a613d41f1b98e92a342465594,2c91d8351bd845e18b1e6646cd0b5f4b"
0.0,78078787,2,39039393.5,39039393.5,38619632,39459155,593632.4,PushPop,":batch=cf48e682489648d8adf09876e9b38208 phase=decode requests=dfa53ed7b1db427c979733175e83eed5,1b90b5029a8e4095a0953f707b492bc0,2b642560cfbc46a3b415e89ad3a03675,1d3635c1d1b8417da02febe5bb56858c"
0.0,78076684,2,39038342.0,39038342.0,38565774,39510910,668312.1,PushPop,":batch=f7ccbe99fb484da689fdc3fa402a19b6 phase=decode requests=dfa53ed7b1db427c979733175e83eed5,1b90b5029a8e4095a0953f707b492bc0,2b642560cfbc46a3b415e89ad3a03675,1d3635c1d1b8417da02febe5bb56858c"
0.0,78075688,2,39037844.0,39037844.0,38832437,39243251,290489.4,PushPop,:batch=152fe8411781420aa5ee87619bc1c79e phase=decode requests=268bc1a668514718addc6aee590d0f20
0.0,78073926,2,39036963.0,39036963.0,38630235,39443691,575200.3,PushPop,":batch=dfaffe47d9fb412da4dcd7b2f2af354d phase=decode requests=1811f6ebf58e4b0ea2292b35146cd35f,612ab6a155ee43be83ea6696bd5b8b7f,04a26fdd847647a5a094bbafb63bc469,5f8f2308efff494a9a6a2fa3d4ecc35c"
0.0,78073076,2,39036538.0,39036538.0,38685002,39388074,497147.0,PushPop,":batch=102c36a392d14922a777757cd3b8e446 phase=decode requests=1811f6ebf58e4b0ea2292b35146cd35f,612ab6a155ee43be83ea6696bd5b8b7f,04a26fdd847647a5a094bbafb63bc469,5f8f2308efff494a9a6a2fa3d4ecc35c"
0.0,78070430,2,39035215.0,39035215.0,38597438,39472992,619110.2,PushPop,":batch=48c667304f1f49bcb7c4ada11e9e589c phase=decode requests=1811f6ebf58e4b0ea2292b35146cd35f,612ab6a155ee43be83ea6696bd5b8b7f,04a26fdd847647a5a094bbafb63bc469,5f8f2308efff494a9a6a2fa3d4ecc35c"
0.0,78067282,2,39033641.0,39033641.0,38583597,39483685,636458.3,PushPop,":batch=ec523121c4e948cdafa1572182026832 phase=decode requests=dfa53ed7b1db427c979733175e83eed5,1b90b5029a8e4095a0953f707b492bc0,2b642560cfbc46a3b415e89ad3a03675,1d3635c1d1b8417da02febe5bb56858c"
0.0,78067090,2,39033545.0,39033545.0,38576529,39490561,646318.2,PushPop,":batch=52d20ea56bb54708b8b0feeeddbd7975 phase=decode requests=dfa53ed7b1db427c979733175e83eed5,1b90b5029a8e4095a0953f707b492bc0,2b642560cfbc46a3b415e89ad3a03675,1d3635c1d1b8417da02febe5bb56858c"
0.0,78066973,2,39033486.5,39033486.5,38825717,39241256,293830.4,PushPop,:batch=969c6d9853464039b91ec837d9f41ae8 phase=decode requests=25de90a8b4234cdd9f459bf44de5f72b
0.0,78066766,2,39033383.0,39033383.0,38639971,39426795,556368.6,PushPop,":batch=a4be65ff3d6244e68a096e4e356c0836 phase=decode requests=dfa53ed7b1db427c979733175e83eed5,1b90b5029a8e4095a0953f707b492bc0,2b642560cfbc46a3b415e89ad3a03675,1d3635c1d1b8417da02febe5bb56858c"
0.0,78065834,2,39032917.0,39032917.0,38603487,39462347,607305.7,PushPop,":batch=4fcad0aad83d43f7a49a0194cf83ee55 phase=decode requests=1811f6ebf58e4b0ea2292b35146cd35f,612ab6a155ee43be83ea6696bd5b8b7f,04a26fdd847647a5a094bbafb63bc469,5f8f2308efff494a9a6a2fa3d4ecc35c"
0.0,78065571,2,39032785.5,39032785.5,38558745,39506826,670394.5,PushPop,":batch=c535b8aed59b4153b8a10b1793b0c76f phase=decode requests=fd7f18ee548942ab846676d2fc7a354e,7b15763fe2a348b4bded9b891807f3b3,b57ae4d5f220486d9e686230c8c5382e,b86f7835c80b433ab4e1c625067d0f3c"
0.0,78065538,2,39032769.0,39032769.0,38606261,39459277,603173.4,PushPop,":batch=b0d2731c65f34a5c883494bd9d81fa63 phase=decode requests=dfa53ed7b1db427c979733175e83eed5,1b90b5029a8e4095a0953f707b492bc0,2b642560cfbc46a3b415e89ad3a03675,1d3635c1d1b8417da02febe5bb56858c"
0.0,78065272,2,39032636.0,39032636.0,38607066,39458206,601846.9,PushPop,":batch=e6c6e7cea5e94b6990d393d2b98a3ac3 phase=decode requests=1811f6ebf58e4b0ea2292b35146cd35f,612ab6a155ee43be83ea6696bd5b8b7f,04a26fdd847647a5a094bbafb63bc469,5f8f2308efff494a9a6a2fa3d4ecc35c"
0.0,78064793,2,39032396.5,39032396.5,38568168,39496625,656518.2,PushPop,":batch=c1310517cb044f8b9a96cb236e38624b phase=decode requests=eef2914bac744c1ea29ede0988703e4c,91919f5803e44b6faa967b57bddb81bd,4eba997a613d41f1b98e92a342465594,2c91d8351bd845e18b1e6646cd0b5f4b"
0.0,78062176,2,39031088.0,39031088.0,38460558,39601618,806851.3,PushPop,":batch=b3b0ce83185842f78d9a0904c159f727 phase=decode requests=dfa53ed7b1db427c979733175e83eed5,1b90b5029a8e4095a0953f707b492bc0,2b642560cfbc46a3b415e89ad3a03675,1d3635c1d1b8417da02febe5bb56858c"
0.0,78060961,2,39030480.5,39030480.5,38618499,39442462,582629.8,PushPop,":batch=6a956d01887f410d9a8b169a6de3dce2 phase=decode requests=eef2914bac744c1ea29ede0988703e4c,91919f5803e44b6faa967b57bddb81bd,4eba997a613d41f1b98e92a342465594,2c91d8351bd845e18b1e6646cd0b5f4b"
0.0,78059995,2,39029997.5,39029997.5,38643119,39416876,547128.8,PushPop,":batch=470120a9e46d47e398ab2e731016cf42 phase=decode requests=1811f6ebf58e4b0ea2292b35146cd35f,612ab6a155ee43be83ea6696bd5b8b7f,04a26fdd847647a5a094bbafb63bc469,5f8f2308efff494a9a6a2fa3d4ecc35c"
0.0,78059433,2,39029716.5,39029716.5,38642691,39416742,547336.7,PushPop,":batch=690ef2866d524805ab9a77b2672afe88 phase=decode requests=dfa53ed7b1db427c979733175e83eed5,1b90b5029a8e4095a0953f707b492bc0,2b642560cfbc46a3b415e89ad3a03675,1d3635c1d1b8417da02febe5bb56858c"
0.0,78059106,2,39029553.0,39029553.0,38610256,39448850,592975.5,PushPop,":batch=adba5ee733444dd5b45ba3d3140c4385 phase=decode requests=fd7f18ee548942ab846676d2fc7a354e,7b15763fe2a348b4bded9b891807f3b3,b57ae4d5f220486d9e686230c8c5382e,b86f7835c80b433ab4e1c625067d0f3c"
0.0,78057172,2,39028586.0,39028586.0,38863850,39193322,232971.9,PushPop,:batch=559ece91d3af45119d5a16f5b721a133 phase=decode requests=268bc1a668514718addc6aee590d0f20
0.0,78055686,2,39027843.0,39027843.0,38660905,39394781,518928.7,PushPop,":batch=10181a4332f5449187bf5cab62492e94 phase=decode requests=1811f6ebf58e4b0ea2292b35146cd35f,612ab6a155ee43be83ea6696bd5b8b7f,04a26fdd847647a5a094bbafb63bc469,5f8f2308efff494a9a6a2fa3d4ecc35c"
0.0,78054174,2,39027087.0,39027087.0,38623310,39430864,571026.9,PushPop,":batch=b0efdd5ce7b34628b00fb5dd559cc9cc phase=decode requests=1811f6ebf58e4b0ea2292b35146cd35f,612ab6a155ee43be83ea6696bd5b8b7f,04a26fdd847647a5a094bbafb63bc469,5f8f2308efff494a9a6a2fa3d4ecc35c"
0.0,78053562,2,39026781.0,39026781.0,38865758,39187804,227720.9,PushPop,:batch=23a348c13ad740cf81bc491906840fd5 phase=decode requests=e6255778e8534404ac5ca8451b4d8752
0.0,78053110,2,39026555.0,39026555.0,38602273,39450837,600025.4,PushPop,":batch=8115dd28841d45deb314a6a26cb4cc4c phase=decode requests=dfa53ed7b1db427c979733175e83eed5,1b90b5029a8e4095a0953f707b492bc0,2b642560cfbc46a3b415e89ad3a03675,1d3635c1d1b8417da02febe5bb56858c"
0.0,78052457,2,39026228.5,39026228.5,38538672,39513785,689509.0,PushPop,":batch=527976ead87b4596ba013c52fd1d7168 phase=decode requests=dfa53ed7b1db427c979733175e83eed5,1b90b5029a8e4095a0953f707b492bc0,2b642560cfbc46a3b415e89ad3a03675,1d3635c1d1b8417da02febe5bb56858c"
0.0,78051148,2,39025574.0,39025574.0,38595466,39455682,608264.6,PushPop,":batch=ea3958e77a154503b836340e9e9ce415 phase=decode requests=dfa53ed7b1db427c979733175e83eed5,1b90b5029a8e4095a0953f707b492bc0,2b642560cfbc46a3b415e89ad3a03675,1d3635c1d1b8417da02febe5bb56858c"
0.0,78050954,2,39025477.0,39025477.0,38571692,39479262,641748.9,PushPop,":batch=f4f365cb47cd4644990d7a8622db5e24 phase=decode requests=1811f6ebf58e4b0ea2292b35146cd35f,612ab6a155ee43be83ea6696bd5b8b7f,04a26fdd847647a5a094bbafb63bc469,5f8f2308efff494a9a6a2fa3d4ecc35c"
0.0,78050336,2,39025168.0,39025168.0,38587597,39462739,618818.8,PushPop,":batch=ec19f359732046abaf51e2f111603928 phase=decode requests=1811f6ebf58e4b0ea2292b35146cd35f,612ab6a155ee43be83ea6696bd5b8b7f,04a26fdd847647a5a094bbafb63bc469,5f8f2308efff494a9a6a2fa3d4ecc35c"
0.0,78050277,2,39025138.5,39025138.5,38627725,39422552,562027.6,PushPop,":batch=31b7ccb1b1dd46bcbc10fac80119bc6a phase=decode requests=eef2914bac744c1ea29ede0988703e4c,91919f5803e44b6faa967b57bddb81bd,4eba997a613d41f1b98e92a342465594,2c91d8351bd845e18b1e6646cd0b5f4b"
0.0,78047470,2,39023735.0,39023735.0,38661944,39385526,511649.7,PushPop,":batch=7b7081c57a6c45ed9c28efb4dc6b3366 phase=decode requests=1811f6ebf58e4b0ea2292b35146cd35f,612ab6a155ee43be83ea6696bd5b8b7f,04a26fdd847647a5a094bbafb63bc469,5f8f2308efff494a9a6a2fa3d4ecc35c"
0.0,78047016,2,39023508.0,39023508.0,38573049,39473967,637045.2,PushPop,":batch=5dccd1c8437d4e589275b2c3ba9c26a8 phase=decode requests=eef2914bac744c1ea29ede0988703e4c,91919f5803e44b6faa967b57bddb81bd,4eba997a613d41f1b98e92a342465594,2c91d8351bd845e18b1e6646cd0b5f4b"
0.0,78046076,2,39023038.0,39023038.0,38472165,39573911,779052.1,PushPop,":batch=c7cf8a14b5b64a9da1306d4c04b31691 phase=decode requests=dfa53ed7b1db427c979733175e83eed5,1b90b5029a8e4095a0953f707b492bc0,2b642560cfbc46a3b415e89ad3a03675,1d3635c1d1b8417da02febe5bb56858c"
0.0,78044110,2,39022055.0,39022055.0,38571480,39472630,637209.3,PushPop,":batch=0470c128ba7641979cbdcd6e22b7d90b phase=decode requests=eef2914bac744c1ea29ede0988703e4c,91919f5803e44b6faa967b57bddb81bd,4eba997a613d41f1b98e92a342465594,2c91d8351bd845e18b1e6646cd0b5f4b"
0.0,78042564,2,39021282.0,39021282.0,38521060,39521504,707420.7,PushPop,":batch=fd713f2d2f014183984af380b0f3ec16 phase=decode requests=dfa53ed7b1db427c979733175e83eed5,1b90b5029a8e4095a0953f707b492bc0,2b642560cfbc46a3b415e89ad3a03675,1d3635c1d1b8417da02febe5bb56858c"
0.0,78042450,2,39021225.0,39021225.0,38585563,39456887,616119.1,PushPop,":batch=632b59927c6b458abadbb8114a2b5eea phase=decode requests=eef2914bac744c1ea29ede0988703e4c,91919f5803e44b6faa967b57bddb81bd,4eba997a613d41f1b98e92a342465594,2c91d8351bd845e18b1e6646cd0b5f4b"
0.0,78041271,2,39020635.5,39020635.5,38614049,39427222,575000.1,PushPop,":batch=9b92ee29ce5f4658a5fa594a6615a9ce phase=decode requests=dfa53ed7b1db427c979733175e83eed5,1b90b5029a8e4095a0953f707b492bc0,2b642560cfbc46a3b415e89ad3a03675,1d3635c1d1b8417da02febe5bb56858c"
0.0,78040279,2,39020139.5,39020139.5,38624986,39415293,558831.4,PushPop,":batch=aeee4bcecdde4fbb8f43b839576a8f23 phase=decode requests=1811f6ebf58e4b0ea2292b35146cd35f,612ab6a155ee43be83ea6696bd5b8b7f,04a26fdd847647a5a094bbafb63bc469,5f8f2308efff494a9a6a2fa3d4ecc35c"
0.0,78039665,2,39019832.5,39019832.5,38618508,39421157,567558.6,PushPop,":batch=d20e6fe20fc54afcbaa035f57596ff95 phase=decode requests=dfa53ed7b1db427c979733175e83eed5,1b90b5029a8e4095a0953f707b492bc0,2b642560cfbc46a3b415e89ad3a03675,1d3635c1d1b8417da02febe5bb56858c"
0.0,78039616,2,39019808.0,39019808.0,38646222,39393394,528330.4,PushPop,":batch=0587c34124c44a078e0dee0fdb9cd98b phase=decode requests=dfa53ed7b1db427c979733175e83eed5,1b90b5029a8e4095a0953f707b492bc0,2b642560cfbc46a3b415e89ad3a03675,1d3635c1d1b8417da02febe5bb56858c"
0.0,78039107,2,39019553.5,39019553.5,38573498,39465609,630817.7,PushPop,":batch=f7029fe1002b49ca9eac7fe0dbe67aaf phase=decode requests=1811f6ebf58e4b0ea2292b35146cd35f,612ab6a155ee43be83ea6696bd5b8b7f,04a26fdd847647a5a094bbafb63bc469,5f8f2308efff494a9a6a2fa3d4ecc35c"
0.0,78037566,2,39018783.0,39018783.0,38655695,39381871,513484.0,PushPop,":batch=bca42327f455447784e2d3a8b55475e7 phase=decode requests=1811f6ebf58e4b0ea2292b35146cd35f,612ab6a155ee43be83ea6696bd5b8b7f,04a26fdd847647a5a094bbafb63bc469,5f8f2308efff494a9a6a2fa3d4ecc35c"
0.0,78036763,2,39018381.5,39018381.5,38844233,39192530,246283.2,PushPop,:batch=98b047b98852490ca51c23dbf3b59249 phase=decode requests=f613ba29e5e3458d8e63b0275b98ac68
0.0,78033179,2,39016589.5,39016589.5,38811102,39222077,290603.2,PushPop,:batch=afe513212af440e581905405f77c44fd phase=decode requests=f613ba29e5e3458d8e63b0275b98ac68
0.0,78031010,2,39015505.0,39015505.0,38603114,39427896,583208.9,PushPop,":batch=8e2dad1898464363aa2fad6cd4e40e47 phase=decode requests=1811f6ebf58e4b0ea2292b35146cd35f,612ab6a155ee43be83ea6696bd5b8b7f,04a26fdd847647a5a094bbafb63bc469,5f8f2308efff494a9a6a2fa3d4ecc35c"
0.0,78030888,2,39015444.0,39015444.0,38853801,39177087,228597.7,PushPop,:batch=b27a338fd2f544f48337487d0a9a5c6d phase=decode requests=f613ba29e5e3458d8e63b0275b98ac68
0.0,78029520,2,39014760.0,39014760.0,38645645,39383875,522007.4,PushPop,":batch=1ae35e39b88a45ee94ccdae87a55f745 phase=decode requests=dfa53ed7b1db427c979733175e83eed5,1b90b5029a8e4095a0953f707b492bc0,2b642560cfbc46a3b415e89ad3a03675,1d3635c1d1b8417da02febe5bb56858c"
0.0,78028620,2,39014310.0,39014310.0,38572855,39455765,624311.6,PushPop,":batch=d4752e8020b64d20a155fa950d82fea9 phase=decode requests=dfa53ed7b1db427c979733175e83eed5,1b90b5029a8e4095a0953f707b492bc0,2b642560cfbc46a3b415e89ad3a03675,1d3635c1d1b8417da02febe5bb56858c"
0.0,78026861,2,39013430.5,39013430.5,38564141,39462720,635391.3,PushPop,":batch=be1af8903a434bab9a9e0978d65511f9 phase=decode requests=dfa53ed7b1db427c979733175e83eed5,1b90b5029a8e4095a0953f707b492bc0,2b642560cfbc46a3b415e89ad3a03675,1d3635c1d1b8417da02febe5bb56858c"
0.0,78025979,2,39012989.5,39012989.5,38577486,39448493,615895.0,PushPop,":batch=13ecf4a2ebc7443a9f3ca53b52010f3c phase=decode requests=eef2914bac744c1ea29ede0988703e4c,91919f5803e44b6faa967b57bddb81bd,4eba997a613d41f1b98e92a342465594,2c91d8351bd845e18b1e6646cd0b5f4b"
0.0,78023863,2,39011931.5,39011931.5,38587154,39436709,600726.1,PushPop,":batch=10601f0aabf6471aa65021d2024cea70 phase=decode requests=1811f6ebf58e4b0ea2292b35146cd35f,612ab6a155ee43be83ea6696bd5b8b7f,04a26fdd847647a5a094bbafb63bc469,5f8f2308efff494a9a6a2fa3d4ecc35c"
0.0,78017526,2,39008763.0,39008763.0,38640051,39377475,521437.5,PushPop,":batch=1c41b4a1d89a4f05bc429dad3f5d8e7a phase=decode requests=dfa53ed7b1db427c979733175e83eed5,1b90b5029a8e4095a0953f707b492bc0,2b642560cfbc46a3b415e89ad3a03675,1d3635c1d1b8417da02febe5bb56858c"
0.0,78017291,2,39008645.5,39008645.5,38630875,39386416,534248.2,PushPop,":batch=fae5b6cae22c4375889b9b7d5190099a phase=decode requests=dfa53ed7b1db427c979733175e83eed5,1b90b5029a8e4095a0953f707b492bc0,2b642560cfbc46a3b415e89ad3a03675,1d3635c1d1b8417da02febe5bb56858c"
0.0,78016734,2,39008367.0,39008367.0,38591936,39424798,588922.4,PushPop,":batch=98523df5e3e34a2d8bf84eb4d90ff7a4 phase=decode requests=1811f6ebf58e4b0ea2292b35146cd35f,612ab6a155ee43be83ea6696bd5b8b7f,04a26fdd847647a5a094bbafb63bc469,5f8f2308efff494a9a6a2fa3d4ecc35c"
0.0,78016613,2,39008306.5,39008306.5,38638619,39377994,522817.1,PushPop,":batch=a26dd2ead4bf4a38a17c997439e2112a phase=decode requests=1811f6ebf58e4b0ea2292b35146cd35f,612ab6a155ee43be83ea6696bd5b8b7f,04a26fdd847647a5a094bbafb63bc469,5f8f2308efff494a9a6a2fa3d4ecc35c"
0.0,78014357,2,39007178.5,39007178.5,38632145,39382212,530377.5,PushPop,":batch=6133d5bf05f74330b9c0331d16dc565b phase=decode requests=1811f6ebf58e4b0ea2292b35146cd35f,612ab6a155ee43be83ea6696bd5b8b7f,04a26fdd847647a5a094bbafb63bc469,5f8f2308efff494a9a6a2fa3d4ecc35c"
0.0,78014234,2,39007117.0,39007117.0,39005175,39009059,2746.4,PushPop,:batch=f438c44e97b24a59b989fa75c01f5de1 phase=decode requests=25de90a8b4234cdd9f459bf44de5f72b
0.0,78011360,2,39005680.0,39005680.0,38587031,39424329,592059.1,PushPop,":batch=5bdee63c43c240b6bcebfebe7f91eed1 phase=decode requests=dfa53ed7b1db427c979733175e83eed5,1b90b5029a8e4095a0953f707b492bc0,2b642560cfbc46a3b415e89ad3a03675,1d3635c1d1b8417da02febe5bb56858c"
0.0,78010752,2,39005376.0,39005376.0,38653906,39356846,497053.6,PushPop,":batch=fdeffdfb5e284111b693784422f83b41 phase=decode requests=1811f6ebf58e4b0ea2292b35146cd35f,612ab6a155ee43be83ea6696bd5b8b7f,04a26fdd847647a5a094bbafb63bc469,5f8f2308efff494a9a6a2fa3d4ecc35c"
0.0,78009127,2,39004563.5,39004563.5,38521069,39488058,683764.5,PushPop,":batch=12ba975dacf14ae7b14442ef062378e4 phase=decode requests=1811f6ebf58e4b0ea2292b35146cd35f,612ab6a155ee43be83ea6696bd5b8b7f,04a26fdd847647a5a094bbafb63bc469,5f8f2308efff494a9a6a2fa3d4ecc35c"
0.0,78007716,2,39003858.0,39003858.0,38641433,39366283,512546.4,PushPop,":batch=a914654f630e472dbb3105cd88ab34ab phase=decode requests=1811f6ebf58e4b0ea2292b35146cd35f,612ab6a155ee43be83ea6696bd5b8b7f,04a26fdd847647a5a094bbafb63bc469,5f8f2308efff494a9a6a2fa3d4ecc35c"
0.0,78005708,2,39002854.0,39002854.0,38816651,39189057,263330.8,PushPop,:batch=9456313acf524ba99299790d5781e4fb phase=decode requests=25de90a8b4234cdd9f459bf44de5f72b
0.0,78003427,2,39001713.5,39001713.5,38593333,39410094,577537.2,PushPop,":batch=c73d9d2eb424420daded52ecb7d0d656 phase=decode requests=dfa53ed7b1db427c979733175e83eed5,1b90b5029a8e4095a0953f707b492bc0,2b642560cfbc46a3b415e89ad3a03675,1d3635c1d1b8417da02febe5bb56858c"
0.0,78000363,2,39000181.5,39000181.5,38635329,39365034,515979.4,PushPop,":batch=bbf10de17f304e64aa8a80e572cdb114 phase=decode requests=1811f6ebf58e4b0ea2292b35146cd35f,612ab6a155ee43be83ea6696bd5b8b7f,04a26fdd847647a5a094bbafb63bc469,5f8f2308efff494a9a6a2fa3d4ecc35c"
0.0,77999744,2,38999872.0,38999872.0,38511532,39488212,690617.1,PushPop,":batch=420cc6b5dec04158a3af65c448018ac9 phase=decode requests=dfa53ed7b1db427c979733175e83eed5,1b90b5029a8e4095a0953f707b492bc0,2b642560cfbc46a3b415e89ad3a03675,1d3635c1d1b8417da02febe5bb56858c"
0.0,77997874,2,38998937.0,38998937.0,38567724,39430150,609827.3,PushPop,":batch=6f7f9a9a69554a8990e666353a345538 phase=decode requests=dfa53ed7b1db427c979733175e83eed5,1b90b5029a8e4095a0953f707b492bc0,2b642560cfbc46a3b415e89ad3a03675,1d3635c1d1b8417da02febe5bb56858c"
0.0,77994736,2,38997368.0,38997368.0,38528508,39466228,663068.2,PushPop,":batch=941c699878dc469bbc9f3690679504ae phase=decode requests=eef2914bac744c1ea29ede0988703e4c,91919f5803e44b6faa967b57bddb81bd,4eba997a613d41f1b98e92a342465594,2c91d8351bd845e18b1e6646cd0b5f4b"
0.0,77993624,2,38996812.0,38996812.0,38565640,39427984,609769.3,PushPop,":batch=a56b30a4f47b47e1938a649c037fe264 phase=decode requests=1811f6ebf58e4b0ea2292b35146cd35f,612ab6a155ee43be83ea6696bd5b8b7f,04a26fdd847647a5a094bbafb63bc469,5f8f2308efff494a9a6a2fa3d4ecc35c"
0.0,77991879,2,38995939.5,38995939.5,38824215,39167664,242855.1,PushPop,:batch=71c9874126674c78b49eb0f585858819 phase=decode requests=f613ba29e5e3458d8e63b0275b98ac68
0.0,77990695,2,38995347.5,38995347.5,38822379,39168316,244614.4,PushPop,:batch=5875e79e6dc5441aa11eb5f7b34f5388 phase=decode requests=25de90a8b4234cdd9f459bf44de5f72b
0.0,77989475,2,38994737.5,38994737.5,38549302,39440173,629940.9,PushPop,":batch=2bae0adda575413fb2f1b77dff0d637e phase=decode requests=eef2914bac744c1ea29ede0988703e4c,91919f5803e44b6faa967b57bddb81bd,4eba997a613d41f1b98e92a342465594,2c91d8351bd845e18b1e6646cd0b5f4b"
0.0,77989160,2,38994580.0,38994580.0,38581230,39407930,584565.2,PushPop,":batch=2649f2e145dc4e239825a7e347972428 phase=decode requests=1811f6ebf58e4b0ea2292b35146cd35f,612ab6a155ee43be83ea6696bd5b8b7f,04a26fdd847647a5a094bbafb63bc469,5f8f2308efff494a9a6a2fa3d4ecc35c"
0.0,77988057,2,38994028.5,38994028.5,38615813,39372244,534877.5,PushPop,":batch=ae85af9abaf5485c846af80005994e28 phase=decode requests=1811f6ebf58e4b0ea2292b35146cd35f,612ab6a155ee43be83ea6696bd5b8b7f,04a26fdd847647a5a094bbafb63bc469,5f8f2308efff494a9a6a2fa3d4ecc35c"
0.0,77987248,2,38993624.0,38993624.0,38564899,39422349,606308.7,PushPop,":batch=b60b424b657848958fb1f9324de9eb35 phase=decode requests=dfa53ed7b1db427c979733175e83eed5,1b90b5029a8e4095a0953f707b492bc0,2b642560cfbc46a3b415e89ad3a03675,1d3635c1d1b8417da02febe5bb56858c"
0.0,77986984,2,38993492.0,38993492.0,38798340,39188644,275986.6,PushPop,:batch=efb8b9d9d0ef4aec93ee98ef80a0d4fb phase=decode requests=268bc1a668514718addc6aee590d0f20
0.0,77986938,2,38993469.0,38993469.0,38574757,39412181,592148.2,PushPop,":batch=1b98f9e44f484082afca25fc55643d35 phase=decode requests=1811f6ebf58e4b0ea2292b35146cd35f,612ab6a155ee43be83ea6696bd5b8b7f,04a26fdd847647a5a094bbafb63bc469,5f8f2308efff494a9a6a2fa3d4ecc35c"
0.0,77984775,2,38992387.5,38992387.5,38635297,39349478,505002.2,PushPop,":batch=ce93613bceba46e1a24884daed9081d7 phase=decode requests=1811f6ebf58e4b0ea2292b35146cd35f,612ab6a155ee43be83ea6696bd5b8b7f,04a26fdd847647a5a094bbafb63bc469,5f8f2308efff494a9a6a2fa3d4ecc35c"
0.0,77982531,2,38991265.5,38991265.5,38539552,39442979,638819.4,PushPop,":batch=718c8c1faeff4867b3f6045dfd85bf09 phase=decode requests=1811f6ebf58e4b0ea2292b35146cd35f,612ab6a155ee43be83ea6696bd5b8b7f,04a26fdd847647a5a094bbafb63bc469,5f8f2308efff494a9a6a2fa3d4ecc35c"
0.0,77981991,2,38990995.5,38990995.5,38568977,39413014,596824.3,PushPop,":batch=6770ba443ebd468086c91082eda3960e phase=decode requests=dfa53ed7b1db427c979733175e83eed5,1b90b5029a8e4095a0953f707b492bc0,2b642560cfbc46a3b415e89ad3a03675,1d3635c1d1b8417da02febe5bb56858c"
0.0,77978456,2,38989228.0,38989228.0,38799912,39178544,267733.3,PushPop,:batch=1c9ae349d0be4650af1cfd576189d4c7 phase=decode requests=25de90a8b4234cdd9f459bf44de5f72b
0.0,77977451,2,38988725.5,38988725.5,38561562,39415889,604100.4,PushPop,":batch=dcf4097f25ba466da70d8348d95b361d phase=decode requests=dfa53ed7b1db427c979733175e83eed5,1b90b5029a8e4095a0953f707b492bc0,2b642560cfbc46a3b415e89ad3a03675,1d3635c1d1b8417da02febe5bb56858c"
0.0,77977097,2,38988548.5,38988548.5,38591776,39385321,561121.1,PushPop,":batch=b9268f5a338346c3b2fdf66b00f90ae2 phase=decode requests=dfa53ed7b1db427c979733175e83eed5,1b90b5029a8e4095a0953f707b492bc0,2b642560cfbc46a3b415e89ad3a03675,1d3635c1d1b8417da02febe5bb56858c"
0.0,77976505,2,38988252.5,38988252.5,38531056,39445449,646573.5,PushPop,":batch=3f746b620e0c4953b2e18090b0056bae phase=decode requests=1811f6ebf58e4b0ea2292b35146cd35f,612ab6a155ee43be83ea6696bd5b8b7f,04a26fdd847647a5a094bbafb63bc469,5f8f2308efff494a9a6a2fa3d4ecc35c"
0.0,77976434,2,38988217.0,38988217.0,38592278,39384156,559942.3,PushPop,":batch=15e0f368a0bc47b894601b70a3ee9efc phase=decode requests=1811f6ebf58e4b0ea2292b35146cd35f,612ab6a155ee43be83ea6696bd5b8b7f,04a26fdd847647a5a094bbafb63bc469,5f8f2308efff494a9a6a2fa3d4ecc35c"
0.0,77976232,2,38988116.0,38988116.0,38503657,39472575,685128.5,PushPop,":batch=3a935dc6614144d5b82df8f70133f110 phase=decode requests=1811f6ebf58e4b0ea2292b35146cd35f,612ab6a155ee43be83ea6696bd5b8b7f,04a26fdd847647a5a094bbafb63bc469,5f8f2308efff494a9a6a2fa3d4ecc35c"
0.0,77975104,2,38987552.0,38987552.0,38601423,39373681,546068.9,PushPop,":batch=7f209e70b6294a24b85e83c586a33c1d phase=decode requests=dfa53ed7b1db427c979733175e83eed5,1b90b5029a8e4095a0953f707b492bc0,2b642560cfbc46a3b415e89ad3a03675,1d3635c1d1b8417da02febe5bb56858c"
0.0,77974807,2,38987403.5,38987403.5,38565494,39409313,596670.1,PushPop,":batch=0bfefc1f146649d1bdeedf49a0b6cdfe phase=decode requests=dfa53ed7b1db427c979733175e83eed5,1b90b5029a8e4095a0953f707b492bc0,2b642560cfbc46a3b415e89ad3a03675,1d3635c1d1b8417da02febe5bb56858c"
0.0,77974573,2,38987286.5,38987286.5,38766218,39208355,312638.1,PushPop,:batch=1caaa4aa880c4833bd85af81ae6127ec phase=decode requests=25de90a8b4234cdd9f459bf44de5f72b
0.0,77972035,2,38986017.5,38986017.5,38558430,39413605,604700.0,PushPop,":batch=06f7dbf1852a438bab36d59312afc629 phase=decode requests=1811f6ebf58e4b0ea2292b35146cd35f,612ab6a155ee43be83ea6696bd5b8b7f,04a26fdd847647a5a094bbafb63bc469,5f8f2308efff494a9a6a2fa3d4ecc35c"
0.0,77970470,2,38985235.0,38985235.0,38582329,39388141,569795.1,PushPop,":batch=1a8c983c5241423eb1aa9271ee93560b phase=decode requests=dfa53ed7b1db427c979733175e83eed5,1b90b5029a8e4095a0953f707b492bc0,2b642560cfbc46a3b415e89ad3a03675,1d3635c1d1b8417da02febe5bb56858c"
0.0,77967634,2,38983817.0,38983817.0,38582753,39384881,567190.1,PushPop,":batch=e2189bf027eb4d15a90937d9c162236e phase=decode requests=1811f6ebf58e4b0ea2292b35146cd35f,612ab6a155ee43be83ea6696bd5b8b7f,04a26fdd847647a5a094bbafb63bc469,5f8f2308efff494a9a6a2fa3d4ecc35c"
0.0,77966227,2,38983113.5,38983113.5,38600994,39365233,540398.6,PushPop,":batch=fb27d0e796114b7f84a9bdfeab3bda68 phase=decode requests=1811f6ebf58e4b0ea2292b35146cd35f,612ab6a155ee43be83ea6696bd5b8b7f,04a26fdd847647a5a094bbafb63bc469,5f8f2308efff494a9a6a2fa3d4ecc35c"
0.0,77965271,2,38982635.5,38982635.5,38581509,39383762,567278.5,PushPop,":batch=ba05c053a722480785e10219626813cd phase=decode requests=dfa53ed7b1db427c979733175e83eed5,1b90b5029a8e4095a0953f707b492bc0,2b642560cfbc46a3b415e89ad3a03675,1d3635c1d1b8417da02febe5bb56858c"
0.0,77965177,2,38982588.5,38982588.5,38538395,39426782,628184.5,PushPop,":batch=62eb980d5e1b4a8ab3abbf425d35d119 phase=decode requests=1811f6ebf58e4b0ea2292b35146cd35f,612ab6a155ee43be83ea6696bd5b8b7f,04a26fdd847647a5a094bbafb63bc469,5f8f2308efff494a9a6a2fa3d4ecc35c"
0.0,77964985,2,38982492.5,38982492.5,38607313,39357672,530583.9,PushPop,":batch=fcc67f5b1262485093a5805520ef0ada phase=decode requests=dfa53ed7b1db427c979733175e83eed5,1b90b5029a8e4095a0953f707b492bc0,2b642560cfbc46a3b415e89ad3a03675,1d3635c1d1b8417da02febe5bb56858c"
0.0,77964800,2,38982400.0,38982400.0,38486788,39478012,700901.2,PushPop,":batch=a501d10e94b748fb95b626ba92afb6e5 phase=decode requests=dfa53ed7b1db427c979733175e83eed5,1b90b5029a8e4095a0953f707b492bc0,2b642560cfbc46a3b415e89ad3a03675,1d3635c1d1b8417da02febe5bb56858c"
0.0,77964343,2,38982171.5,38982171.5,38782493,39181850,282388.0,PushPop,:batch=fb94d4b542724657baf5eb1dfa69ed9d phase=decode requests=e6255778e8534404ac5ca8451b4d8752
0.0,77959664,2,38979832.0,38979832.0,38542594,39417070,618347.9,PushPop,":batch=38fa0da0652d4b2b92165c3cb93630b1 phase=decode requests=1811f6ebf58e4b0ea2292b35146cd35f,612ab6a155ee43be83ea6696bd5b8b7f,04a26fdd847647a5a094bbafb63bc469,5f8f2308efff494a9a6a2fa3d4ecc35c"
0.0,77956946,2,38978473.0,38978473.0,38395597,39561349,824311.1,PushPop,:batch=f806e072a09b4f458bb01d1ee72cc649 phase=decode requests=f613ba29e5e3458d8e63b0275b98ac68
0.0,77956453,2,38978226.5,38978226.5,38798780,39157673,253775.7,PushPop,:batch=747b106a24a14b7e8e1940b3065241e5 phase=decode requests=e6255778e8534404ac5ca8451b4d8752
0.0,77955473,2,38977736.5,38977736.5,38534373,39421100,627010.7,PushPop,":batch=93303a45a0fa4a9a8878318fd79d2ed4 phase=decode requests=dfa53ed7b1db427c979733175e83eed5,1b90b5029a8e4095a0953f707b492bc0,2b642560cfbc46a3b415e89ad3a03675,1d3635c1d1b8417da02febe5bb56858c"
0.0,77955321,2,38977660.5,38977660.5,38533609,39421712,627983.7,PushPop,":batch=b95c8b56a53247b1a0f370d59b85cbb7 phase=decode requests=dfa53ed7b1db427c979733175e83eed5,1b90b5029a8e4095a0953f707b492bc0,2b642560cfbc46a3b415e89ad3a03675,1d3635c1d1b8417da02febe5bb56858c"
0.0,77955139,2,38977569.5,38977569.5,38765613,39189526,299751.8,PushPop,:batch=a3f2d87aebc9458fa0c5925ae12d533c phase=decode requests=25de90a8b4234cdd9f459bf44de5f72b
0.0,77954476,2,38977238.0,38977238.0,38531389,39423087,630525.7,PushPop,":batch=0d1e5f9cfab348ba8ea121a5f226884c phase=decode requests=dfa53ed7b1db427c979733175e83eed5,1b90b5029a8e4095a0953f707b492bc0,2b642560cfbc46a3b415e89ad3a03675,1d3635c1d1b8417da02febe5bb56858c"
0.0,77952513,2,38976256.5,38976256.5,38529213,39423300,632215.0,PushPop,":batch=6fce261d54ff4350afda35bf196dc275 phase=decode requests=1811f6ebf58e4b0ea2292b35146cd35f,612ab6a155ee43be83ea6696bd5b8b7f,04a26fdd847647a5a094bbafb63bc469,5f8f2308efff494a9a6a2fa3d4ecc35c"
0.0,77952414,2,38976207.0,38976207.0,38572787,39379627,570522.0,PushPop,":batch=2ccdc3c22f6b4ce0978ff3cb31019c54 phase=decode requests=1811f6ebf58e4b0ea2292b35146cd35f,612ab6a155ee43be83ea6696bd5b8b7f,04a26fdd847647a5a094bbafb63bc469,5f8f2308efff494a9a6a2fa3d4ecc35c"
0.0,77951694,2,38975847.0,38975847.0,38601530,39350164,529364.2,PushPop,":batch=80eb3bd4c9704f5cae27698a2f589983 phase=decode requests=dfa53ed7b1db427c979733175e83eed5,1b90b5029a8e4095a0953f707b492bc0,2b642560cfbc46a3b415e89ad3a03675,1d3635c1d1b8417da02febe5bb56858c"
0.0,77948824,2,38974412.0,38974412.0,38561999,39386825,583240.1,PushPop,":batch=7b69902ccc014133a03be799e7d0fc05 phase=decode requests=dfa53ed7b1db427c979733175e83eed5,1b90b5029a8e4095a0953f707b492bc0,2b642560cfbc46a3b415e89ad3a03675,1d3635c1d1b8417da02febe5bb56858c"
0.0,77948757,2,38974378.5,38974378.5,38574909,39373848,564935.2,PushPop,":batch=8a82e966406542b6a61ff64b2e6fcc77 phase=decode requests=dfa53ed7b1db427c979733175e83eed5,1b90b5029a8e4095a0953f707b492bc0,2b642560cfbc46a3b415e89ad3a03675,1d3635c1d1b8417da02febe5bb56858c"
0.0,77948366,2,38974183.0,38974183.0,38543175,39405191,609537.4,PushPop,":batch=d691129ab5be40f4984f022c6ed0f803 phase=decode requests=1811f6ebf58e4b0ea2292b35146cd35f,612ab6a155ee43be83ea6696bd5b8b7f,04a26fdd847647a5a094bbafb63bc469,5f8f2308efff494a9a6a2fa3d4ecc35c"
0.0,77945482,2,38972741.0,38972741.0,38547695,39397787,601105.8,PushPop,":batch=f49168e0446b490291b929b48b98e87f phase=decode requests=dfa53ed7b1db427c979733175e83eed5,1b90b5029a8e4095a0953f707b492bc0,2b642560cfbc46a3b415e89ad3a03675,1d3635c1d1b8417da02febe5bb56858c"
0.0,77944263,2,38972131.5,38972131.5,38533060,39411203,620940.9,PushPop,":batch=62f22d8b8032444cbc7908f63d6d0b27 phase=decode requests=dfa53ed7b1db427c979733175e83eed5,1b90b5029a8e4095a0953f707b492bc0,2b642560cfbc46a3b415e89ad3a03675,1d3635c1d1b8417da02febe5bb56858c"
0.0,77941298,2,38970649.0,38970649.0,38471576,39469722,705795.8,PushPop,":batch=14e376e5263b4975819aa86d51100b31 phase=decode requests=1811f6ebf58e4b0ea2292b35146cd35f,612ab6a155ee43be83ea6696bd5b8b7f,04a26fdd847647a5a094bbafb63bc469,5f8f2308efff494a9a6a2fa3d4ecc35c"
0.0,77940206,2,38970103.0,38970103.0,38545868,39394338,599958.9,PushPop,":batch=903756fe234449b4a52d3c3ea091d472 phase=decode requests=dfa53ed7b1db427c979733175e83eed5,1b90b5029a8e4095a0953f707b492bc0,2b642560cfbc46a3b415e89ad3a03675,1d3635c1d1b8417da02febe5bb56858c"
0.0,77940134,2,38970067.0,38970067.0,38480995,39459139,691652.3,PushPop,":batch=c28419eefcc54d39a51841bb7c431755 phase=decode requests=dfa53ed7b1db427c979733175e83eed5,1b90b5029a8e4095a0953f707b492bc0,2b642560cfbc46a3b415e89ad3a03675,1d3635c1d1b8417da02febe5bb56858c"
0.0,77938134,2,38969067.0,38969067.0,38566851,39371283,568819.3,PushPop,":batch=96d0b6491ea649d4bc165129f3d4884e phase=decode requests=dfa53ed7b1db427c979733175e83eed5,1b90b5029a8e4095a0953f707b492bc0,2b642560cfbc46a3b415e89ad3a03675,1d3635c1d1b8417da02febe5bb56858c"
0.0,77937359,2,38968679.5,38968679.5,38523986,39413373,628891.6,PushPop,":batch=2acefaf4b22641528a146267770e1ee2 phase=decode requests=1811f6ebf58e4b0ea2292b35146cd35f,612ab6a155ee43be83ea6696bd5b8b7f,04a26fdd847647a5a094bbafb63bc469,5f8f2308efff494a9a6a2fa3d4ecc35c"
0.0,77936020,2,38968010.0,38968010.0,38537571,39398449,608732.7,PushPop,":batch=3abba24aec3b4548b32f6b29737a9038 phase=decode requests=eef2914bac744c1ea29ede0988703e4c,91919f5803e44b6faa967b57bddb81bd,4eba997a613d41f1b98e92a342465594,2c91d8351bd845e18b1e6646cd0b5f4b"
0.0,77934807,2,38967403.5,38967403.5,38506696,39428111,651538.8,PushPop,":batch=f0dd65926b6e4fe1a465fd50efd44e7e phase=decode requests=dfa53ed7b1db427c979733175e83eed5,1b90b5029a8e4095a0953f707b492bc0,2b642560cfbc46a3b415e89ad3a03675,1d3635c1d1b8417da02febe5bb56858c"
0.0,77934053,2,38967026.5,38967026.5,38548764,39385289,591512.5,PushPop,":batch=e3c5c00d7088413a8affb062e31ff080 phase=decode requests=eef2914bac744c1ea29ede0988703e4c,91919f5803e44b6faa967b57bddb81bd,4eba997a613d41f1b98e92a342465594,2c91d8351bd845e18b1e6646cd0b5f4b"
0.0,77933295,2,38966647.5,38966647.5,38510903,39422392,644520.1,PushPop,":batch=f4a8577d1c7740e59097d536aa5ea511 phase=decode requests=dfa53ed7b1db427c979733175e83eed5,1b90b5029a8e4095a0953f707b492bc0,2b642560cfbc46a3b415e89ad3a03675,1d3635c1d1b8417da02febe5bb56858c"
0.0,77933131,2,38966565.5,38966565.5,38608299,39324832,506665.3,PushPop,":batch=b42a3b3616fc4462b1113a634208cf10 phase=decode requests=dfa53ed7b1db427c979733175e83eed5,1b90b5029a8e4095a0953f707b492bc0,2b642560cfbc46a3b415e89ad3a03675,1d3635c1d1b8417da02febe5bb56858c"
0.0,77933002,2,38966501.0,38966501.0,38599783,39333219,518617.6,PushPop,":batch=ca22263407a34adebc30ddaf0ed2fd27 phase=decode requests=1811f6ebf58e4b0ea2292b35146cd35f,612ab6a155ee43be83ea6696bd5b8b7f,04a26fdd847647a5a094bbafb63bc469,5f8f2308efff494a9a6a2fa3d4ecc35c"
0.0,77931522,2,38965761.0,38965761.0,38752344,39179178,301817.2,PushPop,:batch=ab14e5c109c646468e7717869d809122 phase=decode requests=25de90a8b4234cdd9f459bf44de5f72b
0.0,77929245,2,38964622.5,38964622.5,38504663,39424582,650481.0,PushPop,":batch=a3e655d81a814a0bb1ff0a2de1461cc9 phase=decode requests=1811f6ebf58e4b0ea2292b35146cd35f,612ab6a155ee43be83ea6696bd5b8b7f,04a26fdd847647a5a094bbafb63bc469,5f8f2308efff494a9a6a2fa3d4ecc35c"
0.0,77927019,2,38963509.5,38963509.5,38532022,39394997,610215.5,PushPop,":batch=20f34d0dc30e4e4bac3783c6c45ae889 phase=decode requests=1811f6ebf58e4b0ea2292b35146cd35f,612ab6a155ee43be83ea6696bd5b8b7f,04a26fdd847647a5a094bbafb63bc469,5f8f2308efff494a9a6a2fa3d4ecc35c"
0.0,77927014,2,38963507.0,38963507.0,38561127,39365887,569051.3,PushPop,":batch=58538bdbad7b477da80868c600145b52 phase=decode requests=dfa53ed7b1db427c979733175e83eed5,1b90b5029a8e4095a0953f707b492bc0,2b642560cfbc46a3b415e89ad3a03675,1d3635c1d1b8417da02febe5bb56858c"
0.0,77925581,2,38962790.5,38962790.5,38597543,39328038,516538.0,PushPop,":batch=0a0fde65f7184fb8b107b537042ab776 phase=decode requests=1811f6ebf58e4b0ea2292b35146cd35f,612ab6a155ee43be83ea6696bd5b8b7f,04a26fdd847647a5a094bbafb63bc469,5f8f2308efff494a9a6a2fa3d4ecc35c"
0.0,77923341,2,38961670.5,38961670.5,38572815,39350526,549924.7,PushPop,":batch=4baa2e648ae54743afde1f484459137f phase=decode requests=1811f6ebf58e4b0ea2292b35146cd35f,612ab6a155ee43be83ea6696bd5b8b7f,04a26fdd847647a5a094bbafb63bc469,5f8f2308efff494a9a6a2fa3d4ecc35c"
0.0,77922890,2,38961445.0,38961445.0,38504250,39418640,646571.4,PushPop,":batch=e736750f5b904ec3bb62f491b9fabad6 phase=decode requests=dfa53ed7b1db427c979733175e83eed5,1b90b5029a8e4095a0953f707b492bc0,2b642560cfbc46a3b415e89ad3a03675,1d3635c1d1b8417da02febe5bb56858c"
0.0,77922418,2,38961209.0,38961209.0,38449581,39472837,723551.3,PushPop,":batch=607499534bf740908757cda9e9e0ae6b phase=decode requests=dfa53ed7b1db427c979733175e83eed5,1b90b5029a8e4095a0953f707b492bc0,2b642560cfbc46a3b415e89ad3a03675,1d3635c1d1b8417da02febe5bb56858c"
0.0,77922168,2,38961084.0,38961084.0,38521165,39401003,622139.4,PushPop,":batch=d5760999db93454e9cc00948e2f56c77 phase=decode requests=dfa53ed7b1db427c979733175e83eed5,1b90b5029a8e4095a0953f707b492bc0,2b642560cfbc46a3b415e89ad3a03675,1d3635c1d1b8417da02febe5bb56858c"
0.0,77921128,2,38960564.0,38960564.0,38503841,39417287,645903.9,PushPop,":batch=fcb53f42c1b84d8f8be863c33aa2b4bb phase=decode requests=fd7f18ee548942ab846676d2fc7a354e,7b15763fe2a348b4bded9b891807f3b3,b57ae4d5f220486d9e686230c8c5382e,b86f7835c80b433ab4e1c625067d0f3c"
0.0,77918950,2,38959475.0,38959475.0,38455421,39463529,712840.0,PushPop,":batch=d1dcb31d101d4894a5609d6b1f66b290 phase=decode requests=1811f6ebf58e4b0ea2292b35146cd35f,612ab6a155ee43be83ea6696bd5b8b7f,04a26fdd847647a5a094bbafb63bc469,5f8f2308efff494a9a6a2fa3d4ecc35c"
0.0,77918538,2,38959269.0,38959269.0,38518510,39400028,623327.4,PushPop,":batch=4916cc072e2444deb4e6d1027d3d0148 phase=decode requests=1811f6ebf58e4b0ea2292b35146cd35f,612ab6a155ee43be83ea6696bd5b8b7f,04a26fdd847647a5a094bbafb63bc469,5f8f2308efff494a9a6a2fa3d4ecc35c"
0.0,77918244,2,38959122.0,38959122.0,38532509,39385735,603321.9,PushPop,":batch=2c7825d9a55740a98fb79602d17a7e92 phase=decode requests=1811f6ebf58e4b0ea2292b35146cd35f,612ab6a155ee43be83ea6696bd5b8b7f,04a26fdd847647a5a094bbafb63bc469,5f8f2308efff494a9a6a2fa3d4ecc35c"
0.0,77916238,2,38958119.0,38958119.0,38553043,39363195,572864.0,PushPop,":batch=df407804b3d145929fe495edf69eaf54 phase=decode requests=dfa53ed7b1db427c979733175e83eed5,1b90b5029a8e4095a0953f707b492bc0,2b642560cfbc46a3b415e89ad3a03675,1d3635c1d1b8417da02febe5bb56858c"
0.0,77915615,2,38957807.5,38957807.5,38774983,39140632,258552.9,PushPop,:batch=a3f5b3430e654521b5b4145072976d4b phase=decode requests=268bc1a668514718addc6aee590d0f20
0.0,77912568,2,38956284.0,38956284.0,38582386,39330182,528771.6,PushPop,":batch=d270372305234dae9a6d07b7fe4ed3bc phase=decode requests=dfa53ed7b1db427c979733175e83eed5,1b90b5029a8e4095a0953f707b492bc0,2b642560cfbc46a3b415e89ad3a03675,1d3635c1d1b8417da02febe5bb56858c"
0.0,77911469,2,38955734.5,38955734.5,38555297,39356172,566304.1,PushPop,":batch=593f475bbb7a4a6e86e52d59c8d96a2c phase=decode requests=dfa53ed7b1db427c979733175e83eed5,1b90b5029a8e4095a0953f707b492bc0,2b642560cfbc46a3b415e89ad3a03675,1d3635c1d1b8417da02febe5bb56858c"
0.0,77911146,2,38955573.0,38955573.0,38494688,39416458,651789.8,PushPop,":batch=12a7ac030a5e40a3b8b2f7183ac3500c phase=decode requests=1811f6ebf58e4b0ea2292b35146cd35f,612ab6a155ee43be83ea6696bd5b8b7f,04a26fdd847647a5a094bbafb63bc469,5f8f2308efff494a9a6a2fa3d4ecc35c"
0.0,77909909,2,38954954.5,38954954.5,38551887,39358022,570023.5,PushPop,":batch=a1af5c4c130143d89b32580506f68c51 phase=decode requests=1811f6ebf58e4b0ea2292b35146cd35f,612ab6a155ee43be83ea6696bd5b8b7f,04a26fdd847647a5a094bbafb63bc469,5f8f2308efff494a9a6a2fa3d4ecc35c"
0.0,77909488,2,38954744.0,38954744.0,38538016,39371472,589342.4,PushPop,":batch=f43a54e4a870405b9b0ff7c3d2a9b867 phase=decode requests=dfa53ed7b1db427c979733175e83eed5,1b90b5029a8e4095a0953f707b492bc0,2b642560cfbc46a3b415e89ad3a03675,1d3635c1d1b8417da02febe5bb56858c"
0.0,77909337,2,38954668.5,38954668.5,38466678,39442659,690122.8,PushPop,":batch=84d5991ab59a478b913c7316afc9671e phase=decode requests=dfa53ed7b1db427c979733175e83eed5,1b90b5029a8e4095a0953f707b492bc0,2b642560cfbc46a3b415e89ad3a03675,1d3635c1d1b8417da02febe5bb56858c"
0.0,77908505,2,38954252.5,38954252.5,38811303,39097202,202161.1,PushPop,:batch=796a5d99d1134af9a3e6716a21dec1ce phase=decode requests=e6255778e8534404ac5ca8451b4d8752
0.0,77908229,2,38954114.5,38954114.5,38557399,39350830,561040.4,PushPop,":batch=aa6dc7b8aeb24eb7a855a2330f5dc64a phase=decode requests=1811f6ebf58e4b0ea2292b35146cd35f,612ab6a155ee43be83ea6696bd5b8b7f,04a26fdd847647a5a094bbafb63bc469,5f8f2308efff494a9a6a2fa3d4ecc35c"
0.0,77907471,2,38953735.5,38953735.5,38591119,39316352,512817.2,PushPop,":batch=069b1a8f6cc645b19c0ebf8e3c9c49e0 phase=decode requests=dfa53ed7b1db427c979733175e83eed5,1b90b5029a8e4095a0953f707b492bc0,2b642560cfbc46a3b415e89ad3a03675,1d3635c1d1b8417da02febe5bb56858c"
0.0,77907322,2,38953661.0,38953661.0,38517750,39389572,616471.2,PushPop,":batch=f1e71e2942fd49e39df24a0800d3ce1e phase=decode requests=1811f6ebf58e4b0ea2292b35146cd35f,612ab6a155ee43be83ea6696bd5b8b7f,04a26fdd847647a5a094bbafb63bc469,5f8f2308efff494a9a6a2fa3d4ecc35c"
0.0,77906525,2,38953262.5,38953262.5,38772498,39134027,255639.6,PushPop,:batch=877bc9e397914cc69078e15e1e47b46b phase=decode requests=25de90a8b4234cdd9f459bf44de5f72b
0.0,77906266,2,38953133.0,38953133.0,38568051,39338215,544588.2,PushPop,":batch=1fae69c84b354c468b19893ad4467efc phase=decode requests=1811f6ebf58e4b0ea2292b35146cd35f,612ab6a155ee43be83ea6696bd5b8b7f,04a26fdd847647a5a094bbafb63bc469,5f8f2308efff494a9a6a2fa3d4ecc35c"
0.0,77905206,2,38952603.0,38952603.0,38555545,39349661,561524.8,PushPop,":batch=3738b0f0282b40d8bf5349b976b69fad phase=decode requests=1811f6ebf58e4b0ea2292b35146cd35f,612ab6a155ee43be83ea6696bd5b8b7f,04a26fdd847647a5a094bbafb63bc469,5f8f2308efff494a9a6a2fa3d4ecc35c"
0.0,77904796,2,38952398.0,38952398.0,38524515,39380281,605117.9,PushPop,":batch=a5d5cafe6f8348d3b3845e8319448683 phase=decode requests=dfa53ed7b1db427c979733175e83eed5,1b90b5029a8e4095a0953f707b492bc0,2b642560cfbc46a3b415e89ad3a03675,1d3635c1d1b8417da02febe5bb56858c"
0.0,77904505,2,38952252.5,38952252.5,38568602,39335903,542563.7,PushPop,":batch=2eee5702ae3a448c91ca945bc04a4b3e phase=decode requests=dfa53ed7b1db427c979733175e83eed5,1b90b5029a8e4095a0953f707b492bc0,2b642560cfbc46a3b415e89ad3a03675,1d3635c1d1b8417da02febe5bb56858c"
0.0,77904414,2,38952207.0,38952207.0,38464515,39439899,689700.6,PushPop,":batch=559a43423a354a4bba992223461c2d28 phase=decode requests=1811f6ebf58e4b0ea2292b35146cd35f,612ab6a155ee43be83ea6696bd5b8b7f,04a26fdd847647a5a094bbafb63bc469,5f8f2308efff494a9a6a2fa3d4ecc35c"
0.0,77903247,2,38951623.5,38951623.5,38591039,39312208,509943.5,PushPop,":batch=fdb2b7eb991e4c2886010b68a876b3ba phase=decode requests=1811f6ebf58e4b0ea2292b35146cd35f,612ab6a155ee43be83ea6696bd5b8b7f,04a26fdd847647a5a094bbafb63bc469,5f8f2308efff494a9a6a2fa3d4ecc35c"
0.0,77903108,2,38951554.0,38951554.0,38542354,39360754,578696.2,PushPop,":batch=350f9ca61b38415ebc9bfdde97917fd3 phase=decode requests=1811f6ebf58e4b0ea2292b35146cd35f,612ab6a155ee43be83ea6696bd5b8b7f,04a26fdd847647a5a094bbafb63bc469,5f8f2308efff494a9a6a2fa3d4ecc35c"
0.0,77902112,2,38951056.0,38951056.0,38455668,39446444,700584.4,PushPop,":batch=1adf1f1e0b3d494cac20e08f6761c1f1 phase=decode requests=1811f6ebf58e4b0ea2292b35146cd35f,612ab6a155ee43be83ea6696bd5b8b7f,04a26fdd847647a5a094bbafb63bc469,5f8f2308efff494a9a6a2fa3d4ecc35c"
0.0,77901100,2,38950550.0,38950550.0,38514247,39386853,617025.6,PushPop,":batch=d418584f474849d1adf03f6cdb2606f3 phase=decode requests=dfa53ed7b1db427c979733175e83eed5,1b90b5029a8e4095a0953f707b492bc0,2b642560cfbc46a3b415e89ad3a03675,1d3635c1d1b8417da02febe5bb56858c"
0.0,77900430,2,38950215.0,38950215.0,38516936,39383494,612749.0,PushPop,":batch=8ba2107fee6d4f828850437e5341638a phase=decode requests=dfa53ed7b1db427c979733175e83eed5,1b90b5029a8e4095a0953f707b492bc0,2b642560cfbc46a3b415e89ad3a03675,1d3635c1d1b8417da02febe5bb56858c"
0.0,77900230,2,38950115.0,38950115.0,38549477,39350753,566587.7,PushPop,":batch=7b37332a1cf4433696ce875af754db58 phase=decode requests=1811f6ebf58e4b0ea2292b35146cd35f,612ab6a155ee43be83ea6696bd5b8b7f,04a26fdd847647a5a094bbafb63bc469,5f8f2308efff494a9a6a2fa3d4ecc35c"
0.0,77899645,2,38949822.5,38949822.5,38480720,39418925,663411.1,PushPop,":batch=0f8efd7832f8425d8efe7e36f0af1106 phase=decode requests=1811f6ebf58e4b0ea2292b35146cd35f,612ab6a155ee43be83ea6696bd5b8b7f,04a26fdd847647a5a094bbafb63bc469,5f8f2308efff494a9a6a2fa3d4ecc35c"
0.0,77899031,2,38949515.5,38949515.5,38506788,39392243,626111.2,PushPop,":batch=5be2e6e946e64f85a5c9e82aef0fa759 phase=decode requests=1811f6ebf58e4b0ea2292b35146cd35f,612ab6a155ee43be83ea6696bd5b8b7f,04a26fdd847647a5a094bbafb63bc469,5f8f2308efff494a9a6a2fa3d4ecc35c"
0.0,77898585,2,38949292.5,38949292.5,38538169,39360416,581416.4,PushPop,":batch=7b9040c556b94497a5c62b4f2cc9943e phase=decode requests=1811f6ebf58e4b0ea2292b35146cd35f,612ab6a155ee43be83ea6696bd5b8b7f,04a26fdd847647a5a094bbafb63bc469,5f8f2308efff494a9a6a2fa3d4ecc35c"
0.0,77898473,2,38949236.5,38949236.5,38519469,39379004,607783.0,PushPop,":batch=510fa1d295ab4f89818b6dee1c2a9247 phase=decode requests=dfa53ed7b1db427c979733175e83eed5,1b90b5029a8e4095a0953f707b492bc0,2b642560cfbc46a3b415e89ad3a03675,1d3635c1d1b8417da02febe5bb56858c"
0.0,77895481,2,38947740.5,38947740.5,38548647,39346834,564403.4,PushPop,":batch=0c798a13379b4164a0b1a7d31c142540 phase=decode requests=dfa53ed7b1db427c979733175e83eed5,1b90b5029a8e4095a0953f707b492bc0,2b642560cfbc46a3b415e89ad3a03675,1d3635c1d1b8417da02febe5bb56858c"
0.0,77893221,2,38946610.5,38946610.5,38513591,39379630,612382.0,PushPop,":batch=dfae2e9b66ac42c89dcb36be5cddcc13 phase=decode requests=1811f6ebf58e4b0ea2292b35146cd35f,612ab6a155ee43be83ea6696bd5b8b7f,04a26fdd847647a5a094bbafb63bc469,5f8f2308efff494a9a6a2fa3d4ecc35c"
0.0,77893168,2,38946584.0,38946584.0,38470120,39423048,673821.9,PushPop,":batch=8a3bde58de7b40059f1f00be786e821d phase=decode requests=1811f6ebf58e4b0ea2292b35146cd35f,612ab6a155ee43be83ea6696bd5b8b7f,04a26fdd847647a5a094bbafb63bc469,5f8f2308efff494a9a6a2fa3d4ecc35c"
0.0,77892506,2,38946253.0,38946253.0,38576409,39316097,523038.4,PushPop,":batch=7581f581295b4c14bccc6a2f82af9b6e phase=decode requests=dfa53ed7b1db427c979733175e83eed5,1b90b5029a8e4095a0953f707b492bc0,2b642560cfbc46a3b415e89ad3a03675,1d3635c1d1b8417da02febe5bb56858c"
0.0,77891178,2,38945589.0,38945589.0,38524068,39367110,596120.7,PushPop,":batch=b87a2c0b28414e0297592f1f199a03cb phase=decode requests=dfa53ed7b1db427c979733175e83eed5,1b90b5029a8e4095a0953f707b492bc0,2b642560cfbc46a3b415e89ad3a03675,1d3635c1d1b8417da02febe5bb56858c"
0.0,77890733,2,38945366.5,38945366.5,38530149,39360584,587206.2,PushPop,":batch=7087522dbf4341c5ae88bbc89aa0374a phase=decode requests=1811f6ebf58e4b0ea2292b35146cd35f,612ab6a155ee43be83ea6696bd5b8b7f,04a26fdd847647a5a094bbafb63bc469,5f8f2308efff494a9a6a2fa3d4ecc35c"
0.0,77889745,2,38944872.5,38944872.5,38501601,39388144,626880.6,PushPop,":batch=d1dfa27f7bf34200afe56b06b9271dcf phase=decode requests=dfa53ed7b1db427c979733175e83eed5,1b90b5029a8e4095a0953f707b492bc0,2b642560cfbc46a3b415e89ad3a03675,1d3635c1d1b8417da02febe5bb56858c"
0.0,77889577,2,38944788.5,38944788.5,38522641,39366936,597006.7,PushPop,":batch=17cb2c92f7564794a9e16981e7283700 phase=decode requests=1811f6ebf58e4b0ea2292b35146cd35f,612ab6a155ee43be83ea6696bd5b8b7f,04a26fdd847647a5a094bbafb63bc469,5f8f2308efff494a9a6a2fa3d4ecc35c"
0.0,77888259,2,38944129.5,38944129.5,38510259,39378000,613585.5,PushPop,":batch=571de7d7f5254f80a5c1e2e75f3478d8 phase=decode requests=dfa53ed7b1db427c979733175e83eed5,1b90b5029a8e4095a0953f707b492bc0,2b642560cfbc46a3b415e89ad3a03675,1d3635c1d1b8417da02febe5bb56858c"
0.0,77887065,2,38943532.5,38943532.5,38501214,39385851,625532.8,PushPop,":batch=df4828dc2b5642b2ac94f36f7578c1bf phase=decode requests=dfa53ed7b1db427c979733175e83eed5,1b90b5029a8e4095a0953f707b492bc0,2b642560cfbc46a3b415e89ad3a03675,1d3635c1d1b8417da02febe5bb56858c"
0.0,77886752,2,38943376.0,38943376.0,38469954,39416798,669519.8,PushPop,":batch=6adb1b97fa054257815ca2578a9bb62e phase=decode requests=dfa53ed7b1db427c979733175e83eed5,1b90b5029a8e4095a0953f707b492bc0,2b642560cfbc46a3b415e89ad3a03675,1d3635c1d1b8417da02febe5bb56858c"
0.0,77882432,2,38941216.0,38941216.0,38577238,39305194,514742.6,PushPop,":batch=625d78e3775d4ec385cbf691e4628390 phase=decode requests=dfa53ed7b1db427c979733175e83eed5,1b90b5029a8e4095a0953f707b492bc0,2b642560cfbc46a3b415e89ad3a03675,1d3635c1d1b8417da02febe5bb56858c"
0.0,77881129,2,38940564.5,38940564.5,38507248,39373881,612802.1,PushPop,":batch=edd90f500afa48fda037952a95a8d243 phase=decode requests=1811f6ebf58e4b0ea2292b35146cd35f,612ab6a155ee43be83ea6696bd5b8b7f,04a26fdd847647a5a094bbafb63bc469,5f8f2308efff494a9a6a2fa3d4ecc35c"
0.0,77881115,2,38940557.5,38940557.5,38490199,39390916,636903.1,PushPop,":batch=a87db92b6908446f827fd9d3a9d7194a phase=decode requests=dfa53ed7b1db427c979733175e83eed5,1b90b5029a8e4095a0953f707b492bc0,2b642560cfbc46a3b415e89ad3a03675,1d3635c1d1b8417da02febe5bb56858c"
0.0,77879918,2,38939959.0,38939959.0,38539442,39340476,566416.6,PushPop,":batch=36680d3249694e5ab01a65bd033b8af9 phase=decode requests=1811f6ebf58e4b0ea2292b35146cd35f,612ab6a155ee43be83ea6696bd5b8b7f,04a26fdd847647a5a094bbafb63bc469,5f8f2308efff494a9a6a2fa3d4ecc35c"
0.0,77879335,2,38939667.5,38939667.5,38534080,39345255,573587.3,PushPop,":batch=e911146da8d84874afc1327feffeaf00 phase=decode requests=1811f6ebf58e4b0ea2292b35146cd35f,612ab6a155ee43be83ea6696bd5b8b7f,04a26fdd847647a5a094bbafb63bc469,5f8f2308efff494a9a6a2fa3d4ecc35c"
0.0,77878803,2,38939401.5,38939401.5,38511862,39366941,604632.2,PushPop,":batch=8547a8acd1b24003af85f2a035c48d15 phase=decode requests=dfa53ed7b1db427c979733175e83eed5,1b90b5029a8e4095a0953f707b492bc0,2b642560cfbc46a3b415e89ad3a03675,1d3635c1d1b8417da02febe5bb56858c"
0.0,77876773,2,38938386.5,38938386.5,38507255,39369518,609712.0,PushPop,":batch=b047846472454da486b6052df07e6c33 phase=decode requests=eef2914bac744c1ea29ede0988703e4c,91919f5803e44b6faa967b57bddb81bd,4eba997a613d41f1b98e92a342465594,2c91d8351bd845e18b1e6646cd0b5f4b"
0.0,77876474,2,38938237.0,38938237.0,38487199,39389275,637864.1,PushPop,":batch=81060965ac9645f2bbd0a3af04fd3d3b phase=decode requests=dfa53ed7b1db427c979733175e83eed5,1b90b5029a8e4095a0953f707b492bc0,2b642560cfbc46a3b415e89ad3a03675,1d3635c1d1b8417da02febe5bb56858c"
0.0,77876304,2,38938152.0,38938152.0,38463204,39413100,671677.9,PushPop,":batch=dfd7db94108d40548de57f6ab72139ef phase=decode requests=dfa53ed7b1db427c979733175e83eed5,1b90b5029a8e4095a0953f707b492bc0,2b642560cfbc46a3b415e89ad3a03675,1d3635c1d1b8417da02febe5bb56858c"
0.0,77874577,2,38937288.5,38937288.5,38537367,39337210,565574.4,PushPop,":batch=5bdc6f407048486ca2120e16a5d7fc9b phase=decode requests=dfa53ed7b1db427c979733175e83eed5,1b90b5029a8e4095a0953f707b492bc0,2b642560cfbc46a3b415e89ad3a03675,1d3635c1d1b8417da02febe5bb56858c"
0.0,77874483,2,38937241.5,38937241.5,38469988,39404495,660796.2,PushPop,":batch=3731eb1fc2344699b534a4f033b5333e phase=decode requests=dfa53ed7b1db427c979733175e83eed5,1b90b5029a8e4095a0953f707b492bc0,2b642560cfbc46a3b415e89ad3a03675,1d3635c1d1b8417da02febe5bb56858c"
0.0,77874454,2,38937227.0,38937227.0,38518171,39356283,592634.7,PushPop,":batch=2ba8a9c0e7194f0c98f72e9038c53274 phase=decode requests=dfa53ed7b1db427c979733175e83eed5,1b90b5029a8e4095a0953f707b492bc0,2b642560cfbc46a3b415e89ad3a03675,1d3635c1d1b8417da02febe5bb56858c"
0.0,77870602,2,38935301.0,38935301.0,38455847,39414755,678050.3,PushPop,":batch=87f4c8d8397e4532851e28aed9aa4c7d phase=decode requests=1811f6ebf58e4b0ea2292b35146cd35f,612ab6a155ee43be83ea6696bd5b8b7f,04a26fdd847647a5a094bbafb63bc469,5f8f2308efff494a9a6a2fa3d4ecc35c"
0.0,77870301,2,38935150.5,38935150.5,38550179,39320122,544431.9,PushPop,":batch=5a360eb8fcfd4aa78c220d2b70cb2eaf phase=decode requests=dfa53ed7b1db427c979733175e83eed5,1b90b5029a8e4095a0953f707b492bc0,2b642560cfbc46a3b415e89ad3a03675,1d3635c1d1b8417da02febe5bb56858c"
0.0,77865806,2,38932903.0,38932903.0,38543664,39322142,550467.1,PushPop,":batch=c0fda2ce4f83430c8a04b15806622674 phase=decode requests=dfa53ed7b1db427c979733175e83eed5,1b90b5029a8e4095a0953f707b492bc0,2b642560cfbc46a3b415e89ad3a03675,1d3635c1d1b8417da02febe5bb56858c"
0.0,77865785,2,38932892.5,38932892.5,38511608,39354177,595786.3,PushPop,":batch=e865dc214e4a40989a317bd945c7c138 phase=decode requests=dfa53ed7b1db427c979733175e83eed5,1b90b5029a8e4095a0953f707b492bc0,2b642560cfbc46a3b415e89ad3a03675,1d3635c1d1b8417da02febe5bb56858c"
0.0,77863979,2,38931989.5,38931989.5,38547017,39316962,544433.3,PushPop,":batch=d8da0b3cfb2b445f94dc1bcf1e1850eb phase=decode requests=dfa53ed7b1db427c979733175e83eed5,1b90b5029a8e4095a0953f707b492bc0,2b642560cfbc46a3b415e89ad3a03675,1d3635c1d1b8417da02febe5bb56858c"
0.0,77863474,2,38931737.0,38931737.0,38511586,39351888,594183.2,PushPop,":batch=cbffa537aebf4391926af1fb9af370f0 phase=decode requests=dfa53ed7b1db427c979733175e83eed5,1b90b5029a8e4095a0953f707b492bc0,2b642560cfbc46a3b415e89ad3a03675,1d3635c1d1b8417da02febe5bb56858c"
0.0,77863430,2,38931715.0,38931715.0,38457086,39406344,671226.8,PushPop,":batch=a1975338cb1b4342b5efab8975a87cd6 phase=decode requests=dfa53ed7b1db427c979733175e83eed5,1b90b5029a8e4095a0953f707b492bc0,2b642560cfbc46a3b415e89ad3a03675,1d3635c1d1b8417da02febe5bb56858c"
0.0,77862847,2,38931423.5,38931423.5,38462633,39400214,662969.9,PushPop,":batch=1402316418894e5bb7893564b6a8f574 phase=decode requests=1811f6ebf58e4b0ea2292b35146cd35f,612ab6a155ee43be83ea6696bd5b8b7f,04a26fdd847647a5a094bbafb63bc469,5f8f2308efff494a9a6a2fa3d4ecc35c"
0.0,77859564,2,38929782.0,38929782.0,38519375,39340189,580403.1,PushPop,":batch=a647db2dcf844590aafb1c8d43a51f6f phase=decode requests=dfa53ed7b1db427c979733175e83eed5,1b90b5029a8e4095a0953f707b492bc0,2b642560cfbc46a3b415e89ad3a03675,1d3635c1d1b8417da02febe5bb56858c"
0.0,77859513,2,38929756.5,38929756.5,38519693,39339820,579917.4,PushPop,":batch=d82ec26b7b374fabb31f7e353b6daebe phase=decode requests=dfa53ed7b1db427c979733175e83eed5,1b90b5029a8e4095a0953f707b492bc0,2b642560cfbc46a3b415e89ad3a03675,1d3635c1d1b8417da02febe5bb56858c"
0.0,77859211,2,38929605.5,38929605.5,38429964,39429247,706599.8,PushPop,":batch=24898bdb2a1247e3a7bdca8cfe846b1e phase=decode requests=dfa53ed7b1db427c979733175e83eed5,1b90b5029a8e4095a0953f707b492bc0,2b642560cfbc46a3b415e89ad3a03675,1d3635c1d1b8417da02febe5bb56858c"
0.0,77858532,2,38929266.0,38929266.0,38481982,39376550,632555.1,PushPop,":batch=f1d5a2e74bb0482f85b0eaa0da660219 phase=decode requests=dfa53ed7b1db427c979733175e83eed5,1b90b5029a8e4095a0953f707b492bc0,2b642560cfbc46a3b415e89ad3a03675,1d3635c1d1b8417da02febe5bb56858c"
0.0,77857747,2,38928873.5,38928873.5,38530961,39326786,562733.3,PushPop,":batch=00f6e5892e77472eb2ca12ec0ccb62f6 phase=decode requests=1811f6ebf58e4b0ea2292b35146cd35f,612ab6a155ee43be83ea6696bd5b8b7f,04a26fdd847647a5a094bbafb63bc469,5f8f2308efff494a9a6a2fa3d4ecc35c"
0.0,77857613,2,38928806.5,38928806.5,38507176,39350437,596275.6,PushPop,":batch=97edcb562db64f62929699ab1b04e0ca phase=decode requests=dfa53ed7b1db427c979733175e83eed5,1b90b5029a8e4095a0953f707b492bc0,2b642560cfbc46a3b415e89ad3a03675,1d3635c1d1b8417da02febe5bb56858c"
0.0,77857220,2,38928610.0,38928610.0,38509128,39348092,593237.1,PushPop,":batch=8cc097d4b4f140adada01a22948048d4 phase=decode requests=dfa53ed7b1db427c979733175e83eed5,1b90b5029a8e4095a0953f707b492bc0,2b642560cfbc46a3b415e89ad3a03675,1d3635c1d1b8417da02febe5bb56858c"
0.0,77856677,2,38928338.5,38928338.5,38454501,39402176,670107.4,PushPop,":batch=d6971a6b90d94bafbdd10f490b191bbc phase=decode requests=dfa53ed7b1db427c979733175e83eed5,1b90b5029a8e4095a0953f707b492bc0,2b642560cfbc46a3b415e89ad3a03675,1d3635c1d1b8417da02febe5bb56858c"
0.0,77855304,2,38927652.0,38927652.0,38534422,39320882,556111.2,PushPop,":batch=76f555af2a774379b142482561c1888b phase=decode requests=dfa53ed7b1db427c979733175e83eed5,1b90b5029a8e4095a0953f707b492bc0,2b642560cfbc46a3b415e89ad3a03675,1d3635c1d1b8417da02febe5bb56858c"
0.0,77855023,2,38927511.5,38927511.5,38480977,39374046,631495.1,PushPop,":batch=7e69d7b579064e41a18791c2853c87a4 phase=decode requests=dfa53ed7b1db427c979733175e83eed5,1b90b5029a8e4095a0953f707b492bc0,2b642560cfbc46a3b415e89ad3a03675,1d3635c1d1b8417da02febe5bb56858c"
0.0,77855003,2,38927501.5,38927501.5,38570404,39284599,505012.1,PushPop,":batch=fe0bfa58dcf74de1bed60861d5ac465b phase=decode requests=dfa53ed7b1db427c979733175e83eed5,1b90b5029a8e4095a0953f707b492bc0,2b642560cfbc46a3b415e89ad3a03675,1d3635c1d1b8417da02febe5bb56858c"
0.0,77849295,2,38924647.5,38924647.5,38455147,39394148,663974.0,PushPop,":batch=e7c3b7af0ba84cb3aec5f85a9ee17f32 phase=decode requests=dfa53ed7b1db427c979733175e83eed5,1b90b5029a8e4095a0953f707b492bc0,2b642560cfbc46a3b415e89ad3a03675,1d3635c1d1b8417da02febe5bb56858c"
0.0,77848833,2,38924416.5,38924416.5,38549289,39299544,530510.4,PushPop,":batch=fe4292cae9cf45408ba1fa18b4d385c4 phase=decode requests=dfa53ed7b1db427c979733175e83eed5,1b90b5029a8e4095a0953f707b492bc0,2b642560cfbc46a3b415e89ad3a03675,1d3635c1d1b8417da02febe5bb56858c"
0.0,77848078,2,38924039.0,38924039.0,38554382,39293696,522773.9,PushPop,":batch=2a7065632ebc4c7c87d307cfdd734400 phase=decode requests=1811f6ebf58e4b0ea2292b35146cd35f,612ab6a155ee43be83ea6696bd5b8b7f,04a26fdd847647a5a094bbafb63bc469,5f8f2308efff494a9a6a2fa3d4ecc35c"
0.0,77847164,2,38923582.0,38923582.0,38474050,39373114,635734.3,PushPop,":batch=1665fca3eab14b7b855d4d08c9e14c59 phase=decode requests=dfa53ed7b1db427c979733175e83eed5,1b90b5029a8e4095a0953f707b492bc0,2b642560cfbc46a3b415e89ad3a03675,1d3635c1d1b8417da02febe5bb56858c"
0.0,77845318,2,38922659.0,38922659.0,38491809,39353509,609313.9,PushPop,":batch=f3443d96e74c47a98b9e56e81e902d03 phase=decode requests=dfa53ed7b1db427c979733175e83eed5,1b90b5029a8e4095a0953f707b492bc0,2b642560cfbc46a3b415e89ad3a03675,1d3635c1d1b8417da02febe5bb56858c"
0.0,77845135,2,38922567.5,38922567.5,38506363,39338772,588602.0,PushPop,":batch=525460ae0b7741f3a9609b203c1259ac phase=decode requests=dfa53ed7b1db427c979733175e83eed5,1b90b5029a8e4095a0953f707b492bc0,2b642560cfbc46a3b415e89ad3a03675,1d3635c1d1b8417da02febe5bb56858c"
0.0,77842849,2,38921424.5,38921424.5,38502819,39340030,591997.6,PushPop,":batch=9ce831c5687c4927962e98bb3172f771 phase=decode requests=1811f6ebf58e4b0ea2292b35146cd35f,612ab6a155ee43be83ea6696bd5b8b7f,04a26fdd847647a5a094bbafb63bc469,5f8f2308efff494a9a6a2fa3d4ecc35c"
0.0,77842287,2,38921143.5,38921143.5,38542172,39300115,535946.6,PushPop,":batch=68d4a7a274b447a0ac0e83c2fa89602f phase=decode requests=dfa53ed7b1db427c979733175e83eed5,1b90b5029a8e4095a0953f707b492bc0,2b642560cfbc46a3b415e89ad3a03675,1d3635c1d1b8417da02febe5bb56858c"
0.0,77840350,2,38920175.0,38920175.0,38524893,39315457,559013.2,PushPop,":batch=9ba3ad4696694a3ba4245d46c53fcede phase=decode requests=dfa53ed7b1db427c979733175e83eed5,1b90b5029a8e4095a0953f707b492bc0,2b642560cfbc46a3b415e89ad3a03675,1d3635c1d1b8417da02febe5bb56858c"
0.0,77838795,2,38919397.5,38919397.5,38499541,39339254,593766.8,PushPop,":batch=5e299717bb204f0eadb26dfeda8bf1f6 phase=decode requests=dfa53ed7b1db427c979733175e83eed5,1b90b5029a8e4095a0953f707b492bc0,2b642560cfbc46a3b415e89ad3a03675,1d3635c1d1b8417da02febe5bb56858c"
0.0,77836581,2,38918290.5,38918290.5,38466281,39370300,639238.0,PushPop,":batch=de9f67a6854b470b8e9dc5a5caa474d3 phase=decode requests=dfa53ed7b1db427c979733175e83eed5,1b90b5029a8e4095a0953f707b492bc0,2b642560cfbc46a3b415e89ad3a03675,1d3635c1d1b8417da02febe5bb56858c"
0.0,77836324,2,38918162.0,38918162.0,38481356,39354968,617737.0,PushPop,":batch=c33deb13d5c2489e9dc89e2f7f0852d1 phase=decode requests=1811f6ebf58e4b0ea2292b35146cd35f,612ab6a155ee43be83ea6696bd5b8b7f,04a26fdd847647a5a094bbafb63bc469,5f8f2308efff494a9a6a2fa3d4ecc35c"
0.0,77835916,2,38917958.0,38917958.0,38473414,39362502,628680.2,PushPop,":batch=760a613e008647f1964327a6e4174637 phase=decode requests=dfa53ed7b1db427c979733175e83eed5,1b90b5029a8e4095a0953f707b492bc0,2b642560cfbc46a3b415e89ad3a03675,1d3635c1d1b8417da02febe5bb56858c"
0.0,77834711,2,38917355.5,38917355.5,38486670,39348041,609081.3,PushPop,":batch=c12002b4cf5d478ab5976919acdf0435 phase=decode requests=dfa53ed7b1db427c979733175e83eed5,1b90b5029a8e4095a0953f707b492bc0,2b642560cfbc46a3b415e89ad3a03675,1d3635c1d1b8417da02febe5bb56858c"
0.0,77833190,2,38916595.0,38916595.0,38539622,39293568,533120.3,PushPop,":batch=f0fc8ba8a2c448d5aeb9b93dfffb16ee phase=decode requests=dfa53ed7b1db427c979733175e83eed5,1b90b5029a8e4095a0953f707b492bc0,2b642560cfbc46a3b415e89ad3a03675,1d3635c1d1b8417da02febe5bb56858c"
0.0,77831419,2,38915709.5,38915709.5,38474422,39356997,624074.8,PushPop,":batch=a318a88a6f8d4778a189e423ceee1ac8 phase=decode requests=dfa53ed7b1db427c979733175e83eed5,1b90b5029a8e4095a0953f707b492bc0,2b642560cfbc46a3b415e89ad3a03675,1d3635c1d1b8417da02febe5bb56858c"
0.0,77831176,2,38915588.0,38915588.0,38541184,39289992,529487.2,PushPop,":batch=be7bede8f7634c5bb6002be9822dab7d phase=decode requests=dfa53ed7b1db427c979733175e83eed5,1b90b5029a8e4095a0953f707b492bc0,2b642560cfbc46a3b415e89ad3a03675,1d3635c1d1b8417da02febe5bb56858c"
0.0,77830932,2,38915466.0,38915466.0,38746932,39084000,238343.1,PushPop,:batch=2229e17607e34d15bafae49957e7ec2e phase=decode requests=f613ba29e5e3458d8e63b0275b98ac68
0.0,77829150,2,38914575.0,38914575.0,38507497,39321653,575695.2,PushPop,":batch=d36dfef8d4e84c9c93e6162a1550b4af phase=decode requests=dfa53ed7b1db427c979733175e83eed5,1b90b5029a8e4095a0953f707b492bc0,2b642560cfbc46a3b415e89ad3a03675,1d3635c1d1b8417da02febe5bb56858c"
0.0,77828647,2,38914323.5,38914323.5,38409016,39419631,714612.7,PushPop,":batch=68a590081130428fae48f53f7b1043a1 phase=decode requests=dfa53ed7b1db427c979733175e83eed5,1b90b5029a8e4095a0953f707b492bc0,2b642560cfbc46a3b415e89ad3a03675,1d3635c1d1b8417da02febe5bb56858c"
0.0,77827964,2,38913982.0,38913982.0,38495841,39332123,591340.7,PushPop,":batch=7f993ceb2c5948548607b19ed5109564 phase=decode requests=dfa53ed7b1db427c979733175e83eed5,1b90b5029a8e4095a0953f707b492bc0,2b642560cfbc46a3b415e89ad3a03675,1d3635c1d1b8417da02febe5bb56858c"
0.0,77823827,2,38911913.5,38911913.5,38468196,39355631,627511.3,PushPop,":batch=2ecd5cd85fbe4b9ebb80dd9c407d956b phase=decode requests=1811f6ebf58e4b0ea2292b35146cd35f,612ab6a155ee43be83ea6696bd5b8b7f,04a26fdd847647a5a094bbafb63bc469,5f8f2308efff494a9a6a2fa3d4ecc35c"
0.0,77823622,2,38911811.0,38911811.0,38475102,39348520,617599.8,PushPop,":batch=8a26e9d6e5c24db798722ea1cba93fcb phase=decode requests=dfa53ed7b1db427c979733175e83eed5,1b90b5029a8e4095a0953f707b492bc0,2b642560cfbc46a3b415e89ad3a03675,1d3635c1d1b8417da02febe5bb56858c"
0.0,77823203,2,38911601.5,38911601.5,38431247,39391956,679323.8,PushPop,":batch=d899e83b060b4c35a3d83015b175374b phase=decode requests=dfa53ed7b1db427c979733175e83eed5,1b90b5029a8e4095a0953f707b492bc0,2b642560cfbc46a3b415e89ad3a03675,1d3635c1d1b8417da02febe5bb56858c"
0.0,77821688,2,38910844.0,38910844.0,38521935,39299753,550000.4,PushPop,":batch=bd5a8497e56f427c85cd0e70b9f20121 phase=decode requests=dfa53ed7b1db427c979733175e83eed5,1b90b5029a8e4095a0953f707b492bc0,2b642560cfbc46a3b415e89ad3a03675,1d3635c1d1b8417da02febe5bb56858c"
0.0,77821476,2,38910738.0,38910738.0,38527511,39293965,541964.8,PushPop,":batch=effc4a2b9aef4b2c99c08407944f9d41 phase=decode requests=dfa53ed7b1db427c979733175e83eed5,1b90b5029a8e4095a0953f707b492bc0,2b642560cfbc46a3b415e89ad3a03675,1d3635c1d1b8417da02febe5bb56858c"
0.0,77821370,2,38910685.0,38910685.0,38442835,39378535,661639.8,PushPop,":batch=be9763f7be6948dd8277ef0a11d9ab83 phase=decode requests=dfa53ed7b1db427c979733175e83eed5,1b90b5029a8e4095a0953f707b492bc0,2b642560cfbc46a3b415e89ad3a03675,1d3635c1d1b8417da02febe5bb56858c"
0.0,77819230,2,38909615.0,38909615.0,38489533,39329697,594085.7,PushPop,":batch=dcc0002a98064ffdae77df7bc06011d9 phase=decode requests=dfa53ed7b1db427c979733175e83eed5,1b90b5029a8e4095a0953f707b492bc0,2b642560cfbc46a3b415e89ad3a03675,1d3635c1d1b8417da02febe5bb56858c"
0.0,77817501,2,38908750.5,38908750.5,38694771,39122730,302612.7,PushPop,:batch=383047368c504dbf8ef16b2def6a2609 phase=decode requests=25de90a8b4234cdd9f459bf44de5f72b
0.0,77817182,2,38908591.0,38908591.0,38522444,39294738,546094.3,PushPop,":batch=9008eed13e974bb2a10edaff4e7009bb phase=decode requests=dfa53ed7b1db427c979733175e83eed5,1b90b5029a8e4095a0953f707b492bc0,2b642560cfbc46a3b415e89ad3a03675,1d3635c1d1b8417da02febe5bb56858c"
0.0,77815865,2,38907932.5,38907932.5,38519560,39296305,549241.7,PushPop,":batch=e33d0fd02dfb4ecc8c7c095ace3a5195 phase=decode requests=1811f6ebf58e4b0ea2292b35146cd35f,612ab6a155ee43be83ea6696bd5b8b7f,04a26fdd847647a5a094bbafb63bc469,5f8f2308efff494a9a6a2fa3d4ecc35c"
0.0,77814322,2,38907161.0,38907161.0,38468807,39345515,619926.2,PushPop,":batch=2196bbca9ebd4cf7bce4cfd450f58e44 phase=decode requests=dfa53ed7b1db427c979733175e83eed5,1b90b5029a8e4095a0953f707b492bc0,2b642560cfbc46a3b415e89ad3a03675,1d3635c1d1b8417da02febe5bb56858c"
0.0,77813507,2,38906753.5,38906753.5,38489278,39324229,590399.5,PushPop,":batch=1b0bf00de2064d2a9b10c6118efb385b phase=decode requests=dfa53ed7b1db427c979733175e83eed5,1b90b5029a8e4095a0953f707b492bc0,2b642560cfbc46a3b415e89ad3a03675,1d3635c1d1b8417da02febe5bb56858c"
0.0,77813369,2,38906684.5,38906684.5,38559042,39254327,491640.7,PushPop,":batch=bf375360633f4c00ba4ef1afc2158a8f phase=decode requests=1811f6ebf58e4b0ea2292b35146cd35f,612ab6a155ee43be83ea6696bd5b8b7f,04a26fdd847647a5a094bbafb63bc469,5f8f2308efff494a9a6a2fa3d4ecc35c"
0.0,77813051,2,38906525.5,38906525.5,38523924,39289127,541080.2,PushPop,":batch=5b6a980a5380433fa5626771baa1252f phase=decode requests=dfa53ed7b1db427c979733175e83eed5,1b90b5029a8e4095a0953f707b492bc0,2b642560cfbc46a3b415e89ad3a03675,1d3635c1d1b8417da02febe5bb56858c"
0.0,77811695,2,38905847.5,38905847.5,38427377,39384318,676659.5,PushPop,":batch=8b6b2fe2aa39482aa1ce8ead34e7efac phase=decode requests=1811f6ebf58e4b0ea2292b35146cd35f,612ab6a155ee43be83ea6696bd5b8b7f,04a26fdd847647a5a094bbafb63bc469,5f8f2308efff494a9a6a2fa3d4ecc35c"
0.0,77811548,2,38905774.0,38905774.0,38455069,39356479,637393.1,PushPop,":batch=f6f4cb3b931e4c05846fd43448765a1e phase=decode requests=dfa53ed7b1db427c979733175e83eed5,1b90b5029a8e4095a0953f707b492bc0,2b642560cfbc46a3b415e89ad3a03675,1d3635c1d1b8417da02febe5bb56858c"
0.0,77811145,2,38905572.5,38905572.5,38529759,39281386,531480.5,PushPop,":batch=4496b351bf4e4683add484eee894a6b0 phase=decode requests=1811f6ebf58e4b0ea2292b35146cd35f,612ab6a155ee43be83ea6696bd5b8b7f,04a26fdd847647a5a094bbafb63bc469,5f8f2308efff494a9a6a2fa3d4ecc35c"
0.0,77810980,2,38905490.0,38905490.0,38494610,39316370,581072.1,PushPop,":batch=1b493d5ac48648b88d0eac036f133ae8 phase=decode requests=dfa53ed7b1db427c979733175e83eed5,1b90b5029a8e4095a0953f707b492bc0,2b642560cfbc46a3b415e89ad3a03675,1d3635c1d1b8417da02febe5bb56858c"
0.0,77810087,2,38905043.5,38905043.5,38474691,39335396,608610.3,PushPop,":batch=cb9ba093450c4662a1062ba817f562c5 phase=decode requests=dfa53ed7b1db427c979733175e83eed5,1b90b5029a8e4095a0953f707b492bc0,2b642560cfbc46a3b415e89ad3a03675,1d3635c1d1b8417da02febe5bb56858c"
0.0,77807136,2,38903568.0,38903568.0,38461654,39345482,624960.8,PushPop,":batch=9857a160e48f4a21aa0421c9ea381f5f phase=decode requests=dfa53ed7b1db427c979733175e83eed5,1b90b5029a8e4095a0953f707b492bc0,2b642560cfbc46a3b415e89ad3a03675,1d3635c1d1b8417da02febe5bb56858c"
0.0,77805968,2,38902984.0,38902984.0,38471292,39334676,610504.7,PushPop,":batch=e1164388d486446fb8919770219d4c7d phase=decode requests=dfa53ed7b1db427c979733175e83eed5,1b90b5029a8e4095a0953f707b492bc0,2b642560cfbc46a3b415e89ad3a03675,1d3635c1d1b8417da02febe5bb56858c"
0.0,77805351,2,38902675.5,38902675.5,38475950,39329401,603481.0,PushPop,":batch=8783686078854191a3f981c50381bc3f phase=decode requests=dfa53ed7b1db427c979733175e83eed5,1b90b5029a8e4095a0953f707b492bc0,2b642560cfbc46a3b415e89ad3a03675,1d3635c1d1b8417da02febe5bb56858c"
0.0,77804932,2,38902466.0,38902466.0,38471752,39333180,609121.6,PushPop,":batch=918feffb1b24475e8d31b3c1c7154b35 phase=decode requests=dfa53ed7b1db427c979733175e83eed5,1b90b5029a8e4095a0953f707b492bc0,2b642560cfbc46a3b415e89ad3a03675,1d3635c1d1b8417da02febe5bb56858c"
0.0,77804195,2,38902097.5,38902097.5,38479381,39324814,597811.4,PushPop,":batch=f6edfae5df6b4970a9e33a0f03cce049 phase=decode requests=dfa53ed7b1db427c979733175e83eed5,1b90b5029a8e4095a0953f707b492bc0,2b642560cfbc46a3b415e89ad3a03675,1d3635c1d1b8417da02febe5bb56858c"
0.0,77803238,2,38901619.0,38901619.0,38470319,39332919,609950.3,PushPop,":batch=8aaedc5d6d644e00acb10caaa87fe014 phase=decode requests=dfa53ed7b1db427c979733175e83eed5,1b90b5029a8e4095a0953f707b492bc0,2b642560cfbc46a3b415e89ad3a03675,1d3635c1d1b8417da02febe5bb56858c"
0.0,77802829,2,38901414.5,38901414.5,38446046,39356783,643988.3,PushPop,":batch=abb21867fd9f497cae70749955fd9b7b phase=decode requests=dfa53ed7b1db427c979733175e83eed5,1b90b5029a8e4095a0953f707b492bc0,2b642560cfbc46a3b415e89ad3a03675,1d3635c1d1b8417da02febe5bb56858c"
0.0,77802578,2,38901289.0,38901289.0,38481457,39321121,593732.1,PushPop,":batch=bda3add56d1e42829fd12150cfeaad59 phase=decode requests=dfa53ed7b1db427c979733175e83eed5,1b90b5029a8e4095a0953f707b492bc0,2b642560cfbc46a3b415e89ad3a03675,1d3635c1d1b8417da02febe5bb56858c"
0.0,77801814,2,38900907.0,38900907.0,38507019,39294795,557041.8,PushPop,":batch=527d5f14c79b4ed98692fcac0399681c phase=decode requests=dfa53ed7b1db427c979733175e83eed5,1b90b5029a8e4095a0953f707b492bc0,2b642560cfbc46a3b415e89ad3a03675,1d3635c1d1b8417da02febe5bb56858c"
0.0,77800695,2,38900347.5,38900347.5,38480094,39320601,594328.2,PushPop,":batch=071fecbabb7b414e8dbc2893ed399e60 phase=decode requests=dfa53ed7b1db427c979733175e83eed5,1b90b5029a8e4095a0953f707b492bc0,2b642560cfbc46a3b415e89ad3a03675,1d3635c1d1b8417da02febe5bb56858c"
0.0,77798771,2,38899385.5,38899385.5,38535135,39263636,515128.0,PushPop,":batch=9f5c67393860499ebf4c758fdf8fbb8b phase=decode requests=1811f6ebf58e4b0ea2292b35146cd35f,612ab6a155ee43be83ea6696bd5b8b7f,04a26fdd847647a5a094bbafb63bc469,5f8f2308efff494a9a6a2fa3d4ecc35c"
0.0,77792782,2,38896391.0,38896391.0,38465444,39327338,609451.1,PushPop,":batch=9d157a13c8f34d20bb1c02969fcd3911 phase=decode requests=dfa53ed7b1db427c979733175e83eed5,1b90b5029a8e4095a0953f707b492bc0,2b642560cfbc46a3b415e89ad3a03675,1d3635c1d1b8417da02febe5bb56858c"
0.0,77791661,2,38895830.5,38895830.5,38513278,39278383,541010.9,PushPop,":batch=e9fee2c29aa4415fad2bbf1c0832a57f phase=decode requests=dfa53ed7b1db427c979733175e83eed5,1b90b5029a8e4095a0953f707b492bc0,2b642560cfbc46a3b415e89ad3a03675,1d3635c1d1b8417da02febe5bb56858c"
0.0,77791420,2,38895710.0,38895710.0,38468064,39323356,604782.8,PushPop,":batch=ef3cd0f7944a4b7d996e73edf5a93aa0 phase=decode requests=dfa53ed7b1db427c979733175e83eed5,1b90b5029a8e4095a0953f707b492bc0,2b642560cfbc46a3b415e89ad3a03675,1d3635c1d1b8417da02febe5bb56858c"
0.0,77791407,2,38895703.5,38895703.5,38466208,39325199,607398.4,PushPop,":batch=fa11a0c5d52e4ed4989eb8d427733cb6 phase=decode requests=dfa53ed7b1db427c979733175e83eed5,1b90b5029a8e4095a0953f707b492bc0,2b642560cfbc46a3b415e89ad3a03675,1d3635c1d1b8417da02febe5bb56858c"
0.0,77789541,2,38894770.5,38894770.5,38512116,39277425,541155.2,PushPop,":batch=3976d5018fe34582a22c36aca2851b52 phase=decode requests=dfa53ed7b1db427c979733175e83eed5,1b90b5029a8e4095a0953f707b492bc0,2b642560cfbc46a3b415e89ad3a03675,1d3635c1d1b8417da02febe5bb56858c"
0.0,77789221,2,38894610.5,38894610.5,38524825,39264396,522955.7,PushPop,":batch=83d15373308546618ce17fcc1f982146 phase=decode requests=dfa53ed7b1db427c979733175e83eed5,1b90b5029a8e4095a0953f707b492bc0,2b642560cfbc46a3b415e89ad3a03675,1d3635c1d1b8417da02febe5bb56858c"
0.0,77788025,2,38894012.5,38894012.5,38441789,39346236,639540.6,PushPop,":batch=a673aeeade8b46be9aa885348fc7e757 phase=decode requests=dfa53ed7b1db427c979733175e83eed5,1b90b5029a8e4095a0953f707b492bc0,2b642560cfbc46a3b415e89ad3a03675,1d3635c1d1b8417da02febe5bb56858c"
0.0,77785401,2,38892700.5,38892700.5,38414130,39371271,676800.9,PushPop,":batch=58c2eda04ff143ff87917cf589132e96 phase=decode requests=dfa53ed7b1db427c979733175e83eed5,1b90b5029a8e4095a0953f707b492bc0,2b642560cfbc46a3b415e89ad3a03675,1d3635c1d1b8417da02febe5bb56858c"
0.0,77785386,2,38892693.0,38892693.0,38483171,39302215,579151.6,PushPop,":batch=a09a71c257e24c69a39b72b1a881c80f phase=decode requests=dfa53ed7b1db427c979733175e83eed5,1b90b5029a8e4095a0953f707b492bc0,2b642560cfbc46a3b415e89ad3a03675,1d3635c1d1b8417da02febe5bb56858c"
0.0,77784802,2,38892401.0,38892401.0,38462685,39322117,607710.2,PushPop,":batch=029325793d864bcd91a54ab943e309c0 phase=decode requests=dfa53ed7b1db427c979733175e83eed5,1b90b5029a8e4095a0953f707b492bc0,2b642560cfbc46a3b415e89ad3a03675,1d3635c1d1b8417da02febe5bb56858c"
0.0,77784780,2,38892390.0,38892390.0,38422043,39362737,665171.1,PushPop,":batch=b67cf4e21fc14827a588bad1df50189b phase=decode requests=dfa53ed7b1db427c979733175e83eed5,1b90b5029a8e4095a0953f707b492bc0,2b642560cfbc46a3b415e89ad3a03675,1d3635c1d1b8417da02febe5bb56858c"
0.0,77782447,2,38891223.5,38891223.5,38400158,39382289,694471.5,PushPop,":batch=5edd297e84cd4459ac78e26ba1c60723 phase=decode requests=dfa53ed7b1db427c979733175e83eed5,1b90b5029a8e4095a0953f707b492bc0,2b642560cfbc46a3b415e89ad3a03675,1d3635c1d1b8417da02febe5bb56858c"
0.0,77781554,2,38890777.0,38890777.0,38428447,39353107,653833.4,PushPop,":batch=50693f320a1a421d9bb5a938bb2b5300 phase=decode requests=dfa53ed7b1db427c979733175e83eed5,1b90b5029a8e4095a0953f707b492bc0,2b642560cfbc46a3b415e89ad3a03675,1d3635c1d1b8417da02febe5bb56858c"
0.0,77781482,2,38890741.0,38890741.0,38462144,39319338,606127.7,PushPop,":batch=2073f53ad392493da3875b20cdec669d phase=decode requests=dfa53ed7b1db427c979733175e83eed5,1b90b5029a8e4095a0953f707b492bc0,2b642560cfbc46a3b415e89ad3a03675,1d3635c1d1b8417da02febe5bb56858c"
0.0,77780864,2,38890432.0,38890432.0,38443174,39337690,632518.3,PushPop,":batch=ce76c3a0f88846f6999f0019a156ba0c phase=decode requests=1811f6ebf58e4b0ea2292b35146cd35f,612ab6a155ee43be83ea6696bd5b8b7f,04a26fdd847647a5a094bbafb63bc469,5f8f2308efff494a9a6a2fa3d4ecc35c"
0.0,77780411,2,38890205.5,38890205.5,38434506,39345905,644456.4,PushPop,":batch=08f128fd0932471c94c3b5a53cb990e5 phase=decode requests=dfa53ed7b1db427c979733175e83eed5,1b90b5029a8e4095a0953f707b492bc0,2b642560cfbc46a3b415e89ad3a03675,1d3635c1d1b8417da02febe5bb56858c"
0.0,77780243,2,38890121.5,38890121.5,38442130,39338113,633555.7,PushPop,":batch=2699f791e6874ce98b020ae47bdf74d2 phase=decode requests=dfa53ed7b1db427c979733175e83eed5,1b90b5029a8e4095a0953f707b492bc0,2b642560cfbc46a3b415e89ad3a03675,1d3635c1d1b8417da02febe5bb56858c"
0.0,77779342,2,38889671.0,38889671.0,38684189,39095153,290595.4,PushPop,:batch=09b0afc6930e42178527b369b5c2442b phase=decode requests=25de90a8b4234cdd9f459bf44de5f72b
0.0,77778452,2,38889226.0,38889226.0,38705595,39072857,259693.5,PushPop,:batch=0834d3da13cc41b69616079bb80bdbef phase=decode requests=f613ba29e5e3458d8e63b0275b98ac68
0.0,77777711,2,38888855.5,38888855.5,38521755,39255956,519158.5,PushPop,":batch=3b360acd0bf847f1a704f2d1ffa4b905 phase=decode requests=1811f6ebf58e4b0ea2292b35146cd35f,612ab6a155ee43be83ea6696bd5b8b7f,04a26fdd847647a5a094bbafb63bc469,5f8f2308efff494a9a6a2fa3d4ecc35c"
0.0,77776315,2,38888157.5,38888157.5,38446238,39330077,624968.6,PushPop,":batch=6413a7fea5c1494f919b0705370ac595 phase=decode requests=dfa53ed7b1db427c979733175e83eed5,1b90b5029a8e4095a0953f707b492bc0,2b642560cfbc46a3b415e89ad3a03675,1d3635c1d1b8417da02febe5bb56858c"
0.0,77775590,2,38887795.0,38887795.0,38491731,39283859,560119.1,PushPop,":batch=6348d12f6a584e6da952cdfcda76e8ea phase=decode requests=dfa53ed7b1db427c979733175e83eed5,1b90b5029a8e4095a0953f707b492bc0,2b642560cfbc46a3b415e89ad3a03675,1d3635c1d1b8417da02febe5bb56858c"
0.0,77775016,2,38887508.0,38887508.0,38463372,39311644,599818.9,PushPop,":batch=6c5a478ff78c4354876a9b4c1d888c51 phase=decode requests=dfa53ed7b1db427c979733175e83eed5,1b90b5029a8e4095a0953f707b492bc0,2b642560cfbc46a3b415e89ad3a03675,1d3635c1d1b8417da02febe5bb56858c"
0.0,77774942,2,38887471.0,38887471.0,38523980,39250962,514053.9,PushPop,":batch=37d62dcf88df4cd5bc0c5b3791b1b7c4 phase=decode requests=dfa53ed7b1db427c979733175e83eed5,1b90b5029a8e4095a0953f707b492bc0,2b642560cfbc46a3b415e89ad3a03675,1d3635c1d1b8417da02febe5bb56858c"
0.0,77774420,2,38887210.0,38887210.0,38423605,39350815,655636.5,PushPop,":batch=b0061e0b3caf4b42bf66ebef115f5c22 phase=decode requests=dfa53ed7b1db427c979733175e83eed5,1b90b5029a8e4095a0953f707b492bc0,2b642560cfbc46a3b415e89ad3a03675,1d3635c1d1b8417da02febe5bb56858c"
0.0,77773330,2,38886665.0,38886665.0,38417513,39355817,663481.1,PushPop,":batch=3efdae2261944270b26f7c0c7fa6a080 phase=decode requests=dfa53ed7b1db427c979733175e83eed5,1b90b5029a8e4095a0953f707b492bc0,2b642560cfbc46a3b415e89ad3a03675,1d3635c1d1b8417da02febe5bb56858c"
0.0,77773152,2,38886576.0,38886576.0,38424388,39348764,653632.5,PushPop,":batch=de1eed0defba40e0aa8ad64cbfadd667 phase=decode requests=1811f6ebf58e4b0ea2292b35146cd35f,612ab6a155ee43be83ea6696bd5b8b7f,04a26fdd847647a5a094bbafb63bc469,5f8f2308efff494a9a6a2fa3d4ecc35c"
0.0,77772866,2,38886433.0,38886433.0,38406346,39366520,678945.5,PushPop,":batch=55cf428b291e4e088a32371d13cfcd7f phase=decode requests=1811f6ebf58e4b0ea2292b35146cd35f,612ab6a155ee43be83ea6696bd5b8b7f,04a26fdd847647a5a094bbafb63bc469,5f8f2308efff494a9a6a2fa3d4ecc35c"
0.0,77772790,2,38886395.0,38886395.0,38492661,39280129,556824.0,PushPop,":batch=7ae1db0c29114c0eb9ca72318c059bd8 phase=decode requests=dfa53ed7b1db427c979733175e83eed5,1b90b5029a8e4095a0953f707b492bc0,2b642560cfbc46a3b415e89ad3a03675,1d3635c1d1b8417da02febe5bb56858c"
0.0,77772656,2,38886328.0,38886328.0,38446666,39325990,621776.0,PushPop,":batch=a804122acfeb44f68f781a396a637cac phase=decode requests=dfa53ed7b1db427c979733175e83eed5,1b90b5029a8e4095a0953f707b492bc0,2b642560cfbc46a3b415e89ad3a03675,1d3635c1d1b8417da02febe5bb56858c"
0.0,77772556,2,38886278.0,38886278.0,38436268,39336288,636410.2,PushPop,":batch=22fcb8607d8b47549f695a4b96e4ec06 phase=decode requests=dfa53ed7b1db427c979733175e83eed5,1b90b5029a8e4095a0953f707b492bc0,2b642560cfbc46a3b415e89ad3a03675,1d3635c1d1b8417da02febe5bb56858c"
0.0,77772365,2,38886182.5,38886182.5,38448101,39324264,619540.8,PushPop,":batch=1a329e2be8504c9885265175c97e4abc phase=decode requests=dfa53ed7b1db427c979733175e83eed5,1b90b5029a8e4095a0953f707b492bc0,2b642560cfbc46a3b415e89ad3a03675,1d3635c1d1b8417da02febe5bb56858c"
0.0,77771657,2,38885828.5,38885828.5,38418811,39352846,660462.5,PushPop,":batch=1edece45c4b04f96a306661d43ed632a phase=decode requests=dfa53ed7b1db427c979733175e83eed5,1b90b5029a8e4095a0953f707b492bc0,2b642560cfbc46a3b415e89ad3a03675,1d3635c1d1b8417da02febe5bb56858c"
0.0,77771422,2,38885711.0,38885711.0,38476548,39294874,578643.9,PushPop,":batch=32e8a975e9634e7a84036aabf9a30fb0 phase=decode requests=dfa53ed7b1db427c979733175e83eed5,1b90b5029a8e4095a0953f707b492bc0,2b642560cfbc46a3b415e89ad3a03675,1d3635c1d1b8417da02febe5bb56858c"
0.0,77770566,2,38885283.0,38885283.0,38449646,39320920,616083.8,PushPop,":batch=5e4d9d5deb884ee7b70659f24dd330fb phase=decode requests=dfa53ed7b1db427c979733175e83eed5,1b90b5029a8e4095a0953f707b492bc0,2b642560cfbc46a3b415e89ad3a03675,1d3635c1d1b8417da02febe5bb56858c"
0.0,77768265,2,38884132.5,38884132.5,38441036,39327229,626633.1,PushPop,":batch=e952281381774623b9b653511ebd36a3 phase=decode requests=1811f6ebf58e4b0ea2292b35146cd35f,612ab6a155ee43be83ea6696bd5b8b7f,04a26fdd847647a5a094bbafb63bc469,5f8f2308efff494a9a6a2fa3d4ecc35c"
0.0,77767668,2,38883834.0,38883834.0,38432808,39334860,637847.1,PushPop,":batch=af672b8ddcba46acbc1110650c387a62 phase=decode requests=dfa53ed7b1db427c979733175e83eed5,1b90b5029a8e4095a0953f707b492bc0,2b642560cfbc46a3b415e89ad3a03675,1d3635c1d1b8417da02febe5bb56858c"
0.0,77766064,2,38883032.0,38883032.0,38420256,39345808,654464.1,PushPop,":batch=dfaf69a6b6d245a4aa32ecbb33a08a1b phase=decode requests=dfa53ed7b1db427c979733175e83eed5,1b90b5029a8e4095a0953f707b492bc0,2b642560cfbc46a3b415e89ad3a03675,1d3635c1d1b8417da02febe5bb56858c"
0.0,77765724,2,38882862.0,38882862.0,38433120,39332604,636031.2,PushPop,":batch=bffe74a8dfda41f2b32908ac5a23b815 phase=decode requests=dfa53ed7b1db427c979733175e83eed5,1b90b5029a8e4095a0953f707b492bc0,2b642560cfbc46a3b415e89ad3a03675,1d3635c1d1b8417da02febe5bb56858c"
0.0,77764431,2,38882215.5,38882215.5,38414838,39349593,660971.6,PushPop,":batch=95e68276ddb0439185c239c95bb36dc5 phase=decode requests=dfa53ed7b1db427c979733175e83eed5,1b90b5029a8e4095a0953f707b492bc0,2b642560cfbc46a3b415e89ad3a03675,1d3635c1d1b8417da02febe5bb56858c"
0.0,77762829,2,38881414.5,38881414.5,38516467,39246362,516113.7,PushPop,":batch=7fd73bff5b994824a89baac519e7a70a phase=decode requests=1811f6ebf58e4b0ea2292b35146cd35f,612ab6a155ee43be83ea6696bd5b8b7f,04a26fdd847647a5a094bbafb63bc469,5f8f2308efff494a9a6a2fa3d4ecc35c"
0.0,77760954,2,38880477.0,38880477.0,38685911,39075043,275157.9,PushPop,:batch=60d535a99f3b4b5eb716ce445756beca phase=decode requests=25de90a8b4234cdd9f459bf44de5f72b
0.0,77760230,2,38880115.0,38880115.0,38453600,39306630,603183.3,PushPop,":batch=5e56e6469bdc40f1a25124d6fa13b73a phase=decode requests=dfa53ed7b1db427c979733175e83eed5,1b90b5029a8e4095a0953f707b492bc0,2b642560cfbc46a3b415e89ad3a03675,1d3635c1d1b8417da02febe5bb56858c"
0.0,77758762,2,38879381.0,38879381.0,38443478,39315284,616459.9,PushPop,":batch=4fc7e7f43e7f47bd98c924427812c03d phase=decode requests=1811f6ebf58e4b0ea2292b35146cd35f,612ab6a155ee43be83ea6696bd5b8b7f,04a26fdd847647a5a094bbafb63bc469,5f8f2308efff494a9a6a2fa3d4ecc35c"
0.0,77757178,2,38878589.0,38878589.0,38426429,39330749,639450.8,PushPop,":batch=c34788c8c44b4f04b225c1e27d72add6 phase=decode requests=dfa53ed7b1db427c979733175e83eed5,1b90b5029a8e4095a0953f707b492bc0,2b642560cfbc46a3b415e89ad3a03675,1d3635c1d1b8417da02febe5bb56858c"
0.0,77756360,2,38878180.0,38878180.0,38451055,39305305,604046.0,PushPop,":batch=661ab00d0eed40e4bc78dbee9351a011 phase=decode requests=dfa53ed7b1db427c979733175e83eed5,1b90b5029a8e4095a0953f707b492bc0,2b642560cfbc46a3b415e89ad3a03675,1d3635c1d1b8417da02febe5bb56858c"
0.0,77756281,2,38878140.5,38878140.5,38475511,39280770,569404.1,PushPop,":batch=5518773ad1bf4daebbfc8cd6a0258ac7 phase=decode requests=dfa53ed7b1db427c979733175e83eed5,1b90b5029a8e4095a0953f707b492bc0,2b642560cfbc46a3b415e89ad3a03675,1d3635c1d1b8417da02febe5bb56858c"
0.0,77756265,2,38878132.5,38878132.5,38462343,39293922,588015.1,PushPop,":batch=c2522b3754954285befe91b1ba5b03ea phase=decode requests=dfa53ed7b1db427c979733175e83eed5,1b90b5029a8e4095a0953f707b492bc0,2b642560cfbc46a3b415e89ad3a03675,1d3635c1d1b8417da02febe5bb56858c"
0.0,77755590,2,38877795.0,38877795.0,38455858,39299732,596709.0,PushPop,":batch=6386b3bd6c7846949fd127e4ae10f33c phase=decode requests=dfa53ed7b1db427c979733175e83eed5,1b90b5029a8e4095a0953f707b492bc0,2b642560cfbc46a3b415e89ad3a03675,1d3635c1d1b8417da02febe5bb56858c"
0.0,77755525,2,38877762.5,38877762.5,38384924,39370601,696978.9,PushPop,":batch=3a9d6acdd01c44b6b77f0a44fcb4125d phase=decode requests=dfa53ed7b1db427c979733175e83eed5,1b90b5029a8e4095a0953f707b492bc0,2b642560cfbc46a3b415e89ad3a03675,1d3635c1d1b8417da02febe5bb56858c"
0.0,77754954,2,38877477.0,38877477.0,38462354,39292600,587072.6,PushPop,":batch=c90f8bbff57440b994d9373f4950593a phase=decode requests=1811f6ebf58e4b0ea2292b35146cd35f,612ab6a155ee43be83ea6696bd5b8b7f,04a26fdd847647a5a094bbafb63bc469,5f8f2308efff494a9a6a2fa3d4ecc35c"
0.0,77753849,2,38876924.5,38876924.5,38448858,39304991,605377.4,PushPop,":batch=fa496e08310c40c5a29b8cae013fcbb8 phase=decode requests=1811f6ebf58e4b0ea2292b35146cd35f,612ab6a155ee43be83ea6696bd5b8b7f,04a26fdd847647a5a094bbafb63bc469,5f8f2308efff494a9a6a2fa3d4ecc35c"
0.0,77752635,2,38876317.5,38876317.5,38288536,39464099,831248.6,PushPop,:batch=3b875d0669334d5b8840cf736d198d24 phase=decode requests=25de90a8b4234cdd9f459bf44de5f72b
0.0,77752499,2,38876249.5,38876249.5,38480333,39272166,559910.5,PushPop,":batch=3aee2d87b4cd415f89337a71b2489f4f phase=decode requests=1811f6ebf58e4b0ea2292b35146cd35f,612ab6a155ee43be83ea6696bd5b8b7f,04a26fdd847647a5a094bbafb63bc469,5f8f2308efff494a9a6a2fa3d4ecc35c"
0.0,77752250,2,38876125.0,38876125.0,38698775,39053475,250810.8,PushPop,:batch=decdb9e0147f4e46ade6cc07d783a1d4 phase=decode requests=e6255778e8534404ac5ca8451b4d8752
0.0,77751909,2,38875954.5,38875954.5,38522687,39229222,499595.7,PushPop,":batch=a920d5b9a1054b27bb3378252a6f6284 phase=decode requests=1811f6ebf58e4b0ea2292b35146cd35f,612ab6a155ee43be83ea6696bd5b8b7f,04a26fdd847647a5a094bbafb63bc469,5f8f2308efff494a9a6a2fa3d4ecc35c"
0.0,77751869,2,38875934.5,38875934.5,38496838,39255031,536123.4,PushPop,":batch=ad97b8c169374bb98565db383bf9e1f5 phase=decode requests=1811f6ebf58e4b0ea2292b35146cd35f,612ab6a155ee43be83ea6696bd5b8b7f,04a26fdd847647a5a094bbafb63bc469,5f8f2308efff494a9a6a2fa3d4ecc35c"
0.0,77751785,2,38875892.5,38875892.5,38445197,39306588,609095.4,PushPop,":batch=7851cde460b44f779f2662ff1d60f258 phase=decode requests=dfa53ed7b1db427c979733175e83eed5,1b90b5029a8e4095a0953f707b492bc0,2b642560cfbc46a3b415e89ad3a03675,1d3635c1d1b8417da02febe5bb56858c"
0.0,77751378,2,38875689.0,38875689.0,38469952,39281426,573798.8,PushPop,":batch=3ea58055aa8f418c8b5dde375227a399 phase=decode requests=dfa53ed7b1db427c979733175e83eed5,1b90b5029a8e4095a0953f707b492bc0,2b642560cfbc46a3b415e89ad3a03675,1d3635c1d1b8417da02febe5bb56858c"
0.0,77750913,2,38875456.5,38875456.5,38425197,39325716,636763.1,PushPop,":batch=6b2deaea50dd4ac1af58db0f63a1345a phase=decode requests=dfa53ed7b1db427c979733175e83eed5,1b90b5029a8e4095a0953f707b492bc0,2b642560cfbc46a3b415e89ad3a03675,1d3635c1d1b8417da02febe5bb56858c"
0.0,77749530,2,38874765.0,38874765.0,38414029,39335501,651579.1,PushPop,":batch=9c422b5f404e464db0106cb4be4289ad phase=decode requests=dfa53ed7b1db427c979733175e83eed5,1b90b5029a8e4095a0953f707b492bc0,2b642560cfbc46a3b415e89ad3a03675,1d3635c1d1b8417da02febe5bb56858c"
0.0,77747551,2,38873775.5,38873775.5,38507370,39240181,518175.6,PushPop,":batch=ad0720e87587491dafaa840fee710860 phase=decode requests=dfa53ed7b1db427c979733175e83eed5,1b90b5029a8e4095a0953f707b492bc0,2b642560cfbc46a3b415e89ad3a03675,1d3635c1d1b8417da02febe5bb56858c"
0.0,77746985,2,38873492.5,38873492.5,38419416,39327569,642161.1,PushPop,":batch=bdc63ae18b274ffd93eca35e2fd09135 phase=decode requests=dfa53ed7b1db427c979733175e83eed5,1b90b5029a8e4095a0953f707b492bc0,2b642560cfbc46a3b415e89ad3a03675,1d3635c1d1b8417da02febe5bb56858c"
0.0,77746799,2,38873399.5,38873399.5,38437556,39309243,616375.8,PushPop,":batch=6f82661114a1457eb689fb9f91a3e04d phase=decode requests=1811f6ebf58e4b0ea2292b35146cd35f,612ab6a155ee43be83ea6696bd5b8b7f,04a26fdd847647a5a094bbafb63bc469,5f8f2308efff494a9a6a2fa3d4ecc35c"
0.0,77745835,2,38872917.5,38872917.5,38404811,39341024,662002.6,PushPop,":batch=77102e96bbb448368439000cffcf7dfe phase=decode requests=dfa53ed7b1db427c979733175e83eed5,1b90b5029a8e4095a0953f707b492bc0,2b642560cfbc46a3b415e89ad3a03675,1d3635c1d1b8417da02febe5bb56858c"
0.0,77745399,2,38872699.5,38872699.5,38489785,39255614,541522.9,PushPop,":batch=3c932642d8ca4349ae8d3d830ecd4928 phase=decode requests=1811f6ebf58e4b0ea2292b35146cd35f,612ab6a155ee43be83ea6696bd5b8b7f,04a26fdd847647a5a094bbafb63bc469,5f8f2308efff494a9a6a2fa3d4ecc35c"
0.0,77745377,2,38872688.5,38872688.5,38439623,39305754,612447.1,PushPop,":batch=5c5d7dcd11bb4d689c6c7e1f52f4fab0 phase=decode requests=dfa53ed7b1db427c979733175e83eed5,1b90b5029a8e4095a0953f707b492bc0,2b642560cfbc46a3b415e89ad3a03675,1d3635c1d1b8417da02febe5bb56858c"
0.0,77744357,2,38872178.5,38872178.5,38435502,39308855,617553.8,PushPop,":batch=6430fb66a93d4fa8819656d95418795c phase=decode requests=1811f6ebf58e4b0ea2292b35146cd35f,612ab6a155ee43be83ea6696bd5b8b7f,04a26fdd847647a5a094bbafb63bc469,5f8f2308efff494a9a6a2fa3d4ecc35c"
0.0,77743749,2,38871874.5,38871874.5,38332163,39411586,763267.3,PushPop,":batch=87050ad6fa0441ffbe7813f1846ec12e phase=decode requests=dfa53ed7b1db427c979733175e83eed5,1b90b5029a8e4095a0953f707b492bc0,2b642560cfbc46a3b415e89ad3a03675,1d3635c1d1b8417da02febe5bb56858c"
0.0,77742922,2,38871461.0,38871461.0,38467318,39275604,571544.5,PushPop,":batch=2a5f5e46570044e59be35b43e194f9bd phase=decode requests=dfa53ed7b1db427c979733175e83eed5,1b90b5029a8e4095a0953f707b492bc0,2b642560cfbc46a3b415e89ad3a03675,1d3635c1d1b8417da02febe5bb56858c"
0.0,77742451,2,38871225.5,38871225.5,38427529,39314922,627481.6,PushPop,":batch=edae5712bbbe4660af919e219dd98da0 phase=decode requests=dfa53ed7b1db427c979733175e83eed5,1b90b5029a8e4095a0953f707b492bc0,2b642560cfbc46a3b415e89ad3a03675,1d3635c1d1b8417da02febe5bb56858c"
0.0,77741094,2,38870547.0,38870547.0,38481827,39259267,549733.1,PushPop,":batch=b2f9c6aebbcf4970a5164c926762b515 phase=decode requests=dfa53ed7b1db427c979733175e83eed5,1b90b5029a8e4095a0953f707b492bc0,2b642560cfbc46a3b415e89ad3a03675,1d3635c1d1b8417da02febe5bb56858c"
0.0,77740882,2,38870441.0,38870441.0,38471115,39269767,564732.2,PushPop,":batch=4049b9a9679241c6bee10f58b00f8e31 phase=decode requests=dfa53ed7b1db427c979733175e83eed5,1b90b5029a8e4095a0953f707b492bc0,2b642560cfbc46a3b415e89ad3a03675,1d3635c1d1b8417da02febe5bb56858c"
0.0,77740495,2,38870247.5,38870247.5,38477265,39263230,555761.2,PushPop,":batch=d0214aafa9ee47e3984bc81041eb8357 phase=decode requests=1811f6ebf58e4b0ea2292b35146cd35f,612ab6a155ee43be83ea6696bd5b8b7f,04a26fdd847647a5a094bbafb63bc469,5f8f2308efff494a9a6a2fa3d4ecc35c"
0.0,77740133,2,38870066.5,38870066.5,38396258,39343875,670066.4,PushPop,":batch=b1cca77b3aab4608a6f8ae0b8e10bb89 phase=decode requests=dfa53ed7b1db427c979733175e83eed5,1b90b5029a8e4095a0953f707b492bc0,2b642560cfbc46a3b415e89ad3a03675,1d3635c1d1b8417da02febe5bb56858c"
0.0,77739116,2,38869558.0,38869558.0,38442383,39296733,604116.7,PushPop,":batch=903961e82a14444ea0c406a74d132b45 phase=decode requests=1811f6ebf58e4b0ea2292b35146cd35f,612ab6a155ee43be83ea6696bd5b8b7f,04a26fdd847647a5a094bbafb63bc469,5f8f2308efff494a9a6a2fa3d4ecc35c"
0.0,77738531,2,38869265.5,38869265.5,38389165,39349366,678964.6,PushPop,":batch=d67cef5cee26469fa8c958a7ed1a6ec0 phase=decode requests=dfa53ed7b1db427c979733175e83eed5,1b90b5029a8e4095a0953f707b492bc0,2b642560cfbc46a3b415e89ad3a03675,1d3635c1d1b8417da02febe5bb56858c"
0.0,77733881,2,38866940.5,38866940.5,38484609,39249272,540698.4,PushPop,":batch=7491dc44e36e4dac865c067281665ba9 phase=decode requests=1811f6ebf58e4b0ea2292b35146cd35f,612ab6a155ee43be83ea6696bd5b8b7f,04a26fdd847647a5a094bbafb63bc469,5f8f2308efff494a9a6a2fa3d4ecc35c"
0.0,77733842,2,38866921.0,38866921.0,38451020,39282822,588172.8,PushPop,":batch=bab431adebfb4e6292575fa9d2707dbc phase=decode requests=dfa53ed7b1db427c979733175e83eed5,1b90b5029a8e4095a0953f707b492bc0,2b642560cfbc46a3b415e89ad3a03675,1d3635c1d1b8417da02febe5bb56858c"
0.0,77733740,2,38866870.0,38866870.0,38436972,39296768,607967.6,PushPop,":batch=eb35367b308744fba861a2e454a36391 phase=decode requests=dfa53ed7b1db427c979733175e83eed5,1b90b5029a8e4095a0953f707b492bc0,2b642560cfbc46a3b415e89ad3a03675,1d3635c1d1b8417da02febe5bb56858c"
0.0,77733315,2,38866657.5,38866657.5,38448336,39284979,591595.9,PushPop,":batch=3021d1238b974ae88b57f47a2506a0e3 phase=decode requests=dfa53ed7b1db427c979733175e83eed5,1b90b5029a8e4095a0953f707b492bc0,2b642560cfbc46a3b415e89ad3a03675,1d3635c1d1b8417da02febe5bb56858c"
0.0,77732053,2,38866026.5,38866026.5,38371664,39360389,699134.2,PushPop,":batch=58815fc08a594542beb459a5ee012691 phase=decode requests=1811f6ebf58e4b0ea2292b35146cd35f,612ab6a155ee43be83ea6696bd5b8b7f,04a26fdd847647a5a094bbafb63bc469,5f8f2308efff494a9a6a2fa3d4ecc35c"
0.0,77731920,2,38865960.0,38865960.0,38454364,39277556,582084.6,PushPop,":batch=f26aaf9a90904393b7795480fc3abe3d phase=decode requests=dfa53ed7b1db427c979733175e83eed5,1b90b5029a8e4095a0953f707b492bc0,2b642560cfbc46a3b415e89ad3a03675,1d3635c1d1b8417da02febe5bb56858c"
0.0,77730553,2,38865276.5,38865276.5,38409781,39320772,644167.9,PushPop,":batch=2eaf9172ccf947749c0f71d4bdfa4313 phase=decode requests=dfa53ed7b1db427c979733175e83eed5,1b90b5029a8e4095a0953f707b492bc0,2b642560cfbc46a3b415e89ad3a03675,1d3635c1d1b8417da02febe5bb56858c"
0.0,77729797,2,38864898.5,38864898.5,38476042,39253755,549926.1,PushPop,":batch=1c9b9c136060428fac7990f7f3f9fc99 phase=decode requests=dfa53ed7b1db427c979733175e83eed5,1b90b5029a8e4095a0953f707b492bc0,2b642560cfbc46a3b415e89ad3a03675,1d3635c1d1b8417da02febe5bb56858c"
0.0,77729447,2,38864723.5,38864723.5,38465964,39263483,563931.1,PushPop,":batch=12aae972e98a4ce0b4131634db65f43b phase=decode requests=dfa53ed7b1db427c979733175e83eed5,1b90b5029a8e4095a0953f707b492bc0,2b642560cfbc46a3b415e89ad3a03675,1d3635c1d1b8417da02febe5bb56858c"
0.0,77729271,2,38864635.5,38864635.5,38506632,39222639,506293.4,PushPop,":batch=405626c87d674376ada140362f7f983b phase=decode requests=1811f6ebf58e4b0ea2292b35146cd35f,612ab6a155ee43be83ea6696bd5b8b7f,04a26fdd847647a5a094bbafb63bc469,5f8f2308efff494a9a6a2fa3d4ecc35c"
0.0,77729041,2,38864520.5,38864520.5,38433351,39295690,609765.8,PushPop,":batch=6b42336bf28a41cd8e3b79079f97916f phase=decode requests=dfa53ed7b1db427c979733175e83eed5,1b90b5029a8e4095a0953f707b492bc0,2b642560cfbc46a3b415e89ad3a03675,1d3635c1d1b8417da02febe5bb56858c"
0.0,77728941,2,38864470.5,38864470.5,38503358,39225583,510690.2,PushPop,":batch=8f8362ab02bf44e38dd61e1fd2f5ca2b phase=decode requests=1811f6ebf58e4b0ea2292b35146cd35f,612ab6a155ee43be83ea6696bd5b8b7f,04a26fdd847647a5a094bbafb63bc469,5f8f2308efff494a9a6a2fa3d4ecc35c"
0.0,77728008,2,38864004.0,38864004.0,38461284,39266724,569532.1,PushPop,":batch=8778687f3b80480abb5066eea7758ae3 phase=decode requests=dfa53ed7b1db427c979733175e83eed5,1b90b5029a8e4095a0953f707b492bc0,2b642560cfbc46a3b415e89ad3a03675,1d3635c1d1b8417da02febe5bb56858c"
0.0,77727131,2,38863565.5,38863565.5,38438386,39288745,601294.6,PushPop,":batch=42ebb7bdd34a4dc5adeced74431c284e phase=decode requests=1811f6ebf58e4b0ea2292b35146cd35f,612ab6a155ee43be83ea6696bd5b8b7f,04a26fdd847647a5a094bbafb63bc469,5f8f2308efff494a9a6a2fa3d4ecc35c"
0.0,77726441,2,38863220.5,38863220.5,38705008,39021433,223746.3,PushPop,:batch=4781a7310e0a4da2bf059f602fe09338 phase=decode requests=e6255778e8534404ac5ca8451b4d8752
0.0,77725618,2,38862809.0,38862809.0,38420043,39305575,626165.7,PushPop,":batch=da8a49b7edd84f2b8c914de030512de0 phase=decode requests=dfa53ed7b1db427c979733175e83eed5,1b90b5029a8e4095a0953f707b492bc0,2b642560cfbc46a3b415e89ad3a03675,1d3635c1d1b8417da02febe5bb56858c"
0.0,77725377,2,38862688.5,38862688.5,38450919,39274458,582330.0,PushPop,":batch=3009bfbbc55546c7a3fbe12822c86e23 phase=decode requests=1811f6ebf58e4b0ea2292b35146cd35f,612ab6a155ee43be83ea6696bd5b8b7f,04a26fdd847647a5a094bbafb63bc469,5f8f2308efff494a9a6a2fa3d4ecc35c"
0.0,77725100,2,38862550.0,38862550.0,38455101,39269999,576219.9,PushPop,":batch=2cf1b28a7a524165b3181ae9b692dee1 phase=decode requests=dfa53ed7b1db427c979733175e83eed5,1b90b5029a8e4095a0953f707b492bc0,2b642560cfbc46a3b415e89ad3a03675,1d3635c1d1b8417da02febe5bb56858c"
0.0,77723909,2,38861954.5,38861954.5,38407499,39316410,642697.1,PushPop,":batch=1f85d051897140058421a557f081c169 phase=decode requests=dfa53ed7b1db427c979733175e83eed5,1b90b5029a8e4095a0953f707b492bc0,2b642560cfbc46a3b415e89ad3a03675,1d3635c1d1b8417da02febe5bb56858c"
0.0,77723048,2,38861524.0,38861524.0,38407303,39315745,642365.5,PushPop,":batch=8b3ede0b66dd47109f6dffaa75174b55 phase=decode requests=dfa53ed7b1db427c979733175e83eed5,1b90b5029a8e4095a0953f707b492bc0,2b642560cfbc46a3b415e89ad3a03675,1d3635c1d1b8417da02febe5bb56858c"
0.0,77722352,2,38861176.0,38861176.0,38391458,39330894,664281.6,PushPop,":batch=fbbb055430834a2b9f8e6f5dbd475e64 phase=decode requests=dfa53ed7b1db427c979733175e83eed5,1b90b5029a8e4095a0953f707b492bc0,2b642560cfbc46a3b415e89ad3a03675,1d3635c1d1b8417da02febe5bb56858c"
0.0,77722207,2,38861103.5,38861103.5,38705129,39017078,220581.3,PushPop,:batch=71530d09083941f7a93f546bba47d976 phase=decode requests=25de90a8b4234cdd9f459bf44de5f72b
0.0,77719209,2,38859604.5,38859604.5,38450042,39269167,579208.8,PushPop,":batch=035dd6f2126d416d8da7b1b0d3ba8d4b phase=decode requests=dfa53ed7b1db427c979733175e83eed5,1b90b5029a8e4095a0953f707b492bc0,2b642560cfbc46a3b415e89ad3a03675,1d3635c1d1b8417da02febe5bb56858c"
0.0,77719104,2,38859552.0,38859552.0,38427865,39291239,610497.6,PushPop,":batch=f285878a4e294140be834637d11567d2 phase=decode requests=dfa53ed7b1db427c979733175e83eed5,1b90b5029a8e4095a0953f707b492bc0,2b642560cfbc46a3b415e89ad3a03675,1d3635c1d1b8417da02febe5bb56858c"
0.0,77719068,2,38859534.0,38859534.0,38682022,39037046,251039.9,PushPop,:batch=1f98d66398ab4d6184b6c38949ded744 phase=decode requests=e6255778e8534404ac5ca8451b4d8752
0.0,77718627,2,38859313.5,38859313.5,38423103,39295524,616894.8,PushPop,":batch=361727c8aaca4235973c6be099fce501 phase=decode requests=dfa53ed7b1db427c979733175e83eed5,1b90b5029a8e4095a0953f707b492bc0,2b642560cfbc46a3b415e89ad3a03675,1d3635c1d1b8417da02febe5bb56858c"
0.0,77718457,2,38859228.5,38859228.5,38454425,39264032,572478.6,PushPop,":batch=bee87ae4d8484a5fb571ddb1bf3efd8c phase=decode requests=dfa53ed7b1db427c979733175e83eed5,1b90b5029a8e4095a0953f707b492bc0,2b642560cfbc46a3b415e89ad3a03675,1d3635c1d1b8417da02febe5bb56858c"
0.0,77717112,2,38858556.0,38858556.0,38406787,39310325,638897.8,PushPop,":batch=ece7b0838a3a4b579ffb7c7ae3ebf619 phase=decode requests=dfa53ed7b1db427c979733175e83eed5,1b90b5029a8e4095a0953f707b492bc0,2b642560cfbc46a3b415e89ad3a03675,1d3635c1d1b8417da02febe5bb56858c"
0.0,77714125,2,38857062.5,38857062.5,38391628,39322497,658223.8,PushPop,":batch=656a0e88d90e439a9a19d6f4fa922526 phase=decode requests=dfa53ed7b1db427c979733175e83eed5,1b90b5029a8e4095a0953f707b492bc0,2b642560cfbc46a3b415e89ad3a03675,1d3635c1d1b8417da02febe5bb56858c"
0.0,77713908,2,38856954.0,38856954.0,38449191,39264717,576664.0,PushPop,":batch=2dfeff4957f941e6953e0bc3e19cf630 phase=decode requests=dfa53ed7b1db427c979733175e83eed5,1b90b5029a8e4095a0953f707b492bc0,2b642560cfbc46a3b415e89ad3a03675,1d3635c1d1b8417da02febe5bb56858c"
0.0,77712869,2,38856434.5,38856434.5,38407030,39305839,635553.9,PushPop,":batch=87ad9c703fbc4ccca382f68f0b197f34 phase=decode requests=dfa53ed7b1db427c979733175e83eed5,1b90b5029a8e4095a0953f707b492bc0,2b642560cfbc46a3b415e89ad3a03675,1d3635c1d1b8417da02febe5bb56858c"
0.0,77712611,2,38856305.5,38856305.5,38394985,39317626,652405.7,PushPop,":batch=0e274955e7ef49fe83986dc6cd027e9f phase=decode requests=dfa53ed7b1db427c979733175e83eed5,1b90b5029a8e4095a0953f707b492bc0,2b642560cfbc46a3b415e89ad3a03675,1d3635c1d1b8417da02febe5bb56858c"
0.0,77711354,2,38855677.0,38855677.0,38415637,39295717,622310.5,PushPop,":batch=b00a556ebf2c4dd2ab14a857e609486a phase=decode requests=1811f6ebf58e4b0ea2292b35146cd35f,612ab6a155ee43be83ea6696bd5b8b7f,04a26fdd847647a5a094bbafb63bc469,5f8f2308efff494a9a6a2fa3d4ecc35c"
0.0,77710083,2,38855041.5,38855041.5,38390669,39319414,656721.9,PushPop,":batch=3580dcd6675342f69a89d3e680ddf8c9 phase=decode requests=dfa53ed7b1db427c979733175e83eed5,1b90b5029a8e4095a0953f707b492bc0,2b642560cfbc46a3b415e89ad3a03675,1d3635c1d1b8417da02febe5bb56858c"
0.0,77709968,2,38854984.0,38854984.0,38443949,39266019,581291.3,PushPop,":batch=e39389086f7c4645bb46bb3dc7780fa4 phase=decode requests=dfa53ed7b1db427c979733175e83eed5,1b90b5029a8e4095a0953f707b492bc0,2b642560cfbc46a3b415e89ad3a03675,1d3635c1d1b8417da02febe5bb56858c"
0.0,77709795,2,38854897.5,38854897.5,38467386,39242409,548024.0,PushPop,":batch=77b99d30fe4a4f03820518548867fb3c phase=decode requests=dfa53ed7b1db427c979733175e83eed5,1b90b5029a8e4095a0953f707b492bc0,2b642560cfbc46a3b415e89ad3a03675,1d3635c1d1b8417da02febe5bb56858c"
0.0,77709713,2,38854856.5,38854856.5,38472808,39236905,540298.2,PushPop,":batch=633dc50ff8d24b7aba04312b8a7bc0ca phase=decode requests=dfa53ed7b1db427c979733175e83eed5,1b90b5029a8e4095a0953f707b492bc0,2b642560cfbc46a3b415e89ad3a03675,1d3635c1d1b8417da02febe5bb56858c"
0.0,77708420,2,38854210.0,38854210.0,38413484,39294936,623280.7,PushPop,":batch=b7b53b2ac99244568fff2bd38175f877 phase=decode requests=dfa53ed7b1db427c979733175e83eed5,1b90b5029a8e4095a0953f707b492bc0,2b642560cfbc46a3b415e89ad3a03675,1d3635c1d1b8417da02febe5bb56858c"
0.0,77708049,2,38854024.5,38854024.5,38420092,39287957,613673.2,PushPop,":batch=95ad120209034daf8760b63f2e07bcbe phase=decode requests=dfa53ed7b1db427c979733175e83eed5,1b90b5029a8e4095a0953f707b492bc0,2b642560cfbc46a3b415e89ad3a03675,1d3635c1d1b8417da02febe5bb56858c"
0.0,77707639,2,38853819.5,38853819.5,38453209,39254430,566548.8,PushPop,":batch=409349ed2319451eb0a133f55c40cdfe phase=decode requests=1811f6ebf58e4b0ea2292b35146cd35f,612ab6a155ee43be83ea6696bd5b8b7f,04a26fdd847647a5a094bbafb63bc469,5f8f2308efff494a9a6a2fa3d4ecc35c"
0.0,77707597,2,38853798.5,38853798.5,38387118,39320479,659985.9,PushPop,":batch=59b736c63ff74522a27684e28b12d094 phase=decode requests=dfa53ed7b1db427c979733175e83eed5,1b90b5029a8e4095a0953f707b492bc0,2b642560cfbc46a3b415e89ad3a03675,1d3635c1d1b8417da02febe5bb56858c"
0.0,77706679,2,38853339.5,38853339.5,38433605,39273074,593594.2,PushPop,":batch=045f82e2092f4090a5a3d16e5dc925a4 phase=decode requests=dfa53ed7b1db427c979733175e83eed5,1b90b5029a8e4095a0953f707b492bc0,2b642560cfbc46a3b415e89ad3a03675,1d3635c1d1b8417da02febe5bb56858c"
0.0,77706351,2,38853175.5,38853175.5,38387639,39318712,658368.0,PushPop,":batch=4b1362d96c7e4893995ea819f381fb80 phase=decode requests=dfa53ed7b1db427c979733175e83eed5,1b90b5029a8e4095a0953f707b492bc0,2b642560cfbc46a3b415e89ad3a03675,1d3635c1d1b8417da02febe5bb56858c"
0.0,77705595,2,38852797.5,38852797.5,38465639,39239956,547524.8,PushPop,":batch=4b2e75fb642d422b801c91bc2757b418 phase=decode requests=dfa53ed7b1db427c979733175e83eed5,1b90b5029a8e4095a0953f707b492bc0,2b642560cfbc46a3b415e89ad3a03675,1d3635c1d1b8417da02febe5bb56858c"
0.0,77705003,2,38852501.5,38852501.5,38410255,39294748,625431.0,PushPop,":batch=fcd202e4f28546d58c3859a6e3d06305 phase=decode requests=dfa53ed7b1db427c979733175e83eed5,1b90b5029a8e4095a0953f707b492bc0,2b642560cfbc46a3b415e89ad3a03675,1d3635c1d1b8417da02febe5bb56858c"
0.0,77703429,2,38851714.5,38851714.5,38669735,39033694,257357.9,PushPop,:batch=d620106b78aa43ec89e758a6034ccbfd phase=decode requests=25de90a8b4234cdd9f459bf44de5f72b
0.0,77703380,2,38851690.0,38851690.0,38394261,39309119,646902.3,PushPop,":batch=d0db94dcf4b14671b2daa21c5951ec6a phase=decode requests=dfa53ed7b1db427c979733175e83eed5,1b90b5029a8e4095a0953f707b492bc0,2b642560cfbc46a3b415e89ad3a03675,1d3635c1d1b8417da02febe5bb56858c"
0.0,77702469,2,38851234.5,38851234.5,38460674,39241795,552336.0,PushPop,":batch=e5c8b1b30c634c2d9beae274e523feef phase=decode requests=dfa53ed7b1db427c979733175e83eed5,1b90b5029a8e4095a0953f707b492bc0,2b642560cfbc46a3b415e89ad3a03675,1d3635c1d1b8417da02febe5bb56858c"
0.0,77700753,2,38850376.5,38850376.5,38429321,39271432,595462.4,PushPop,":batch=0e02ecc9eb404e549cf1a258b8c32993 phase=decode requests=dfa53ed7b1db427c979733175e83eed5,1b90b5029a8e4095a0953f707b492bc0,2b642560cfbc46a3b415e89ad3a03675,1d3635c1d1b8417da02febe5bb56858c"
0.0,77700353,2,38850176.5,38850176.5,38422686,39277667,604562.9,PushPop,":batch=747cf8130f18486889cf48ac12f14ed1 phase=decode requests=dfa53ed7b1db427c979733175e83eed5,1b90b5029a8e4095a0953f707b492bc0,2b642560cfbc46a3b415e89ad3a03675,1d3635c1d1b8417da02febe5bb56858c"
0.0,77699589,2,38849794.5,38849794.5,38341147,39358442,719336.2,PushPop,":batch=9908672695b444869fb0091710f4a050 phase=decode requests=dfa53ed7b1db427c979733175e83eed5,1b90b5029a8e4095a0953f707b492bc0,2b642560cfbc46a3b415e89ad3a03675,1d3635c1d1b8417da02febe5bb56858c"
0.0,77698343,2,38849171.5,38849171.5,38408770,39289573,622821.8,PushPop,":batch=273f887be30f4bde8a8320319d4055a6 phase=decode requests=dfa53ed7b1db427c979733175e83eed5,1b90b5029a8e4095a0953f707b492bc0,2b642560cfbc46a3b415e89ad3a03675,1d3635c1d1b8417da02febe5bb56858c"
0.0,77698285,2,38849142.5,38849142.5,38447003,39251282,568711.1,PushPop,":batch=65189e329a8d423ba226a26ffe5021d1 phase=decode requests=dfa53ed7b1db427c979733175e83eed5,1b90b5029a8e4095a0953f707b492bc0,2b642560cfbc46a3b415e89ad3a03675,1d3635c1d1b8417da02febe5bb56858c"
0.0,77698156,2,38849078.0,38849078.0,38393196,39304960,644714.5,PushPop,":batch=563a0dcd8b96415fbbc219dfc3bdf816 phase=decode requests=dfa53ed7b1db427c979733175e83eed5,1b90b5029a8e4095a0953f707b492bc0,2b642560cfbc46a3b415e89ad3a03675,1d3635c1d1b8417da02febe5bb56858c"
0.0,77696922,2,38848461.0,38848461.0,38408677,39288245,621948.5,PushPop,":batch=72d66161f8004060b93c1bb998b32df4 phase=decode requests=dfa53ed7b1db427c979733175e83eed5,1b90b5029a8e4095a0953f707b492bc0,2b642560cfbc46a3b415e89ad3a03675,1d3635c1d1b8417da02febe5bb56858c"
0.0,77693697,2,38846848.5,38846848.5,38413337,39280360,613077.8,PushPop,":batch=91f997967cc1477293d182f0e01776f9 phase=decode requests=dfa53ed7b1db427c979733175e83eed5,1b90b5029a8e4095a0953f707b492bc0,2b642560cfbc46a3b415e89ad3a03675,1d3635c1d1b8417da02febe5bb56858c"
0.0,77693432,2,38846716.0,38846716.0,38390841,39302591,644704.6,PushPop,":batch=dcea4bdf4bec45daa458826789ebce15 phase=decode requests=dfa53ed7b1db427c979733175e83eed5,1b90b5029a8e4095a0953f707b492bc0,2b642560cfbc46a3b415e89ad3a03675,1d3635c1d1b8417da02febe5bb56858c"
0.0,77693339,2,38846669.5,38846669.5,38364495,39328844,681897.7,PushPop,":batch=a49097b5760747f3b8376fd6f9735215 phase=decode requests=dfa53ed7b1db427c979733175e83eed5,1b90b5029a8e4095a0953f707b492bc0,2b642560cfbc46a3b415e89ad3a03675,1d3635c1d1b8417da02febe5bb56858c"
0.0,77693225,2,38846612.5,38846612.5,38417987,39275238,606168.0,PushPop,":batch=7c7db2b11ecf4af98798662d759eec77 phase=decode requests=1811f6ebf58e4b0ea2292b35146cd35f,612ab6a155ee43be83ea6696bd5b8b7f,04a26fdd847647a5a094bbafb63bc469,5f8f2308efff494a9a6a2fa3d4ecc35c"
0.0,77692051,2,38846025.5,38846025.5,38413680,39278371,611428.9,PushPop,":batch=666526838cd84a219aa281ed1f9106ad phase=decode requests=dfa53ed7b1db427c979733175e83eed5,1b90b5029a8e4095a0953f707b492bc0,2b642560cfbc46a3b415e89ad3a03675,1d3635c1d1b8417da02febe5bb56858c"
0.0,77692024,2,38846012.0,38846012.0,38357182,39334842,691310.0,PushPop,":batch=dcf4ff7269214f91851f334896c24293 phase=decode requests=dfa53ed7b1db427c979733175e83eed5,1b90b5029a8e4095a0953f707b492bc0,2b642560cfbc46a3b415e89ad3a03675,1d3635c1d1b8417da02febe5bb56858c"
0.0,77691910,2,38845955.0,38845955.0,38388502,39303408,646936.2,PushPop,":batch=249ed2e94c4e482a8e263ce793a48754 phase=decode requests=dfa53ed7b1db427c979733175e83eed5,1b90b5029a8e4095a0953f707b492bc0,2b642560cfbc46a3b415e89ad3a03675,1d3635c1d1b8417da02febe5bb56858c"
0.0,77691702,2,38845851.0,38845851.0,38414613,39277089,609862.6,PushPop,":batch=c155d278ea88401d8c27c2be3c998f7b phase=decode requests=dfa53ed7b1db427c979733175e83eed5,1b90b5029a8e4095a0953f707b492bc0,2b642560cfbc46a3b415e89ad3a03675,1d3635c1d1b8417da02febe5bb56858c"
0.0,77690870,2,38845435.0,38845435.0,38414818,39276052,608984.4,PushPop,":batch=f0e311ddedc44514b5c5c5a8017b09a5 phase=decode requests=1811f6ebf58e4b0ea2292b35146cd35f,612ab6a155ee43be83ea6696bd5b8b7f,04a26fdd847647a5a094bbafb63bc469,5f8f2308efff494a9a6a2fa3d4ecc35c"
0.0,77690610,2,38845305.0,38845305.0,38431583,39259027,585091.3,PushPop,":batch=d40618169dbc43a49d1ff80c0ff6e67a phase=decode requests=dfa53ed7b1db427c979733175e83eed5,1b90b5029a8e4095a0953f707b492bc0,2b642560cfbc46a3b415e89ad3a03675,1d3635c1d1b8417da02febe5bb56858c"
0.0,77690470,2,38845235.0,38845235.0,38398121,39292349,632314.7,PushPop,":batch=53f75974b18c4b2e8c6d8cd70cd26622 phase=decode requests=dfa53ed7b1db427c979733175e83eed5,1b90b5029a8e4095a0953f707b492bc0,2b642560cfbc46a3b415e89ad3a03675,1d3635c1d1b8417da02febe5bb56858c"
0.0,77688222,2,38844111.0,38844111.0,38452827,39235395,553359.1,PushPop,":batch=07778e3daa72496f8debd192596b8972 phase=decode requests=dfa53ed7b1db427c979733175e83eed5,1b90b5029a8e4095a0953f707b492bc0,2b642560cfbc46a3b415e89ad3a03675,1d3635c1d1b8417da02febe5bb56858c"
0.0,77688197,2,38844098.5,38844098.5,38432438,39255759,582175.9,PushPop,":batch=d14868b44fb846779853d5481c090c2f phase=decode requests=1811f6ebf58e4b0ea2292b35146cd35f,612ab6a155ee43be83ea6696bd5b8b7f,04a26fdd847647a5a094bbafb63bc469,5f8f2308efff494a9a6a2fa3d4ecc35c"
0.0,77687727,2,38843863.5,38843863.5,38418569,39269158,601457.2,PushPop,":batch=462d351dc65442999c4803b7f10643e3 phase=decode requests=dfa53ed7b1db427c979733175e83eed5,1b90b5029a8e4095a0953f707b492bc0,2b642560cfbc46a3b415e89ad3a03675,1d3635c1d1b8417da02febe5bb56858c"
0.0,77686984,2,38843492.0,38843492.0,38632390,39054594,298543.3,PushPop,:batch=8caf516f7f574fefa86130b81173b307 phase=decode requests=25de90a8b4234cdd9f459bf44de5f72b
0.0,77684103,2,38842051.5,38842051.5,38360890,39323213,680465.1,PushPop,":batch=d894faded140448ba941554267966092 phase=decode requests=dfa53ed7b1db427c979733175e83eed5,1b90b5029a8e4095a0953f707b492bc0,2b642560cfbc46a3b415e89ad3a03675,1d3635c1d1b8417da02febe5bb56858c"
0.0,77683547,2,38841773.5,38841773.5,38389877,39293670,639078.2,PushPop,":batch=16f063e6d3944a64a570ccbf5053bba0 phase=decode requests=dfa53ed7b1db427c979733175e83eed5,1b90b5029a8e4095a0953f707b492bc0,2b642560cfbc46a3b415e89ad3a03675,1d3635c1d1b8417da02febe5bb56858c"
0.0,77683314,2,38841657.0,38841657.0,38378820,39304494,654550.4,PushPop,":batch=2d9be3b2a08d4195bf2c98e48c48b356 phase=decode requests=dfa53ed7b1db427c979733175e83eed5,1b90b5029a8e4095a0953f707b492bc0,2b642560cfbc46a3b415e89ad3a03675,1d3635c1d1b8417da02febe5bb56858c"
0.0,77682129,2,38841064.5,38841064.5,38394215,39287914,631940.6,PushPop,":batch=0937c4bc0f594f7f97dcb03877081a58 phase=decode requests=dfa53ed7b1db427c979733175e83eed5,1b90b5029a8e4095a0953f707b492bc0,2b642560cfbc46a3b415e89ad3a03675,1d3635c1d1b8417da02febe5bb56858c"
0.0,77681369,2,38840684.5,38840684.5,38397784,39283585,626355.9,PushPop,":batch=86c1329b98ea4edfa75bbc926d096745 phase=decode requests=dfa53ed7b1db427c979733175e83eed5,1b90b5029a8e4095a0953f707b492bc0,2b642560cfbc46a3b415e89ad3a03675,1d3635c1d1b8417da02febe5bb56858c"
0.0,77680607,2,38840303.5,38840303.5,38417254,39263353,598282.3,PushPop,":batch=eb6aeb62bacb44c985836d1a0a876cbc phase=decode requests=dfa53ed7b1db427c979733175e83eed5,1b90b5029a8e4095a0953f707b492bc0,2b642560cfbc46a3b415e89ad3a03675,1d3635c1d1b8417da02febe5bb56858c"
0.0,77678819,2,38839409.5,38839409.5,38421781,39257038,590615.9,PushPop,":batch=67229aa50aa64c4aab31d7bbaeef738d phase=decode requests=dfa53ed7b1db427c979733175e83eed5,1b90b5029a8e4095a0953f707b492bc0,2b642560cfbc46a3b415e89ad3a03675,1d3635c1d1b8417da02febe5bb56858c"
0.0,77678699,2,38839349.5,38839349.5,38435423,39243276,571238.3,PushPop,":batch=b359dd79377449419778cc0f43504174 phase=decode requests=1811f6ebf58e4b0ea2292b35146cd35f,612ab6a155ee43be83ea6696bd5b8b7f,04a26fdd847647a5a094bbafb63bc469,5f8f2308efff494a9a6a2fa3d4ecc35c"
0.0,77678077,2,38839038.5,38839038.5,38473312,39204765,517215.4,PushPop,":batch=19e7fc6b0d4e45b2a3e3a6ebaa7d9818 phase=decode requests=dfa53ed7b1db427c979733175e83eed5,1b90b5029a8e4095a0953f707b492bc0,2b642560cfbc46a3b415e89ad3a03675,1d3635c1d1b8417da02febe5bb56858c"
0.0,77677273,2,38838636.5,38838636.5,38360358,39316915,676387.9,PushPop,":batch=186a534b28c04d019d122ffe488bbf53 phase=decode requests=dfa53ed7b1db427c979733175e83eed5,1b90b5029a8e4095a0953f707b492bc0,2b642560cfbc46a3b415e89ad3a03675,1d3635c1d1b8417da02febe5bb56858c"
0.0,77677082,2,38838541.0,38838541.0,38661133,39015949,250892.8,PushPop,:batch=99804e1a95df4238b2cd7a373581dd82 phase=decode requests=f613ba29e5e3458d8e63b0275b98ac68
0.0,77675218,2,38837609.0,38837609.0,38449016,39226202,549553.5,PushPop,":batch=7679d1c24d56454ebdfbbe259fb46707 phase=decode requests=dfa53ed7b1db427c979733175e83eed5,1b90b5029a8e4095a0953f707b492bc0,2b642560cfbc46a3b415e89ad3a03675,1d3635c1d1b8417da02febe5bb56858c"
0.0,77674882,2,38837441.0,38837441.0,38418824,39256058,592013.8,PushPop,":batch=5d550c6a20d043fb8ce3f8863f57c91f phase=decode requests=dfa53ed7b1db427c979733175e83eed5,1b90b5029a8e4095a0953f707b492bc0,2b642560cfbc46a3b415e89ad3a03675,1d3635c1d1b8417da02febe5bb56858c"
0.0,77674291,2,38837145.5,38837145.5,38453871,39220420,542032.0,PushPop,":batch=1d5feb2f90d24ab190c948eafbf22ed5 phase=decode requests=dfa53ed7b1db427c979733175e83eed5,1b90b5029a8e4095a0953f707b492bc0,2b642560cfbc46a3b415e89ad3a03675,1d3635c1d1b8417da02febe5bb56858c"
0.0,77674040,2,38837020.0,38837020.0,38667786,39006254,239333.0,PushPop,:batch=93fe8d38ff644bebaf618b67c3cb51a2 phase=decode requests=e6255778e8534404ac5ca8451b4d8752
0.0,77673841,2,38836920.5,38836920.5,38479962,39193879,504815.6,PushPop,":batch=ced32e47b98848c5af1d8375c879072a phase=decode requests=1811f6ebf58e4b0ea2292b35146cd35f,612ab6a155ee43be83ea6696bd5b8b7f,04a26fdd847647a5a094bbafb63bc469,5f8f2308efff494a9a6a2fa3d4ecc35c"
0.0,77673741,2,38836870.5,38836870.5,38345629,39328112,694720.4,PushPop,":batch=bab70f8a9af74b578e56bc748249d5b6 phase=decode requests=dfa53ed7b1db427c979733175e83eed5,1b90b5029a8e4095a0953f707b492bc0,2b642560cfbc46a3b415e89ad3a03675,1d3635c1d1b8417da02febe5bb56858c"
0.0,77669503,2,38834751.5,38834751.5,38371943,39297560,654510.1,PushPop,":batch=b963f99b91c2441ba90799ddb57bae80 phase=decode requests=dfa53ed7b1db427c979733175e83eed5,1b90b5029a8e4095a0953f707b492bc0,2b642560cfbc46a3b415e89ad3a03675,1d3635c1d1b8417da02febe5bb56858c"
0.0,77669470,2,38834735.0,38834735.0,38374208,39295262,651283.5,PushPop,":batch=e6d3a25514ae4fd2a09d4197596f5f57 phase=decode requests=dfa53ed7b1db427c979733175e83eed5,1b90b5029a8e4095a0953f707b492bc0,2b642560cfbc46a3b415e89ad3a03675,1d3635c1d1b8417da02febe5bb56858c"
0.0,77669231,2,38834615.5,38834615.5,38404132,39265099,608795.6,PushPop,":batch=9501e4ffd7f14f3394350bd7cfbf2d07 phase=decode requests=dfa53ed7b1db427c979733175e83eed5,1b90b5029a8e4095a0953f707b492bc0,2b642560cfbc46a3b415e89ad3a03675,1d3635c1d1b8417da02febe5bb56858c"
0.0,77668787,2,38834393.5,38834393.5,38478812,39189975,502868.2,PushPop,":batch=3093e8e91f284eae8d9c54e61333f7f8 phase=decode requests=dfa53ed7b1db427c979733175e83eed5,1b90b5029a8e4095a0953f707b492bc0,2b642560cfbc46a3b415e89ad3a03675,1d3635c1d1b8417da02febe5bb56858c"
0.0,77668218,2,38834109.0,38834109.0,38385214,39283004,634833.4,PushPop,":batch=5bceed3e81be43f8b32ba600739f38eb phase=decode requests=1811f6ebf58e4b0ea2292b35146cd35f,612ab6a155ee43be83ea6696bd5b8b7f,04a26fdd847647a5a094bbafb63bc469,5f8f2308efff494a9a6a2fa3d4ecc35c"
0.0,77667482,2,38833741.0,38833741.0,38425325,39242157,577587.4,PushPop,":batch=02e8be570b4e4fd687dc367aa39a09ca phase=decode requests=dfa53ed7b1db427c979733175e83eed5,1b90b5029a8e4095a0953f707b492bc0,2b642560cfbc46a3b415e89ad3a03675,1d3635c1d1b8417da02febe5bb56858c"
0.0,77667331,2,38833665.5,38833665.5,38392687,39274644,623637.8,PushPop,":batch=2b40e79726814ec586bb60a58a150a97 phase=decode requests=dfa53ed7b1db427c979733175e83eed5,1b90b5029a8e4095a0953f707b492bc0,2b642560cfbc46a3b415e89ad3a03675,1d3635c1d1b8417da02febe5bb56858c"
0.0,77665690,2,38832845.0,38832845.0,38302130,39363560,750544.4,PushPop,":batch=e345017ce3da480ab5af8172254ccc33 phase=decode requests=dfa53ed7b1db427c979733175e83eed5,1b90b5029a8e4095a0953f707b492bc0,2b642560cfbc46a3b415e89ad3a03675,1d3635c1d1b8417da02febe5bb56858c"
0.0,77665569,2,38832784.5,38832784.5,38378031,39287538,643118.6,PushPop,":batch=d6b509537e344033ae3027368ecf9bdf phase=decode requests=dfa53ed7b1db427c979733175e83eed5,1b90b5029a8e4095a0953f707b492bc0,2b642560cfbc46a3b415e89ad3a03675,1d3635c1d1b8417da02febe5bb56858c"
0.0,77664119,2,38832059.5,38832059.5,38380676,39283443,638352.7,PushPop,":batch=0b87af00c7004efd998bd3434a178a37 phase=decode requests=dfa53ed7b1db427c979733175e83eed5,1b90b5029a8e4095a0953f707b492bc0,2b642560cfbc46a3b415e89ad3a03675,1d3635c1d1b8417da02febe5bb56858c"
0.0,77663771,2,38831885.5,38831885.5,38344644,39319127,689063.5,PushPop,":batch=7d181219bf544293b1b06d35fa520bb7 phase=decode requests=dfa53ed7b1db427c979733175e83eed5,1b90b5029a8e4095a0953f707b492bc0,2b642560cfbc46a3b415e89ad3a03675,1d3635c1d1b8417da02febe5bb56858c"
0.0,77663539,2,38831769.5,38831769.5,38376826,39286713,643387.3,PushPop,":batch=7447fa3f63064bb0851849fe8d116054 phase=decode requests=dfa53ed7b1db427c979733175e83eed5,1b90b5029a8e4095a0953f707b492bc0,2b642560cfbc46a3b415e89ad3a03675,1d3635c1d1b8417da02febe5bb56858c"
0.0,77663229,2,38831614.5,38831614.5,38420186,39243043,581847.8,PushPop,":batch=8e3435560c0b4ddfbdf86d8290d9d0e8 phase=decode requests=dfa53ed7b1db427c979733175e83eed5,1b90b5029a8e4095a0953f707b492bc0,2b642560cfbc46a3b415e89ad3a03675,1d3635c1d1b8417da02febe5bb56858c"
0.0,77663135,2,38831567.5,38831567.5,38366339,39296796,657932.5,PushPop,":batch=3c8cbed6aaef4be5bb42df8ec2559cf4 phase=decode requests=1811f6ebf58e4b0ea2292b35146cd35f,612ab6a155ee43be83ea6696bd5b8b7f,04a26fdd847647a5a094bbafb63bc469,5f8f2308efff494a9a6a2fa3d4ecc35c"
0.0,77662861,2,38831430.5,38831430.5,38625041,39037820,291878.8,PushPop,:batch=7c1a692504cc4508a885f44fb39a99c5 phase=decode requests=f613ba29e5e3458d8e63b0275b98ac68
0.0,77662692,2,38831346.0,38831346.0,38437226,39225466,557369.8,PushPop,":batch=8b65056d465b4187b1ff150dbf1081b7 phase=decode requests=dfa53ed7b1db427c979733175e83eed5,1b90b5029a8e4095a0953f707b492bc0,2b642560cfbc46a3b415e89ad3a03675,1d3635c1d1b8417da02febe5bb56858c"
0.0,77660999,2,38830499.5,38830499.5,38694455,38966544,192396.0,PushPop,:batch=47829471d18c4bc2b614307270a00233 phase=decode requests=f613ba29e5e3458d8e63b0275b98ac68
0.0,77660262,2,38830131.0,38830131.0,38350582,39309680,678184.7,PushPop,":batch=9b7a4853dc114be48ec07f01e26365f1 phase=decode requests=dfa53ed7b1db427c979733175e83eed5,1b90b5029a8e4095a0953f707b492bc0,2b642560cfbc46a3b415e89ad3a03675,1d3635c1d1b8417da02febe5bb56858c"
0.0,77660015,2,38830007.5,38830007.5,38367076,39292939,654684.0,PushPop,":batch=366e6ef13f144d89a2f36cb412814a33 phase=decode requests=dfa53ed7b1db427c979733175e83eed5,1b90b5029a8e4095a0953f707b492bc0,2b642560cfbc46a3b415e89ad3a03675,1d3635c1d1b8417da02febe5bb56858c"
0.0,77658925,2,38829462.5,38829462.5,38435022,39223903,557823.1,PushPop,":batch=0c5ec30daa7240d6b8e651465be028a4 phase=decode requests=dfa53ed7b1db427c979733175e83eed5,1b90b5029a8e4095a0953f707b492bc0,2b642560cfbc46a3b415e89ad3a03675,1d3635c1d1b8417da02febe5bb56858c"
0.0,77658142,2,38829071.0,38829071.0,38374404,39283738,642996.2,PushPop,":batch=4fef72b40e78464eae3074c27eaf8eed phase=decode requests=dfa53ed7b1db427c979733175e83eed5,1b90b5029a8e4095a0953f707b492bc0,2b642560cfbc46a3b415e89ad3a03675,1d3635c1d1b8417da02febe5bb56858c"
0.0,77656764,2,38828382.0,38828382.0,38364970,39291794,655363.5,PushPop,":batch=8a9523ed9d88475c895e61052f1d00bf phase=decode requests=dfa53ed7b1db427c979733175e83eed5,1b90b5029a8e4095a0953f707b492bc0,2b642560cfbc46a3b415e89ad3a03675,1d3635c1d1b8417da02febe5bb56858c"
0.0,77655878,2,38827939.0,38827939.0,38367904,39287974,650587.7,PushPop,":batch=f0d3fe28e051430d9c7897e75bfd1881 phase=decode requests=1811f6ebf58e4b0ea2292b35146cd35f,612ab6a155ee43be83ea6696bd5b8b7f,04a26fdd847647a5a094bbafb63bc469,5f8f2308efff494a9a6a2fa3d4ecc35c"
0.0,77655288,2,38827644.0,38827644.0,38339441,39315847,690423.3,PushPop,":batch=59426d9d7c3744e48007ef179fed7490 phase=decode requests=dfa53ed7b1db427c979733175e83eed5,1b90b5029a8e4095a0953f707b492bc0,2b642560cfbc46a3b415e89ad3a03675,1d3635c1d1b8417da02febe5bb56858c"
0.0,77654678,2,38827339.0,38827339.0,38408515,39246163,592306.6,PushPop,":batch=21048072f1ac49d0871724a04936439f phase=decode requests=dfa53ed7b1db427c979733175e83eed5,1b90b5029a8e4095a0953f707b492bc0,2b642560cfbc46a3b415e89ad3a03675,1d3635c1d1b8417da02febe5bb56858c"
0.0,77653870,2,38826935.0,38826935.0,38429478,39224392,562089.1,PushPop,":batch=fec5bf038f0e40dd891e7c4bddb3371d phase=decode requests=dfa53ed7b1db427c979733175e83eed5,1b90b5029a8e4095a0953f707b492bc0,2b642560cfbc46a3b415e89ad3a03675,1d3635c1d1b8417da02febe5bb56858c"
0.0,77652745,2,38826372.5,38826372.5,38379475,39273270,632008.5,PushPop,":batch=34b343d7e6c942a8ac7ddf1caf019c21 phase=decode requests=dfa53ed7b1db427c979733175e83eed5,1b90b5029a8e4095a0953f707b492bc0,2b642560cfbc46a3b415e89ad3a03675,1d3635c1d1b8417da02febe5bb56858c"
0.0,77652060,2,38826030.0,38826030.0,38411886,39240174,585688.1,PushPop,":batch=50f357a546a74cc48e98503485652678 phase=decode requests=1811f6ebf58e4b0ea2292b35146cd35f,612ab6a155ee43be83ea6696bd5b8b7f,04a26fdd847647a5a094bbafb63bc469,5f8f2308efff494a9a6a2fa3d4ecc35c"
0.0,77649993,2,38824996.5,38824996.5,38363883,39286110,652113.0,PushPop,":batch=f8a9052d057b45e1b2153d57a129e9b6 phase=decode requests=dfa53ed7b1db427c979733175e83eed5,1b90b5029a8e4095a0953f707b492bc0,2b642560cfbc46a3b415e89ad3a03675,1d3635c1d1b8417da02febe5bb56858c"
0.0,77649893,2,38824946.5,38824946.5,38373919,39275974,637849.2,PushPop,":batch=792fedaf692345e78b896d1d41e328a1 phase=decode requests=dfa53ed7b1db427c979733175e83eed5,1b90b5029a8e4095a0953f707b492bc0,2b642560cfbc46a3b415e89ad3a03675,1d3635c1d1b8417da02febe5bb56858c"
0.0,77649761,2,38824880.5,38824880.5,38449730,39200031,530542.9,PushPop,":batch=596ceb2ecab1464fbf7e223211ba6cfd phase=decode requests=dfa53ed7b1db427c979733175e83eed5,1b90b5029a8e4095a0953f707b492bc0,2b642560cfbc46a3b415e89ad3a03675,1d3635c1d1b8417da02febe5bb56858c"
0.0,77649577,2,38824788.5,38824788.5,38381266,39268311,627235.5,PushPop,":batch=79fb866659554834a4aaffb85a108aef phase=decode requests=1811f6ebf58e4b0ea2292b35146cd35f,612ab6a155ee43be83ea6696bd5b8b7f,04a26fdd847647a5a094bbafb63bc469,5f8f2308efff494a9a6a2fa3d4ecc35c"
0.0,77649446,2,38824723.0,38824723.0,38372001,39277445,640245.6,PushPop,":batch=12f022c4af664985b1a14aa4d61f9f2e phase=decode requests=dfa53ed7b1db427c979733175e83eed5,1b90b5029a8e4095a0953f707b492bc0,2b642560cfbc46a3b415e89ad3a03675,1d3635c1d1b8417da02febe5bb56858c"
0.0,77646761,2,38823380.5,38823380.5,38364190,39282571,649393.4,PushPop,":batch=92ca82164d554b628976291082ac5683 phase=decode requests=dfa53ed7b1db427c979733175e83eed5,1b90b5029a8e4095a0953f707b492bc0,2b642560cfbc46a3b415e89ad3a03675,1d3635c1d1b8417da02febe5bb56858c"
0.0,77646220,2,38823110.0,38823110.0,38427686,39218534,559214.0,PushPop,":batch=c06b79d7b6e94724b6424c7ca1f404be phase=decode requests=dfa53ed7b1db427c979733175e83eed5,1b90b5029a8e4095a0953f707b492bc0,2b642560cfbc46a3b415e89ad3a03675,1d3635c1d1b8417da02febe5bb56858c"
0.0,77645956,2,38822978.0,38822978.0,38472032,39173924,496312.6,PushPop,":batch=9f3ea9f2709b4bbda0bb4b05898018d1 phase=decode requests=1811f6ebf58e4b0ea2292b35146cd35f,612ab6a155ee43be83ea6696bd5b8b7f,04a26fdd847647a5a094bbafb63bc469,5f8f2308efff494a9a6a2fa3d4ecc35c"
0.0,77645751,2,38822875.5,38822875.5,38400895,39244856,596770.5,PushPop,":batch=8905291c09764fe1bec7a2e4997c9db7 phase=decode requests=dfa53ed7b1db427c979733175e83eed5,1b90b5029a8e4095a0953f707b492bc0,2b642560cfbc46a3b415e89ad3a03675,1d3635c1d1b8417da02febe5bb56858c"
0.0,77645341,2,38822670.5,38822670.5,38408788,39236553,585318.2,PushPop,":batch=52ed94e7f8cf47daa9303d034217735c phase=decode requests=dfa53ed7b1db427c979733175e83eed5,1b90b5029a8e4095a0953f707b492bc0,2b642560cfbc46a3b415e89ad3a03675,1d3635c1d1b8417da02febe5bb56858c"
0.0,77642507,2,38821253.5,38821253.5,38386480,39256027,614862.6,PushPop,":batch=c831f0dcdb7842e6b2fbde2c0344b42b phase=decode requests=dfa53ed7b1db427c979733175e83eed5,1b90b5029a8e4095a0953f707b492bc0,2b642560cfbc46a3b415e89ad3a03675,1d3635c1d1b8417da02febe5bb56858c"
0.0,77641177,2,38820588.5,38820588.5,38403363,39237814,590046.0,PushPop,":batch=302b256b073a491ca707243a8659d936 phase=decode requests=dfa53ed7b1db427c979733175e83eed5,1b90b5029a8e4095a0953f707b492bc0,2b642560cfbc46a3b415e89ad3a03675,1d3635c1d1b8417da02febe5bb56858c"
0.0,77640811,2,38820405.5,38820405.5,38360685,39280126,650143.0,PushPop,":batch=5c565f280a0040b2928bfabe8e1645dc phase=decode requests=dfa53ed7b1db427c979733175e83eed5,1b90b5029a8e4095a0953f707b492bc0,2b642560cfbc46a3b415e89ad3a03675,1d3635c1d1b8417da02febe5bb56858c"
0.0,77640528,2,38820264.0,38820264.0,38381347,39259181,620722.4,PushPop,":batch=be73bbbe4d2940ddbfbd7f50e050b0e1 phase=decode requests=dfa53ed7b1db427c979733175e83eed5,1b90b5029a8e4095a0953f707b492bc0,2b642560cfbc46a3b415e89ad3a03675,1d3635c1d1b8417da02febe5bb56858c"
0.0,77640192,2,38820096.0,38820096.0,38447863,39192329,526417.0,PushPop,":batch=7700de29737d4a5c8f01cf7fcd723ef5 phase=decode requests=dfa53ed7b1db427c979733175e83eed5,1b90b5029a8e4095a0953f707b492bc0,2b642560cfbc46a3b415e89ad3a03675,1d3635c1d1b8417da02febe5bb56858c"
0.0,77639684,2,38819842.0,38819842.0,38385800,39253884,613828.1,PushPop,":batch=55172694a08944b9a6ef8c406f58407b phase=decode requests=dfa53ed7b1db427c979733175e83eed5,1b90b5029a8e4095a0953f707b492bc0,2b642560cfbc46a3b415e89ad3a03675,1d3635c1d1b8417da02febe5bb56858c"
0.0,77638071,2,38819035.5,38819035.5,38373236,39264835,630455.7,PushPop,":batch=bd80cc5bf27644b9a9ce3ddaff879c1c phase=decode requests=dfa53ed7b1db427c979733175e83eed5,1b90b5029a8e4095a0953f707b492bc0,2b642560cfbc46a3b415e89ad3a03675,1d3635c1d1b8417da02febe5bb56858c"
0.0,77637702,2,38818851.0,38818851.0,38460542,39177160,506725.4,PushPop,":batch=c23e96d8fcca47a7be01621cde9493b8 phase=decode requests=1811f6ebf58e4b0ea2292b35146cd35f,612ab6a155ee43be83ea6696bd5b8b7f,04a26fdd847647a5a094bbafb63bc469,5f8f2308efff494a9a6a2fa3d4ecc35c"
0.0,77637586,2,38818793.0,38818793.0,38341318,39296268,675251.6,PushPop,":batch=0630db633f624b13acac53a819fc788f phase=decode requests=dfa53ed7b1db427c979733175e83eed5,1b90b5029a8e4095a0953f707b492bc0,2b642560cfbc46a3b415e89ad3a03675,1d3635c1d1b8417da02febe5bb56858c"
0.0,77631737,2,38815868.5,38815868.5,38345232,39286505,665580.5,PushPop,":batch=962b943b83514a849961de45fa6ff3e0 phase=decode requests=dfa53ed7b1db427c979733175e83eed5,1b90b5029a8e4095a0953f707b492bc0,2b642560cfbc46a3b415e89ad3a03675,1d3635c1d1b8417da02febe5bb56858c"
0.0,77629571,2,38814785.5,38814785.5,38351710,39277861,654887.7,PushPop,":batch=e0049698ebbf4167bca8e1e7d5297a01 phase=decode requests=dfa53ed7b1db427c979733175e83eed5,1b90b5029a8e4095a0953f707b492bc0,2b642560cfbc46a3b415e89ad3a03675,1d3635c1d1b8417da02febe5bb56858c"
0.0,77628078,2,38814039.0,38814039.0,38367974,39260104,630831.2,PushPop,":batch=136434a666af4c8db15e9292e6cf3c4b phase=decode requests=dfa53ed7b1db427c979733175e83eed5,1b90b5029a8e4095a0953f707b492bc0,2b642560cfbc46a3b415e89ad3a03675,1d3635c1d1b8417da02febe5bb56858c"
0.0,77627838,2,38813919.0,38813919.0,38322880,39304958,694434.0,PushPop,":batch=765da595e31d424db03722ce5cbcc2f1 phase=decode requests=dfa53ed7b1db427c979733175e83eed5,1b90b5029a8e4095a0953f707b492bc0,2b642560cfbc46a3b415e89ad3a03675,1d3635c1d1b8417da02febe5bb56858c"
0.0,77626584,2,38813292.0,38813292.0,38637837,38988747,248130.8,PushPop,:batch=ed63a42a3c184f31979edf839ff0212f phase=decode requests=25de90a8b4234cdd9f459bf44de5f72b
0.0,77626544,2,38813272.0,38813272.0,38414622,39211922,563776.2,PushPop,":batch=4c86de0b3f914979950ce9413be4c4df phase=decode requests=dfa53ed7b1db427c979733175e83eed5,1b90b5029a8e4095a0953f707b492bc0,2b642560cfbc46a3b415e89ad3a03675,1d3635c1d1b8417da02febe5bb56858c"
0.0,77626268,2,38813134.0,38813134.0,38648962,38977306,232174.3,PushPop,:batch=82a1ffdb01f243e59298e13f28afbc5e phase=decode requests=25de90a8b4234cdd9f459bf44de5f72b
0.0,77625909,2,38812954.5,38812954.5,38378730,39247179,614086.2,PushPop,":batch=fcf8776d24d24eef951af0151816b328 phase=decode requests=dfa53ed7b1db427c979733175e83eed5,1b90b5029a8e4095a0953f707b492bc0,2b642560cfbc46a3b415e89ad3a03675,1d3635c1d1b8417da02febe5bb56858c"
0.0,77625273,2,38812636.5,38812636.5,38430020,39195253,541101.4,PushPop,":batch=2396dd7b4b3d4c85a617943770f5a0af phase=decode requests=1811f6ebf58e4b0ea2292b35146cd35f,612ab6a155ee43be83ea6696bd5b8b7f,04a26fdd847647a5a094bbafb63bc469,5f8f2308efff494a9a6a2fa3d4ecc35c"
0.0,77625009,2,38812504.5,38812504.5,38449588,39175421,513241.4,PushPop,":batch=3dcbff042a854b7baf7fc2b6b19b657e phase=decode requests=dfa53ed7b1db427c979733175e83eed5,1b90b5029a8e4095a0953f707b492bc0,2b642560cfbc46a3b415e89ad3a03675,1d3635c1d1b8417da02febe5bb56858c"
0.0,77624951,2,38812475.5,38812475.5,38333983,39290968,676690.6,PushPop,":batch=de2c56aa058a451493dc3de18cacd528 phase=decode requests=dfa53ed7b1db427c979733175e83eed5,1b90b5029a8e4095a0953f707b492bc0,2b642560cfbc46a3b415e89ad3a03675,1d3635c1d1b8417da02febe5bb56858c"
0.0,77624434,2,38812217.0,38812217.0,38371162,39253272,623746.0,PushPop,":batch=de0e25e12cff42578f9792e4e6baf9c3 phase=decode requests=dfa53ed7b1db427c979733175e83eed5,1b90b5029a8e4095a0953f707b492bc0,2b642560cfbc46a3b415e89ad3a03675,1d3635c1d1b8417da02febe5bb56858c"
0.0,77623934,2,38811967.0,38811967.0,38379302,39244632,611880.7,PushPop,":batch=6d259e243d53464ab627983c86c7eafb phase=decode requests=dfa53ed7b1db427c979733175e83eed5,1b90b5029a8e4095a0953f707b492bc0,2b642560cfbc46a3b415e89ad3a03675,1d3635c1d1b8417da02febe5bb56858c"
0.0,77623606,2,38811803.0,38811803.0,38597510,39026096,303056.1,PushPop,:batch=4d1cd87d3a874ab5bddb6babef205360 phase=decode requests=25de90a8b4234cdd9f459bf44de5f72b
0.0,77621338,2,38810669.0,38810669.0,38616575,39004763,274490.4,PushPop,:batch=00e554d0a2ad48d19f757a690cf11f1d phase=decode requests=f613ba29e5e3458d8e63b0275b98ac68
0.0,77621014,2,38810507.0,38810507.0,38290054,39330960,736031.7,PushPop,":batch=215121c324a0455da338105eb1b8873e phase=decode requests=dfa53ed7b1db427c979733175e83eed5,1b90b5029a8e4095a0953f707b492bc0,2b642560cfbc46a3b415e89ad3a03675,1d3635c1d1b8417da02febe5bb56858c"
0.0,77620351,2,38810175.5,38810175.5,38349025,39271326,652165.3,PushPop,":batch=05d03aa9c6a848ee9a4999523381bcfc phase=decode requests=1811f6ebf58e4b0ea2292b35146cd35f,612ab6a155ee43be83ea6696bd5b8b7f,04a26fdd847647a5a094bbafb63bc469,5f8f2308efff494a9a6a2fa3d4ecc35c"
0.0,77618390,2,38809195.0,38809195.0,38444792,39173598,515343.7,PushPop,":batch=46d86f84f2f348eb8885f06b5a4a725b phase=decode requests=dfa53ed7b1db427c979733175e83eed5,1b90b5029a8e4095a0953f707b492bc0,2b642560cfbc46a3b415e89ad3a03675,1d3635c1d1b8417da02febe5bb56858c"
0.0,77616883,2,38808441.5,38808441.5,38342807,39274076,658506.6,PushPop,":batch=71de377139d644da811e48370771e4dc phase=decode requests=dfa53ed7b1db427c979733175e83eed5,1b90b5029a8e4095a0953f707b492bc0,2b642560cfbc46a3b415e89ad3a03675,1d3635c1d1b8417da02febe5bb56858c"
0.0,77615758,2,38807879.0,38807879.0,38382564,39233194,601486.2,PushPop,":batch=e6053165c06c45e68768600fbe901195 phase=decode requests=dfa53ed7b1db427c979733175e83eed5,1b90b5029a8e4095a0953f707b492bc0,2b642560cfbc46a3b415e89ad3a03675,1d3635c1d1b8417da02febe5bb56858c"
0.0,77614901,2,38807450.5,38807450.5,38398470,39216431,578385.8,PushPop,":batch=05e4aecc99a840dd9dabc89f5d6d0ca3 phase=decode requests=dfa53ed7b1db427c979733175e83eed5,1b90b5029a8e4095a0953f707b492bc0,2b642560cfbc46a3b415e89ad3a03675,1d3635c1d1b8417da02febe5bb56858c"
0.0,77614856,2,38807428.0,38807428.0,38624943,38989913,258072.8,PushPop,:batch=127ba7408c7f453ead39ecf3773136fa phase=decode requests=25de90a8b4234cdd9f459bf44de5f72b
0.0,77614188,2,38807094.0,38807094.0,38434100,39180088,527493.2,PushPop,":batch=a4d684aa841642dc9dca97401d3f483a phase=decode requests=dfa53ed7b1db427c979733175e83eed5,1b90b5029a8e4095a0953f707b492bc0,2b642560cfbc46a3b415e89ad3a03675,1d3635c1d1b8417da02febe5bb56858c"
0.0,77613248,2,38806624.0,38806624.0,38394466,39218782,582879.4,PushPop,":batch=e6be48f253c54dbc920df07370d34349 phase=decode requests=dfa53ed7b1db427c979733175e83eed5,1b90b5029a8e4095a0953f707b492bc0,2b642560cfbc46a3b415e89ad3a03675,1d3635c1d1b8417da02febe5bb56858c"
0.0,77613229,2,38806614.5,38806614.5,38339015,39274214,661285.6,PushPop,":batch=4439af05652d43539128e012886cd99b phase=decode requests=dfa53ed7b1db427c979733175e83eed5,1b90b5029a8e4095a0953f707b492bc0,2b642560cfbc46a3b415e89ad3a03675,1d3635c1d1b8417da02febe5bb56858c"
0.0,77612759,2,38806379.5,38806379.5,38628100,38984659,252125.3,PushPop,:batch=11b133886ab04d0a95801ae3871a8e54 phase=decode requests=25de90a8b4234cdd9f459bf44de5f72b
0.0,77611657,2,38805828.5,38805828.5,38343551,39268106,653759.1,PushPop,":batch=9b8d85fb78624731ad24e60880e660cb phase=decode requests=dfa53ed7b1db427c979733175e83eed5,1b90b5029a8e4095a0953f707b492bc0,2b642560cfbc46a3b415e89ad3a03675,1d3635c1d1b8417da02febe5bb56858c"
0.0,77611532,2,38805766.0,38805766.0,38343963,39267569,653088.1,PushPop,":batch=ef9b81fb02e74d7fa1b507172d2a424c phase=decode requests=dfa53ed7b1db427c979733175e83eed5,1b90b5029a8e4095a0953f707b492bc0,2b642560cfbc46a3b415e89ad3a03675,1d3635c1d1b8417da02febe5bb56858c"
0.0,77610200,2,38805100.0,38805100.0,38339419,39270781,658572.4,PushPop,":batch=702f8703854b407c9dd30612a9753f6c phase=decode requests=dfa53ed7b1db427c979733175e83eed5,1b90b5029a8e4095a0953f707b492bc0,2b642560cfbc46a3b415e89ad3a03675,1d3635c1d1b8417da02febe5bb56858c"
0.0,77609757,2,38804878.5,38804878.5,38337903,39271854,660403.1,PushPop,":batch=cc6dcfd33e3f45a4ae1d17a74f5fb986 phase=decode requests=dfa53ed7b1db427c979733175e83eed5,1b90b5029a8e4095a0953f707b492bc0,2b642560cfbc46a3b415e89ad3a03675,1d3635c1d1b8417da02febe5bb56858c"
0.0,77607500,2,38803750.0,38803750.0,38340703,39266797,654847.3,PushPop,":batch=bba78508e9264bbbb99267c6fa452dd2 phase=decode requests=dfa53ed7b1db427c979733175e83eed5,1b90b5029a8e4095a0953f707b492bc0,2b642560cfbc46a3b415e89ad3a03675,1d3635c1d1b8417da02febe5bb56858c"
0.0,77607462,2,38803731.0,38803731.0,38379987,39227475,599264.5,PushPop,":batch=c66a301d5d1e4f53a9b78416459885a3 phase=decode requests=dfa53ed7b1db427c979733175e83eed5,1b90b5029a8e4095a0953f707b492bc0,2b642560cfbc46a3b415e89ad3a03675,1d3635c1d1b8417da02febe5bb56858c"
0.0,77607123,2,38803561.5,38803561.5,38400663,39206460,569784.5,PushPop,":batch=a76a9161001f4a3c91d8c69b551e3a48 phase=decode requests=dfa53ed7b1db427c979733175e83eed5,1b90b5029a8e4095a0953f707b492bc0,2b642560cfbc46a3b415e89ad3a03675,1d3635c1d1b8417da02febe5bb56858c"
0.0,77606822,2,38803411.0,38803411.0,38338987,39267835,656794.7,PushPop,":batch=74971bba039a4560bb3f5caadfa09874 phase=decode requests=dfa53ed7b1db427c979733175e83eed5,1b90b5029a8e4095a0953f707b492bc0,2b642560cfbc46a3b415e89ad3a03675,1d3635c1d1b8417da02febe5bb56858c"
0.0,77606269,2,38803134.5,38803134.5,38353366,39252903,636068.7,PushPop,":batch=9f48576849e44a9b9cfccdef4ec2b228 phase=decode requests=dfa53ed7b1db427c979733175e83eed5,1b90b5029a8e4095a0953f707b492bc0,2b642560cfbc46a3b415e89ad3a03675,1d3635c1d1b8417da02febe5bb56858c"
0.0,77605697,2,38802848.5,38802848.5,38440246,39165451,512797.4,PushPop,":batch=297f9e7f98ee4b688b244d3fc21e6932 phase=decode requests=1811f6ebf58e4b0ea2292b35146cd35f,612ab6a155ee43be83ea6696bd5b8b7f,04a26fdd847647a5a094bbafb63bc469,5f8f2308efff494a9a6a2fa3d4ecc35c"
0.0,77605258,2,38802629.0,38802629.0,38354164,39251094,634225.3,PushPop,":batch=3d48596a50b44affbd71e1c5a9db26eb phase=decode requests=dfa53ed7b1db427c979733175e83eed5,1b90b5029a8e4095a0953f707b492bc0,2b642560cfbc46a3b415e89ad3a03675,1d3635c1d1b8417da02febe5bb56858c"
0.0,77605139,2,38802569.5,38802569.5,38331075,39274064,666793.9,PushPop,":batch=f440be16b3a64198adb866cd9679ff88 phase=decode requests=dfa53ed7b1db427c979733175e83eed5,1b90b5029a8e4095a0953f707b492bc0,2b642560cfbc46a3b415e89ad3a03675,1d3635c1d1b8417da02febe5bb56858c"
0.0,77604414,2,38802207.0,38802207.0,38358539,39245875,627441.3,PushPop,":batch=0ff27e3f56ae43cb985f14075209f4e3 phase=decode requests=dfa53ed7b1db427c979733175e83eed5,1b90b5029a8e4095a0953f707b492bc0,2b642560cfbc46a3b415e89ad3a03675,1d3635c1d1b8417da02febe5bb56858c"
0.0,77604277,2,38802138.5,38802138.5,38629574,38974703,244043.1,PushPop,:batch=bd99ee973d224cc09ff40d1c5b3271bd phase=decode requests=f613ba29e5e3458d8e63b0275b98ac68
0.0,77604068,2,38802034.0,38802034.0,38369914,39234154,611110.0,PushPop,":batch=f817a1e7be794cb283636762f02575ce phase=decode requests=dfa53ed7b1db427c979733175e83eed5,1b90b5029a8e4095a0953f707b492bc0,2b642560cfbc46a3b415e89ad3a03675,1d3635c1d1b8417da02febe5bb56858c"
0.0,77602726,2,38801363.0,38801363.0,38313896,39288830,689382.4,PushPop,":batch=09331be1ed0043c19e82ed34b33cd6b9 phase=decode requests=dfa53ed7b1db427c979733175e83eed5,1b90b5029a8e4095a0953f707b492bc0,2b642560cfbc46a3b415e89ad3a03675,1d3635c1d1b8417da02febe5bb56858c"
0.0,77602307,2,38801153.5,38801153.5,38334207,39268100,660362.1,PushPop,":batch=a58d1858c6714442a2a623e876e4d1a9 phase=decode requests=dfa53ed7b1db427c979733175e83eed5,1b90b5029a8e4095a0953f707b492bc0,2b642560cfbc46a3b415e89ad3a03675,1d3635c1d1b8417da02febe5bb56858c"
0.0,77602079,2,38801039.5,38801039.5,38613583,38988496,265103.5,PushPop,:batch=41776b7748e2442aaed24f81fc17d9a0 phase=decode requests=f613ba29e5e3458d8e63b0275b98ac68
0.0,77601700,2,38800850.0,38800850.0,38348142,39253558,640225.8,PushPop,":batch=2b103f9fbb0b440493399febdbd09aae phase=decode requests=dfa53ed7b1db427c979733175e83eed5,1b90b5029a8e4095a0953f707b492bc0,2b642560cfbc46a3b415e89ad3a03675,1d3635c1d1b8417da02febe5bb56858c"
0.0,77601369,2,38800684.5,38800684.5,38597635,39003734,287155.4,PushPop,:batch=5c0cf36fa5914637a86b2695960084a3 phase=decode requests=e6255778e8534404ac5ca8451b4d8752
0.0,77600855,2,38800427.5,38800427.5,38364380,39236475,616664.3,PushPop,":batch=03820fcb2d2b457ebd2fb20ce3a426f8 phase=decode requests=dfa53ed7b1db427c979733175e83eed5,1b90b5029a8e4095a0953f707b492bc0,2b642560cfbc46a3b415e89ad3a03675,1d3635c1d1b8417da02febe5bb56858c"
0.0,77600243,2,38800121.5,38800121.5,38344846,39255397,643856.8,PushPop,":batch=14c1fd3e5dd1447e88d061876b451a9c phase=decode requests=dfa53ed7b1db427c979733175e83eed5,1b90b5029a8e4095a0953f707b492bc0,2b642560cfbc46a3b415e89ad3a03675,1d3635c1d1b8417da02febe5bb56858c"
0.0,77598793,2,38799396.5,38799396.5,38346178,39252615,640947.7,PushPop,":batch=5af6ac0270e043228ac1ddc17f81294c phase=decode requests=dfa53ed7b1db427c979733175e83eed5,1b90b5029a8e4095a0953f707b492bc0,2b642560cfbc46a3b415e89ad3a03675,1d3635c1d1b8417da02febe5bb56858c"
0.0,77597803,2,38798901.5,38798901.5,38375323,39222480,599030.5,PushPop,":batch=3095677151be4404b3a32a6f1539a2a7 phase=decode requests=dfa53ed7b1db427c979733175e83eed5,1b90b5029a8e4095a0953f707b492bc0,2b642560cfbc46a3b415e89ad3a03675,1d3635c1d1b8417da02febe5bb56858c"
0.0,77597671,2,38798835.5,38798835.5,38357317,39240354,624401.5,PushPop,":batch=90e099e2ea044908a95be97a1968e119 phase=decode requests=dfa53ed7b1db427c979733175e83eed5,1b90b5029a8e4095a0953f707b492bc0,2b642560cfbc46a3b415e89ad3a03675,1d3635c1d1b8417da02febe5bb56858c"
0.0,77595670,2,38797835.0,38797835.0,38382749,39212921,587020.3,PushPop,":batch=c5ea297f6c9a4e16851dd5080a6ec723 phase=decode requests=dfa53ed7b1db427c979733175e83eed5,1b90b5029a8e4095a0953f707b492bc0,2b642560cfbc46a3b415e89ad3a03675,1d3635c1d1b8417da02febe5bb56858c"
0.0,77593266,2,38796633.0,38796633.0,38312103,39281163,685228.9,PushPop,":batch=4f043b146e21426fbdb27c76ca0de6a2 phase=decode requests=dfa53ed7b1db427c979733175e83eed5,1b90b5029a8e4095a0953f707b492bc0,2b642560cfbc46a3b415e89ad3a03675,1d3635c1d1b8417da02febe5bb56858c"
0.0,77592917,2,38796458.5,38796458.5,38364946,39227971,610250.8,PushPop,":batch=8b1741a2b2cb4a2caec56369b0525470 phase=decode requests=1811f6ebf58e4b0ea2292b35146cd35f,612ab6a155ee43be83ea6696bd5b8b7f,04a26fdd847647a5a094bbafb63bc469,5f8f2308efff494a9a6a2fa3d4ecc35c"
0.0,77592602,2,38796301.0,38796301.0,38347691,39244911,634430.3,PushPop,":batch=be4c2b18105f4575965f8e109cee630d phase=decode requests=dfa53ed7b1db427c979733175e83eed5,1b90b5029a8e4095a0953f707b492bc0,2b642560cfbc46a3b415e89ad3a03675,1d3635c1d1b8417da02febe5bb56858c"
0.0,77591896,2,38795948.0,38795948.0,38533088,39058808,371740.2,PushPop,:batch=b17ac119c47941af8c69b73177d5e91b phase=decode requests=e6255778e8534404ac5ca8451b4d8752
0.0,77591820,2,38795910.0,38795910.0,38418120,39173700,534275.7,PushPop,":batch=989d93274a1b481786598c62ac66c713 phase=decode requests=dfa53ed7b1db427c979733175e83eed5,1b90b5029a8e4095a0953f707b492bc0,2b642560cfbc46a3b415e89ad3a03675,1d3635c1d1b8417da02febe5bb56858c"
0.0,77591004,2,38795502.0,38795502.0,38351935,39239069,627298.5,PushPop,":batch=d7abf5e5ca8441e2b63253ea44561667 phase=decode requests=dfa53ed7b1db427c979733175e83eed5,1b90b5029a8e4095a0953f707b492bc0,2b642560cfbc46a3b415e89ad3a03675,1d3635c1d1b8417da02febe5bb56858c"
0.0,77590412,2,38795206.0,38795206.0,38323601,39266811,666950.2,PushPop,":batch=a5ef35a277b040919505ff8d492c012d phase=decode requests=dfa53ed7b1db427c979733175e83eed5,1b90b5029a8e4095a0953f707b492bc0,2b642560cfbc46a3b415e89ad3a03675,1d3635c1d1b8417da02febe5bb56858c"
0.0,77588769,2,38794384.5,38794384.5,38615273,38973496,253301.9,PushPop,:batch=6280cbff772b43658ec24e6761172182 phase=decode requests=25de90a8b4234cdd9f459bf44de5f72b
0.0,77588605,2,38794302.5,38794302.5,38422194,39166411,526240.9,PushPop,":batch=6fca706db010482e9c854089abd54b81 phase=decode requests=dfa53ed7b1db427c979733175e83eed5,1b90b5029a8e4095a0953f707b492bc0,2b642560cfbc46a3b415e89ad3a03675,1d3635c1d1b8417da02febe5bb56858c"
0.0,77588445,2,38794222.5,38794222.5,38328636,39259809,658438.7,PushPop,":batch=f3044c895d474fa0a5daab3ab7715629 phase=decode requests=dfa53ed7b1db427c979733175e83eed5,1b90b5029a8e4095a0953f707b492bc0,2b642560cfbc46a3b415e89ad3a03675,1d3635c1d1b8417da02febe5bb56858c"
0.0,77587983,2,38793991.5,38793991.5,38303027,39284956,694328.7,PushPop,":batch=62dbcaf9a0e84381b985e94f355b3f7c phase=decode requests=dfa53ed7b1db427c979733175e83eed5,1b90b5029a8e4095a0953f707b492bc0,2b642560cfbc46a3b415e89ad3a03675,1d3635c1d1b8417da02febe5bb56858c"
0.0,77587911,2,38793955.5,38793955.5,38415398,39172513,535361.2,PushPop,":batch=639c6fd35715496d8bce0ea9025c42b6 phase=decode requests=dfa53ed7b1db427c979733175e83eed5,1b90b5029a8e4095a0953f707b492bc0,2b642560cfbc46a3b415e89ad3a03675,1d3635c1d1b8417da02febe5bb56858c"
0.0,77587123,2,38793561.5,38793561.5,38391927,39195196,567997.0,PushPop,":batch=16b0b2711d704c3b9eecfa3a97230763 phase=decode requests=dfa53ed7b1db427c979733175e83eed5,1b90b5029a8e4095a0953f707b492bc0,2b642560cfbc46a3b415e89ad3a03675,1d3635c1d1b8417da02febe5bb56858c"
0.0,77586558,2,38793279.0,38793279.0,38370867,39215691,597380.8,PushPop,":batch=c55207974aab436891db3c62a24298b9 phase=decode requests=dfa53ed7b1db427c979733175e83eed5,1b90b5029a8e4095a0953f707b492bc0,2b642560cfbc46a3b415e89ad3a03675,1d3635c1d1b8417da02febe5bb56858c"
0.0,77585468,2,38792734.0,38792734.0,38310771,39274697,681598.6,PushPop,":batch=b9c07b1d1c214fe4b7de44e5fcafc2a0 phase=decode requests=dfa53ed7b1db427c979733175e83eed5,1b90b5029a8e4095a0953f707b492bc0,2b642560cfbc46a3b415e89ad3a03675,1d3635c1d1b8417da02febe5bb56858c"
0.0,77584994,2,38792497.0,38792497.0,38612805,38972189,254122.9,PushPop,:batch=00b577374ab44a6588bf5c64a0cc6e43 phase=decode requests=f613ba29e5e3458d8e63b0275b98ac68
0.0,77584952,2,38792476.0,38792476.0,38388236,39196716,571681.7,PushPop,":batch=74ba39f3f74b4e38a9f1c7d0a9e76ac6 phase=decode requests=dfa53ed7b1db427c979733175e83eed5,1b90b5029a8e4095a0953f707b492bc0,2b642560cfbc46a3b415e89ad3a03675,1d3635c1d1b8417da02febe5bb56858c"
0.0,77584736,2,38792368.0,38792368.0,38402378,39182358,551529.1,PushPop,":batch=3876e719fcad40258887afdc179e0618 phase=decode requests=dfa53ed7b1db427c979733175e83eed5,1b90b5029a8e4095a0953f707b492bc0,2b642560cfbc46a3b415e89ad3a03675,1d3635c1d1b8417da02febe5bb56858c"
0.0,77584384,2,38792192.0,38792192.0,38358056,39226328,613961.0,PushPop,":batch=c752cef0588a479cb95241e459bd60ce phase=decode requests=dfa53ed7b1db427c979733175e83eed5,1b90b5029a8e4095a0953f707b492bc0,2b642560cfbc46a3b415e89ad3a03675,1d3635c1d1b8417da02febe5bb56858c"
0.0,77584354,2,38792177.0,38792177.0,38346554,39237800,630206.1,PushPop,":batch=0961f2e4b98446c891ac0f094f516254 phase=decode requests=1811f6ebf58e4b0ea2292b35146cd35f,612ab6a155ee43be83ea6696bd5b8b7f,04a26fdd847647a5a094bbafb63bc469,5f8f2308efff494a9a6a2fa3d4ecc35c"
0.0,77583314,2,38791657.0,38791657.0,38320059,39263255,666940.3,PushPop,":batch=672dc1feefb14f288dea36728be82d5c phase=decode requests=1811f6ebf58e4b0ea2292b35146cd35f,612ab6a155ee43be83ea6696bd5b8b7f,04a26fdd847647a5a094bbafb63bc469,5f8f2308efff494a9a6a2fa3d4ecc35c"
0.0,77582666,2,38791333.0,38791333.0,38312610,39270056,677016.6,PushPop,":batch=9f00229a86ae40ecbe2bab5c31a39ec4 phase=decode requests=dfa53ed7b1db427c979733175e83eed5,1b90b5029a8e4095a0953f707b492bc0,2b642560cfbc46a3b415e89ad3a03675,1d3635c1d1b8417da02febe5bb56858c"
0.0,77580860,2,38790430.0,38790430.0,38398773,39182087,553886.6,PushPop,":batch=fc68cdbcfa894e9e8b98170f87c8c599 phase=decode requests=dfa53ed7b1db427c979733175e83eed5,1b90b5029a8e4095a0953f707b492bc0,2b642560cfbc46a3b415e89ad3a03675,1d3635c1d1b8417da02febe5bb56858c"
0.0,77580011,2,38790005.5,38790005.5,38398071,39181940,554279.1,PushPop,":batch=7de7028b8a9345b580da93d80973d16f phase=decode requests=dfa53ed7b1db427c979733175e83eed5,1b90b5029a8e4095a0953f707b492bc0,2b642560cfbc46a3b415e89ad3a03675,1d3635c1d1b8417da02febe5bb56858c"
0.0,77579827,2,38789913.5,38789913.5,38307374,39272453,682413.9,PushPop,":batch=c3fd69cf74bf44f2ad31d90e91b211be phase=decode requests=dfa53ed7b1db427c979733175e83eed5,1b90b5029a8e4095a0953f707b492bc0,2b642560cfbc46a3b415e89ad3a03675,1d3635c1d1b8417da02febe5bb56858c"
0.0,77579822,2,38789911.0,38789911.0,38343584,39236238,631201.7,PushPop,":batch=92cae8faf2cb4cef882498dad6c778ae phase=decode requests=dfa53ed7b1db427c979733175e83eed5,1b90b5029a8e4095a0953f707b492bc0,2b642560cfbc46a3b415e89ad3a03675,1d3635c1d1b8417da02febe5bb56858c"
0.0,77577761,2,38788880.5,38788880.5,38381453,39196308,576189.5,PushPop,":batch=46b936b237294b51978ca01aa0467a50 phase=decode requests=dfa53ed7b1db427c979733175e83eed5,1b90b5029a8e4095a0953f707b492bc0,2b642560cfbc46a3b415e89ad3a03675,1d3635c1d1b8417da02febe5bb56858c"
0.0,77576517,2,38788258.5,38788258.5,38611578,38964939,249864.0,PushPop,:batch=812ea1d19ca6437e83cc98f788e6f8a6 phase=decode requests=e6255778e8534404ac5ca8451b4d8752
0.0,77575085,2,38787542.5,38787542.5,38328065,39247020,649799.3,PushPop,":batch=b53e92d2ee7542a88853cd15064ba046 phase=decode requests=dfa53ed7b1db427c979733175e83eed5,1b90b5029a8e4095a0953f707b492bc0,2b642560cfbc46a3b415e89ad3a03675,1d3635c1d1b8417da02febe5bb56858c"
0.0,77574699,2,38787349.5,38787349.5,38312397,39262302,671684.3,PushPop,":batch=de0c5d0ffb46466baaf258ea5565fbe2 phase=decode requests=dfa53ed7b1db427c979733175e83eed5,1b90b5029a8e4095a0953f707b492bc0,2b642560cfbc46a3b415e89ad3a03675,1d3635c1d1b8417da02febe5bb56858c"
0.0,77572461,2,38786230.5,38786230.5,38617059,38955402,239244.6,PushPop,:batch=f0d332854e154397bbba3e9398ad4ad5 phase=decode requests=f613ba29e5e3458d8e63b0275b98ac68
0.0,77572332,2,38786166.0,38786166.0,38320829,39251503,658085.9,PushPop,":batch=cfe8e9ec625d41ab9e388bb02a0bfbcf phase=decode requests=dfa53ed7b1db427c979733175e83eed5,1b90b5029a8e4095a0953f707b492bc0,2b642560cfbc46a3b415e89ad3a03675,1d3635c1d1b8417da02febe5bb56858c"
0.0,77571561,2,38785780.5,38785780.5,38347685,39223876,619560.6,PushPop,":batch=44c456e05eb3447eb4084e7b9318f783 phase=decode requests=dfa53ed7b1db427c979733175e83eed5,1b90b5029a8e4095a0953f707b492bc0,2b642560cfbc46a3b415e89ad3a03675,1d3635c1d1b8417da02febe5bb56858c"
0.0,77571318,2,38785659.0,38785659.0,38365986,39205332,593507.2,PushPop,":batch=052d080dba83463aa754f6f59e9cc62d phase=decode requests=dfa53ed7b1db427c979733175e83eed5,1b90b5029a8e4095a0953f707b492bc0,2b642560cfbc46a3b415e89ad3a03675,1d3635c1d1b8417da02febe5bb56858c"
0.0,77571035,2,38785517.5,38785517.5,38362929,39208106,597630.4,PushPop,":batch=10891afb248c404fb91a4637f54a233c phase=decode requests=dfa53ed7b1db427c979733175e83eed5,1b90b5029a8e4095a0953f707b492bc0,2b642560cfbc46a3b415e89ad3a03675,1d3635c1d1b8417da02febe5bb56858c"
0.0,77569652,2,38784826.0,38784826.0,38373106,39196546,582260.0,PushPop,":batch=e945b501414f499e8ac285e2a453aed7 phase=decode requests=dfa53ed7b1db427c979733175e83eed5,1b90b5029a8e4095a0953f707b492bc0,2b642560cfbc46a3b415e89ad3a03675,1d3635c1d1b8417da02febe5bb56858c"
0.0,77569278,2,38784639.0,38784639.0,38616653,38952625,237568.1,PushPop,:batch=18bf8de099ac445b9c8ca9f43b939a61 phase=decode requests=25de90a8b4234cdd9f459bf44de5f72b
0.0,77568832,2,38784416.0,38784416.0,38392816,39176016,553806.0,PushPop,":batch=70b68126548e4f9a9c639d7e2ad5fad5 phase=decode requests=1811f6ebf58e4b0ea2292b35146cd35f,612ab6a155ee43be83ea6696bd5b8b7f,04a26fdd847647a5a094bbafb63bc469,5f8f2308efff494a9a6a2fa3d4ecc35c"
0.0,77568670,2,38784335.0,38784335.0,38402844,39165826,539509.7,PushPop,":batch=cca07825d18f4d91b7bd06c581b1cd9e phase=decode requests=dfa53ed7b1db427c979733175e83eed5,1b90b5029a8e4095a0953f707b492bc0,2b642560cfbc46a3b415e89ad3a03675,1d3635c1d1b8417da02febe5bb56858c"
0.0,77568623,2,38784311.5,38784311.5,38369745,39198878,586285.6,PushPop,":batch=c8144ee706244bf5bee515fa5db8db5f phase=decode requests=dfa53ed7b1db427c979733175e83eed5,1b90b5029a8e4095a0953f707b492bc0,2b642560cfbc46a3b415e89ad3a03675,1d3635c1d1b8417da02febe5bb56858c"
0.0,77568348,2,38784174.0,38784174.0,38351913,39216435,611309.4,PushPop,":batch=220c4ed578c549708388ab687163d88d phase=decode requests=dfa53ed7b1db427c979733175e83eed5,1b90b5029a8e4095a0953f707b492bc0,2b642560cfbc46a3b415e89ad3a03675,1d3635c1d1b8417da02febe5bb56858c"
0.0,77565261,2,38782630.5,38782630.5,38353822,39211439,606426.8,PushPop,":batch=26f474796afc4ee1a240b61b6dc12f90 phase=decode requests=dfa53ed7b1db427c979733175e83eed5,1b90b5029a8e4095a0953f707b492bc0,2b642560cfbc46a3b415e89ad3a03675,1d3635c1d1b8417da02febe5bb56858c"
0.0,77564595,2,38782297.5,38782297.5,38341337,39223258,623612.3,PushPop,":batch=074dccbc784e488ba2b000fbe5e46a8c phase=decode requests=dfa53ed7b1db427c979733175e83eed5,1b90b5029a8e4095a0953f707b492bc0,2b642560cfbc46a3b415e89ad3a03675,1d3635c1d1b8417da02febe5bb56858c"
0.0,77564021,2,38782010.5,38782010.5,38346035,39217986,616562.5,PushPop,":batch=1574943620704669b2ec4032dd151605 phase=decode requests=dfa53ed7b1db427c979733175e83eed5,1b90b5029a8e4095a0953f707b492bc0,2b642560cfbc46a3b415e89ad3a03675,1d3635c1d1b8417da02febe5bb56858c"
0.0,77563444,2,38781722.0,38781722.0,38308194,39255250,669669.7,PushPop,":batch=860b65d27a514c439056c039718de18e phase=decode requests=dfa53ed7b1db427c979733175e83eed5,1b90b5029a8e4095a0953f707b492bc0,2b642560cfbc46a3b415e89ad3a03675,1d3635c1d1b8417da02febe5bb56858c"
0.0,77562789,2,38781394.5,38781394.5,38330662,39232127,637432.0,PushPop,":batch=6e39e625cf3245658e22a467d472be41 phase=decode requests=dfa53ed7b1db427c979733175e83eed5,1b90b5029a8e4095a0953f707b492bc0,2b642560cfbc46a3b415e89ad3a03675,1d3635c1d1b8417da02febe5bb56858c"
0.0,77561492,2,38780746.0,38780746.0,38602812,38958680,251636.7,PushPop,:batch=6408e6aff6c441bbbd2d0f4064559241 phase=decode requests=e6255778e8534404ac5ca8451b4d8752
0.0,77561210,2,38780605.0,38780605.0,38296540,39264670,684571.3,PushPop,":batch=8158c18812aa431f9a357abda6cd800c phase=decode requests=dfa53ed7b1db427c979733175e83eed5,1b90b5029a8e4095a0953f707b492bc0,2b642560cfbc46a3b415e89ad3a03675,1d3635c1d1b8417da02febe5bb56858c"
0.0,77560419,2,38780209.5,38780209.5,38375079,39185340,572941.0,PushPop,":batch=b71212e95f28400f8e8e95a10c9a3e61 phase=decode requests=dfa53ed7b1db427c979733175e83eed5,1b90b5029a8e4095a0953f707b492bc0,2b642560cfbc46a3b415e89ad3a03675,1d3635c1d1b8417da02febe5bb56858c"
0.0,77559817,2,38779908.5,38779908.5,38400601,39159216,536421.8,PushPop,":batch=548ef53fea494f82b575fd336b840c1d phase=decode requests=dfa53ed7b1db427c979733175e83eed5,1b90b5029a8e4095a0953f707b492bc0,2b642560cfbc46a3b415e89ad3a03675,1d3635c1d1b8417da02febe5bb56858c"
0.0,77559576,2,38779788.0,38779788.0,38405163,39154413,529799.8,PushPop,":batch=1836ab2ddab14ed3bc05520de1272d88 phase=decode requests=dfa53ed7b1db427c979733175e83eed5,1b90b5029a8e4095a0953f707b492bc0,2b642560cfbc46a3b415e89ad3a03675,1d3635c1d1b8417da02febe5bb56858c"
0.0,77559147,2,38779573.5,38779573.5,38359684,39199463,593813.4,PushPop,":batch=ddd44eca69cd4d6fa373a5d97355179a phase=decode requests=dfa53ed7b1db427c979733175e83eed5,1b90b5029a8e4095a0953f707b492bc0,2b642560cfbc46a3b415e89ad3a03675,1d3635c1d1b8417da02febe5bb56858c"
0.0,77558070,2,38779035.0,38779035.0,38329082,39228988,636329.6,PushPop,":batch=8036eac7cdef46ed8945faec0a044e02 phase=decode requests=dfa53ed7b1db427c979733175e83eed5,1b90b5029a8e4095a0953f707b492bc0,2b642560cfbc46a3b415e89ad3a03675,1d3635c1d1b8417da02febe5bb56858c"
0.0,77558016,2,38779008.0,38779008.0,38371826,39186190,575842.3,PushPop,":batch=96469f159bfb4f0b8e24b92c398a8cc2 phase=decode requests=dfa53ed7b1db427c979733175e83eed5,1b90b5029a8e4095a0953f707b492bc0,2b642560cfbc46a3b415e89ad3a03675,1d3635c1d1b8417da02febe5bb56858c"
0.0,77556245,2,38778122.5,38778122.5,38355709,39200536,597382.9,PushPop,":batch=c764ea6855ac4f15b42e4079c4bad74f phase=decode requests=dfa53ed7b1db427c979733175e83eed5,1b90b5029a8e4095a0953f707b492bc0,2b642560cfbc46a3b415e89ad3a03675,1d3635c1d1b8417da02febe5bb56858c"
0.0,77556181,2,38778090.5,38778090.5,38341348,39214833,617647.2,PushPop,":batch=b5fe0f150be64910af6c31232950f4fc phase=decode requests=dfa53ed7b1db427c979733175e83eed5,1b90b5029a8e4095a0953f707b492bc0,2b642560cfbc46a3b415e89ad3a03675,1d3635c1d1b8417da02febe5bb56858c"
0.0,77554941,2,38777470.5,38777470.5,38334743,39220198,626111.2,PushPop,":batch=0abe534f53f8462b851350932221d601 phase=decode requests=dfa53ed7b1db427c979733175e83eed5,1b90b5029a8e4095a0953f707b492bc0,2b642560cfbc46a3b415e89ad3a03675,1d3635c1d1b8417da02febe5bb56858c"
0.0,77554740,2,38777370.0,38777370.0,38374203,39180537,570164.2,PushPop,":batch=003a220224384ed58282a463962a33ef phase=decode requests=1811f6ebf58e4b0ea2292b35146cd35f,612ab6a155ee43be83ea6696bd5b8b7f,04a26fdd847647a5a094bbafb63bc469,5f8f2308efff494a9a6a2fa3d4ecc35c"
0.0,77554649,2,38777324.5,38777324.5,38343848,39210801,613028.3,PushPop,":batch=b558d4b9c6e348f5bb0ea14d7ac7e8d8 phase=decode requests=dfa53ed7b1db427c979733175e83eed5,1b90b5029a8e4095a0953f707b492bc0,2b642560cfbc46a3b415e89ad3a03675,1d3635c1d1b8417da02febe5bb56858c"
0.0,77553750,2,38776875.0,38776875.0,38313848,39239902,654819.1,PushPop,":batch=b3a8ac61111940a3956bcf4c6db3c0b2 phase=decode requests=dfa53ed7b1db427c979733175e83eed5,1b90b5029a8e4095a0953f707b492bc0,2b642560cfbc46a3b415e89ad3a03675,1d3635c1d1b8417da02febe5bb56858c"
0.0,77553386,2,38776693.0,38776693.0,38564509,38988877,300073.5,PushPop,:batch=2748376827c64c83b9cb3fab1ed4cefe phase=decode requests=25de90a8b4234cdd9f459bf44de5f72b
0.0,77553299,2,38776649.5,38776649.5,38563587,38989712,301315.9,PushPop,:batch=a1d0b6932a174e4bbd5c252dae091ac6 phase=decode requests=f613ba29e5e3458d8e63b0275b98ac68
0.0,77552643,2,38776321.5,38776321.5,38350567,39202076,602107.8,PushPop,":batch=d63b4b2ac1b8461eaf17f67c93abe482 phase=decode requests=dfa53ed7b1db427c979733175e83eed5,1b90b5029a8e4095a0953f707b492bc0,2b642560cfbc46a3b415e89ad3a03675,1d3635c1d1b8417da02febe5bb56858c"
0.0,77551084,2,38775542.0,38775542.0,38377369,39173715,563101.7,PushPop,":batch=39d6da8f2f58465186707e96aa8a9534 phase=decode requests=dfa53ed7b1db427c979733175e83eed5,1b90b5029a8e4095a0953f707b492bc0,2b642560cfbc46a3b415e89ad3a03675,1d3635c1d1b8417da02febe5bb56858c"
0.0,77550927,2,38775463.5,38775463.5,38294521,39256406,680155.4,PushPop,":batch=c202b72015734d5da0b38bb8b4792303 phase=decode requests=dfa53ed7b1db427c979733175e83eed5,1b90b5029a8e4095a0953f707b492bc0,2b642560cfbc46a3b415e89ad3a03675,1d3635c1d1b8417da02febe5bb56858c"
0.0,77550587,2,38775293.5,38775293.5,38386836,39163751,549361.9,PushPop,":batch=3a0b7ca30b344c40ae5af840d204554c phase=decode requests=dfa53ed7b1db427c979733175e83eed5,1b90b5029a8e4095a0953f707b492bc0,2b642560cfbc46a3b415e89ad3a03675,1d3635c1d1b8417da02febe5bb56858c"
0.0,77550170,2,38775085.0,38775085.0,38420263,39129907,501794.1,PushPop,":batch=12df3a6aa57b4d47847b9ed8cddde0b4 phase=decode requests=dfa53ed7b1db427c979733175e83eed5,1b90b5029a8e4095a0953f707b492bc0,2b642560cfbc46a3b415e89ad3a03675,1d3635c1d1b8417da02febe5bb56858c"
0.0,77549309,2,38774654.5,38774654.5,38334571,39214738,622372.1,PushPop,":batch=18c162f9788c4233b8b5cb79e5429e14 phase=decode requests=dfa53ed7b1db427c979733175e83eed5,1b90b5029a8e4095a0953f707b492bc0,2b642560cfbc46a3b415e89ad3a03675,1d3635c1d1b8417da02febe5bb56858c"
0.0,77548853,2,38774426.5,38774426.5,38598036,38950817,249453.8,PushPop,:batch=6d97d2e2cf3841329a6b9a72bed38922 phase=decode requests=25de90a8b4234cdd9f459bf44de5f72b
0.0,77547469,2,38773734.5,38773734.5,38335620,39211849,619587.5,PushPop,":batch=088db5603a234355b1a38709f91a46e3 phase=decode requests=dfa53ed7b1db427c979733175e83eed5,1b90b5029a8e4095a0953f707b492bc0,2b642560cfbc46a3b415e89ad3a03675,1d3635c1d1b8417da02febe5bb56858c"
0.0,77547153,2,38773576.5,38773576.5,38597434,38949719,249103.1,PushPop,:batch=a6675a3ee2ce4c9d96fda73a6a6a3fb7 phase=decode requests=e6255778e8534404ac5ca8451b4d8752
0.0,77546924,2,38773462.0,38773462.0,38341111,39205813,611436.6,PushPop,":batch=fb99e1ca2d4541e4a79f31bb428a7648 phase=decode requests=dfa53ed7b1db427c979733175e83eed5,1b90b5029a8e4095a0953f707b492bc0,2b642560cfbc46a3b415e89ad3a03675,1d3635c1d1b8417da02febe5bb56858c"
0.0,77546498,2,38773249.0,38773249.0,38303624,39242874,664150.0,PushPop,":batch=ce6cf7bb45c84db1af34b7370c729b1a phase=decode requests=dfa53ed7b1db427c979733175e83eed5,1b90b5029a8e4095a0953f707b492bc0,2b642560cfbc46a3b415e89ad3a03675,1d3635c1d1b8417da02febe5bb56858c"
0.0,77545479,2,38772739.5,38772739.5,38331004,39214475,624708.3,PushPop,":batch=7b208b5c4acb4c0d80d2a13925a224ae phase=decode requests=dfa53ed7b1db427c979733175e83eed5,1b90b5029a8e4095a0953f707b492bc0,2b642560cfbc46a3b415e89ad3a03675,1d3635c1d1b8417da02febe5bb56858c"
0.0,77545455,2,38772727.5,38772727.5,38335346,39210109,618550.8,PushPop,":batch=2a80f92a5048485ca267d4bf9f15a856 phase=decode requests=dfa53ed7b1db427c979733175e83eed5,1b90b5029a8e4095a0953f707b492bc0,2b642560cfbc46a3b415e89ad3a03675,1d3635c1d1b8417da02febe5bb56858c"
0.0,77543199,2,38771599.5,38771599.5,38353863,39189336,590768.6,PushPop,":batch=0b0f3e72461741309b70d931c6f118bd phase=decode requests=dfa53ed7b1db427c979733175e83eed5,1b90b5029a8e4095a0953f707b492bc0,2b642560cfbc46a3b415e89ad3a03675,1d3635c1d1b8417da02febe5bb56858c"
0.0,77542506,2,38771253.0,38771253.0,38369443,39173063,568245.2,PushPop,":batch=bbea67ae9b49428381cba2a3ec740e67 phase=decode requests=dfa53ed7b1db427c979733175e83eed5,1b90b5029a8e4095a0953f707b492bc0,2b642560cfbc46a3b415e89ad3a03675,1d3635c1d1b8417da02febe5bb56858c"
0.0,77542498,2,38771249.0,38771249.0,38297832,39244666,669512.7,PushPop,":batch=3a597fc3e5584910a0b78ade51d862db phase=decode requests=dfa53ed7b1db427c979733175e83eed5,1b90b5029a8e4095a0953f707b492bc0,2b642560cfbc46a3b415e89ad3a03675,1d3635c1d1b8417da02febe5bb56858c"
0.0,77542058,2,38771029.0,38771029.0,38361540,39180518,579104.9,PushPop,":batch=1cd90c455a0f4dc7900f320f8ca5ce06 phase=decode requests=dfa53ed7b1db427c979733175e83eed5,1b90b5029a8e4095a0953f707b492bc0,2b642560cfbc46a3b415e89ad3a03675,1d3635c1d1b8417da02febe5bb56858c"
0.0,77541392,2,38770696.0,38770696.0,38354259,39187133,588930.9,PushPop,":batch=9ae3975cbb6942fca1d5200102213ed3 phase=decode requests=1811f6ebf58e4b0ea2292b35146cd35f,612ab6a155ee43be83ea6696bd5b8b7f,04a26fdd847647a5a094bbafb63bc469,5f8f2308efff494a9a6a2fa3d4ecc35c"
0.0,77540970,2,38770485.0,38770485.0,38392173,39148797,535014.0,PushPop,":batch=c07ce784f6d04fd29ea793baf3816162 phase=decode requests=dfa53ed7b1db427c979733175e83eed5,1b90b5029a8e4095a0953f707b492bc0,2b642560cfbc46a3b415e89ad3a03675,1d3635c1d1b8417da02febe5bb56858c"
0.0,77540134,2,38770067.0,38770067.0,38581353,38958781,266881.9,PushPop,:batch=8cceebe9553749a090437f2c46bb63ac phase=decode requests=f613ba29e5e3458d8e63b0275b98ac68
0.0,77539766,2,38769883.0,38769883.0,38330263,39209503,621716.6,PushPop,":batch=5fbdf9b8dbb04c67aac2fc221eebc98d phase=decode requests=dfa53ed7b1db427c979733175e83eed5,1b90b5029a8e4095a0953f707b492bc0,2b642560cfbc46a3b415e89ad3a03675,1d3635c1d1b8417da02febe5bb56858c"
0.0,77538592,2,38769296.0,38769296.0,38325877,39212715,627089.2,PushPop,":batch=bec478b923814df7980396558f796858 phase=decode requests=dfa53ed7b1db427c979733175e83eed5,1b90b5029a8e4095a0953f707b492bc0,2b642560cfbc46a3b415e89ad3a03675,1d3635c1d1b8417da02febe5bb56858c"
0.0,77536512,2,38768256.0,38768256.0,38324327,39212185,627810.4,PushPop,":batch=efec8882a0c1456dadd8232160016441 phase=decode requests=dfa53ed7b1db427c979733175e83eed5,1b90b5029a8e4095a0953f707b492bc0,2b642560cfbc46a3b415e89ad3a03675,1d3635c1d1b8417da02febe5bb56858c"
0.0,77536207,2,38768103.5,38768103.5,38572782,38963425,276226.3,PushPop,:batch=ea51b9ca38b84d4d9b98de2e7e59f1f6 phase=decode requests=f613ba29e5e3458d8e63b0275b98ac68
0.0,77535823,2,38767911.5,38767911.5,38334725,39201098,612618.2,PushPop,":batch=fb27fc9cc9e24a2599e55ff100b0763c phase=decode requests=dfa53ed7b1db427c979733175e83eed5,1b90b5029a8e4095a0953f707b492bc0,2b642560cfbc46a3b415e89ad3a03675,1d3635c1d1b8417da02febe5bb56858c"
0.0,77535645,2,38767822.5,38767822.5,38349919,39185726,591004.8,PushPop,":batch=2e4882ae26044a63b4202f304a327613 phase=decode requests=dfa53ed7b1db427c979733175e83eed5,1b90b5029a8e4095a0953f707b492bc0,2b642560cfbc46a3b415e89ad3a03675,1d3635c1d1b8417da02febe5bb56858c"
0.0,77534454,2,38767227.0,38767227.0,38586522,38947932,255555.5,PushPop,:batch=37331d85a97b4cfcbb085c6f0298659d phase=decode requests=268bc1a668514718addc6aee590d0f20
0.0,77534419,2,38767209.5,38767209.5,38604320,38930099,230360.5,PushPop,:batch=fe5be292d33b496ab30caf04271e9825 phase=decode requests=e6255778e8534404ac5ca8451b4d8752
0.0,77534196,2,38767098.0,38767098.0,38314310,39219886,640338.9,PushPop,":batch=8630c2a70e414b2e888c3830ad017d07 phase=decode requests=dfa53ed7b1db427c979733175e83eed5,1b90b5029a8e4095a0953f707b492bc0,2b642560cfbc46a3b415e89ad3a03675,1d3635c1d1b8417da02febe5bb56858c"
0.0,77533199,2,38766599.5,38766599.5,38345324,39187875,595773.5,PushPop,":batch=f9e8e4943c2e43b08ca7e01cf5848893 phase=decode requests=dfa53ed7b1db427c979733175e83eed5,1b90b5029a8e4095a0953f707b492bc0,2b642560cfbc46a3b415e89ad3a03675,1d3635c1d1b8417da02febe5bb56858c"
0.0,77532012,2,38766006.0,38766006.0,38565720,38966292,283247.2,PushPop,:batch=a7f3c2bae49a40d0a37a281496869f4b phase=decode requests=25de90a8b4234cdd9f459bf44de5f72b
0.0,77527232,2,38763616.0,38763616.0,38590534,38936698,244774.9,PushPop,:batch=8405994a59fa4acca4ad21520371d6d7 phase=decode requests=25de90a8b4234cdd9f459bf44de5f72b
0.0,77527189,2,38763594.5,38763594.5,38351813,39175376,582347.0,PushPop,":batch=c14c19aabdc340febdbacec6e68e7639 phase=decode requests=dfa53ed7b1db427c979733175e83eed5,1b90b5029a8e4095a0953f707b492bc0,2b642560cfbc46a3b415e89ad3a03675,1d3635c1d1b8417da02febe5bb56858c"
0.0,77525115,2,38762557.5,38762557.5,38603161,38921954,225420.7,PushPop,:batch=61165a1524bc4d5cb83d372e3bd7c0c3 phase=decode requests=25de90a8b4234cdd9f459bf44de5f72b
0.0,77524505,2,38762252.5,38762252.5,38368803,39155702,556421.6,PushPop,":batch=bbaf03041ddd4ca389e90e05c51a66c1 phase=decode requests=dfa53ed7b1db427c979733175e83eed5,1b90b5029a8e4095a0953f707b492bc0,2b642560cfbc46a3b415e89ad3a03675,1d3635c1d1b8417da02febe5bb56858c"
0.0,77524027,2,38762013.5,38762013.5,38329299,39194728,611950.7,PushPop,":batch=f9ffd351efea4320810b513330316a06 phase=decode requests=dfa53ed7b1db427c979733175e83eed5,1b90b5029a8e4095a0953f707b492bc0,2b642560cfbc46a3b415e89ad3a03675,1d3635c1d1b8417da02febe5bb56858c"
0.0,77523653,2,38761826.5,38761826.5,38303306,39220347,648445.9,PushPop,":batch=29021c16ebeb402781feac6fbbca8608 phase=decode requests=dfa53ed7b1db427c979733175e83eed5,1b90b5029a8e4095a0953f707b492bc0,2b642560cfbc46a3b415e89ad3a03675,1d3635c1d1b8417da02febe5bb56858c"
0.0,77522225,2,38761112.5,38761112.5,38345317,39176908,588023.6,PushPop,":batch=138470660ad748f4a7d8320cce8eb002 phase=decode requests=dfa53ed7b1db427c979733175e83eed5,1b90b5029a8e4095a0953f707b492bc0,2b642560cfbc46a3b415e89ad3a03675,1d3635c1d1b8417da02febe5bb56858c"
0.0,77521970,2,38760985.0,38760985.0,38544675,38977295,305908.5,PushPop,:batch=199d8fbbbe3c41c2a1184c6d3d318dd6 phase=decode requests=25de90a8b4234cdd9f459bf44de5f72b
0.0,77521251,2,38760625.5,38760625.5,38336970,39184281,599139.4,PushPop,":batch=2c397fa5c49d492ebea8c53229cda7b8 phase=decode requests=dfa53ed7b1db427c979733175e83eed5,1b90b5029a8e4095a0953f707b492bc0,2b642560cfbc46a3b415e89ad3a03675,1d3635c1d1b8417da02febe5bb56858c"
0.0,77520690,2,38760345.0,38760345.0,38346521,39174169,585235.5,PushPop,":batch=868803bfae6b463c8b6548efb6be8b55 phase=decode requests=dfa53ed7b1db427c979733175e83eed5,1b90b5029a8e4095a0953f707b492bc0,2b642560cfbc46a3b415e89ad3a03675,1d3635c1d1b8417da02febe5bb56858c"
0.0,77519856,2,38759928.0,38759928.0,38300351,39219505,649940.0,PushPop,":batch=a2f658d4bd3a46ffabba8bf80ac6afec phase=decode requests=dfa53ed7b1db427c979733175e83eed5,1b90b5029a8e4095a0953f707b492bc0,2b642560cfbc46a3b415e89ad3a03675,1d3635c1d1b8417da02febe5bb56858c"
0.0,77517418,2,38758709.0,38758709.0,38291290,39226128,661030.3,PushPop,":batch=5a569c7f7dc64487ad83b6d1abc61ef9 phase=decode requests=dfa53ed7b1db427c979733175e83eed5,1b90b5029a8e4095a0953f707b492bc0,2b642560cfbc46a3b415e89ad3a03675,1d3635c1d1b8417da02febe5bb56858c"
0.0,77515424,2,38757712.0,38757712.0,38589668,38925756,237650.1,PushPop,:batch=a464046e206543068b160e74b91a6965 phase=decode requests=25de90a8b4234cdd9f459bf44de5f72b
0.0,77515408,2,38757704.0,38757704.0,38357234,39158174,566350.1,PushPop,":batch=9f44d68850f9471c8f018aa65ae14e24 phase=decode requests=dfa53ed7b1db427c979733175e83eed5,1b90b5029a8e4095a0953f707b492bc0,2b642560cfbc46a3b415e89ad3a03675,1d3635c1d1b8417da02febe5bb56858c"
0.0,77515048,2,38757524.0,38757524.0,38343862,39171186,585006.4,PushPop,":batch=f9755fc05a544b2f98deb4c108e893ae phase=decode requests=dfa53ed7b1db427c979733175e83eed5,1b90b5029a8e4095a0953f707b492bc0,2b642560cfbc46a3b415e89ad3a03675,1d3635c1d1b8417da02febe5bb56858c"
0.0,77511265,2,38755632.5,38755632.5,38280215,39231050,672341.9,PushPop,":batch=e3a904591b7642cab06f36fcddcc5d96 phase=decode requests=dfa53ed7b1db427c979733175e83eed5,1b90b5029a8e4095a0953f707b492bc0,2b642560cfbc46a3b415e89ad3a03675,1d3635c1d1b8417da02febe5bb56858c"
0.0,77510928,2,38755464.0,38755464.0,38309272,39201656,631010.8,PushPop,":batch=4d123f6bd11a4caea504ac2001b2b9ec phase=decode requests=dfa53ed7b1db427c979733175e83eed5,1b90b5029a8e4095a0953f707b492bc0,2b642560cfbc46a3b415e89ad3a03675,1d3635c1d1b8417da02febe5bb56858c"
0.0,77510796,2,38755398.0,38755398.0,38343791,39167005,582100.2,PushPop,":batch=3795bb5e74a840fe8016188a81638e84 phase=decode requests=dfa53ed7b1db427c979733175e83eed5,1b90b5029a8e4095a0953f707b492bc0,2b642560cfbc46a3b415e89ad3a03675,1d3635c1d1b8417da02febe5bb56858c"
0.0,77510720,2,38755360.0,38755360.0,38257780,39252940,703684.4,PushPop,":batch=9522f53407b2408e873a6bcf7168ea49 phase=decode requests=dfa53ed7b1db427c979733175e83eed5,1b90b5029a8e4095a0953f707b492bc0,2b642560cfbc46a3b415e89ad3a03675,1d3635c1d1b8417da02febe5bb56858c"
0.0,77508977,2,38754488.5,38754488.5,38313047,39195930,624292.6,PushPop,":batch=238c7507585d4a69af7ea468f30b381f phase=decode requests=dfa53ed7b1db427c979733175e83eed5,1b90b5029a8e4095a0953f707b492bc0,2b642560cfbc46a3b415e89ad3a03675,1d3635c1d1b8417da02febe5bb56858c"
0.0,77508007,2,38754003.5,38754003.5,38359410,39148597,558039.5,PushPop,":batch=4114fe6adc03479b9f4e80a5973638b1 phase=decode requests=dfa53ed7b1db427c979733175e83eed5,1b90b5029a8e4095a0953f707b492bc0,2b642560cfbc46a3b415e89ad3a03675,1d3635c1d1b8417da02febe5bb56858c"
0.0,77507778,2,38753889.0,38753889.0,38297753,39210025,645073.7,PushPop,":batch=af1db6d927d94d51991a1b0142344264 phase=decode requests=dfa53ed7b1db427c979733175e83eed5,1b90b5029a8e4095a0953f707b492bc0,2b642560cfbc46a3b415e89ad3a03675,1d3635c1d1b8417da02febe5bb56858c"
0.0,77507215,2,38753607.5,38753607.5,38301114,39206101,639922.4,PushPop,":batch=926d0d97f3b44b3e882e49077049b7ef phase=decode requests=dfa53ed7b1db427c979733175e83eed5,1b90b5029a8e4095a0953f707b492bc0,2b642560cfbc46a3b415e89ad3a03675,1d3635c1d1b8417da02febe5bb56858c"
0.0,77506213,2,38753106.5,38753106.5,38301619,39204594,638499.7,PushPop,":batch=926cc361fa8e49628844839d9ca21caf phase=decode requests=dfa53ed7b1db427c979733175e83eed5,1b90b5029a8e4095a0953f707b492bc0,2b642560cfbc46a3b415e89ad3a03675,1d3635c1d1b8417da02febe5bb56858c"
0.0,77505913,2,38752956.5,38752956.5,38313492,39192421,621496.7,PushPop,":batch=889e84aac92d413298c7dbf9bb8287ee phase=decode requests=dfa53ed7b1db427c979733175e83eed5,1b90b5029a8e4095a0953f707b492bc0,2b642560cfbc46a3b415e89ad3a03675,1d3635c1d1b8417da02febe5bb56858c"
0.0,77504321,2,38752160.5,38752160.5,38301648,39202673,637120.9,PushPop,":batch=034610db9a954b52bbf746533539fc40 phase=decode requests=dfa53ed7b1db427c979733175e83eed5,1b90b5029a8e4095a0953f707b492bc0,2b642560cfbc46a3b415e89ad3a03675,1d3635c1d1b8417da02febe5bb56858c"
0.0,77503317,2,38751658.5,38751658.5,38300025,39203292,638706.2,PushPop,":batch=765aa6d7bcef4947833d4efe9b9e3a9b phase=decode requests=dfa53ed7b1db427c979733175e83eed5,1b90b5029a8e4095a0953f707b492bc0,2b642560cfbc46a3b415e89ad3a03675,1d3635c1d1b8417da02febe5bb56858c"
0.0,77496546,2,38748273.0,38748273.0,38542162,38954384,291485.0,PushPop,:batch=5288cdea54a949e492d470dff082f70c phase=decode requests=f613ba29e5e3458d8e63b0275b98ac68
0.0,77495568,2,38747784.0,38747784.0,38239601,39255967,718679.3,PushPop,":batch=ea485e89c1e64e2ca082675a92c53d0c phase=decode requests=dfa53ed7b1db427c979733175e83eed5,1b90b5029a8e4095a0953f707b492bc0,2b642560cfbc46a3b415e89ad3a03675,1d3635c1d1b8417da02febe5bb56858c"
0.0,77494790,2,38747395.0,38747395.0,38368550,39126240,535767.7,PushPop,":batch=0f07fb302e8144db963923b300d99f81 phase=decode requests=dfa53ed7b1db427c979733175e83eed5,1b90b5029a8e4095a0953f707b492bc0,2b642560cfbc46a3b415e89ad3a03675,1d3635c1d1b8417da02febe5bb56858c"
0.0,77492544,2,38746272.0,38746272.0,38587156,38905388,225024.0,PushPop,:batch=1a4c276c9f02443b96f6eb7667c530e4 phase=decode requests=25de90a8b4234cdd9f459bf44de5f72b
0.0,77490365,2,38745182.5,38745182.5,38304745,39185620,622872.7,PushPop,":batch=b5f0e5f00e1247f8aedcac62b5a1f45b phase=decode requests=dfa53ed7b1db427c979733175e83eed5,1b90b5029a8e4095a0953f707b492bc0,2b642560cfbc46a3b415e89ad3a03675,1d3635c1d1b8417da02febe5bb56858c"
0.0,77487968,2,38743984.0,38743984.0,38317427,39170541,603242.7,PushPop,":batch=66791174bf5e4ebfaf755dfb53dfb143 phase=decode requests=dfa53ed7b1db427c979733175e83eed5,1b90b5029a8e4095a0953f707b492bc0,2b642560cfbc46a3b415e89ad3a03675,1d3635c1d1b8417da02febe5bb56858c"
0.0,77485904,2,38742952.0,38742952.0,38328492,39157412,586135.0,PushPop,":batch=ac4b497feff649d5a2cfe0fb04ce4118 phase=decode requests=dfa53ed7b1db427c979733175e83eed5,1b90b5029a8e4095a0953f707b492bc0,2b642560cfbc46a3b415e89ad3a03675,1d3635c1d1b8417da02febe5bb56858c"
0.0,77485813,2,38742906.5,38742906.5,38284755,39201058,647924.1,PushPop,":batch=539c5c5077dc4fbabad33d155656471e phase=decode requests=dfa53ed7b1db427c979733175e83eed5,1b90b5029a8e4095a0953f707b492bc0,2b642560cfbc46a3b415e89ad3a03675,1d3635c1d1b8417da02febe5bb56858c"
0.0,77485739,2,38742869.5,38742869.5,38296239,39189500,631630.9,PushPop,":batch=b8dbf326bb274cf3870cccaf8b2c975d phase=decode requests=dfa53ed7b1db427c979733175e83eed5,1b90b5029a8e4095a0953f707b492bc0,2b642560cfbc46a3b415e89ad3a03675,1d3635c1d1b8417da02febe5bb56858c"
0.0,77485553,2,38742776.5,38742776.5,38292627,39192926,636607.5,PushPop,":batch=85fdf4ff2fbc47458d6a69852c58ac48 phase=decode requests=dfa53ed7b1db427c979733175e83eed5,1b90b5029a8e4095a0953f707b492bc0,2b642560cfbc46a3b415e89ad3a03675,1d3635c1d1b8417da02febe5bb56858c"
0.0,77483837,2,38741918.5,38741918.5,38261618,39222219,679247.5,PushPop,":batch=6736d94e214d49928fe8c052c7f672f8 phase=decode requests=dfa53ed7b1db427c979733175e83eed5,1b90b5029a8e4095a0953f707b492bc0,2b642560cfbc46a3b415e89ad3a03675,1d3635c1d1b8417da02febe5bb56858c"
0.0,77483766,2,38741883.0,38741883.0,38267823,39215943,670422.1,PushPop,":batch=60be57f74e324c848c8229e96ff6a73d phase=decode requests=dfa53ed7b1db427c979733175e83eed5,1b90b5029a8e4095a0953f707b492bc0,2b642560cfbc46a3b415e89ad3a03675,1d3635c1d1b8417da02febe5bb56858c"
0.0,77482079,2,38741039.5,38741039.5,38295045,39187034,630731.5,PushPop,":batch=f1dc882726fa434eafb088dc5a86bd84 phase=decode requests=dfa53ed7b1db427c979733175e83eed5,1b90b5029a8e4095a0953f707b492bc0,2b642560cfbc46a3b415e89ad3a03675,1d3635c1d1b8417da02febe5bb56858c"
0.0,77480709,2,38740354.5,38740354.5,38323301,39157408,589802.7,PushPop,":batch=534c277c04864264a7b3a84e3bed6a7a phase=decode requests=dfa53ed7b1db427c979733175e83eed5,1b90b5029a8e4095a0953f707b492bc0,2b642560cfbc46a3b415e89ad3a03675,1d3635c1d1b8417da02febe5bb56858c"
0.0,77478949,2,38739474.5,38739474.5,38295200,39183749,628299.0,PushPop,":batch=2ce136ec9bf34e4291a2dec5ff156f63 phase=decode requests=dfa53ed7b1db427c979733175e83eed5,1b90b5029a8e4095a0953f707b492bc0,2b642560cfbc46a3b415e89ad3a03675,1d3635c1d1b8417da02febe5bb56858c"
0.0,77478847,2,38739423.5,38739423.5,38262314,39216533,674734.7,PushPop,":batch=34ff67af049e4c8d972dd1c0df214632 phase=decode requests=dfa53ed7b1db427c979733175e83eed5,1b90b5029a8e4095a0953f707b492bc0,2b642560cfbc46a3b415e89ad3a03675,1d3635c1d1b8417da02febe5bb56858c"
0.0,77475907,2,38737953.5,38737953.5,38288621,39187286,635452.1,PushPop,":batch=5ed93160f25b4e0aaeebccd256962df0 phase=decode requests=dfa53ed7b1db427c979733175e83eed5,1b90b5029a8e4095a0953f707b492bc0,2b642560cfbc46a3b415e89ad3a03675,1d3635c1d1b8417da02febe5bb56858c"
0.0,77475470,2,38737735.0,38737735.0,38318170,39157300,593354.5,PushPop,":batch=921aa1da2c7f419592e7e6611da1667f phase=decode requests=dfa53ed7b1db427c979733175e83eed5,1b90b5029a8e4095a0953f707b492bc0,2b642560cfbc46a3b415e89ad3a03675,1d3635c1d1b8417da02febe5bb56858c"
0.0,77475020,2,38737510.0,38737510.0,38293585,39181435,627804.8,PushPop,":batch=f162d1db831547efb6d9de1579131b7f phase=decode requests=dfa53ed7b1db427c979733175e83eed5,1b90b5029a8e4095a0953f707b492bc0,2b642560cfbc46a3b415e89ad3a03675,1d3635c1d1b8417da02febe5bb56858c"
0.0,77474685,2,38737342.5,38737342.5,38323972,39150713,584594.2,PushPop,":batch=54171a9b6078401ab8f4899d3eedebbf phase=decode requests=dfa53ed7b1db427c979733175e83eed5,1b90b5029a8e4095a0953f707b492bc0,2b642560cfbc46a3b415e89ad3a03675,1d3635c1d1b8417da02febe5bb56858c"
0.0,77472908,2,38736454.0,38736454.0,38317225,39155683,592879.3,PushPop,":batch=1acce9b82d3647179d71ebbcae9ce599 phase=decode requests=dfa53ed7b1db427c979733175e83eed5,1b90b5029a8e4095a0953f707b492bc0,2b642560cfbc46a3b415e89ad3a03675,1d3635c1d1b8417da02febe5bb56858c"
0.0,77469355,2,38734677.5,38734677.5,38305154,39164201,607438.0,PushPop,":batch=23195658c886457aa9a4e096bf03410f phase=decode requests=dfa53ed7b1db427c979733175e83eed5,1b90b5029a8e4095a0953f707b492bc0,2b642560cfbc46a3b415e89ad3a03675,1d3635c1d1b8417da02febe5bb56858c"
0.0,77465898,2,38732949.0,38732949.0,38274809,39191089,647907.8,PushPop,":batch=8e6efa8dd94b4905a949c7cc4dd4523e phase=decode requests=dfa53ed7b1db427c979733175e83eed5,1b90b5029a8e4095a0953f707b492bc0,2b642560cfbc46a3b415e89ad3a03675,1d3635c1d1b8417da02febe5bb56858c"
0.0,77465745,2,38732872.5,38732872.5,38298796,39166949,613876.9,PushPop,":batch=9b921a8dfebb41ef85b15303bee21c06 phase=decode requests=dfa53ed7b1db427c979733175e83eed5,1b90b5029a8e4095a0953f707b492bc0,2b642560cfbc46a3b415e89ad3a03675,1d3635c1d1b8417da02febe5bb56858c"
0.0,77464185,2,38732092.5,38732092.5,38279045,39185140,640705.9,PushPop,":batch=5f57096dd86944a6be194785ce760940 phase=decode requests=dfa53ed7b1db427c979733175e83eed5,1b90b5029a8e4095a0953f707b492bc0,2b642560cfbc46a3b415e89ad3a03675,1d3635c1d1b8417da02febe5bb56858c"
0.0,77463268,2,38731634.0,38731634.0,38309646,39153622,596781.2,PushPop,":batch=47eae2eacbff4dad8691a1c9c5d9ef62 phase=decode requests=dfa53ed7b1db427c979733175e83eed5,1b90b5029a8e4095a0953f707b492bc0,2b642560cfbc46a3b415e89ad3a03675,1d3635c1d1b8417da02febe5bb56858c"
0.0,77461421,2,38730710.5,38730710.5,38281518,39179903,635254.1,PushPop,":batch=b66eb7d51d344e0982ebc738f6464bbc phase=decode requests=dfa53ed7b1db427c979733175e83eed5,1b90b5029a8e4095a0953f707b492bc0,2b642560cfbc46a3b415e89ad3a03675,1d3635c1d1b8417da02febe5bb56858c"
0.0,77458946,2,38729473.0,38729473.0,38305027,39153919,600257.3,PushPop,":batch=edd4c2d7a1e4419ebbb65380fbbb493a phase=decode requests=dfa53ed7b1db427c979733175e83eed5,1b90b5029a8e4095a0953f707b492bc0,2b642560cfbc46a3b415e89ad3a03675,1d3635c1d1b8417da02febe5bb56858c"
0.0,77456321,2,38728160.5,38728160.5,38247668,39208653,679519.0,PushPop,":batch=c0a67b5cefde4916a13a7528de77a7fd phase=decode requests=dfa53ed7b1db427c979733175e83eed5,1b90b5029a8e4095a0953f707b492bc0,2b642560cfbc46a3b415e89ad3a03675,1d3635c1d1b8417da02febe5bb56858c"
0.0,77456193,2,38728096.5,38728096.5,38291745,39164448,617094.2,PushPop,":batch=8666a3e6fcb0406fba76830b6b3a4d02 phase=decode requests=dfa53ed7b1db427c979733175e83eed5,1b90b5029a8e4095a0953f707b492bc0,2b642560cfbc46a3b415e89ad3a03675,1d3635c1d1b8417da02febe5bb56858c"
0.0,77455890,2,38727945.0,38727945.0,38269129,39186761,648863.8,PushPop,":batch=b4622e16a9b3416ba44138acc5eb720b phase=decode requests=dfa53ed7b1db427c979733175e83eed5,1b90b5029a8e4095a0953f707b492bc0,2b642560cfbc46a3b415e89ad3a03675,1d3635c1d1b8417da02febe5bb56858c"
0.0,77453912,2,38726956.0,38726956.0,38294497,39159415,611589.4,PushPop,":batch=e44b4489295349f0b4039f99b674c31b phase=decode requests=dfa53ed7b1db427c979733175e83eed5,1b90b5029a8e4095a0953f707b492bc0,2b642560cfbc46a3b415e89ad3a03675,1d3635c1d1b8417da02febe5bb56858c"
0.0,77453402,2,38726701.0,38726701.0,38577540,38875862,210945.5,PushPop,:batch=a3a4158805ff425da5a6083c4f23385a phase=decode requests=25de90a8b4234cdd9f459bf44de5f72b
0.0,77452526,2,38726263.0,38726263.0,38260195,39192331,659119.7,PushPop,":batch=a413a243bf9649ec8d4ec6d788077797 phase=decode requests=dfa53ed7b1db427c979733175e83eed5,1b90b5029a8e4095a0953f707b492bc0,2b642560cfbc46a3b415e89ad3a03675,1d3635c1d1b8417da02febe5bb56858c"
0.0,77451666,2,38725833.0,38725833.0,38291772,39159894,613855.0,PushPop,":batch=9ee146e33e1347bdb8f360a35f99e4bf phase=decode requests=dfa53ed7b1db427c979733175e83eed5,1b90b5029a8e4095a0953f707b492bc0,2b642560cfbc46a3b415e89ad3a03675,1d3635c1d1b8417da02febe5bb56858c"
0.0,77450922,2,38725461.0,38725461.0,38521710,38929212,288147.4,PushPop,:batch=6347dbc9172b45b0b00f95c0354b3682 phase=decode requests=25de90a8b4234cdd9f459bf44de5f72b
0.0,77450705,2,38725352.5,38725352.5,38296027,39154678,607157.9,PushPop,":batch=83ed043b93a14ddd94ca22789843ffbd phase=decode requests=dfa53ed7b1db427c979733175e83eed5,1b90b5029a8e4095a0953f707b492bc0,2b642560cfbc46a3b415e89ad3a03675,1d3635c1d1b8417da02febe5bb56858c"
0.0,77450641,2,38725320.5,38725320.5,38342595,39108046,541255.6,PushPop,":batch=4599489404294a2aaf8e96f3b2ddcda8 phase=decode requests=dfa53ed7b1db427c979733175e83eed5,1b90b5029a8e4095a0953f707b492bc0,2b642560cfbc46a3b415e89ad3a03675,1d3635c1d1b8417da02febe5bb56858c"
0.0,77450246,2,38725123.0,38725123.0,38556576,38893670,238361.5,PushPop,:batch=d338ab88caf942c5bb36afa46064f0e8 phase=decode requests=e6255778e8534404ac5ca8451b4d8752
0.0,77450147,2,38725073.5,38725073.5,38258515,39191632,659813.4,PushPop,":batch=01d73c1d2a1a41659d2418a7528a4db4 phase=decode requests=dfa53ed7b1db427c979733175e83eed5,1b90b5029a8e4095a0953f707b492bc0,2b642560cfbc46a3b415e89ad3a03675,1d3635c1d1b8417da02febe5bb56858c"
0.0,77447767,2,38723883.5,38723883.5,38352929,39094838,524608.9,PushPop,":batch=7007ebbb7bc747f2b6f51b219f3f9f9e phase=decode requests=dfa53ed7b1db427c979733175e83eed5,1b90b5029a8e4095a0953f707b492bc0,2b642560cfbc46a3b415e89ad3a03675,1d3635c1d1b8417da02febe5bb56858c"
0.0,77447607,2,38723803.5,38723803.5,38310241,39137366,584865.7,PushPop,":batch=d48c9adb4fdc4d3397293fb71e0c5529 phase=decode requests=dfa53ed7b1db427c979733175e83eed5,1b90b5029a8e4095a0953f707b492bc0,2b642560cfbc46a3b415e89ad3a03675,1d3635c1d1b8417da02febe5bb56858c"
0.0,77446708,2,38723354.0,38723354.0,38255051,39191657,662280.5,PushPop,":batch=ab0933ddb473487ca840869f04e6bdf9 phase=decode requests=dfa53ed7b1db427c979733175e83eed5,1b90b5029a8e4095a0953f707b492bc0,2b642560cfbc46a3b415e89ad3a03675,1d3635c1d1b8417da02febe5bb56858c"
0.0,77446582,2,38723291.0,38723291.0,38294618,39151964,606235.2,PushPop,":batch=be29204af038458f8e6121293d7e681b phase=decode requests=dfa53ed7b1db427c979733175e83eed5,1b90b5029a8e4095a0953f707b492bc0,2b642560cfbc46a3b415e89ad3a03675,1d3635c1d1b8417da02febe5bb56858c"
0.0,77444259,2,38722129.5,38722129.5,38276260,39167999,630554.7,PushPop,":batch=c1d41872622b48a895547490f0544c2c phase=decode requests=dfa53ed7b1db427c979733175e83eed5,1b90b5029a8e4095a0953f707b492bc0,2b642560cfbc46a3b415e89ad3a03675,1d3635c1d1b8417da02febe5bb56858c"
0.0,77441983,2,38720991.5,38720991.5,38513761,38928222,293068.2,PushPop,:batch=9e1754f3956c4d39a0726a128c5a839f phase=decode requests=f613ba29e5e3458d8e63b0275b98ac68
0.0,77437972,2,38718986.0,38718986.0,38528791,38909181,268976.3,PushPop,:batch=46b8126c2e764602b700bd591f797b8f phase=decode requests=f613ba29e5e3458d8e63b0275b98ac68
0.0,77437929,2,38718964.5,38718964.5,38277893,39160036,623769.3,PushPop,":batch=9fd05ea517d341ccb50b37fcdb0c2569 phase=decode requests=dfa53ed7b1db427c979733175e83eed5,1b90b5029a8e4095a0953f707b492bc0,2b642560cfbc46a3b415e89ad3a03675,1d3635c1d1b8417da02febe5bb56858c"
0.0,77435231,2,38717615.5,38717615.5,38292454,39142777,601269.2,PushPop,":batch=79dcf7750ff24190b2d00990eca17c8a phase=decode requests=1811f6ebf58e4b0ea2292b35146cd35f,612ab6a155ee43be83ea6696bd5b8b7f,04a26fdd847647a5a094bbafb63bc469,5f8f2308efff494a9a6a2fa3d4ecc35c"
0.0,77434292,2,38717146.0,38717146.0,38263727,39170565,641231.3,PushPop,":batch=748f199a1c1741a3832070572432390c phase=decode requests=dfa53ed7b1db427c979733175e83eed5,1b90b5029a8e4095a0953f707b492bc0,2b642560cfbc46a3b415e89ad3a03675,1d3635c1d1b8417da02febe5bb56858c"
0.0,77433438,2,38716719.0,38716719.0,38250200,39183238,659757.5,PushPop,":batch=d9ff504224e24ecda5abe5e9cd49dc45 phase=decode requests=dfa53ed7b1db427c979733175e83eed5,1b90b5029a8e4095a0953f707b492bc0,2b642560cfbc46a3b415e89ad3a03675,1d3635c1d1b8417da02febe5bb56858c"
0.0,77432572,2,38716286.0,38716286.0,38309448,39123124,575355.8,PushPop,":batch=a1cd2c88c9484a1d9b6d599dc247c91a phase=decode requests=dfa53ed7b1db427c979733175e83eed5,1b90b5029a8e4095a0953f707b492bc0,2b642560cfbc46a3b415e89ad3a03675,1d3635c1d1b8417da02febe5bb56858c"
0.0,77430205,2,38715102.5,38715102.5,38242965,39187240,667703.3,PushPop,":batch=5a6272c4f67b4b399e49a3e51f49c88e phase=decode requests=dfa53ed7b1db427c979733175e83eed5,1b90b5029a8e4095a0953f707b492bc0,2b642560cfbc46a3b415e89ad3a03675,1d3635c1d1b8417da02febe5bb56858c"
0.0,77426910,2,38713455.0,38713455.0,38521431,38905479,271562.9,PushPop,:batch=b52c3240d4e14c9ab2bc2966058559ce phase=decode requests=f613ba29e5e3458d8e63b0275b98ac68
0.0,77426614,2,38713307.0,38713307.0,38513830,38912784,282103.1,PushPop,:batch=dca0b76c228c4d468c26e7450949e40a phase=decode requests=f613ba29e5e3458d8e63b0275b98ac68
0.0,77424248,2,38712124.0,38712124.0,38565167,38859081,207828.6,PushPop,:batch=9181fe92dc3141bd8a36e9aa3b3cca92 phase=decode requests=25de90a8b4234cdd9f459bf44de5f72b
0.0,77423479,2,38711739.5,38711739.5,38233897,39189582,675771.3,PushPop,":batch=2c192a9dcf6145ac908bb49204293009 phase=decode requests=dfa53ed7b1db427c979733175e83eed5,1b90b5029a8e4095a0953f707b492bc0,2b642560cfbc46a3b415e89ad3a03675,1d3635c1d1b8417da02febe5bb56858c"
0.0,77423295,2,38711647.5,38711647.5,38284733,39138562,603748.3,PushPop,":batch=77bb98ccdb784131bea7e3195a93a73f phase=decode requests=dfa53ed7b1db427c979733175e83eed5,1b90b5029a8e4095a0953f707b492bc0,2b642560cfbc46a3b415e89ad3a03675,1d3635c1d1b8417da02febe5bb56858c"
0.0,77422353,2,38711176.5,38711176.5,38261431,39160922,636036.2,PushPop,":batch=7e3f5dd775e7451f91f099f08e5cd3e7 phase=decode requests=dfa53ed7b1db427c979733175e83eed5,1b90b5029a8e4095a0953f707b492bc0,2b642560cfbc46a3b415e89ad3a03675,1d3635c1d1b8417da02febe5bb56858c"
0.0,77417888,2,38708944.0,38708944.0,38498932,38918956,297001.8,PushPop,:batch=b66f00d351c34e768c1b161cbc729bd5 phase=decode requests=f613ba29e5e3458d8e63b0275b98ac68
0.0,77417845,2,38708922.5,38708922.5,38240469,39177376,662493.3,PushPop,":batch=b5fbd42cc5c944dcbf245e96c72d0a96 phase=decode requests=dfa53ed7b1db427c979733175e83eed5,1b90b5029a8e4095a0953f707b492bc0,2b642560cfbc46a3b415e89ad3a03675,1d3635c1d1b8417da02febe5bb56858c"
0.0,77415055,2,38707527.5,38707527.5,38471894,38943161,333236.1,PushPop,:batch=0d94653c610e4344bf5436a019929513 phase=decode requests=25de90a8b4234cdd9f459bf44de5f72b
0.0,77413544,2,38706772.0,38706772.0,38281551,39131993,601353.3,PushPop,":batch=d4ecff874b13476ab07337902b264276 phase=decode requests=dfa53ed7b1db427c979733175e83eed5,1b90b5029a8e4095a0953f707b492bc0,2b642560cfbc46a3b415e89ad3a03675,1d3635c1d1b8417da02febe5bb56858c"
0.0,77413380,2,38706690.0,38706690.0,38307421,39105959,564651.6,PushPop,":batch=9867738d19044a0ab0edbb4fc6381501 phase=decode requests=dfa53ed7b1db427c979733175e83eed5,1b90b5029a8e4095a0953f707b492bc0,2b642560cfbc46a3b415e89ad3a03675,1d3635c1d1b8417da02febe5bb56858c"
0.0,77410726,2,38705363.0,38705363.0,38264421,39146305,623586.2,PushPop,":batch=4a39905dce8640d5945b2a842e4dfdac phase=decode requests=dfa53ed7b1db427c979733175e83eed5,1b90b5029a8e4095a0953f707b492bc0,2b642560cfbc46a3b415e89ad3a03675,1d3635c1d1b8417da02febe5bb56858c"
0.0,77410725,2,38705362.5,38705362.5,38308373,39102352,561427.9,PushPop,":batch=0745ce5345f046b2996da7cb42f0d0a3 phase=decode requests=dfa53ed7b1db427c979733175e83eed5,1b90b5029a8e4095a0953f707b492bc0,2b642560cfbc46a3b415e89ad3a03675,1d3635c1d1b8417da02febe5bb56858c"
0.0,77408093,2,38704046.5,38704046.5,38281213,39126880,597976.9,PushPop,":batch=ae1a7110673b47e5a968f816d643ed85 phase=decode requests=dfa53ed7b1db427c979733175e83eed5,1b90b5029a8e4095a0953f707b492bc0,2b642560cfbc46a3b415e89ad3a03675,1d3635c1d1b8417da02febe5bb56858c"
0.0,77407316,2,38703658.0,38703658.0,38268350,39138966,615618.5,PushPop,":batch=9f0bde0ef458478eacd9458d2b784918 phase=decode requests=dfa53ed7b1db427c979733175e83eed5,1b90b5029a8e4095a0953f707b492bc0,2b642560cfbc46a3b415e89ad3a03675,1d3635c1d1b8417da02febe5bb56858c"
0.0,77404924,2,38702462.0,38702462.0,38486157,38918767,305901.5,PushPop,:batch=3feb5fb2f93940c99e11e2bf173dae89 phase=decode requests=25de90a8b4234cdd9f459bf44de5f72b
0.0,77403892,2,38701946.0,38701946.0,38250147,39153745,638940.3,PushPop,":batch=a3efdf2c024a4f1eada1a49022d05cd1 phase=decode requests=dfa53ed7b1db427c979733175e83eed5,1b90b5029a8e4095a0953f707b492bc0,2b642560cfbc46a3b415e89ad3a03675,1d3635c1d1b8417da02febe5bb56858c"
0.0,77403785,2,38701892.5,38701892.5,38241020,39162765,651772.1,PushPop,":batch=5938e8e01f1349ccba299462053f0bce phase=decode requests=dfa53ed7b1db427c979733175e83eed5,1b90b5029a8e4095a0953f707b492bc0,2b642560cfbc46a3b415e89ad3a03675,1d3635c1d1b8417da02febe5bb56858c"
0.0,77403526,2,38701763.0,38701763.0,38282663,39120863,592696.9,PushPop,":batch=cb8ae0fae665437babe2a226f5f4693b phase=decode requests=dfa53ed7b1db427c979733175e83eed5,1b90b5029a8e4095a0953f707b492bc0,2b642560cfbc46a3b415e89ad3a03675,1d3635c1d1b8417da02febe5bb56858c"
0.0,77403425,2,38701712.5,38701712.5,38555831,38847594,206307.6,PushPop,:batch=6bf881fb616f427b8fbe83e57de628ac phase=decode requests=e6255778e8534404ac5ca8451b4d8752
0.0,77403307,2,38701653.5,38701653.5,38321171,39082136,538083.5,PushPop,":batch=56d4c4e045534138a2d62164d947d5cb phase=decode requests=dfa53ed7b1db427c979733175e83eed5,1b90b5029a8e4095a0953f707b492bc0,2b642560cfbc46a3b415e89ad3a03675,1d3635c1d1b8417da02febe5bb56858c"
0.0,77401999,2,38700999.5,38700999.5,38235585,39166414,658195.5,PushPop,":batch=703a0484aa094145b4f8ce0588b32144 phase=decode requests=dfa53ed7b1db427c979733175e83eed5,1b90b5029a8e4095a0953f707b492bc0,2b642560cfbc46a3b415e89ad3a03675,1d3635c1d1b8417da02febe5bb56858c"
0.0,77401401,2,38700700.5,38700700.5,38525485,38875916,247792.1,PushPop,:batch=0f1e091f2aea47c680b8f6a48ce6f656 phase=decode requests=25de90a8b4234cdd9f459bf44de5f72b
0.0,77400538,2,38700269.0,38700269.0,38243270,39157268,646294.2,PushPop,":batch=bcea8013ae3f4a3f89e886cfcafb0d8b phase=decode requests=dfa53ed7b1db427c979733175e83eed5,1b90b5029a8e4095a0953f707b492bc0,2b642560cfbc46a3b415e89ad3a03675,1d3635c1d1b8417da02febe5bb56858c"
0.0,77399119,2,38699559.5,38699559.5,38251915,39147204,633064.9,PushPop,":batch=5ba0280169da44019628d4ae86d07fdf phase=decode requests=dfa53ed7b1db427c979733175e83eed5,1b90b5029a8e4095a0953f707b492bc0,2b642560cfbc46a3b415e89ad3a03675,1d3635c1d1b8417da02febe5bb56858c"
0.0,77391521,2,38695760.5,38695760.5,38245678,39145843,636512.8,PushPop,":batch=11fa401b4fe34aabb05b00f3838d3bb1 phase=decode requests=dfa53ed7b1db427c979733175e83eed5,1b90b5029a8e4095a0953f707b492bc0,2b642560cfbc46a3b415e89ad3a03675,1d3635c1d1b8417da02febe5bb56858c"
0.0,77388483,2,38694241.5,38694241.5,38508139,38880344,263188.7,PushPop,:batch=ecf5c92b8e024db19d671810620b7f04 phase=decode requests=f613ba29e5e3458d8e63b0275b98ac68
0.0,77386948,2,38693474.0,38693474.0,38221620,39165328,667302.3,PushPop,":batch=82f52816488d4083865a2bd0586f8134 phase=decode requests=dfa53ed7b1db427c979733175e83eed5,1b90b5029a8e4095a0953f707b492bc0,2b642560cfbc46a3b415e89ad3a03675,1d3635c1d1b8417da02febe5bb56858c"
0.0,77386722,2,38693361.0,38693361.0,38221958,39164764,666664.5,PushPop,":batch=2a312b32f9df4b8a9ae62d87524c49ba phase=decode requests=dfa53ed7b1db427c979733175e83eed5,1b90b5029a8e4095a0953f707b492bc0,2b642560cfbc46a3b415e89ad3a03675,1d3635c1d1b8417da02febe5bb56858c"
0.0,77386632,2,38693316.0,38693316.0,38492118,38894514,284536.9,PushPop,:batch=5bca33c5073c42deaac81adab7a72786 phase=decode requests=25de90a8b4234cdd9f459bf44de5f72b
0.0,77384714,2,38692357.0,38692357.0,38509126,38875588,259127.8,PushPop,:batch=121db889740d42b790fa6399c7dcf10e phase=decode requests=268bc1a668514718addc6aee590d0f20
0.0,77382716,2,38691358.0,38691358.0,38523748,38858968,237036.3,PushPop,:batch=ed5643dc2dde4476953c2dc27dd82b83 phase=decode requests=e6255778e8534404ac5ca8451b4d8752
0.0,77381830,2,38690915.0,38690915.0,38223691,39158139,660754.5,PushPop,":batch=c6ae68cabdd946f88515ab4ef9c18b1f phase=decode requests=dfa53ed7b1db427c979733175e83eed5,1b90b5029a8e4095a0953f707b492bc0,2b642560cfbc46a3b415e89ad3a03675,1d3635c1d1b8417da02febe5bb56858c"
0.0,77380891,2,38690445.5,38690445.5,38294417,39086474,560068.9,PushPop,":batch=7564df67d27f4314839cf0354a86767b phase=decode requests=dfa53ed7b1db427c979733175e83eed5,1b90b5029a8e4095a0953f707b492bc0,2b642560cfbc46a3b415e89ad3a03675,1d3635c1d1b8417da02febe5bb56858c"
0.0,77376658,2,38688329.0,38688329.0,38261627,39115031,603447.8,PushPop,":batch=1862d42131fa4db98a43b21cc292a3ef phase=decode requests=dfa53ed7b1db427c979733175e83eed5,1b90b5029a8e4095a0953f707b492bc0,2b642560cfbc46a3b415e89ad3a03675,1d3635c1d1b8417da02febe5bb56858c"
0.0,77373990,2,38686995.0,38686995.0,38517756,38856234,239340.1,PushPop,:batch=8c5d3560c87d4addb60f88b16e90335a phase=decode requests=25de90a8b4234cdd9f459bf44de5f72b
0.0,77370933,2,38685466.5,38685466.5,38501071,38869862,260774.6,PushPop,:batch=3424ea195ef84d2cbf86758d77e73c39 phase=decode requests=e6255778e8534404ac5ca8451b4d8752
0.0,77368689,2,38684344.5,38684344.5,38511680,38857009,244184.5,PushPop,:batch=b8ef595eeff7459692fbb4219980ae3b phase=decode requests=e6255778e8534404ac5ca8451b4d8752
0.0,77367510,2,38683755.0,38683755.0,38491273,38876237,272210.7,PushPop,:batch=76213043d39544f7b46b39cc36c1cef8 phase=decode requests=f613ba29e5e3458d8e63b0275b98ac68
0.0,77365286,2,38682643.0,38682643.0,38194366,39170920,690528.0,PushPop,":batch=97c2f417054a4520acf833834a9c616a phase=decode requests=dfa53ed7b1db427c979733175e83eed5,1b90b5029a8e4095a0953f707b492bc0,2b642560cfbc46a3b415e89ad3a03675,1d3635c1d1b8417da02febe5bb56858c"
0.0,77363992,2,38681996.0,38681996.0,38506807,38857185,247754.7,PushPop,:batch=0c25e51d72e4403780c9c1aadf4eaabd phase=decode requests=e6255778e8534404ac5ca8451b4d8752
0.0,77362592,2,38681296.0,38681296.0,38237280,39125312,627933.4,PushPop,":batch=f745078502ea4b4499caf0b3fa96d26f phase=decode requests=dfa53ed7b1db427c979733175e83eed5,1b90b5029a8e4095a0953f707b492bc0,2b642560cfbc46a3b415e89ad3a03675,1d3635c1d1b8417da02febe5bb56858c"
0.0,77361626,2,38680813.0,38680813.0,38519739,38841887,227793.0,PushPop,:batch=d8bf1d3db5134b8ca24cc52a71d7c704 phase=decode requests=f613ba29e5e3458d8e63b0275b98ac68
0.0,77361227,2,38680613.5,38680613.5,38240877,39120350,621881.3,PushPop,":batch=e00c94ffef8f417ba82493e1baaeb3a9 phase=decode requests=dfa53ed7b1db427c979733175e83eed5,1b90b5029a8e4095a0953f707b492bc0,2b642560cfbc46a3b415e89ad3a03675,1d3635c1d1b8417da02febe5bb56858c"
0.0,77359805,2,38679902.5,38679902.5,38525816,38833989,217911.2,PushPop,:batch=3d702f8488064a428fb007fb3dd32a06 phase=decode requests=25de90a8b4234cdd9f459bf44de5f72b
0.0,77358731,2,38679365.5,38679365.5,38263626,39095105,587944.4,PushPop,":batch=d1a40afe4ef54ccea4183663767dbf3f phase=decode requests=dfa53ed7b1db427c979733175e83eed5,1b90b5029a8e4095a0953f707b492bc0,2b642560cfbc46a3b415e89ad3a03675,1d3635c1d1b8417da02febe5bb56858c"
0.0,77355478,2,38677739.0,38677739.0,38474368,38881110,287610.0,PushPop,:batch=3dd5d6f57a6e49139cd28b00cbd08bbf phase=decode requests=f613ba29e5e3458d8e63b0275b98ac68
0.0,77353644,2,38676822.0,38676822.0,38528578,38825066,209648.7,PushPop,:batch=33272d8af8ea4ea29de38c4a56b281c5 phase=decode requests=e6255778e8534404ac5ca8451b4d8752
0.0,77350966,2,38675483.0,38675483.0,38266099,39084867,578956.4,PushPop,":batch=4a47f84b243a4652b122e41df4f7ba23 phase=decode requests=dfa53ed7b1db427c979733175e83eed5,1b90b5029a8e4095a0953f707b492bc0,2b642560cfbc46a3b415e89ad3a03675,1d3635c1d1b8417da02febe5bb56858c"
0.0,77347104,2,38673552.0,38673552.0,38264908,39082196,577909.9,PushPop,":batch=a022372e8bee4f92a308528d21d94100 phase=decode requests=dfa53ed7b1db427c979733175e83eed5,1b90b5029a8e4095a0953f707b492bc0,2b642560cfbc46a3b415e89ad3a03675,1d3635c1d1b8417da02febe5bb56858c"
0.0,77343046,2,38671523.0,38671523.0,38500301,38842745,242144.5,PushPop,:batch=adf64620adbb4f52b1d5c55b7046212c phase=decode requests=e6255778e8534404ac5ca8451b4d8752
0.0,77335577,2,38667788.5,38667788.5,38273961,39061616,556956.2,PushPop,":batch=e9d402b25eb7421ab5bd432586d1f5f5 phase=decode requests=dfa53ed7b1db427c979733175e83eed5,1b90b5029a8e4095a0953f707b492bc0,2b642560cfbc46a3b415e89ad3a03675,1d3635c1d1b8417da02febe5bb56858c"
0.0,77332071,2,38666035.5,38666035.5,38513963,38818108,215063.0,PushPop,:batch=3b72583529b94972a21f67a035c28a03 phase=decode requests=25de90a8b4234cdd9f459bf44de5f72b
0.0,77331206,2,38665603.0,38665603.0,38490802,38840404,247205.9,PushPop,:batch=3db685f8e2c3495e86cb1e75f67200ad phase=decode requests=25de90a8b4234cdd9f459bf44de5f72b
0.0,77330863,2,38665431.5,38665431.5,38255183,39075680,580179.0,PushPop,":batch=1ac9963c4aca4dd385b24454eb96aeac phase=decode requests=dfa53ed7b1db427c979733175e83eed5,1b90b5029a8e4095a0953f707b492bc0,2b642560cfbc46a3b415e89ad3a03675,1d3635c1d1b8417da02febe5bb56858c"
0.0,77329142,2,38664571.0,38664571.0,38284119,39045023,538040.4,PushPop,":batch=cc2f6cd228394139b2be2ac8ff4a9915 phase=decode requests=dfa53ed7b1db427c979733175e83eed5,1b90b5029a8e4095a0953f707b492bc0,2b642560cfbc46a3b415e89ad3a03675,1d3635c1d1b8417da02febe5bb56858c"
0.0,77327556,2,38663778.0,38663778.0,38211938,39115618,638998.3,PushPop,":batch=993085c6cc0e4a42a5490ed0cc0ed939 phase=decode requests=dfa53ed7b1db427c979733175e83eed5,1b90b5029a8e4095a0953f707b492bc0,2b642560cfbc46a3b415e89ad3a03675,1d3635c1d1b8417da02febe5bb56858c"
0.0,77325772,2,38662886.0,38662886.0,38221812,39103960,623772.8,PushPop,":batch=3510f7adfd7046ff89a907beac58485d phase=decode requests=dfa53ed7b1db427c979733175e83eed5,1b90b5029a8e4095a0953f707b492bc0,2b642560cfbc46a3b415e89ad3a03675,1d3635c1d1b8417da02febe5bb56858c"
0.0,77324592,2,38662296.0,38662296.0,38474335,38850257,265817.0,PushPop,:batch=dcab4bd98d5848eeacd36ea156e86e1c phase=decode requests=25de90a8b4234cdd9f459bf44de5f72b
0.0,77322612,2,38661306.0,38661306.0,38502975,38819637,223913.8,PushPop,:batch=f76a4d9be5aa41e3af0fee70da44d39e phase=decode requests=25de90a8b4234cdd9f459bf44de5f72b
0.0,77316508,2,38658254.0,38658254.0,38496982,38819526,228073.0,PushPop,:batch=d890ebf592f64400af93309cdce0f88a phase=decode requests=e6255778e8534404ac5ca8451b4d8752
0.0,77302849,2,38651424.5,38651424.5,38483372,38819477,237662.1,PushPop,:batch=04f1accfa309433bbed821b632e46f99 phase=decode requests=e6255778e8534404ac5ca8451b4d8752
0.0,77301651,2,38650825.5,38650825.5,38475027,38826624,248616.6,PushPop,:batch=396c7bc55cb14e4e96d7cc7e81ea9b91 phase=decode requests=e6255778e8534404ac5ca8451b4d8752
0.0,77301228,2,38650614.0,38650614.0,38207046,39094182,627299.9,PushPop,":batch=b8d752bd49e44e7cbd60d2448a75e409 phase=decode requests=dfa53ed7b1db427c979733175e83eed5,1b90b5029a8e4095a0953f707b492bc0,2b642560cfbc46a3b415e89ad3a03675,1d3635c1d1b8417da02febe5bb56858c"
0.0,77299034,2,38649517.0,38649517.0,38180469,39118565,663334.0,PushPop,":batch=30f342a96ce34bd0885a0c285c7e4fd9 phase=decode requests=dfa53ed7b1db427c979733175e83eed5,1b90b5029a8e4095a0953f707b492bc0,2b642560cfbc46a3b415e89ad3a03675,1d3635c1d1b8417da02febe5bb56858c"
0.0,77297000,2,38648500.0,38648500.0,38503007,38793993,205758.2,PushPop,:batch=21b4996f48994862afdd6373dfcfb145 phase=decode requests=268bc1a668514718addc6aee590d0f20
0.0,77296229,2,38648114.5,38648114.5,38452317,38843912,276899.5,PushPop,:batch=88a592c0d064445b9c0326882440aeaa phase=decode requests=e6255778e8534404ac5ca8451b4d8752
0.0,77295648,2,38647824.0,38647824.0,38424177,38871471,316284.6,PushPop,:batch=fcfa4fac531f4016b9a13efe4e4f24fa phase=decode requests=25de90a8b4234cdd9f459bf44de5f72b
0.0,77295622,2,38647811.0,38647811.0,38474496,38821126,245104.4,PushPop,:batch=40d39f846b494baba058c3fc8592c007 phase=decode requests=f613ba29e5e3458d8e63b0275b98ac68
0.0,77295570,2,38647785.0,38647785.0,38214653,39080917,612541.1,PushPop,":batch=b8e4f68ccabd4b349fbabc6f74d481f2 phase=decode requests=dfa53ed7b1db427c979733175e83eed5,1b90b5029a8e4095a0953f707b492bc0,2b642560cfbc46a3b415e89ad3a03675,1d3635c1d1b8417da02febe5bb56858c"
0.0,77292622,2,38646311.0,38646311.0,38224032,39068590,597192.7,PushPop,":batch=2956f8048eae4f85ad2a591d09cbfb6a phase=decode requests=1811f6ebf58e4b0ea2292b35146cd35f,612ab6a155ee43be83ea6696bd5b8b7f,04a26fdd847647a5a094bbafb63bc469,5f8f2308efff494a9a6a2fa3d4ecc35c"
0.0,77288550,2,38644275.0,38644275.0,38436635,38851915,293647.3,PushPop,:batch=2724e3f56c25483bbf0e52ab1427b647 phase=decode requests=e6255778e8534404ac5ca8451b4d8752
0.0,77286835,2,38643417.5,38643417.5,38475385,38811450,237633.8,PushPop,:batch=869d09c242634ff79393376d930717d9 phase=decode requests=f613ba29e5e3458d8e63b0275b98ac68
0.0,77282774,2,38641387.0,38641387.0,38203163,39079611,619742.3,PushPop,":batch=97477bd645694f10ab6554cee1c9d842 phase=decode requests=dfa53ed7b1db427c979733175e83eed5,1b90b5029a8e4095a0953f707b492bc0,2b642560cfbc46a3b415e89ad3a03675,1d3635c1d1b8417da02febe5bb56858c"
0.0,77280599,2,38640299.5,38640299.5,38461306,38819293,253135.0,PushPop,:batch=f225cd0a703548a7aab91bc0e5e6369b phase=decode requests=f613ba29e5e3458d8e63b0275b98ac68
0.0,77276221,2,38638110.5,38638110.5,38508032,38768189,183958.8,PushPop,:batch=06299a16801742dca42a2febe3e662ec phase=decode requests=e6255778e8534404ac5ca8451b4d8752
0.0,77275973,2,38637986.5,38637986.5,38456949,38819024,256025.7,PushPop,:batch=331659a692694352b169dcf91efcb1de phase=decode requests=f613ba29e5e3458d8e63b0275b98ac68
0.0,77270827,2,38635413.5,38635413.5,38466697,38804130,238601.2,PushPop,:batch=8808aa7835b141febe19f1a8d93289b9 phase=decode requests=e6255778e8534404ac5ca8451b4d8752
0.0,77270740,2,38635370.0,38635370.0,38468536,38802204,235938.9,PushPop,:batch=2db81728d7ac4a2eb4dd3cf98871b498 phase=decode requests=e6255778e8534404ac5ca8451b4d8752
0.0,77266514,2,38633257.0,38633257.0,38448548,38817966,261218.0,PushPop,:batch=6319ca3fab4b4c9296c44f8320ce3a8a phase=decode requests=25de90a8b4234cdd9f459bf44de5f72b
0.0,77264997,2,38632498.5,38632498.5,38435123,38829874,279131.1,PushPop,:batch=94b08407979d441c8d45224c5840baf6 phase=decode requests=f613ba29e5e3458d8e63b0275b98ac68
0.0,77264769,2,38632384.5,38632384.5,38216990,39047779,587456.5,PushPop,":batch=86fd17b77d704b2e9107190c4e5a3e04 phase=decode requests=dfa53ed7b1db427c979733175e83eed5,1b90b5029a8e4095a0953f707b492bc0,2b642560cfbc46a3b415e89ad3a03675,1d3635c1d1b8417da02febe5bb56858c"
0.0,77263015,2,38631507.5,38631507.5,38162933,39100082,662664.4,PushPop,":batch=260219eed76a46d7a870c412602ab63c phase=decode requests=dfa53ed7b1db427c979733175e83eed5,1b90b5029a8e4095a0953f707b492bc0,2b642560cfbc46a3b415e89ad3a03675,1d3635c1d1b8417da02febe5bb56858c"
0.0,77261189,2,38630594.5,38630594.5,38465160,38796029,233959.7,PushPop,:batch=f4e970bbe42c4b67a61d791abe6c3023 phase=decode requests=f613ba29e5e3458d8e63b0275b98ac68
0.0,77255633,2,38627816.5,38627816.5,38463291,38792342,232674.2,PushPop,:batch=9d77b5eb886b46998a57b3fa0b1c0872 phase=decode requests=25de90a8b4234cdd9f459bf44de5f72b
0.0,77253211,2,38626605.5,38626605.5,38224190,39029021,569101.5,PushPop,":batch=38e55568e10046df8303d506469bcad8 phase=decode requests=dfa53ed7b1db427c979733175e83eed5,1b90b5029a8e4095a0953f707b492bc0,2b642560cfbc46a3b415e89ad3a03675,1d3635c1d1b8417da02febe5bb56858c"
0.0,77245818,2,38622909.0,38622909.0,38451653,38794165,242192.6,PushPop,:batch=c87902beb28a4497b1b846a2ddfbeb9f phase=decode requests=268bc1a668514718addc6aee590d0f20
0.0,77243317,2,38621658.5,38621658.5,38458464,38784853,230791.9,PushPop,:batch=160cb581e5454169b5474b187fecbc9c phase=decode requests=25de90a8b4234cdd9f459bf44de5f72b
0.0,77242983,2,38621491.5,38621491.5,38157495,39085488,656190.1,PushPop,":batch=503e3b83302645cfa2b9fd47e4df04ff phase=decode requests=dfa53ed7b1db427c979733175e83eed5,1b90b5029a8e4095a0953f707b492bc0,2b642560cfbc46a3b415e89ad3a03675,1d3635c1d1b8417da02febe5bb56858c"
0.0,77238550,2,38619275.0,38619275.0,38443226,38795324,248970.9,PushPop,:batch=6db098c29e154077b3bffc33765e1df2 phase=decode requests=25de90a8b4234cdd9f459bf44de5f72b
0.0,77235040,2,38617520.0,38617520.0,38450998,38784042,235497.7,PushPop,:batch=0ce0ed16347e40e0972bfa2c2022f36e phase=decode requests=268bc1a668514718addc6aee590d0f20
0.0,77231313,2,38615656.5,38615656.5,38172866,39058447,626200.3,PushPop,":batch=8267698567bb4cf2ae3dcf00de493d08 phase=decode requests=dfa53ed7b1db427c979733175e83eed5,1b90b5029a8e4095a0953f707b492bc0,2b642560cfbc46a3b415e89ad3a03675,1d3635c1d1b8417da02febe5bb56858c"
0.0,77230768,2,38615384.0,38615384.0,38401962,38828806,301824.3,PushPop,:batch=74c610c4c3f8425f915e146ce50aeb67 phase=decode requests=e6255778e8534404ac5ca8451b4d8752
0.0,77226726,2,38613363.0,38613363.0,38186661,39040065,603447.8,PushPop,":batch=c4677ceacc294fcea439ebfb99c7c221 phase=decode requests=dfa53ed7b1db427c979733175e83eed5,1b90b5029a8e4095a0953f707b492bc0,2b642560cfbc46a3b415e89ad3a03675,1d3635c1d1b8417da02febe5bb56858c"
0.0,77222509,2,38611254.5,38611254.5,38202297,39020212,578353.2,PushPop,":batch=f4eb363caa1c4973b4cfa543a9218503 phase=decode requests=dfa53ed7b1db427c979733175e83eed5,1b90b5029a8e4095a0953f707b492bc0,2b642560cfbc46a3b415e89ad3a03675,1d3635c1d1b8417da02febe5bb56858c"
0.0,77220990,2,38610495.0,38610495.0,38409807,38811183,283815.7,PushPop,:batch=880cf7d951d64f348a2a9a91680cc93e phase=decode requests=f613ba29e5e3458d8e63b0275b98ac68
0.0,77220977,2,38610488.5,38610488.5,38400248,38820729,297325.0,PushPop,:batch=9d5432525a9b4fd7837b7b748a348fc7 phase=decode requests=25de90a8b4234cdd9f459bf44de5f72b
0.0,77219479,2,38609739.5,38609739.5,38422174,38797305,265257.7,PushPop,:batch=a33b1c09a10c4315af4874dd894414df phase=decode requests=e6255778e8534404ac5ca8451b4d8752
0.0,77219411,2,38609705.5,38609705.5,38434216,38785195,248179.6,PushPop,:batch=c5b317e724654359ae157f9b03430973 phase=decode requests=e6255778e8534404ac5ca8451b4d8752
0.0,77214103,2,38607051.5,38607051.5,38220307,38993796,546939.3,PushPop,":batch=899e9c09ee6544acb3597ead53640d4c phase=decode requests=dfa53ed7b1db427c979733175e83eed5,1b90b5029a8e4095a0953f707b492bc0,2b642560cfbc46a3b415e89ad3a03675,1d3635c1d1b8417da02febe5bb56858c"
0.0,77212242,2,38606121.0,38606121.0,38139014,39073228,660589.1,PushPop,":batch=8d57f22d56ec4bb7900059d6a9225e73 phase=decode requests=dfa53ed7b1db427c979733175e83eed5,1b90b5029a8e4095a0953f707b492bc0,2b642560cfbc46a3b415e89ad3a03675,1d3635c1d1b8417da02febe5bb56858c"
0.0,77203746,2,38601873.0,38601873.0,38448310,38755436,217170.9,PushPop,:batch=03c76c8fdf634abf8ece39b3e3143b78 phase=decode requests=268bc1a668514718addc6aee590d0f20
0.0,77193300,2,38596650.0,38596650.0,38433188,38760112,231170.2,PushPop,:batch=47a7066f19f8487fbf3a7b028dd7eed5 phase=decode requests=e6255778e8534404ac5ca8451b4d8752
0.0,77191101,2,38595550.5,38595550.5,38418665,38772436,250153.9,PushPop,:batch=be02525df2a7490ea6cd4e7b48469b10 phase=decode requests=25de90a8b4234cdd9f459bf44de5f72b
0.0,77186032,2,38593016.0,38593016.0,38417958,38768074,247569.4,PushPop,:batch=855b62af25b64d1bac50944507c47ecc phase=decode requests=268bc1a668514718addc6aee590d0f20
0.0,77184889,2,38592444.5,38592444.5,38440313,38744576,215146.4,PushPop,:batch=464e1e63cb7843d9a990cf3fa45d60ce phase=decode requests=e6255778e8534404ac5ca8451b4d8752
0.0,77182851,2,38591425.5,38591425.5,38426522,38756329,233208.8,PushPop,:batch=26672dad1b314621953eebb975f394f3 phase=decode requests=f613ba29e5e3458d8e63b0275b98ac68
0.0,77181837,2,38590918.5,38590918.5,38404948,38776889,263002.0,PushPop,:batch=8cb2dc826a9047eba5c1cd18c6e330bd phase=decode requests=f613ba29e5e3458d8e63b0275b98ac68
0.0,77179939,2,38589969.5,38589969.5,38431947,38747992,223477.6,PushPop,:batch=3235cab98fc645eb8d3fdc68e282acbf phase=decode requests=e6255778e8534404ac5ca8451b4d8752
0.0,77179432,2,38589716.0,38589716.0,38416574,38762858,244859.8,PushPop,:batch=f16848d9b9054e4bbc69ad9af12407ea phase=decode requests=25de90a8b4234cdd9f459bf44de5f72b
0.0,77177114,2,38588557.0,38588557.0,38413231,38763883,247948.4,PushPop,:batch=70bcda3ea0be4d6b828f39333a5b390d phase=decode requests=e6255778e8534404ac5ca8451b4d8752
0.0,77175203,2,38587601.5,38587601.5,38404023,38771180,259619.2,PushPop,:batch=2b29032855074ce4ad08350c3a7d3cfd phase=decode requests=e6255778e8534404ac5ca8451b4d8752
0.0,77173855,2,38586927.5,38586927.5,38399548,38774307,264994.6,PushPop,:batch=24646af300e6442e973642133d3b9c36 phase=decode requests=e6255778e8534404ac5ca8451b4d8752
0.0,77172065,2,38586032.5,38586032.5,38412641,38759424,245212.6,PushPop,:batch=a3a3f23f4dd148ddb5c002472bed708a phase=decode requests=25de90a8b4234cdd9f459bf44de5f72b
0.0,77171755,2,38585877.5,38585877.5,38407380,38764375,252433.6,PushPop,:batch=1cbe7ce11726492c8acd25afcb84eec9 phase=decode requests=e6255778e8534404ac5ca8451b4d8752
0.0,77171135,2,38585567.5,38585567.5,38403015,38768120,258168.2,PushPop,:batch=0caaf0962eeb459d84a529b3f9b7cb68 phase=decode requests=25de90a8b4234cdd9f459bf44de5f72b
0.0,77169612,2,38584806.0,38584806.0,38118763,39050849,659084.3,PushPop,":batch=bf407e2468984f448c5a9bcbbeb713a9 phase=decode requests=dfa53ed7b1db427c979733175e83eed5,1b90b5029a8e4095a0953f707b492bc0,2b642560cfbc46a3b415e89ad3a03675,1d3635c1d1b8417da02febe5bb56858c"
0.0,77166364,2,38583182.0,38583182.0,38402505,38763859,255515.9,PushPop,:batch=9e5f2fe5961c4976a285f4bd88fa363f phase=decode requests=f613ba29e5e3458d8e63b0275b98ac68
0.0,77157421,2,38578710.5,38578710.5,38136806,39020615,624947.3,PushPop,":batch=7d28ab3cb76444acb5c22a7a4756511f phase=decode requests=dfa53ed7b1db427c979733175e83eed5,1b90b5029a8e4095a0953f707b492bc0,2b642560cfbc46a3b415e89ad3a03675,1d3635c1d1b8417da02febe5bb56858c"
0.0,77154658,2,38577329.0,38577329.0,38368259,38786399,295669.6,PushPop,:batch=763f0be423414b6fb8d5dadefff889da phase=decode requests=f613ba29e5e3458d8e63b0275b98ac68
0.0,77152535,2,38576267.5,38576267.5,38398960,38753575,250750.7,PushPop,:batch=a24c5577d3f1493096cd139f9fa65de5 phase=decode requests=f613ba29e5e3458d8e63b0275b98ac68
0.0,77148675,2,38574337.5,38574337.5,38395549,38753126,252845.1,PushPop,:batch=843d675fbbde40ae83856a76ca6d2210 phase=decode requests=25de90a8b4234cdd9f459bf44de5f72b
0.0,77145482,2,38572741.0,38572741.0,38373263,38772219,282104.5,PushPop,:batch=2caee0d1a40a41328df4e6d55dfd6777 phase=decode requests=e6255778e8534404ac5ca8451b4d8752
0.0,77144901,2,38572450.5,38572450.5,38398047,38746854,246643.8,PushPop,:batch=380539bff08a421bbf60f9e8efa17591 phase=decode requests=e6255778e8534404ac5ca8451b4d8752
0.0,77144053,2,38572026.5,38572026.5,38409164,38734889,230322.4,PushPop,:batch=8644d6ec5978419ca3cf24bccd0225bd phase=decode requests=e6255778e8534404ac5ca8451b4d8752
0.0,77142811,2,38571405.5,38571405.5,38394167,38748644,250653.1,PushPop,:batch=535e69467a1f42729ba51e6bae76d0af phase=decode requests=f613ba29e5e3458d8e63b0275b98ac68
0.0,77136027,2,38568013.5,38568013.5,38391994,38744033,248929.2,PushPop,:batch=6e6985b49d404e55a27d0547273e3bca phase=decode requests=f613ba29e5e3458d8e63b0275b98ac68
0.0,77130227,2,38565113.5,38565113.5,38388109,38742118,250322.2,PushPop,:batch=acab23c30e92456e99ed2f7967643374 phase=decode requests=f613ba29e5e3458d8e63b0275b98ac68
0.0,77130138,2,38565069.0,38565069.0,38403663,38726475,228262.6,PushPop,:batch=1875a360dac14e169100e21699ea5336 phase=decode requests=f613ba29e5e3458d8e63b0275b98ac68
0.0,77125529,2,38562764.5,38562764.5,38394848,38730681,237469.8,PushPop,:batch=e65ac822ef3240e2bfecb0f449ab223e phase=decode requests=f613ba29e5e3458d8e63b0275b98ac68
0.0,77124739,2,38562369.5,38562369.5,38394284,38730455,237708.8,PushPop,:batch=bc3be0f48cb34594aec013c8ef05968e phase=decode requests=25de90a8b4234cdd9f459bf44de5f72b
0.0,77123559,2,38561779.5,38561779.5,38404754,38718805,222067.6,PushPop,:batch=89fae84182654921b6e04b63e1b9976c phase=decode requests=e6255778e8534404ac5ca8451b4d8752
0.0,77122879,2,38561439.5,38561439.5,38393694,38729185,237228.0,PushPop,:batch=988b6aba022643b79c489727041593c1 phase=decode requests=268bc1a668514718addc6aee590d0f20
0.0,77122415,2,38561207.5,38561207.5,38347801,38774614,301802.4,PushPop,:batch=013247627a554504980c0328d9808e9d phase=decode requests=e6255778e8534404ac5ca8451b4d8752
0.0,77119990,2,38559995.0,38559995.0,38344342,38775648,304979.4,PushPop,:batch=fdca2f9f087a490dad099b9a8b5efd89 phase=decode requests=268bc1a668514718addc6aee590d0f20
0.0,77112084,2,38556042.0,38556042.0,38365433,38746651,269561.8,PushPop,:batch=6d7fa300e00e4dfb85f27d7c15a8309d phase=decode requests=f613ba29e5e3458d8e63b0275b98ac68
0.0,77111441,2,38555720.5,38555720.5,38375444,38735997,254949.5,PushPop,:batch=8be4746ceaa145479f7ddf2b3943d95a phase=decode requests=f613ba29e5e3458d8e63b0275b98ac68
0.0,77108159,2,38554079.5,38554079.5,38376461,38731698,251190.5,PushPop,:batch=76f1b624d50c4d2d922bc12357fc2295 phase=decode requests=e6255778e8534404ac5ca8451b4d8752
0.0,77107960,2,38553980.0,38553980.0,38220213,38887747,472017.8,PushPop,:batch=c566b858ad6a4af3a84e5044222e21f7 phase=decode requests=f613ba29e5e3458d8e63b0275b98ac68
0.0,77106153,2,38553076.5,38553076.5,38351341,38754812,285297.1,PushPop,:batch=1f7ba4f0d5154d289a2a3a2cb9a83004 phase=decode requests=f613ba29e5e3458d8e63b0275b98ac68
0.0,77106032,2,38553016.0,38553016.0,38375754,38730278,250686.3,PushPop,:batch=fedde82e06994e779187131ed40ee12e phase=decode requests=f613ba29e5e3458d8e63b0275b98ac68
0.0,77105165,2,38552582.5,38552582.5,38368379,38736786,260503.1,PushPop,:batch=9b9375f30ae0473d8c347b16b8a44054 phase=decode requests=f613ba29e5e3458d8e63b0275b98ac68
0.0,77094319,2,38547159.5,38547159.5,38377923,38716396,239336.6,PushPop,:batch=dacc1868d35d484a883ea89c896028bf phase=decode requests=e6255778e8534404ac5ca8451b4d8752
0.0,77093955,2,38546977.5,38546977.5,38354964,38738991,271548.1,PushPop,:batch=7aa6bb3139d24200bb371ce6e443683f phase=decode requests=f613ba29e5e3458d8e63b0275b98ac68
0.0,77093485,2,38546742.5,38546742.5,38381512,38711973,233671.2,PushPop,:batch=8dc3cd7a1b334c7b9844245b7d8bceca phase=decode requests=e6255778e8534404ac5ca8451b4d8752
0.0,77089025,2,38544512.5,38544512.5,38370426,38718599,246195.5,PushPop,:batch=b2d8e77d9f6a45f38752e22f7ad03eac phase=decode requests=f613ba29e5e3458d8e63b0275b98ac68
0.0,77087751,2,38543875.5,38543875.5,38344773,38742978,281573.5,PushPop,:batch=ad827367ab644cae8a97a0b54da73053 phase=decode requests=25de90a8b4234cdd9f459bf44de5f72b
0.0,77085304,2,38542652.0,38542652.0,38377974,38707330,232889.9,PushPop,:batch=9a452a85233f40b39af30df11a9339db phase=decode requests=e6255778e8534404ac5ca8451b4d8752
0.0,77083064,2,38541532.0,38541532.0,38380581,38702483,227619.1,PushPop,:batch=4345c99941074ec2ae31ee4cabd4478d phase=decode requests=e6255778e8534404ac5ca8451b4d8752
0.0,77082195,2,38541097.5,38541097.5,38374801,38707394,235178.8,PushPop,:batch=a9a37f08b051438da5db464947fe3ce8 phase=decode requests=e6255778e8534404ac5ca8451b4d8752
0.0,77077843,2,38538921.5,38538921.5,38371328,38706515,237013.0,PushPop,:batch=d9f84babc4d645258961ce26a31496c0 phase=decode requests=f613ba29e5e3458d8e63b0275b98ac68
0.0,77076894,2,38538447.0,38538447.0,38368027,38708867,241010.3,PushPop,:batch=9a1c518e0662478d9e4eab12199cd334 phase=decode requests=268bc1a668514718addc6aee590d0f20
0.0,77074877,2,38537438.5,38537438.5,38341029,38733848,277765.0,PushPop,:batch=956bf2b9a7e847479e1f77451c9e4857 phase=decode requests=268bc1a668514718addc6aee590d0f20
0.0,77073786,2,38536893.0,38536893.0,38371778,38702008,233507.9,PushPop,:batch=076f367465fa4ad89730398040bdef87 phase=decode requests=268bc1a668514718addc6aee590d0f20
0.0,77073152,2,38536576.0,38536576.0,38352247,38720905,260680.6,PushPop,:batch=38fa6a67225a42eb95d348c6d1303094 phase=decode requests=e6255778e8534404ac5ca8451b4d8752
0.0,77071443,2,38535721.5,38535721.5,38464210,38607233,101132.5,PushPop,:batch=2c1c212950994629ac0799d655b3e3bf phase=decode requests=f613ba29e5e3458d8e63b0275b98ac68
0.0,77071438,2,38535719.0,38535719.0,38341641,38729797,274467.7,PushPop,:batch=b89f629db8594beea14e60db396e207c phase=decode requests=f613ba29e5e3458d8e63b0275b98ac68
0.0,77071401,2,38535700.5,38535700.5,38358743,38712658,250255.7,PushPop,:batch=a8b846d3678243809de8429d2df47424 phase=decode requests=f613ba29e5e3458d8e63b0275b98ac68
0.0,77071267,2,38535633.5,38535633.5,38320836,38750431,303769.5,PushPop,:batch=c406e92801504ef1b1f237d7b99f3bc4 phase=decode requests=f613ba29e5e3458d8e63b0275b98ac68
0.0,77071061,2,38535530.5,38535530.5,38368104,38702957,236776.8,PushPop,:batch=783628c3f9154e2a89bfd34b5935ef4b phase=decode requests=e6255778e8534404ac5ca8451b4d8752
0.0,77061482,2,38530741.0,38530741.0,38325012,38736470,290944.7,PushPop,:batch=dc7d17fc28134a03b0c8224c28e84bc7 phase=decode requests=f613ba29e5e3458d8e63b0275b98ac68
0.0,77059952,2,38529976.0,38529976.0,38330391,38729561,282255.8,PushPop,:batch=4101306fcaf540748cf50ff59f6333bf phase=decode requests=25de90a8b4234cdd9f459bf44de5f72b
0.0,77059047,2,38529523.5,38529523.5,38366447,38692600,230625.0,PushPop,:batch=f6e74e890fde48f582d76dd96c3015c9 phase=decode requests=e6255778e8534404ac5ca8451b4d8752
0.0,77057038,2,38528519.0,38528519.0,38359743,38697295,238685.3,PushPop,:batch=f806c2d50b7246cc9abe980e34c84167 phase=decode requests=268bc1a668514718addc6aee590d0f20
0.0,77055609,2,38527804.5,38527804.5,38344930,38710679,258623.6,PushPop,:batch=c39e9b8ff7584433995bd12e4a979a39 phase=decode requests=e6255778e8534404ac5ca8451b4d8752
0.0,77054427,2,38527213.5,38527213.5,38342712,38711715,260924.5,PushPop,:batch=bc96fffe3b8d491dbd894f2472824e54 phase=decode requests=f613ba29e5e3458d8e63b0275b98ac68
0.0,77052327,2,38526163.5,38526163.5,38349844,38702483,249353.4,PushPop,:batch=1b763a0d524348cc954fa99a6df90661 phase=decode requests=f613ba29e5e3458d8e63b0275b98ac68
0.0,77051286,2,38525643.0,38525643.0,38370232,38681054,219784.3,PushPop,:batch=c4f64a7001214ec3903caebfe1093860 phase=decode requests=25de90a8b4234cdd9f459bf44de5f72b
0.0,77050700,2,38525350.0,38525350.0,38356881,38693819,238251.1,PushPop,:batch=f0d01485047f465f846f7350f5d89a0f phase=decode requests=e6255778e8534404ac5ca8451b4d8752
0.0,77046652,2,38523326.0,38523326.0,38324276,38722376,281499.2,PushPop,:batch=d5986af94af04eb1a3f4885c031e90d9 phase=decode requests=25de90a8b4234cdd9f459bf44de5f72b
0.0,77046537,2,38523268.5,38523268.5,38350163,38696374,244808.1,PushPop,:batch=24b5cf4570244815a97f4726e6f5e393 phase=decode requests=e6255778e8534404ac5ca8451b4d8752
0.0,77046284,2,38523142.0,38523142.0,38374500,38671784,210211.5,PushPop,:batch=e57a009170a34a3287763a3989f79003 phase=decode requests=e6255778e8534404ac5ca8451b4d8752
0.0,77044316,2,38522158.0,38522158.0,38308319,38735997,302414.0,PushPop,:batch=4ece539a41c64fd694b2d68b4bd09e18 phase=decode requests=e6255778e8534404ac5ca8451b4d8752
0.0,77043204,2,38521602.0,38521602.0,38351147,38692057,241059.8,PushPop,:batch=37db840eebcc4caea05774c521f67903 phase=decode requests=e6255778e8534404ac5ca8451b4d8752
0.0,77042738,2,38521369.0,38521369.0,38360792,38681946,227090.2,PushPop,:batch=f32276575f7e48658159a9d02a835e49 phase=decode requests=f613ba29e5e3458d8e63b0275b98ac68
0.0,77040015,2,38520007.5,38520007.5,38338585,38701430,256570.2,PushPop,:batch=3f933ad650af49b48f795af794fb7cd2 phase=decode requests=f613ba29e5e3458d8e63b0275b98ac68
0.0,77036873,2,38518436.5,38518436.5,38334811,38702062,259685.7,PushPop,:batch=ce39df11104e4e92a34cafd29d00f964 phase=decode requests=268bc1a668514718addc6aee590d0f20
0.0,77036794,2,38518397.0,38518397.0,38352045,38684749,235257.3,PushPop,:batch=27223f8c75df437aa3c305fa6358d9d6 phase=decode requests=e6255778e8534404ac5ca8451b4d8752
0.0,77036290,2,38518145.0,38518145.0,38340892,38695398,250673.6,PushPop,:batch=f69e77fd5b1048378b9e53b6384aa162 phase=decode requests=25de90a8b4234cdd9f459bf44de5f72b
0.0,77032575,2,38516287.5,38516287.5,38342798,38689777,245351.2,PushPop,:batch=8e59324674be47fa8b80c9f140bf679e phase=decode requests=25de90a8b4234cdd9f459bf44de5f72b
0.0,77032474,2,38516237.0,38516237.0,38297585,38734889,309220.6,PushPop,:batch=51513ec711ac4c65a316183d5c25b865 phase=decode requests=e6255778e8534404ac5ca8451b4d8752
0.0,77032068,2,38516034.0,38516034.0,38318406,38713662,279488.2,PushPop,:batch=ac3f784b1dc14b94bdafb08c4d23e0fa phase=decode requests=25de90a8b4234cdd9f459bf44de5f72b
0.0,77031582,2,38515791.0,38515791.0,38387743,38643839,181087.2,PushPop,:batch=d43d30e3fe5848e9be86c6eed7c59f0e phase=decode requests=25de90a8b4234cdd9f459bf44de5f72b
0.0,77030588,2,38515294.0,38515294.0,38333977,38696611,256421.0,PushPop,:batch=b74243d9546a4f74a950886c1ec68c71 phase=decode requests=e6255778e8534404ac5ca8451b4d8752
0.0,77027227,2,38513613.5,38513613.5,38330833,38696394,258490.7,PushPop,:batch=6e51c2645b784f478bbabd2b8cc371b7 phase=decode requests=e6255778e8534404ac5ca8451b4d8752
0.0,77027114,2,38513557.0,38513557.0,38338488,38688626,247585.0,PushPop,:batch=479a023c4d2e4263989181058c186963 phase=decode requests=e6255778e8534404ac5ca8451b4d8752
0.0,77026481,2,38513240.5,38513240.5,38334871,38691610,252252.6,PushPop,:batch=293d35cd5cd74212be0b8c780975e823 phase=decode requests=25de90a8b4234cdd9f459bf44de5f72b
0.0,77026101,2,38513050.5,38513050.5,38332167,38693934,255807.9,PushPop,:batch=9d80f6e71aba48d393da9727bc26ee8b phase=decode requests=e6255778e8534404ac5ca8451b4d8752
0.0,77026013,2,38513006.5,38513006.5,38340869,38685144,243439.2,PushPop,:batch=426d39145ecd48b586a0623ce1e2d3d9 phase=decode requests=25de90a8b4234cdd9f459bf44de5f72b
0.0,77024936,2,38512468.0,38512468.0,38338124,38686812,246559.6,PushPop,:batch=9ff38c7539484aaeb3d83fe21c188287 phase=decode requests=25de90a8b4234cdd9f459bf44de5f72b
0.0,77024823,2,38512411.5,38512411.5,38354353,38670470,223528.5,PushPop,:batch=afb71954d8a94445b84f82f05a5b9151 phase=decode requests=e6255778e8534404ac5ca8451b4d8752
0.0,77023580,2,38511790.0,38511790.0,38332350,38691230,253766.5,PushPop,:batch=1d764b56f11141e8b610cd5361db958e phase=decode requests=e6255778e8534404ac5ca8451b4d8752
0.0,77023490,2,38511745.0,38511745.0,38338934,38684556,244391.7,PushPop,:batch=66760306d56f432aa39bf0295ffb0bc4 phase=decode requests=268bc1a668514718addc6aee590d0f20
0.0,77022583,2,38511291.5,38511291.5,38350385,38672198,227556.2,PushPop,:batch=3f72325d5c194faea8a993caafc7db3a phase=decode requests=268bc1a668514718addc6aee590d0f20
0.0,77022149,2,38511074.5,38511074.5,38340389,38681760,241385.7,PushPop,:batch=a4727e2c8a2b4824852de9b0c284d0b4 phase=decode requests=25de90a8b4234cdd9f459bf44de5f72b
0.0,77021824,2,38510912.0,38510912.0,38317237,38704587,273897.8,PushPop,:batch=94cd532759c64621b26e5a270eda796f phase=decode requests=e6255778e8534404ac5ca8451b4d8752
0.0,77020154,2,38510077.0,38510077.0,38329028,38691126,256042.0,PushPop,:batch=7f390fb855a549f1a033fcd73e996682 phase=decode requests=e6255778e8534404ac5ca8451b4d8752
0.0,77020143,2,38510071.5,38510071.5,38327927,38692216,257591.2,PushPop,:batch=5fe45e9bcc644058948015834e1b6f58 phase=decode requests=e6255778e8534404ac5ca8451b4d8752
0.0,77018548,2,38509274.0,38509274.0,38328370,38690178,255836.9,PushPop,:batch=b676ec0321334f6b8ccd53219347806f phase=decode requests=f613ba29e5e3458d8e63b0275b98ac68
0.0,77017751,2,38508875.5,38508875.5,38336899,38680852,243211.5,PushPop,:batch=4dca26e445084563a589b9289b1c3865 phase=decode requests=268bc1a668514718addc6aee590d0f20
0.0,77017008,2,38508504.0,38508504.0,38328692,38688316,254292.6,PushPop,:batch=bd86621dbb9742a2971d49ba54dbd94b phase=decode requests=e6255778e8534404ac5ca8451b4d8752
0.0,77011326,2,38505663.0,38505663.0,38354601,38656725,213633.9,PushPop,:batch=cd32304f5d0e4e9c8f1a5a422a84d63a phase=decode requests=25de90a8b4234cdd9f459bf44de5f72b
0.0,77010721,2,38505360.5,38505360.5,38335972,38674749,239551.5,PushPop,:batch=b656d8804ffc43a59eaa19d4ae648b66 phase=decode requests=25de90a8b4234cdd9f459bf44de5f72b
0.0,77009178,2,38504589.0,38504589.0,38341480,38667698,230671.0,PushPop,:batch=407be87b33934daca07f525f81db7e09 phase=decode requests=f613ba29e5e3458d8e63b0275b98ac68
0.0,77009050,2,38504525.0,38504525.0,38327200,38681850,250775.4,PushPop,:batch=1febd2b587334352aeb54500ddb4ead7 phase=decode requests=e6255778e8534404ac5ca8451b4d8752
0.0,77008643,2,38504321.5,38504321.5,38339603,38669040,232947.1,PushPop,:batch=d0d9d39b12b944d6a8d17de1205c361e phase=decode requests=268bc1a668514718addc6aee590d0f20
0.0,77008404,2,38504202.0,38504202.0,38276562,38731842,321931.6,PushPop,:batch=12d4a50142d94668aa2c43bda20996c7 phase=decode requests=f613ba29e5e3458d8e63b0275b98ac68
0.0,77005883,2,38502941.5,38502941.5,38340965,38664918,229069.4,PushPop,:batch=462d7a787ecb4fa09cc625f2cd73f6bb phase=decode requests=25de90a8b4234cdd9f459bf44de5f72b
0.0,77004490,2,38502245.0,38502245.0,38325340,38679150,250181.5,PushPop,:batch=1723f84d272f45feb649e9692bafd348 phase=decode requests=25de90a8b4234cdd9f459bf44de5f72b
0.0,77002931,2,38501465.5,38501465.5,38322338,38680593,253324.5,PushPop,:batch=c75e48da59c149369c5b259cf23424b4 phase=decode requests=e6255778e8534404ac5ca8451b4d8752
0.0,77001494,2,38500747.0,38500747.0,38335364,38666130,233886.9,PushPop,:batch=cdb377b1d65d4a15b62613bd697b905a phase=decode requests=25de90a8b4234cdd9f459bf44de5f72b
0.0,76997126,2,38498563.0,38498563.0,38329229,38667897,239474.4,PushPop,:batch=eaecb57df43c40d3884872136b2d176f phase=decode requests=f613ba29e5e3458d8e63b0275b98ac68
0.0,76994983,2,38497491.5,38497491.5,38321810,38673173,248451.2,PushPop,:batch=6f2752cbbe3b4b129d3f5ec6a7466f02 phase=decode requests=e6255778e8534404ac5ca8451b4d8752
0.0,76993281,2,38496640.5,38496640.5,38326715,38666566,240310.9,PushPop,:batch=6da51beec16442a5846686a1881c6551 phase=decode requests=e6255778e8534404ac5ca8451b4d8752
0.0,76992961,2,38496480.5,38496480.5,38321876,38671085,246928.1,PushPop,:batch=99b3941ba58b47128757bf560f98e83b phase=decode requests=e6255778e8534404ac5ca8451b4d8752
0.0,76992692,2,38496346.0,38496346.0,38331352,38661340,233336.8,PushPop,:batch=b7027983addc4b389aaacf21e1a2be28 phase=decode requests=e6255778e8534404ac5ca8451b4d8752
0.0,76992307,2,38496153.5,38496153.5,38326643,38665664,239724.0,PushPop,:batch=dd8ce9ba0994444a841f07f85704fc64 phase=decode requests=268bc1a668514718addc6aee590d0f20
0.0,76992062,2,38496031.0,38496031.0,38335132,38656930,227545.5,PushPop,:batch=cde7c6b7c6d84a278e5863d60543d061 phase=decode requests=268bc1a668514718addc6aee590d0f20
0.0,76988473,2,38494236.5,38494236.5,38339985,38648488,218144.6,PushPop,:batch=a400ad8a5a8a4151955c9f82e080142f phase=decode requests=f613ba29e5e3458d8e63b0275b98ac68
0.0,76984160,2,38492080.0,38492080.0,38314466,38669694,251184.1,PushPop,:batch=c67e62ef6b7e438f9768d5f560bd9f06 phase=decode requests=e6255778e8534404ac5ca8451b4d8752
0.0,76983165,2,38491582.5,38491582.5,38324047,38659118,236931.0,PushPop,:batch=1817aacb51364878bd513b4e9ba43f3d phase=decode requests=268bc1a668514718addc6aee590d0f20
0.0,76980988,2,38490494.0,38490494.0,38323820,38657168,235712.6,PushPop,:batch=c757d90dfb8d4e6eb7867578b73e7323 phase=decode requests=f613ba29e5e3458d8e63b0275b98ac68
0.0,76980813,2,38490406.5,38490406.5,38353921,38626892,193019.6,PushPop,:batch=bc24a552aca540499eb545c18ae28322 phase=decode requests=f613ba29e5e3458d8e63b0275b98ac68
0.0,76979133,2,38489566.5,38489566.5,38341112,38638021,209946.4,PushPop,:batch=56614210e0c44339b9654433526d185a phase=decode requests=268bc1a668514718addc6aee590d0f20
0.0,76978464,2,38489232.0,38489232.0,38316913,38661551,243695.9,PushPop,:batch=b4139cda1b5b4a21a4885006c8fcc8c9 phase=decode requests=e6255778e8534404ac5ca8451b4d8752
0.0,76976409,2,38488204.5,38488204.5,38308736,38667673,253806.8,PushPop,:batch=d2df8482de7d49358522e558670ca1ad phase=decode requests=e6255778e8534404ac5ca8451b4d8752
0.0,76975962,2,38487981.0,38487981.0,38290397,38685565,279426.0,PushPop,:batch=3e765090957e48569346f4f4c020d1a4 phase=decode requests=e6255778e8534404ac5ca8451b4d8752
0.0,76974306,2,38487153.0,38487153.0,38307631,38666675,253882.4,PushPop,:batch=572a3d75871d4538a3690666064a254a phase=decode requests=e6255778e8534404ac5ca8451b4d8752
0.0,76973890,2,38486945.0,38486945.0,38340351,38633539,207315.2,PushPop,:batch=0c0d9e963baf4498a98c1027695fa114 phase=decode requests=25de90a8b4234cdd9f459bf44de5f72b
0.0,76973288,2,38486644.0,38486644.0,38325790,38647498,227481.9,PushPop,:batch=575c1ac284a84d1e8a92795e157df240 phase=decode requests=e6255778e8534404ac5ca8451b4d8752
0.0,76972958,2,38486479.0,38486479.0,38314326,38658632,243461.1,PushPop,:batch=55d3b90ce060452d87ed728e39603c02 phase=decode requests=e6255778e8534404ac5ca8451b4d8752
0.0,76972273,2,38486136.5,38486136.5,38324276,38647997,228905.3,PushPop,:batch=134c2eaf8146443f8050a6c6fe658175 phase=decode requests=e6255778e8534404ac5ca8451b4d8752
0.0,76972147,2,38486073.5,38486073.5,38292622,38679525,273581.7,PushPop,:batch=c5e40540a2c34322843da6f0c37e48d1 phase=decode requests=e6255778e8534404ac5ca8451b4d8752
0.0,76969761,2,38484880.5,38484880.5,38305436,38664325,253772.8,PushPop,:batch=6eadfc8d604d4fa4a709c17d3a6ebc20 phase=decode requests=e6255778e8534404ac5ca8451b4d8752
0.0,76968715,2,38484357.5,38484357.5,38323819,38644896,227035.7,PushPop,:batch=0b4ff4beda8a49bea4e51ad61393977d phase=decode requests=e6255778e8534404ac5ca8451b4d8752
0.0,76968192,2,38484096.0,38484096.0,38280904,38687288,287356.9,PushPop,:batch=c54bba662c9545148b126383bfd59a8c phase=decode requests=f613ba29e5e3458d8e63b0275b98ac68
0.0,76968185,2,38484092.5,38484092.5,38298899,38669286,261903.2,PushPop,:batch=ce812a1b9cdb44dc976f8fa48756f60b phase=decode requests=f613ba29e5e3458d8e63b0275b98ac68
0.0,76967313,2,38483656.5,38483656.5,38292179,38675134,270790.1,PushPop,:batch=0aea2cee5d8a47db87389ae933515014 phase=decode requests=25de90a8b4234cdd9f459bf44de5f72b
0.0,76964226,2,38482113.0,38482113.0,38296174,38668052,262957.5,PushPop,:batch=4830c076a3634120868875d1564b3ef1 phase=decode requests=25de90a8b4234cdd9f459bf44de5f72b
0.0,76962279,2,38481139.5,38481139.5,38298938,38663341,257671.8,PushPop,:batch=7c39f6431c504c02a97cab1b007901f6 phase=decode requests=25de90a8b4234cdd9f459bf44de5f72b
0.0,76961955,2,38480977.5,38480977.5,38309653,38652302,242289.4,PushPop,:batch=424b0d0272164c1f92525e80048432eb phase=decode requests=e6255778e8534404ac5ca8451b4d8752
0.0,76961336,2,38480668.0,38480668.0,38314367,38646969,235185.1,PushPop,:batch=618e928b4e7c4775bda25a5febf7fac3 phase=decode requests=268bc1a668514718addc6aee590d0f20
0.0,76961303,2,38480651.5,38480651.5,38254108,38707195,320380.9,PushPop,:batch=e3ad56ff4dac426ca62c054ba82458a1 phase=decode requests=f613ba29e5e3458d8e63b0275b98ac68
0.0,76956463,2,38478231.5,38478231.5,38305170,38651293,244745.9,PushPop,:batch=738acbf5f24c4b5a878b00838fb20013 phase=decode requests=f613ba29e5e3458d8e63b0275b98ac68
0.0,76956093,2,38478046.5,38478046.5,38323017,38633076,219244.8,PushPop,:batch=00b6e35e8afd452cb4e745d8e3f18ed9 phase=decode requests=e6255778e8534404ac5ca8451b4d8752
0.0,76955949,2,38477974.5,38477974.5,38319945,38636004,223487.5,PushPop,:batch=8a110d5535de4b35a01e8915c8ee0e28 phase=decode requests=268bc1a668514718addc6aee590d0f20
0.0,76955283,2,38477641.5,38477641.5,38295192,38660091,258022.6,PushPop,:batch=e9027dd0d5814b7191453a256181e4e5 phase=decode requests=e6255778e8534404ac5ca8451b4d8752
0.0,76955033,2,38477516.5,38477516.5,38280455,38674578,278687.0,PushPop,:batch=244f8bcc45484375a2d578b77260568e phase=decode requests=e6255778e8534404ac5ca8451b4d8752
0.0,76954493,2,38477246.5,38477246.5,38291903,38662590,262115.3,PushPop,:batch=e5169a17261c43fc880d6375f845a725 phase=decode requests=e6255778e8534404ac5ca8451b4d8752
0.0,76951360,2,38475680.0,38475680.0,38293256,38658104,257986.5,PushPop,:batch=fee2e99a34424480a5cafaccb7d21a4f phase=decode requests=e6255778e8534404ac5ca8451b4d8752
0.0,76949923,2,38474961.5,38474961.5,38279228,38670695,276809.0,PushPop,:batch=cd86521a52f446038bf86d42e4a100a4 phase=decode requests=e6255778e8534404ac5ca8451b4d8752
0.0,76949720,2,38474860.0,38474860.0,38297957,38651763,250178.6,PushPop,:batch=01d8765d7df6431bb4b482e097f8ef22 phase=decode requests=e6255778e8534404ac5ca8451b4d8752
0.0,76949504,2,38474752.0,38474752.0,38295978,38653526,252824.6,PushPop,:batch=8d4fe5057c6348a790f91c5b43e34125 phase=decode requests=25de90a8b4234cdd9f459bf44de5f72b
0.0,76949479,2,38474739.5,38474739.5,38306341,38643138,238151.4,PushPop,:batch=3cf34325e8624b199766b5968a362d49 phase=decode requests=e6255778e8534404ac5ca8451b4d8752
0.0,76948014,2,38474007.0,38474007.0,38307025,38640989,236148.2,PushPop,:batch=260125cfd0cd4c4fa768bc0ba6679765 phase=decode requests=25de90a8b4234cdd9f459bf44de5f72b
0.0,76944763,2,38472381.5,38472381.5,38302071,38642692,240855.4,PushPop,:batch=ac2b2e79271d453895b7eff07341c9d7 phase=decode requests=e6255778e8534404ac5ca8451b4d8752
0.0,76944412,2,38472206.0,38472206.0,38312968,38631444,225196.5,PushPop,:batch=7b1345eb080e42179c3bb4e10eff4097 phase=decode requests=e6255778e8534404ac5ca8451b4d8752
0.0,76944201,2,38472100.5,38472100.5,38307222,38636979,233173.4,PushPop,:batch=39be2dbf7cac4eaa872775476b76daa1 phase=decode requests=f613ba29e5e3458d8e63b0275b98ac68
0.0,76943194,2,38471597.0,38471597.0,38293660,38649534,251640.9,PushPop,:batch=a836550380b143cd9d7eb6230312de8c phase=decode requests=e6255778e8534404ac5ca8451b4d8752
0.0,76942945,2,38471472.5,38471472.5,38269143,38673802,286137.1,PushPop,:batch=0d01f8b912f24db98d11aa3467e4bb0b phase=decode requests=f613ba29e5e3458d8e63b0275b98ac68
0.0,76942373,2,38471186.5,38471186.5,38293597,38648776,251149.5,PushPop,:batch=e37069ef81e94ce9b01ed20fa6b074cd phase=decode requests=f613ba29e5e3458d8e63b0275b98ac68
0.0,76940298,2,38470149.0,38470149.0,38287361,38652937,258501.3,PushPop,:batch=2068ae3d5e72448bb1f410db993de7c5 phase=decode requests=f613ba29e5e3458d8e63b0275b98ac68
0.0,76940166,2,38470083.0,38470083.0,38274079,38666087,277191.5,PushPop,:batch=a5f1e54001cb4c4492607671310a75a2 phase=decode requests=f613ba29e5e3458d8e63b0275b98ac68
0.0,76938636,2,38469318.0,38469318.0,38303408,38635228,234632.2,PushPop,:batch=e7a3c43b4ddc434b861d15cdae3cc4c3 phase=decode requests=268bc1a668514718addc6aee590d0f20
0.0,76937722,2,38468861.0,38468861.0,38277819,38659903,270174.2,PushPop,:batch=f5fb0fc8070f4e9faa796a733eda5c28 phase=decode requests=f613ba29e5e3458d8e63b0275b98ac68
0.0,76937710,2,38468855.0,38468855.0,38308108,38629602,227330.6,PushPop,:batch=29406193b9144903b25b319b0ff051d9 phase=decode requests=25de90a8b4234cdd9f459bf44de5f72b
0.0,76937520,2,38468760.0,38468760.0,38293681,38643839,247599.1,PushPop,:batch=b3e5d56f4f7d42fe8ea99c5fd8219603 phase=decode requests=f613ba29e5e3458d8e63b0275b98ac68
0.0,76936450,2,38468225.0,38468225.0,38259934,38676516,294568.0,PushPop,:batch=0eeb6d5f4e8b4b0b8d642e5bf0cca8ae phase=decode requests=e6255778e8534404ac5ca8451b4d8752
0.0,76935548,2,38467774.0,38467774.0,38290500,38645048,250703.3,PushPop,:batch=eeb320dd842a429ab260f462741c825a phase=decode requests=e6255778e8534404ac5ca8451b4d8752
0.0,76932003,2,38466001.5,38466001.5,38316869,38615134,210905.2,PushPop,:batch=c16cf74982b44fcb8646143aef2ecfc0 phase=decode requests=25de90a8b4234cdd9f459bf44de5f72b
0.0,76931137,2,38465568.5,38465568.5,38308996,38622141,221427.0,PushPop,:batch=cd696949067d45e58434b6179f39af67 phase=decode requests=f613ba29e5e3458d8e63b0275b98ac68
0.0,76930949,2,38465474.5,38465474.5,38279101,38651848,263571.9,PushPop,:batch=3b8f9abf1676435cb0564938a76e27c6 phase=decode requests=25de90a8b4234cdd9f459bf44de5f72b
0.0,76929671,2,38464835.5,38464835.5,38309237,38620434,220049.5,PushPop,:batch=8c0fe9d451fa41a695254ce12276e62a phase=decode requests=f613ba29e5e3458d8e63b0275b98ac68
0.0,76929571,2,38464785.5,38464785.5,38297203,38632368,236997.4,PushPop,:batch=de499a1b7df64610b78cf3bfdb4d659b phase=decode requests=f613ba29e5e3458d8e63b0275b98ac68
0.0,76926988,2,38463494.0,38463494.0,38267742,38659246,276835.1,PushPop,:batch=a3a63a53e39844e4858795ac25c56e3d phase=decode requests=f613ba29e5e3458d8e63b0275b98ac68
0.0,76925843,2,38462921.5,38462921.5,38298410,38627433,232654.4,PushPop,:batch=402d6773e72e43d49c1a3814962e945e phase=decode requests=e6255778e8534404ac5ca8451b4d8752
0.0,76925534,2,38462767.0,38462767.0,38295127,38630407,237078.8,PushPop,:batch=7bf400d647b74b59b40cd388b6dc6df3 phase=decode requests=268bc1a668514718addc6aee590d0f20
0.0,76925223,2,38462611.5,38462611.5,38232941,38692282,324803.1,PushPop,:batch=94bfd1feba774309afb43f2ba136e63e phase=decode requests=e6255778e8534404ac5ca8451b4d8752
0.0,76924441,2,38462220.5,38462220.5,38284046,38640395,251976.8,PushPop,:batch=a5f0f127408345519faad9d80b964b39 phase=decode requests=25de90a8b4234cdd9f459bf44de5f72b
0.0,76924252,2,38462126.0,38462126.0,38278630,38645622,259502.5,PushPop,:batch=d39b15777f6f4f8ab4071745a79dbf28 phase=decode requests=25de90a8b4234cdd9f459bf44de5f72b
0.0,76923583,2,38461791.5,38461791.5,38289893,38633690,243101.2,PushPop,:batch=b9aed9354da54b06bda2f010ccc724c3 phase=decode requests=e6255778e8534404ac5ca8451b4d8752
0.0,76922663,2,38461331.5,38461331.5,38304394,38618269,221943.1,PushPop,:batch=0bc7b74a39104977a78f890cd9c336f3 phase=decode requests=e6255778e8534404ac5ca8451b4d8752
0.0,76922441,2,38461220.5,38461220.5,38325716,38596725,191632.3,PushPop,:batch=c8bc9a9822cd447ba75ae31a80de1d76 phase=decode requests=f613ba29e5e3458d8e63b0275b98ac68
0.0,76920833,2,38460416.5,38460416.5,38299361,38621472,227766.9,PushPop,:batch=54a1ce5b60764152b1f005eb227226c4 phase=decode requests=268bc1a668514718addc6aee590d0f20
0.0,76920508,2,38460254.0,38460254.0,38296792,38623716,231170.2,PushPop,:batch=467366cd2a7940b9bc2a2a0d863ec293 phase=decode requests=268bc1a668514718addc6aee590d0f20
0.0,76920047,2,38460023.5,38460023.5,38273107,38646940,264339.8,PushPop,:batch=65649abbac3e4366b2cee2dd781de4a4 phase=decode requests=e6255778e8534404ac5ca8451b4d8752
0.0,76919701,2,38459850.5,38459850.5,38276174,38643527,259757.8,PushPop,:batch=546513cdcfd744a5bb77eca039f874f4 phase=decode requests=e6255778e8534404ac5ca8451b4d8752
0.0,76919642,2,38459821.0,38459821.0,38286914,38632728,244527.4,PushPop,:batch=e0b1c38ac316438e800b1d3883541371 phase=decode requests=e6255778e8534404ac5ca8451b4d8752
0.0,76919227,2,38459613.5,38459613.5,38249238,38669989,297515.9,PushPop,:batch=517376c79b1c41319c7e85e653a1b2c6 phase=decode requests=25de90a8b4234cdd9f459bf44de5f72b
0.0,76918214,2,38459107.0,38459107.0,38281069,38637145,251783.8,PushPop,:batch=8ce1faf1f81a4d9198a750d6e0165066 phase=decode requests=25de90a8b4234cdd9f459bf44de5f72b
0.0,76918191,2,38459095.5,38459095.5,38276622,38641569,258056.5,PushPop,:batch=da54645b5f48430eb4ced6bc8e4065d4 phase=decode requests=25de90a8b4234cdd9f459bf44de5f72b
0.0,76917603,2,38458801.5,38458801.5,38292061,38625542,235806.7,PushPop,:batch=b5091e3ded284a91a7369d80059dbcf8 phase=decode requests=f613ba29e5e3458d8e63b0275b98ac68
0.0,76917474,2,38458737.0,38458737.0,38274953,38642521,259909.8,PushPop,:batch=bdd11f979d9949abb49f1cb88ffdd197 phase=decode requests=e6255778e8534404ac5ca8451b4d8752
0.0,76916460,2,38458230.0,38458230.0,38280461,38635999,251403.3,PushPop,:batch=5239d0506677427fb467dc515a3ac294 phase=decode requests=e6255778e8534404ac5ca8451b4d8752
0.0,76916390,2,38458195.0,38458195.0,38266929,38649461,270491.0,PushPop,:batch=91b7f37f8036453a9f3afc9340e0a471 phase=decode requests=e6255778e8534404ac5ca8451b4d8752
0.0,76914635,2,38457317.5,38457317.5,38272007,38642628,262068.6,PushPop,:batch=bdc16c2f0d2d4635acccebf525e2ed5f phase=decode requests=e6255778e8534404ac5ca8451b4d8752
0.0,76914455,2,38457227.5,38457227.5,38275985,38638470,256315.6,PushPop,:batch=f889059e69a44b8780af10ac2d561eec phase=decode requests=e6255778e8534404ac5ca8451b4d8752
0.0,76913114,2,38456557.0,38456557.0,38269874,38643240,264009.6,PushPop,:batch=08f2b792686a4e6bb0bc7f16c020ce39 phase=decode requests=e6255778e8534404ac5ca8451b4d8752
0.0,76912379,2,38456189.5,38456189.5,38274546,38637833,256882.7,PushPop,:batch=3129f43406ca42f68b170c46b87b412e phase=decode requests=e6255778e8534404ac5ca8451b4d8752
0.0,76911151,2,38455575.5,38455575.5,38295232,38615919,226760.0,PushPop,:batch=8698a2fd86b44774abebbf59cf4c00d2 phase=decode requests=e6255778e8534404ac5ca8451b4d8752
0.0,76910742,2,38455371.0,38455371.0,38253420,38657322,285601.8,PushPop,:batch=f4284691f9cf4b3d9a069ebef440fdff phase=decode requests=f613ba29e5e3458d8e63b0275b98ac68
0.0,76910596,2,38455298.0,38455298.0,38274211,38636385,256095.7,PushPop,:batch=9c62df78e3d44a1eb5b4934e7d43e00f phase=decode requests=e6255778e8534404ac5ca8451b4d8752
0.0,76909680,2,38454840.0,38454840.0,38242597,38667083,300156.9,PushPop,:batch=6859425115cd4ac6b2cfbe1b8074a90c phase=decode requests=e6255778e8534404ac5ca8451b4d8752
0.0,76909617,2,38454808.5,38454808.5,38269173,38640444,262528.2,PushPop,:batch=3f28aacf90c0456aafedce372273bc72 phase=decode requests=e6255778e8534404ac5ca8451b4d8752
0.0,76909449,2,38454724.5,38454724.5,38271811,38637638,258678.8,PushPop,:batch=ebade481871545e59cc01d6d815139d8 phase=decode requests=f613ba29e5e3458d8e63b0275b98ac68
0.0,76906586,2,38453293.0,38453293.0,38283989,38622597,239432.0,PushPop,:batch=af5a7deda29f479ab6d41c0cf91dfdf7 phase=decode requests=25de90a8b4234cdd9f459bf44de5f72b
0.0,76902286,2,38451143.0,38451143.0,38300193,38602093,213475.5,PushPop,:batch=bd980390301d48fba6578f6a8f6dbfac phase=decode requests=e6255778e8534404ac5ca8451b4d8752
0.0,76902071,2,38451035.5,38451035.5,38277918,38624153,244825.1,PushPop,:batch=7781a463e2024568bc5148b2be2f27ec phase=decode requests=e6255778e8534404ac5ca8451b4d8752
0.0,76901941,2,38450970.5,38450970.5,38272390,38629551,252551.0,PushPop,:batch=13578a390e284e5aab0e83f1068ca9a6 phase=decode requests=e6255778e8534404ac5ca8451b4d8752
0.0,76898743,2,38449371.5,38449371.5,38274901,38623842,246738.5,PushPop,:batch=928ed51e72c745b0b0883fc0a5b54974 phase=decode requests=e6255778e8534404ac5ca8451b4d8752
0.0,76896465,2,38448232.5,38448232.5,38427434,38469031,29413.5,PushPop,:batch=59e4cb85976940609ac9f80e3376b012 phase=decode requests=25de90a8b4234cdd9f459bf44de5f72b
0.0,76895041,2,38447520.5,38447520.5,38306637,38588404,199239.4,PushPop,:batch=13ca6ec5ac4c44799aea048c2e2dce4c phase=decode requests=e6255778e8534404ac5ca8451b4d8752
0.0,76893429,2,38446714.5,38446714.5,38291287,38602142,219807.7,PushPop,:batch=862c930007d14bb5b56b76415ad1332f phase=decode requests=268bc1a668514718addc6aee590d0f20
0.0,76892922,2,38446461.0,38446461.0,38269264,38623658,250594.4,PushPop,:batch=d363c2419dc349e081ff4fa9b30214bb phase=decode requests=e6255778e8534404ac5ca8451b4d8752
0.0,76891161,2,38445580.5,38445580.5,38270860,38620301,247092.1,PushPop,:batch=8097377359c747a1a2a0a6f49432fb59 phase=decode requests=f613ba29e5e3458d8e63b0275b98ac68
0.0,76890909,2,38445454.5,38445454.5,38281880,38609029,231329.3,PushPop,:batch=179460d5cebb478a9f2bcb1eae1cad9c phase=decode requests=e6255778e8534404ac5ca8451b4d8752
0.0,76889830,2,38444915.0,38444915.0,38253467,38636363,270748.4,PushPop,:batch=02d4c830efc74177baa7e3a6b9eab296 phase=decode requests=268bc1a668514718addc6aee590d0f20
0.0,76888090,2,38444045.0,38444045.0,38260783,38627307,259171.6,PushPop,:batch=a6061b2b03c04300bbed285216e2645f phase=decode requests=e6255778e8534404ac5ca8451b4d8752
0.0,76887124,2,38443562.0,38443562.0,38244326,38642798,281762.3,PushPop,:batch=b25cca49c4cb4db4a3252d0ca9f96ec1 phase=decode requests=e6255778e8534404ac5ca8451b4d8752
0.0,76886795,2,38443397.5,38443397.5,38236058,38650737,293222.3,PushPop,:batch=465c736b58214a71968820aadd4835a9 phase=decode requests=e6255778e8534404ac5ca8451b4d8752
0.0,76886152,2,38443076.0,38443076.0,38256447,38629705,263933.3,PushPop,:batch=68b93631d8054131a0f7ffe044702321 phase=decode requests=25de90a8b4234cdd9f459bf44de5f72b
0.0,76886012,2,38443006.0,38443006.0,38274557,38611455,238222.9,PushPop,:batch=198f55e18d71458c80b84b7f395f2391 phase=decode requests=e6255778e8534404ac5ca8451b4d8752
0.0,76884570,2,38442285.0,38442285.0,38234266,38650304,294183.3,PushPop,:batch=e3b7dd9c5182401a95d2a58897590a12 phase=decode requests=25de90a8b4234cdd9f459bf44de5f72b
0.0,76882965,2,38441482.5,38441482.5,38261542,38621423,254474.3,PushPop,:batch=3cde2479fb3e4121b933a8b119b29660 phase=decode requests=25de90a8b4234cdd9f459bf44de5f72b
0.0,76882650,2,38441325.0,38441325.0,38248993,38633657,271998.5,PushPop,:batch=57369c7d2c1c40d38102e447310fca70 phase=decode requests=f613ba29e5e3458d8e63b0275b98ac68
0.0,76881510,2,38440755.0,38440755.0,38263514,38617996,250656.6,PushPop,:batch=bd2b43f578b54e19b838f0e102d7f9b3 phase=decode requests=e6255778e8534404ac5ca8451b4d8752
0.0,76881052,2,38440526.0,38440526.0,38260105,38620947,255153.8,PushPop,:batch=29c6f44180614abb924dbb24041803cc phase=decode requests=e6255778e8534404ac5ca8451b4d8752
0.0,76878933,2,38439466.5,38439466.5,38258492,38620441,255936.6,PushPop,:batch=a0055a17793c488d9862e5f1ca8b86b2 phase=decode requests=268bc1a668514718addc6aee590d0f20
0.0,76878064,2,38439032.0,38439032.0,38247633,38630431,270679.1,PushPop,:batch=8910e0481dcb41ce913170f4a7c4eff7 phase=decode requests=f613ba29e5e3458d8e63b0275b98ac68
0.0,76877461,2,38438730.5,38438730.5,38279258,38598203,225528.2,PushPop,:batch=d31ff44d948a4d12a389c0f60db36d2d phase=decode requests=25de90a8b4234cdd9f459bf44de5f72b
0.0,76874272,2,38437136.0,38437136.0,38279574,38594698,222826.3,PushPop,:batch=3864b04e9c13439caf919585be20034a phase=decode requests=f613ba29e5e3458d8e63b0275b98ac68
0.0,76872239,2,38436119.5,38436119.5,38255293,38616946,255727.3,PushPop,:batch=20d3ab1dd4774c609c48cd35541d1eb6 phase=decode requests=f613ba29e5e3458d8e63b0275b98ac68
0.0,76872126,2,38436063.0,38436063.0,38261323,38610803,247119.7,PushPop,:batch=b77e50948d7041c0ba6f0e69bd2215c7 phase=decode requests=25de90a8b4234cdd9f459bf44de5f72b
0.0,76870873,2,38435436.5,38435436.5,38255482,38615391,254494.1,PushPop,:batch=640de3e750e4422bbe81c6d74a517e35 phase=decode requests=268bc1a668514718addc6aee590d0f20
0.0,76869393,2,38434696.5,38434696.5,38282677,38586716,214988.0,PushPop,:batch=9249b58bd5844a04a845620ea2893cdc phase=decode requests=268bc1a668514718addc6aee590d0f20
0.0,76868949,2,38434474.5,38434474.5,38281212,38587737,216745.9,PushPop,:batch=cbfbfa43b549425cafb106987795b74f phase=decode requests=f613ba29e5e3458d8e63b0275b98ac68
0.0,76868422,2,38434211.0,38434211.0,38279634,38588788,218604.9,PushPop,:batch=e2e10bb7505940db9d22156a41b9130a phase=decode requests=268bc1a668514718addc6aee590d0f20
0.0,76867705,2,38433852.5,38433852.5,38251514,38616191,257865.6,PushPop,:batch=304320e17a97426b8dcfce63ed8b71b0 phase=decode requests=e6255778e8534404ac5ca8451b4d8752
0.0,76867675,2,38433837.5,38433837.5,38260168,38607507,245605.8,PushPop,:batch=e1a7be785e124d18af9e1ddf95b80a8c phase=decode requests=f613ba29e5e3458d8e63b0275b98ac68
0.0,76867593,2,38433796.5,38433796.5,38264059,38603534,240045.1,PushPop,:batch=d0c5d2d7897e45a694662cf81e95ae3c phase=decode requests=e6255778e8534404ac5ca8451b4d8752
0.0,76864732,2,38432366.0,38432366.0,38263330,38601402,239053.0,PushPop,:batch=6014c6352cc842168d5fe2d6167cfece phase=decode requests=f613ba29e5e3458d8e63b0275b98ac68
0.0,76862803,2,38431401.5,38431401.5,38248798,38614005,258240.3,PushPop,:batch=3010b406a335474b827a90a27e55a499 phase=decode requests=268bc1a668514718addc6aee590d0f20
0.0,76861567,2,38430783.5,38430783.5,38243088,38618479,265441.5,PushPop,:batch=70a3b7f42c3144c8a1828de560985185 phase=decode requests=268bc1a668514718addc6aee590d0f20
0.0,76861303,2,38430651.5,38430651.5,38259187,38602116,242487.4,PushPop,:batch=995de70078b544e2a55c5f7ff44fc93e phase=decode requests=e6255778e8534404ac5ca8451b4d8752
0.0,76861006,2,38430503.0,38430503.0,38258209,38602797,243660.5,PushPop,:batch=8e2518c8edf84a4a964c2a9ed233f43c phase=decode requests=e6255778e8534404ac5ca8451b4d8752
0.0,76860186,2,38430093.0,38430093.0,38247066,38613120,258839.3,PushPop,:batch=179ceb930a754a18ad0f1673fee005d2 phase=decode requests=e6255778e8534404ac5ca8451b4d8752
0.0,76859465,2,38429732.5,38429732.5,38223680,38635785,291402.2,PushPop,:batch=9b59e208a2134f3992406c7cb34dbfb5 phase=decode requests=25de90a8b4234cdd9f459bf44de5f72b
0.0,76858867,2,38429433.5,38429433.5,38240242,38618625,267557.2,PushPop,:batch=78fb981c178f4a35b1f1b05168f56543 phase=decode requests=f613ba29e5e3458d8e63b0275b98ac68
0.0,76857799,2,38428899.5,38428899.5,38236410,38621389,272221.3,PushPop,:batch=0218f4a6c440488e848f57f417ec42fe phase=decode requests=25de90a8b4234cdd9f459bf44de5f72b
0.0,76857561,2,38428780.5,38428780.5,38266433,38591128,229594.0,PushPop,:batch=9f1ec6061836407b8e6b9b3335e161fb phase=decode requests=f613ba29e5e3458d8e63b0275b98ac68
0.0,76857199,2,38428599.5,38428599.5,38273429,38583770,219444.2,PushPop,:batch=b3005cbc0168400eb573a3cd8884311b phase=decode requests=e6255778e8534404ac5ca8451b4d8752
0.0,76856050,2,38428025.0,38428025.0,38257488,38598562,241175.7,PushPop,:batch=625fe6dff1274bb49cde8f82de7195b8 phase=decode requests=268bc1a668514718addc6aee590d0f20
0.0,76855825,2,38427912.5,38427912.5,38227302,38628523,283706.1,PushPop,:batch=9cd294a5e8984993af3996fdf357c897 phase=decode requests=f613ba29e5e3458d8e63b0275b98ac68
0.0,76855543,2,38427771.5,38427771.5,38246231,38609312,256737.0,PushPop,:batch=153936b868a648378fc0eb93bf6b8feb phase=decode requests=25de90a8b4234cdd9f459bf44de5f72b
0.0,76853501,2,38426750.5,38426750.5,38240301,38613200,263679.4,PushPop,:batch=dd337e0e719946d0a93948dc8092db6d phase=decode requests=f613ba29e5e3458d8e63b0275b98ac68
0.0,76852959,2,38426479.5,38426479.5,38241811,38611148,261160.7,PushPop,:batch=3d0c09c552444f589a7e642cc4ad295a phase=decode requests=e6255778e8534404ac5ca8451b4d8752
0.0,76852400,2,38426200.0,38426200.0,38256364,38596036,240184.4,PushPop,:batch=a4a796ffd5ba4f77867104e421419a0f phase=decode requests=268bc1a668514718addc6aee590d0f20
0.0,76851268,2,38425634.0,38425634.0,38227033,38624235,280864.2,PushPop,:batch=a8d52b927a0f43f78cfe952cd8316180 phase=decode requests=f613ba29e5e3458d8e63b0275b98ac68
0.0,76848955,2,38424477.5,38424477.5,38233783,38615172,269682.7,PushPop,:batch=5a8657820ea84b94b0375f6353e1a12c phase=decode requests=e6255778e8534404ac5ca8451b4d8752
0.0,76848081,2,38424040.5,38424040.5,38235614,38612467,266475.3,PushPop,:batch=bf540d8b434748f69dfa8501924e7908 phase=decode requests=e6255778e8534404ac5ca8451b4d8752
0.0,76847461,2,38423730.5,38423730.5,38247907,38599554,248652.0,PushPop,:batch=76ef51db445646bd981553ff55a54617 phase=decode requests=e6255778e8534404ac5ca8451b4d8752
0.0,76845500,2,38422750.0,38422750.0,38245784,38599716,250267.7,PushPop,:batch=d1b5b4ef7c894e0789ac600394248a05 phase=decode requests=25de90a8b4234cdd9f459bf44de5f72b
0.0,76843663,2,38421831.5,38421831.5,38248950,38594713,244491.4,PushPop,:batch=191aec8d2c264b86aa0bd7642ecd47e8 phase=decode requests=e6255778e8534404ac5ca8451b4d8752
0.0,76842621,2,38421310.5,38421310.5,38249435,38593186,243068.7,PushPop,:batch=e7d55b3f0422488cb49961c6817605f9 phase=decode requests=e6255778e8534404ac5ca8451b4d8752
0.0,76842551,2,38421275.5,38421275.5,38243845,38598706,250924.6,PushPop,:batch=fe324f12899c48b69ed6cbfc98d7be0b phase=decode requests=f613ba29e5e3458d8e63b0275b98ac68
0.0,76841782,2,38420891.0,38420891.0,38269256,38572526,214444.3,PushPop,:batch=858fef55d2624ad78d6b6a4b5e13a0cc phase=decode requests=268bc1a668514718addc6aee590d0f20
0.0,76840362,2,38420181.0,38420181.0,38239747,38600615,255172.2,PushPop,:batch=ddfcbfdffd08465e97fc6bea0f5208d2 phase=decode requests=e6255778e8534404ac5ca8451b4d8752
0.0,76838788,2,38419394.0,38419394.0,38269555,38569233,211904.3,PushPop,:batch=fb9bd12945e0455bad60639e071829f5 phase=decode requests=e6255778e8534404ac5ca8451b4d8752
0.0,76838711,2,38419355.5,38419355.5,38220918,38617793,280633.0,PushPop,:batch=b465c5cb93c44a34b400028decc8fa27 phase=decode requests=e6255778e8534404ac5ca8451b4d8752
0.0,76837403,2,38418701.5,38418701.5,38239592,38597811,253299.1,PushPop,:batch=2d4dca2528154f889eb178c852613a27 phase=decode requests=e6255778e8534404ac5ca8451b4d8752
0.0,76836473,2,38418236.5,38418236.5,38267174,38569299,213634.6,PushPop,:batch=d44156b635c54aef872ee1e8d9fe4036 phase=decode requests=268bc1a668514718addc6aee590d0f20
0.0,76833855,2,38416927.5,38416927.5,38249662,38584193,236549.1,PushPop,:batch=61f535d71eaa4cf6885d17af0550b365 phase=decode requests=e6255778e8534404ac5ca8451b4d8752
0.0,76832879,2,38416439.5,38416439.5,38256748,38576131,225837.9,PushPop,:batch=1e719df331db46719ebde93736108754 phase=decode requests=25de90a8b4234cdd9f459bf44de5f72b
0.0,76832836,2,38416418.0,38416418.0,38249288,38583548,236357.5,PushPop,:batch=37cf502f04444d32a6c6e079120e09df phase=decode requests=25de90a8b4234cdd9f459bf44de5f72b
0.0,76830743,2,38415371.5,38415371.5,38251205,38579538,232166.5,PushPop,:batch=6766ac19db914e2fb4b19da907a22248 phase=decode requests=e6255778e8534404ac5ca8451b4d8752
0.0,76828187,2,38414093.5,38414093.5,38203182,38625005,298273.9,PushPop,:batch=a6ea8b20b0dd41d1b8f024263d71443a phase=decode requests=e6255778e8534404ac5ca8451b4d8752
0.0,76827262,2,38413631.0,38413631.0,38270044,38557218,203062.7,PushPop,:batch=253fb8e8562b44b09f44cef798031ffd phase=decode requests=e6255778e8534404ac5ca8451b4d8752
0.0,76827123,2,38413561.5,38413561.5,38229013,38598110,260991.0,PushPop,:batch=9416f74856e94a6db6c823b8644c93ee phase=decode requests=e6255778e8534404ac5ca8451b4d8752
0.0,76825652,2,38412826.0,38412826.0,38214041,38611611,281124.4,PushPop,:batch=2380414cef814e6fb71adf1b4ede488c phase=decode requests=268bc1a668514718addc6aee590d0f20
0.0,76823547,2,38411773.5,38411773.5,38228443,38595104,259268.5,PushPop,:batch=e67f528442f241a18082177c94eee038 phase=decode requests=25de90a8b4234cdd9f459bf44de5f72b
0.0,76823427,2,38411713.5,38411713.5,38229491,38593936,257701.5,PushPop,:batch=2e3df7c72b404b4aa53a4de3ce026cdd phase=decode requests=e6255778e8534404ac5ca8451b4d8752
0.0,76823259,2,38411629.5,38411629.5,38221410,38601849,269011.0,PushPop,:batch=8d22f80c85d64bf7853356074f093fbd phase=decode requests=e6255778e8534404ac5ca8451b4d8752
0.0,76821378,2,38410689.0,38410689.0,38256354,38565024,218262.7,PushPop,:batch=f9bc6532d8144af38a85f6a453484be4 phase=decode requests=e6255778e8534404ac5ca8451b4d8752
0.0,76820001,2,38410000.5,38410000.5,38255366,38564635,218686.2,PushPop,:batch=28e194f9458b4780b1da2ef5f5a37a65 phase=decode requests=e6255778e8534404ac5ca8451b4d8752
0.0,76819739,2,38409869.5,38409869.5,38229691,38590048,254810.9,PushPop,:batch=c81f41fd1a6a42ddb1f759d21b10fee6 phase=decode requests=f613ba29e5e3458d8e63b0275b98ac68
0.0,76819438,2,38409719.0,38409719.0,38243497,38575941,235073.4,PushPop,:batch=052cdee243fe4a74a1ba489b4f789702 phase=decode requests=e6255778e8534404ac5ca8451b4d8752
0.0,76819381,2,38409690.5,38409690.5,38244459,38574922,233672.6,PushPop,:batch=b1428d7ebb4846ae843accf542cabc6d phase=decode requests=e6255778e8534404ac5ca8451b4d8752
0.0,76818859,2,38409429.5,38409429.5,38215027,38603832,274926.7,PushPop,:batch=695dcf4af7674e469d22579a24767fa4 phase=decode requests=25de90a8b4234cdd9f459bf44de5f72b
0.0,76818748,2,38409374.0,38409374.0,38266215,38552533,202457.4,PushPop,:batch=9e257fee744b4562af12a7013849d7bc phase=decode requests=f613ba29e5e3458d8e63b0275b98ac68
0.0,76817599,2,38408799.5,38408799.5,38233281,38584318,248220.6,PushPop,:batch=83d3b0f308df4dc9888727c2a01d7812 phase=decode requests=e6255778e8534404ac5ca8451b4d8752
0.0,76816884,2,38408442.0,38408442.0,38231062,38585822,250853.2,PushPop,:batch=336c91971098488295b6fcbc24795065 phase=decode requests=25de90a8b4234cdd9f459bf44de5f72b
0.0,76816574,2,38408287.0,38408287.0,38205990,38610584,286091.2,PushPop,:batch=524d69138a4149fbb4026810ab7ff052 phase=decode requests=f613ba29e5e3458d8e63b0275b98ac68
0.0,76816555,2,38408277.5,38408277.5,38242684,38573871,234184.6,PushPop,:batch=d0a4f56bedb742a5b954c1217ac38077 phase=decode requests=25de90a8b4234cdd9f459bf44de5f72b
0.0,76816113,2,38408056.5,38408056.5,38215933,38600180,271703.7,PushPop,:batch=70659fe582b447e7b15bd64e4c7a5e4c phase=decode requests=25de90a8b4234cdd9f459bf44de5f72b
0.0,76814820,2,38407410.0,38407410.0,38234173,38580647,244994.1,PushPop,:batch=0b909c5491674707bd395272e7b27a20 phase=decode requests=f613ba29e5e3458d8e63b0275b98ac68
0.0,76814712,2,38407356.0,38407356.0,38256140,38558572,213851.7,PushPop,:batch=00a974fe6c964031995efca4eca4a925 phase=decode requests=e6255778e8534404ac5ca8451b4d8752
0.0,76814400,2,38407200.0,38407200.0,38228633,38585767,252531.9,PushPop,:batch=d4eca14e0de848c1a6289dd9d6988b81 phase=decode requests=e6255778e8534404ac5ca8451b4d8752
0.0,76812501,2,38406250.5,38406250.5,38243324,38569177,230412.9,PushPop,:batch=b52aa1c34a0b4d078b4bc704846fe83c phase=decode requests=e6255778e8534404ac5ca8451b4d8752
0.0,76811038,2,38405519.0,38405519.0,38229666,38581372,248693.7,PushPop,:batch=967a964f744e4218b96ffa35424a8e7c phase=decode requests=25de90a8b4234cdd9f459bf44de5f72b
0.0,76810739,2,38405369.5,38405369.5,38222167,38588572,259087.5,PushPop,:batch=68ecda814447494ab98d3535d3378df8 phase=decode requests=e6255778e8534404ac5ca8451b4d8752
0.0,76810613,2,38405306.5,38405306.5,38232526,38578087,244348.5,PushPop,:batch=04bda2e56abf49da862b10d074d1999e phase=decode requests=f613ba29e5e3458d8e63b0275b98ac68
0.0,76810353,2,38405176.5,38405176.5,38231348,38579005,245830.6,PushPop,:batch=9db76dc19f7f4e4e921b2673f7732bc4 phase=decode requests=e6255778e8534404ac5ca8451b4d8752
0.0,76809517,2,38404758.5,38404758.5,38237678,38571839,236287.5,PushPop,:batch=d57e29aa4f07467085fc6b1978a8200e phase=decode requests=25de90a8b4234cdd9f459bf44de5f72b
0.0,76809300,2,38404650.0,38404650.0,38208957,38600343,276751.7,PushPop,:batch=62adfd3d84f249919077410db9d6bbc7 phase=decode requests=f613ba29e5e3458d8e63b0275b98ac68
0.0,76809188,2,38404594.0,38404594.0,38239720,38569468,233167.0,PushPop,:batch=f7c4e523bd8440e9854f7c205e0c5595 phase=decode requests=e6255778e8534404ac5ca8451b4d8752
0.0,76808986,2,38404493.0,38404493.0,38236239,38572747,237947.1,PushPop,:batch=f3a26c3b53374dd0a0db6a9d5264d252 phase=decode requests=25de90a8b4234cdd9f459bf44de5f72b
0.0,76808786,2,38404393.0,38404393.0,38215529,38593257,267094.0,PushPop,:batch=3e9819d59ca24c48aac25b5ba8dceb86 phase=decode requests=25de90a8b4234cdd9f459bf44de5f72b
0.0,76807025,2,38403512.5,38403512.5,37843797,38963228,791557.3,PushPop,:batch=ff25ca0207474cfe957dedd4f46f709f phase=decode requests=25de90a8b4234cdd9f459bf44de5f72b
0.0,76805842,2,38402921.0,38402921.0,38215825,38590017,264593.7,PushPop,:batch=2b1eff58522c4f90a253a46bddf847fa phase=decode requests=e6255778e8534404ac5ca8451b4d8752
0.0,76805801,2,38402900.5,38402900.5,38229661,38576140,244997.7,PushPop,:batch=cdb97ab941f64adc8e4b065552ad29c5 phase=decode requests=268bc1a668514718addc6aee590d0f20
0.0,76805739,2,38402869.5,38402869.5,38214683,38591056,266135.9,PushPop,:batch=3409db1a3ff5432187def74503e89421 phase=decode requests=f613ba29e5e3458d8e63b0275b98ac68
0.0,76803968,2,38401984.0,38401984.0,38229845,38574123,243441.3,PushPop,:batch=dfc96c3837004eb7b683fd0bbd8f3a61 phase=decode requests=25de90a8b4234cdd9f459bf44de5f72b
0.0,76803863,2,38401931.5,38401931.5,38250538,38553325,214102.7,PushPop,:batch=04990102da824c9d90ad6b5188dc4ba5 phase=decode requests=e6255778e8534404ac5ca8451b4d8752
0.0,76803262,2,38401631.0,38401631.0,38215046,38588216,263871.0,PushPop,:batch=fba11810dea145a7aaa7c58afd33239f phase=decode requests=25de90a8b4234cdd9f459bf44de5f72b
0.0,76803066,2,38401533.0,38401533.0,38237924,38565142,231378.1,PushPop,:batch=e94d98c6914d4904aaa01b0e96525ae8 phase=decode requests=e6255778e8534404ac5ca8451b4d8752
0.0,76803022,2,38401511.0,38401511.0,38216858,38586164,261138.8,PushPop,:batch=8a30a6d2dfe340529caae05fc97b3c42 phase=decode requests=f613ba29e5e3458d8e63b0275b98ac68
0.0,76802362,2,38401181.0,38401181.0,38233557,38568805,237056.1,PushPop,:batch=5eebe50bef4c4cfe959f7fd944558158 phase=decode requests=25de90a8b4234cdd9f459bf44de5f72b
0.0,76802253,2,38401126.5,38401126.5,38232344,38569909,238694.5,PushPop,:batch=3b32a7681d5e4f4187b90c8aead0f403 phase=decode requests=e6255778e8534404ac5ca8451b4d8752
0.0,76801519,2,38400759.5,38400759.5,38230036,38571483,241439.5,PushPop,:batch=6ccdf1f5bbb648359a525a9e789ba80a phase=decode requests=268bc1a668514718addc6aee590d0f20
0.0,76800719,2,38400359.5,38400359.5,38249220,38551499,213743.5,PushPop,:batch=d75688a87ca749e09eb9baf9eaa33518 phase=decode requests=25de90a8b4234cdd9f459bf44de5f72b
0.0,76798288,2,38399144.0,38399144.0,38211816,38586472,264921.8,PushPop,:batch=9305b3c6e4ce4e5bb7ad9076c0814f57 phase=decode requests=25de90a8b4234cdd9f459bf44de5f72b
0.0,76796877,2,38398438.5,38398438.5,38210113,38586764,266332.5,PushPop,:batch=37a7df9cdc9948519f087a3e75cf4b8b phase=decode requests=25de90a8b4234cdd9f459bf44de5f72b
0.0,76795565,2,38397782.5,38397782.5,38236884,38558681,227544.8,PushPop,:batch=569d4af85d0f4843af1f7685adf27ba6 phase=decode requests=e6255778e8534404ac5ca8451b4d8752
0.0,76792461,2,38396230.5,38396230.5,38236436,38556025,225983.5,PushPop,:batch=423d367dbd05464f9acc5486794b1e41 phase=decode requests=268bc1a668514718addc6aee590d0f20
0.0,76791897,2,38395948.5,38395948.5,38197707,38594190,280355.8,PushPop,:batch=6928c595047e48da938daac5981d5b2e phase=decode requests=e6255778e8534404ac5ca8451b4d8752
0.0,76791070,2,38395535.0,38395535.0,38225681,38565389,240209.8,PushPop,:batch=ccdbbf2d842f44c8b76efdab3cd6416c phase=decode requests=25de90a8b4234cdd9f459bf44de5f72b
0.0,76790123,2,38395061.5,38395061.5,38210931,38579192,260399.9,PushPop,:batch=5ea59e01841246e98c97e4bd967ce7d0 phase=decode requests=f613ba29e5e3458d8e63b0275b98ac68
0.0,76789577,2,38394788.5,38394788.5,38234669,38554908,226443.2,PushPop,:batch=3a7ce472d5fe44229a4aa97b881fc880 phase=decode requests=268bc1a668514718addc6aee590d0f20
0.0,76787166,2,38393583.0,38393583.0,38200519,38586647,273033.7,PushPop,:batch=eb412a9fb49c47f3afe4889ee0896e74 phase=decode requests=f613ba29e5e3458d8e63b0275b98ac68
0.0,76783791,2,38391895.5,38391895.5,38193686,38590105,280310.6,PushPop,:batch=cc2c8792668841358f0e8b93a186b7ba phase=decode requests=25de90a8b4234cdd9f459bf44de5f72b
0.0,76782830,2,38391415.0,38391415.0,38226543,38556287,233164.2,PushPop,:batch=74b6318f82bb495bb2d5280fd387b23b phase=decode requests=f613ba29e5e3458d8e63b0275b98ac68
0.0,76782671,2,38391335.5,38391335.5,38225343,38557328,234748.8,PushPop,:batch=b372683b3bbb4e89bffa4f8951fb07ef phase=decode requests=e6255778e8534404ac5ca8451b4d8752
0.0,76781278,2,38390639.0,38390639.0,38218408,38562870,243571.4,PushPop,:batch=ce6e53c37c1a4d3db6dfff33ced4dfad phase=decode requests=25de90a8b4234cdd9f459bf44de5f72b
0.0,76779482,2,38389741.0,38389741.0,38223157,38556325,235585.4,PushPop,:batch=8d024cea417d48c7b59fc0d9c222ebe1 phase=decode requests=25de90a8b4234cdd9f459bf44de5f72b
0.0,76779129,2,38389564.5,38389564.5,38215205,38563924,246581.6,PushPop,:batch=29d95afeba514803b37ee014245d41f6 phase=decode requests=e6255778e8534404ac5ca8451b4d8752
0.0,76778300,2,38389150.0,38389150.0,38244042,38534258,205213.7,PushPop,:batch=84cb3b87ad994e26afd7913113b5d7de phase=decode requests=f613ba29e5e3458d8e63b0275b98ac68
0.0,76778279,2,38389139.5,38389139.5,38191773,38586506,279118.4,PushPop,:batch=aa0489f9bfa843908bb452f79b70e51e phase=decode requests=e6255778e8534404ac5ca8451b4d8752
0.0,76778144,2,38389072.0,38389072.0,38193362,38584782,276775.7,PushPop,:batch=cafc8f2418404c6195b7c103bd51e05f phase=decode requests=268bc1a668514718addc6aee590d0f20
0.0,76777019,2,38388509.5,38388509.5,38221318,38555701,236444.5,PushPop,:batch=f0afb157d2a049ebbb0dcdd9c8c0175d phase=decode requests=e6255778e8534404ac5ca8451b4d8752
0.0,76776174,2,38388087.0,38388087.0,38192710,38583464,276304.8,PushPop,:batch=a028695224ba4f26856d18791aafa2c7 phase=decode requests=25de90a8b4234cdd9f459bf44de5f72b
0.0,76776053,2,38388026.5,38388026.5,38196038,38580015,271512.7,PushPop,:batch=d7f1b17ef8df4ad3b8d99ae4d23c522d phase=decode requests=f613ba29e5e3458d8e63b0275b98ac68
0.0,76773487,2,38386743.5,38386743.5,38207712,38565775,253188.8,PushPop,:batch=8a30ba8175a7462488a11241306b8dcf phase=decode requests=f613ba29e5e3458d8e63b0275b98ac68
0.0,76771999,2,38385999.5,38385999.5,38218840,38553159,236399.2,PushPop,:batch=7913b35a1c19417695ae2d9b894de0c3 phase=decode requests=25de90a8b4234cdd9f459bf44de5f72b
0.0,76771911,2,38385955.5,38385955.5,38223054,38548857,230377.5,PushPop,:batch=5a14444c592f4cd7ac56a3b5920f90ef phase=decode requests=e6255778e8534404ac5ca8451b4d8752
0.0,76770584,2,38385292.0,38385292.0,38200171,38570413,261800.6,PushPop,:batch=ea1b20ab4e7f4e178a9ad94444eafd21 phase=decode requests=e6255778e8534404ac5ca8451b4d8752
0.0,76767404,2,38383702.0,38383702.0,38164507,38602897,309988.5,PushPop,:batch=db6462173d064718a413b4e1de414707 phase=decode requests=f613ba29e5e3458d8e63b0275b98ac68
0.0,76766377,2,38383188.5,38383188.5,38211690,38554687,242535.5,PushPop,:batch=04d74af8e9ef47e19cb37addbc250642 phase=decode requests=25de90a8b4234cdd9f459bf44de5f72b
0.0,76766320,2,38383160.0,38383160.0,38200360,38565960,258518.2,PushPop,:batch=77e30b56cbdb45729a3f35dd92837b0e phase=decode requests=268bc1a668514718addc6aee590d0f20
0.0,76766025,2,38383012.5,38383012.5,38194518,38571507,266571.5,PushPop,:batch=edc97b32d8984a5b929a034ca88b8458 phase=decode requests=268bc1a668514718addc6aee590d0f20
0.0,76765775,2,38382887.5,38382887.5,38205622,38560153,250691.3,PushPop,:batch=ce8326ef96ca4090a71352a0258f50ed phase=decode requests=e6255778e8534404ac5ca8451b4d8752
0.0,76764455,2,38382227.5,38382227.5,38236604,38527851,205942.7,PushPop,:batch=dfc6c65e16b641948c82a328176285d7 phase=decode requests=f613ba29e5e3458d8e63b0275b98ac68
0.0,76764059,2,38382029.5,38382029.5,38199692,38564367,257864.2,PushPop,:batch=31d2de13769746fea32b32590b59c717 phase=decode requests=e6255778e8534404ac5ca8451b4d8752
0.0,76763754,2,38381877.0,38381877.0,38196153,38567601,262653.4,PushPop,:batch=61a1ff9964f044069c7a4fc4714319e6 phase=decode requests=25de90a8b4234cdd9f459bf44de5f72b
0.0,76763417,2,38381708.5,38381708.5,38213591,38549826,237754.0,PushPop,:batch=76f954f633e14ee99bf9ddaaf49df32e phase=decode requests=f613ba29e5e3458d8e63b0275b98ac68
0.0,76763086,2,38381543.0,38381543.0,38206294,38556792,247839.5,PushPop,:batch=ca04be01566743508f7d63d1d5a10095 phase=decode requests=25de90a8b4234cdd9f459bf44de5f72b
0.0,76761949,2,38380974.5,38380974.5,38202878,38559071,251866.5,PushPop,:batch=a48e59c417044ed78046d988269f65a3 phase=decode requests=f613ba29e5e3458d8e63b0275b98ac68
0.0,76758879,2,38379439.5,38379439.5,38206992,38551887,243877.6,PushPop,:batch=ab031dce1a6a465b97479c00d137bc18 phase=decode requests=e6255778e8534404ac5ca8451b4d8752
0.0,76758680,2,38379340.0,38379340.0,38210119,38548561,239314.6,PushPop,:batch=9a6cd72e107e4e6eb4ecfb38bb912c3f phase=decode requests=e6255778e8534404ac5ca8451b4d8752
0.0,76757575,2,38378787.5,38378787.5,38175976,38581599,286818.8,PushPop,:batch=d47cf6ef503c456e808018abc2b2ffab phase=decode requests=f613ba29e5e3458d8e63b0275b98ac68
0.0,76757443,2,38378721.5,38378721.5,38199004,38558439,254158.9,PushPop,:batch=badaf6421a34481b95680c1c6739cb8a phase=decode requests=f613ba29e5e3458d8e63b0275b98ac68
0.0,76756962,2,38378481.0,38378481.0,38185881,38571081,272377.5,PushPop,:batch=5cdc567d87dd4f2cb80f23b65a9a741f phase=decode requests=f613ba29e5e3458d8e63b0275b98ac68
0.0,76756681,2,38378340.5,38378340.5,38185864,38570817,272202.9,PushPop,:batch=a13e7cc4cb404907b8b2175643abdf4c phase=decode requests=f613ba29e5e3458d8e63b0275b98ac68
0.0,76756526,2,38378263.0,38378263.0,38231650,38524876,207342.1,PushPop,:batch=2eb553090c514520bbc2cb27e353a2a3 phase=decode requests=268bc1a668514718addc6aee590d0f20
0.0,76756276,2,38378138.0,38378138.0,38172450,38583826,290886.8,PushPop,:batch=cb69968ae1d5409aa66d1849bcd3bccd phase=decode requests=e6255778e8534404ac5ca8451b4d8752
0.0,76755911,2,38377955.5,38377955.5,38224027,38531884,217687.8,PushPop,:batch=f9c2ae92d1d343a0a12c19f655455778 phase=decode requests=25de90a8b4234cdd9f459bf44de5f72b
0.0,76755592,2,38377796.0,38377796.0,38222255,38533337,219968.2,PushPop,:batch=25e4f45dbfe84326bd4684d0652a3462 phase=decode requests=f613ba29e5e3458d8e63b0275b98ac68
0.0,76755358,2,38377679.0,38377679.0,38206306,38549052,242358.0,PushPop,:batch=6cc15dcc60b8497387b373e377ae5a61 phase=decode requests=25de90a8b4234cdd9f459bf44de5f72b
0.0,76754875,2,38377437.5,38377437.5,38221982,38532893,219847.3,PushPop,:batch=0ab57bc4557c4bd2b851951ae55dc788 phase=decode requests=e6255778e8534404ac5ca8451b4d8752
0.0,76754708,2,38377354.0,38377354.0,38193414,38561294,260130.4,PushPop,:batch=ac873ee09bec46adba22d12f9504a4cd phase=decode requests=f613ba29e5e3458d8e63b0275b98ac68
0.0,76753693,2,38376846.5,38376846.5,38191144,38562549,262623.0,PushPop,:batch=388abfcbcfe04ba8a265b717678ddc39 phase=decode requests=e6255778e8534404ac5ca8451b4d8752
0.0,76752025,2,38376012.5,38376012.5,37972101,38779924,571217.1,PushPop,:batch=95b1dbfefae541ac9c3bc1de47eb14e8 phase=decode requests=25de90a8b4234cdd9f459bf44de5f72b
0.0,76750315,2,38375157.5,38375157.5,38207506,38542809,237095.0,PushPop,:batch=66ee1047d50e49a094a3e1a5f80ba4c9 phase=decode requests=25de90a8b4234cdd9f459bf44de5f72b
0.0,76750255,2,38375127.5,38375127.5,38184407,38565848,269719.5,PushPop,:batch=be8b42ad8381492ea118311e2f9e4f64 phase=decode requests=e6255778e8534404ac5ca8451b4d8752
0.0,76750178,2,38375089.0,38375089.0,38235359,38514819,197608.1,PushPop,:batch=a9575313e6ff4b2aa1294a50abea14cb phase=decode requests=f613ba29e5e3458d8e63b0275b98ac68
0.0,76749652,2,38374826.0,38374826.0,38214262,38535390,227071.8,PushPop,:batch=9ebd3ee938424bb381c83d665965cc46 phase=decode requests=f613ba29e5e3458d8e63b0275b98ac68
0.0,76749078,2,38374539.0,38374539.0,38218037,38531041,221327.3,PushPop,:batch=d8a39666b7b3494fb3b764f9e5c26388 phase=decode requests=25de90a8b4234cdd9f459bf44de5f72b
0.0,76747046,2,38373523.0,38373523.0,38211839,38535207,228655.7,PushPop,:batch=d52223b85f9c45ceb217ff7b2cf93e6e phase=decode requests=268bc1a668514718addc6aee590d0f20
0.0,76744649,2,38372324.5,38372324.5,38210247,38534402,229212.2,PushPop,:batch=fe093a6563d940b8938d62733d9c771c phase=decode requests=f613ba29e5e3458d8e63b0275b98ac68
0.0,76743958,2,38371979.0,38371979.0,38196277,38547681,248480.2,PushPop,:batch=438c9ef68b8b4282bae1a3fa778adfd1 phase=decode requests=e6255778e8534404ac5ca8451b4d8752
0.0,76741542,2,38370771.0,38370771.0,38192404,38549138,252249.0,PushPop,:batch=82b7a570c97c4aa0a992c1ee54a82d4c phase=decode requests=f613ba29e5e3458d8e63b0275b98ac68
0.0,76740290,2,38370145.0,38370145.0,38204538,38535752,234203.7,PushPop,:batch=b7a0a249ac014d0eb3549a14fc5382da phase=decode requests=268bc1a668514718addc6aee590d0f20
0.0,76739440,2,38369720.0,38369720.0,38185153,38554287,261017.2,PushPop,:batch=ac752c6ae00b4913be1ce63ded3f26da phase=decode requests=e6255778e8534404ac5ca8451b4d8752
0.0,76737427,2,38368713.5,38368713.5,38196714,38540713,243244.0,PushPop,:batch=0930ca21bf8142b3af2de16c1ad8c010 phase=decode requests=f613ba29e5e3458d8e63b0275b98ac68
0.0,76737413,2,38368706.5,38368706.5,38181568,38555845,264653.8,PushPop,:batch=4b9878f2fcf84827947d4210cecfa1a9 phase=decode requests=25de90a8b4234cdd9f459bf44de5f72b
0.0,76737369,2,38368684.5,38368684.5,38202702,38534667,234734.7,PushPop,:batch=d6e6466a29da4f1daabf98b72a3db3a4 phase=decode requests=e6255778e8534404ac5ca8451b4d8752
0.0,76737056,2,38368528.0,38368528.0,38164348,38572708,288754.1,PushPop,:batch=732b39bc7e1d49ce92b1b41dc04076d6 phase=decode requests=f613ba29e5e3458d8e63b0275b98ac68
0.0,76737005,2,38368502.5,38368502.5,38178336,38558669,268936.0,PushPop,:batch=89f3ad0437754698a39341125b8295e7 phase=decode requests=e6255778e8534404ac5ca8451b4d8752
0.0,76736612,2,38368306.0,38368306.0,38213777,38522835,218537.0,PushPop,:batch=3f36d38e885f4f70a2747b01f9ed2c0a phase=decode requests=f613ba29e5e3458d8e63b0275b98ac68
0.0,76736503,2,38368251.5,38368251.5,38186816,38549687,256588.5,PushPop,:batch=d73e8316b2f84e5ca5f0f651a4646954 phase=decode requests=f613ba29e5e3458d8e63b0275b98ac68
0.0,76736371,2,38368185.5,38368185.5,38208862,38527509,225317.5,PushPop,:batch=089643c0bd1e4de689b74ac6de5b1b4e phase=decode requests=25de90a8b4234cdd9f459bf44de5f72b
0.0,76736189,2,38368094.5,38368094.5,38213943,38522246,218003.1,PushPop,:batch=0faed608c42a43ee8becf8c0a3a80062 phase=decode requests=f613ba29e5e3458d8e63b0275b98ac68
0.0,76735979,2,38367989.5,38367989.5,38191100,38544879,250159.5,PushPop,:batch=0edfd6f0f4424b0fb3b0abce1bb9998f phase=decode requests=f613ba29e5e3458d8e63b0275b98ac68
0.0,76735806,2,38367903.0,38367903.0,38205450,38530356,229743.2,PushPop,:batch=a9adfba03eb74f4ebb6244cb83c4e2df phase=decode requests=f613ba29e5e3458d8e63b0275b98ac68
0.0,76734733,2,38367366.5,38367366.5,38155974,38578759,298954.1,PushPop,:batch=0ff7dac762f44ec4a094eda302a3653b phase=decode requests=25de90a8b4234cdd9f459bf44de5f72b
0.0,76732594,2,38366297.0,38366297.0,38177500,38555094,266999.3,PushPop,:batch=20f4af826d744b44a751cab937a3733a phase=decode requests=e6255778e8534404ac5ca8451b4d8752
0.0,76731611,2,38365805.5,38365805.5,38188991,38542620,250053.5,PushPop,:batch=e1e875d1c71846969486ccaedfda368d phase=decode requests=f613ba29e5e3458d8e63b0275b98ac68
0.0,76731117,2,38365558.5,38365558.5,38186284,38544833,253532.4,PushPop,:batch=f9b3ac8cd77947a6897dc2b1d44fe69c phase=decode requests=e6255778e8534404ac5ca8451b4d8752
0.0,76730696,2,38365348.0,38365348.0,38181026,38549670,260670.7,PushPop,:batch=f8badc8665b64b99bd34926be1ace4e8 phase=decode requests=25de90a8b4234cdd9f459bf44de5f72b
0.0,76730109,2,38365054.5,38365054.5,38211318,38518791,217416.2,PushPop,:batch=45f7b90618a44a42820f01681c519070 phase=decode requests=268bc1a668514718addc6aee590d0f20
0.0,76728082,2,38364041.0,38364041.0,38174134,38553948,268569.1,PushPop,:batch=93259802ad0c4e1cbf47caf1372e0a7f phase=decode requests=f613ba29e5e3458d8e63b0275b98ac68
0.0,76727478,2,38363739.0,38363739.0,37982853,38744625,538654.1,PushPop,:batch=2c7f15f65acd4cc7bf3012feedc3e340 phase=decode requests=25de90a8b4234cdd9f459bf44de5f72b
0.0,76727396,2,38363698.0,38363698.0,38188424,38538972,247874.9,PushPop,:batch=7b41f5b0921f465c9c0680f37e3483cf phase=decode requests=25de90a8b4234cdd9f459bf44de5f72b
0.0,76727024,2,38363512.0,38363512.0,38195267,38531757,237934.4,PushPop,:batch=2905df6617b84ffca45b577e2c5bb9a1 phase=decode requests=e6255778e8534404ac5ca8451b4d8752
0.0,76725934,2,38362967.0,38362967.0,38191709,38534225,242195.4,PushPop,:batch=bdb5be9005bc41ee8c1c62acc432db8f phase=decode requests=e6255778e8534404ac5ca8451b4d8752
0.0,76724872,2,38362436.0,38362436.0,38174393,38550479,265933.0,PushPop,:batch=99d193f706fd45368d2509c897934264 phase=decode requests=f613ba29e5e3458d8e63b0275b98ac68
0.0,76724538,2,38362269.0,38362269.0,38192342,38532196,240313.1,PushPop,:batch=8660593a43cc4531aa9ca78a8bcf87ac phase=decode requests=25de90a8b4234cdd9f459bf44de5f72b
0.0,76724378,2,38362189.0,38362189.0,38163917,38560461,280399.0,PushPop,:batch=ca42e4fb6d9c408aad353677bf359b1c phase=decode requests=268bc1a668514718addc6aee590d0f20
0.0,76722603,2,38361301.5,38361301.5,38173688,38548915,265325.6,PushPop,:batch=c97651a98b304e1ab851b75f46f63a6b phase=decode requests=25de90a8b4234cdd9f459bf44de5f72b
0.0,76721921,2,38360960.5,38360960.5,38199420,38522501,228452.8,PushPop,:batch=d6b7ceeb43cc4a0a9724b5f46d917ffa phase=decode requests=e6255778e8534404ac5ca8451b4d8752
0.0,76720716,2,38360358.0,38360358.0,38178224,38542492,257576.4,PushPop,:batch=58f3f7d24a67446b86f8733ed6bd2ac9 phase=decode requests=25de90a8b4234cdd9f459bf44de5f72b
0.0,76719408,2,38359704.0,38359704.0,38210130,38509278,211529.6,PushPop,:batch=5cbbe49ff88d4742903f397627d8acc4 phase=decode requests=f613ba29e5e3458d8e63b0275b98ac68
0.0,76717087,2,38358543.5,38358543.5,38171933,38545154,263907.1,PushPop,:batch=ec74d05ab07046fb9e1bce08df17b393 phase=decode requests=e6255778e8534404ac5ca8451b4d8752
0.0,76716319,2,38358159.5,38358159.5,38190878,38525441,236571.8,PushPop,:batch=f48b8969546b43e3b7e2ac13dafc1b44 phase=decode requests=e6255778e8534404ac5ca8451b4d8752
0.0,76716251,2,38358125.5,38358125.5,38198680,38517571,225490.0,PushPop,:batch=54bfee694da946a88ec7120d0d7859be phase=decode requests=268bc1a668514718addc6aee590d0f20
0.0,76715784,2,38357892.0,38357892.0,38205684,38510100,215254.6,PushPop,:batch=4088b3da29e245b6b1b50241de700e31 phase=decode requests=268bc1a668514718addc6aee590d0f20
0.0,76713311,2,38356655.5,38356655.5,38171683,38541628,261590.6,PushPop,:batch=f6681e00773e4778a4eae90cabe02703 phase=decode requests=e6255778e8534404ac5ca8451b4d8752
0.0,76710947,2,38355473.5,38355473.5,38192518,38518429,230453.9,PushPop,:batch=e5dd9381a2f541d480eee2139b4f8893 phase=decode requests=f613ba29e5e3458d8e63b0275b98ac68
0.0,76710812,2,38355406.0,38355406.0,38147072,38563740,294628.8,PushPop,:batch=f526fb4892a64be5b927930902ca4f87 phase=decode requests=25de90a8b4234cdd9f459bf44de5f72b
0.0,76707986,2,38353993.0,38353993.0,38197573,38510413,221211.3,PushPop,:batch=1f82860fd7f44f4cae88e0c3ef17b683 phase=decode requests=e6255778e8534404ac5ca8451b4d8752
0.0,76707935,2,38353967.5,38353967.5,38155256,38552679,281020.5,PushPop,:batch=2d46d25812ce4e03973b35ddc91453b5 phase=decode requests=25de90a8b4234cdd9f459bf44de5f72b
0.0,76706855,2,38353427.5,38353427.5,38174579,38532276,252930.0,PushPop,:batch=10933b1e17e6400a9a5cb9ede496dba0 phase=decode requests=25de90a8b4234cdd9f459bf44de5f72b
0.0,76706471,2,38353235.5,38353235.5,38172619,38533852,255430.3,PushPop,:batch=76a17576b0c641cbbd7706dbf3a10fc4 phase=decode requests=e6255778e8534404ac5ca8451b4d8752
0.0,76703432,2,38351716.0,38351716.0,38170518,38532914,256252.7,PushPop,:batch=1598e54866b9479a857887515b4b3a14 phase=decode requests=25de90a8b4234cdd9f459bf44de5f72b
0.0,76703009,2,38351504.5,38351504.5,38170146,38532863,256479.7,PushPop,:batch=449b5c05b73e474c9de28676fe2a909d phase=decode requests=e6255778e8534404ac5ca8451b4d8752
0.0,76702988,2,38351494.0,38351494.0,38169683,38533305,257119.6,PushPop,:batch=1da8741f71de4e799f6512b7746b61f2 phase=decode requests=f613ba29e5e3458d8e63b0275b98ac68
0.0,76701945,2,38350972.5,38350972.5,38171905,38530040,253239.7,PushPop,:batch=68d7564086784df4ad622b49e0803ccc phase=decode requests=e6255778e8534404ac5ca8451b4d8752
0.0,76701257,2,38350628.5,38350628.5,38169627,38531630,255974.8,PushPop,:batch=2fa4fcd841764ecb84e20a43d6c7b4bb phase=decode requests=25de90a8b4234cdd9f459bf44de5f72b
0.0,76700967,2,38350483.5,38350483.5,38181077,38519890,239577.0,PushPop,:batch=731de740428c458c873e2c39dfa3554d phase=decode requests=e6255778e8534404ac5ca8451b4d8752
0.0,76699808,2,38349904.0,38349904.0,38180449,38519359,239645.6,PushPop,:batch=e53d7e669fc14514892807ec31debd3c phase=decode requests=268bc1a668514718addc6aee590d0f20
0.0,76699757,2,38349878.5,38349878.5,38141154,38558603,295181.0,PushPop,:batch=e483eebfc288432dbfa6c96380c58856 phase=decode requests=268bc1a668514718addc6aee590d0f20
0.0,76699744,2,38349872.0,38349872.0,38184440,38515304,233956.2,PushPop,:batch=a1e981fa32474367b3923f846bb3ade0 phase=decode requests=25de90a8b4234cdd9f459bf44de5f72b
0.0,76697846,2,38348923.0,38348923.0,38151419,38546427,279312.8,PushPop,:batch=ab8435ff9e834d7d8cf0a5ab5cfa9090 phase=decode requests=e6255778e8534404ac5ca8451b4d8752
0.0,76696959,2,38348479.5,38348479.5,38196916,38500043,214343.2,PushPop,:batch=f4e891def9304ec08fa056eac91e93c0 phase=decode requests=e6255778e8534404ac5ca8451b4d8752
0.0,76695396,2,38347698.0,38347698.0,38186671,38508725,227726.6,PushPop,:batch=b5aba3d2bc224d939a5833bf415d6419 phase=decode requests=268bc1a668514718addc6aee590d0f20
0.0,76690986,2,38345493.0,38345493.0,38190286,38500700,219495.8,PushPop,:batch=03e2de48dfeb422fa3bf8dff4e0a0dd6 phase=decode requests=25de90a8b4234cdd9f459bf44de5f72b
0.0,76690772,2,38345386.0,38345386.0,38177569,38513203,237329.1,PushPop,:batch=c18fa29392b546be81954c1ee149165e phase=decode requests=e6255778e8534404ac5ca8451b4d8752
0.0,76689465,2,38344732.5,38344732.5,38158571,38530894,263272.1,PushPop,:batch=a980fc61209c4be68cf9c5f7ce8dad8b phase=decode requests=268bc1a668514718addc6aee590d0f20
0.0,76688194,2,38344097.0,38344097.0,38183515,38504679,227097.2,PushPop,:batch=2a2fbaa6e75f4a4eb92cbce72f161697 phase=decode requests=25de90a8b4234cdd9f459bf44de5f72b
0.0,76687154,2,38343577.0,38343577.0,38176853,38510301,235783.3,PushPop,:batch=1fd7c75400cc48009fa6e0e6970ada3e phase=decode requests=e6255778e8534404ac5ca8451b4d8752
0.0,76685900,2,38342950.0,38342950.0,38135453,38550447,293445.1,PushPop,:batch=068e42eed277400dbcd4d3a40e1e4b5f phase=decode requests=e6255778e8534404ac5ca8451b4d8752
0.0,76684901,2,38342450.5,38342450.5,38159064,38525837,259347.7,PushPop,:batch=453cc8efc8434257b60a85248d4667d6 phase=decode requests=e6255778e8534404ac5ca8451b4d8752
0.0,76684317,2,38342158.5,38342158.5,38162710,38521607,253778.5,PushPop,:batch=02374659f1af4f38a59303b5ec0ec684 phase=decode requests=e6255778e8534404ac5ca8451b4d8752
0.0,76684060,2,38342030.0,38342030.0,38164322,38519738,251317.1,PushPop,:batch=0937f31702f34ffaa3861bf6c7d2e742 phase=decode requests=25de90a8b4234cdd9f459bf44de5f72b
0.0,76682496,2,38341248.0,38341248.0,38140389,38542107,284057.5,PushPop,:batch=144b8b72094f4f6ba7f891d823b73faf phase=decode requests=25de90a8b4234cdd9f459bf44de5f72b
0.0,76680723,2,38340361.5,38340361.5,38167514,38513209,244443.3,PushPop,:batch=5f00b6cfe04d409db910cde2c52e89d8 phase=decode requests=268bc1a668514718addc6aee590d0f20
0.0,76679809,2,38339904.5,38339904.5,38172449,38507360,236817.8,PushPop,:batch=9854eb499d9341ad9aa4c066146d1951 phase=decode requests=268bc1a668514718addc6aee590d0f20
0.0,76679783,2,38339891.5,38339891.5,38121387,38558396,309012.0,PushPop,:batch=f6c17b63b5a4403a917fb210ca1edd82 phase=decode requests=25de90a8b4234cdd9f459bf44de5f72b
0.0,76679517,2,38339758.5,38339758.5,38149354,38530163,269272.6,PushPop,:batch=310f0e74afbc4f808596d26818391add phase=decode requests=f613ba29e5e3458d8e63b0275b98ac68
0.0,76678668,2,38339334.0,38339334.0,38108408,38570260,326578.7,PushPop,:batch=c12079a6900f4cd98f9b6f5934775f90 phase=decode requests=25de90a8b4234cdd9f459bf44de5f72b
0.0,76677598,2,38338799.0,38338799.0,38125594,38552004,301517.4,PushPop,:batch=513776fb5a2741df810b1074589c0c54 phase=decode requests=e6255778e8534404ac5ca8451b4d8752
0.0,76677236,2,38338618.0,38338618.0,38134438,38542798,288754.1,PushPop,:batch=238110af9cc6419c971e145625906a19 phase=decode requests=268bc1a668514718addc6aee590d0f20
0.0,76673117,2,38336558.5,38336558.5,38168418,38504699,237786.6,PushPop,:batch=4a6df0152c6e4b33b53ccda97f18ecb2 phase=decode requests=268bc1a668514718addc6aee590d0f20
0.0,76672138,2,38336069.0,38336069.0,38166704,38505434,239518.3,PushPop,:batch=29638eb2c5ef44d494df9186a7e0ec95 phase=decode requests=f613ba29e5e3458d8e63b0275b98ac68
0.0,76672064,2,38336032.0,38336032.0,38156848,38515216,253404.4,PushPop,:batch=55a357945e7e42049bb56a6a90749d21 phase=decode requests=25de90a8b4234cdd9f459bf44de5f72b
0.0,76670414,2,38335207.0,38335207.0,38163173,38507241,243292.8,PushPop,:batch=efac84dd4cfe45d9b1041395c9500fc6 phase=decode requests=25de90a8b4234cdd9f459bf44de5f72b
0.0,76667165,2,38333582.5,38333582.5,38136871,38530294,278192.1,PushPop,:batch=6d2e9d43acd045e79dabf8c71eb9b5e5 phase=decode requests=25de90a8b4234cdd9f459bf44de5f72b
0.0,76666825,2,38333412.5,38333412.5,38178409,38488416,219208.1,PushPop,:batch=a1a625a6d5d14af1be19cf5465bddba0 phase=decode requests=e6255778e8534404ac5ca8451b4d8752
0.0,76666558,2,38333279.0,38333279.0,38152105,38514453,256218.7,PushPop,:batch=888203a74a1148ab8176cd3271b5188d phase=decode requests=25de90a8b4234cdd9f459bf44de5f72b
0.0,76665754,2,38332877.0,38332877.0,38177396,38488358,219883.3,PushPop,:batch=032e57cf40ca4c5bb2d238f2ac8a9067 phase=decode requests=25de90a8b4234cdd9f459bf44de5f72b
0.0,76665278,2,38332639.0,38332639.0,38163671,38501607,238956.8,PushPop,:batch=5af4c353cd034639910d0c5f8c6936f4 phase=decode requests=f613ba29e5e3458d8e63b0275b98ac68
0.0,76665208,2,38332604.0,38332604.0,38149648,38515560,258738.9,PushPop,:batch=e1f557f57f664b288026a8d980ebc443 phase=decode requests=25de90a8b4234cdd9f459bf44de5f72b
0.0,76665079,2,38332539.5,38332539.5,38146876,38518203,262567.8,PushPop,:batch=19cc09ab241249b2bac2b871a3f96728 phase=decode requests=f613ba29e5e3458d8e63b0275b98ac68
0.0,76663493,2,38331746.5,38331746.5,38140324,38523169,270712.3,PushPop,:batch=b4b7943fbae142dab1d026f365701983 phase=decode requests=f613ba29e5e3458d8e63b0275b98ac68
0.0,76662758,2,38331379.0,38331379.0,38127615,38535143,288165.8,PushPop,:batch=e46a2ff2c02c4fa2b530aa514fd80581 phase=decode requests=e6255778e8534404ac5ca8451b4d8752
0.0,76660944,2,38330472.0,38330472.0,38161642,38499302,238761.7,PushPop,:batch=9a3e3e9b582c4f5aa82cca92a2c77150 phase=decode requests=f613ba29e5e3458d8e63b0275b98ac68
0.0,76658865,2,38329432.5,38329432.5,38159545,38499320,240257.2,PushPop,:batch=6d1b5ddd780644acaf6316b766ce91d1 phase=decode requests=f613ba29e5e3458d8e63b0275b98ac68
0.0,76657593,2,38328796.5,38328796.5,38168784,38488809,226291.8,PushPop,:batch=3383a6cff5614bc3aa6e22836e9ddd44 phase=decode requests=f613ba29e5e3458d8e63b0275b98ac68
0.0,76653616,2,38326808.0,38326808.0,38148816,38504800,251718.7,PushPop,:batch=8d60fe2748bd4c0498a04254b461325d phase=decode requests=25de90a8b4234cdd9f459bf44de5f72b
0.0,76650678,2,38325339.0,38325339.0,38163658,38487020,228651.5,PushPop,:batch=63cf83a65e4f4d01abdd4a86b3e9f426 phase=decode requests=e6255778e8534404ac5ca8451b4d8752
0.0,76649486,2,38324743.0,38324743.0,38162579,38486907,229334.5,PushPop,:batch=d4e44b10868844158045c35bca6431f1 phase=decode requests=268bc1a668514718addc6aee590d0f20
0.0,76648569,2,38324284.5,38324284.5,38135277,38513292,267297.0,PushPop,:batch=f0b943b4b0ff46cd9b2c052aba12672c phase=decode requests=f613ba29e5e3458d8e63b0275b98ac68
0.0,76648231,2,38324115.5,38324115.5,38154957,38493274,239226.2,PushPop,:batch=69ce4dc4ca88494fab12f54f35a912dc phase=decode requests=268bc1a668514718addc6aee590d0f20
0.0,76646634,2,38323317.0,38323317.0,38146225,38500409,250445.9,PushPop,:batch=eb8c2b88d5214fada82e2053cc9e0018 phase=decode requests=25de90a8b4234cdd9f459bf44de5f72b
0.0,76645510,2,38322755.0,38322755.0,38156551,38488959,235048.0,PushPop,:batch=cd29ba6ba4e24fedb76ff98e1a3acafa phase=decode requests=e6255778e8534404ac5ca8451b4d8752
0.0,76645170,2,38322585.0,38322585.0,38137831,38507339,261281.6,PushPop,:batch=5150281692494d2f9ab88723b39bfbfc phase=decode requests=25de90a8b4234cdd9f459bf44de5f72b
0.0,76644693,2,38322346.5,38322346.5,38162281,38482412,226366.8,PushPop,:batch=154347c5afbe4d0b89f66dcb8f9f0bbd phase=decode requests=268bc1a668514718addc6aee590d0f20
0.0,76643838,2,38321919.0,38321919.0,38178759,38465079,202458.8,PushPop,:batch=66c7b43c885840679a2c11b9a2652a90 phase=decode requests=268bc1a668514718addc6aee590d0f20
0.0,76642695,2,38321347.5,38321347.5,38141547,38501148,254276.3,PushPop,:batch=d8f30c3efcdb416488b33614b590972a phase=decode requests=e6255778e8534404ac5ca8451b4d8752
0.0,76642149,2,38321074.5,38321074.5,38127813,38514336,273313.0,PushPop,:batch=cd8423f4c4c74c82960a944f10c3762e phase=decode requests=f613ba29e5e3458d8e63b0275b98ac68
0.0,76640418,2,38320209.0,38320209.0,38148887,38491531,242285.9,PushPop,:batch=f6411a6148154eeab71e33aba7249f21 phase=decode requests=f613ba29e5e3458d8e63b0275b98ac68
0.0,76637475,2,38318737.5,38318737.5,38161772,38475703,221982.7,PushPop,:batch=494cb3d6ab604233821959833ca14b05 phase=decode requests=25de90a8b4234cdd9f459bf44de5f72b
0.0,76635863,2,38317931.5,38317931.5,38142013,38493850,248786.3,PushPop,:batch=c5ca515a0d854a45ae8dfdfab3ed1a94 phase=decode requests=25de90a8b4234cdd9f459bf44de5f72b
0.0,76635157,2,38317578.5,38317578.5,38159639,38475518,223360.2,PushPop,:batch=de81709e96c142759e4123faebaea2bb phase=decode requests=268bc1a668514718addc6aee590d0f20
0.0,76634912,2,38317456.0,38317456.0,38138833,38496079,252611.1,PushPop,:batch=e78a971a876545c09cbf8e1ba1023972 phase=decode requests=25de90a8b4234cdd9f459bf44de5f72b
0.0,76630249,2,38315124.5,38315124.5,38138286,38491963,250087.4,PushPop,:batch=6c42e92f22ac44f694f4b7080453be0d phase=decode requests=25de90a8b4234cdd9f459bf44de5f72b
0.0,76628541,2,38314270.5,38314270.5,38151503,38477038,230188.0,PushPop,:batch=2945fdd3bde14718af7adc5640a5fca3 phase=decode requests=f613ba29e5e3458d8e63b0275b98ac68
0.0,76625628,2,38312814.0,38312814.0,38134147,38491481,252673.3,PushPop,:batch=27983b1325a44fee80a31702714ffe41 phase=decode requests=25de90a8b4234cdd9f459bf44de5f72b
0.0,76624146,2,38312073.0,38312073.0,38124880,38499266,264730.9,PushPop,:batch=1053a51e8ecb4110a0baf74431603f3a phase=decode requests=f613ba29e5e3458d8e63b0275b98ac68
0.0,76623571,2,38311785.5,38311785.5,38147722,38475849,232020.8,PushPop,:batch=f0efa1d898304a8c8787c2be920fb2d1 phase=decode requests=25de90a8b4234cdd9f459bf44de5f72b
0.0,76622926,2,38311463.0,38311463.0,38114576,38508350,278440.3,PushPop,:batch=c07695b349e543139a950e0a2e8f2ca8 phase=decode requests=e6255778e8534404ac5ca8451b4d8752
0.0,76621757,2,38310878.5,38310878.5,38139617,38482140,242200.3,PushPop,:batch=9485a192bb84499f97970801ffd8b829 phase=decode requests=25de90a8b4234cdd9f459bf44de5f72b
0.0,76620539,2,38310269.5,38310269.5,38150974,38469565,225277.9,PushPop,:batch=899645652c3d43a4a8a38d96f8139acc phase=decode requests=25de90a8b4234cdd9f459bf44de5f72b
0.0,76619616,2,38309808.0,38309808.0,38142234,38477382,236985.4,PushPop,:batch=4fb15d39b7a54cdea8e470293a7973bc phase=decode requests=e6255778e8534404ac5ca8451b4d8752
0.0,76618217,2,38309108.5,38309108.5,38135914,38482303,244934.0,PushPop,:batch=5a93d01b69b849d69ddc305617ca8f17 phase=decode requests=268bc1a668514718addc6aee590d0f20
0.0,76616061,2,38308030.5,38308030.5,38128332,38487729,254132.1,PushPop,:batch=82524741beb74999b26907e57bffe408 phase=decode requests=f613ba29e5e3458d8e63b0275b98ac68
0.0,76612747,2,38306373.5,38306373.5,38101566,38511181,289641.5,PushPop,:batch=f841c763ab3b413a830c6ccb2b4e5140 phase=decode requests=f613ba29e5e3458d8e63b0275b98ac68
0.0,76612540,2,38306270.0,38306270.0,38121070,38491470,261912.4,PushPop,:batch=7dc407edc6b547b9b43e1315af322f78 phase=decode requests=25de90a8b4234cdd9f459bf44de5f72b
0.0,76612132,2,38306066.0,38306066.0,38136427,38475705,239905.8,PushPop,:batch=e508b9f06c764f659abb53a6d79ae0ed phase=decode requests=25de90a8b4234cdd9f459bf44de5f72b
0.0,76611219,2,38305609.5,38305609.5,38130478,38480741,247673.3,PushPop,:batch=be1472c5049e4c44a14cc7e6ab8a5519 phase=decode requests=25de90a8b4234cdd9f459bf44de5f72b
0.0,76609680,2,38304840.0,38304840.0,38138592,38471088,235110.2,PushPop,:batch=3ed2a6265a3146609250af770ae9ddfa phase=decode requests=25de90a8b4234cdd9f459bf44de5f72b
0.0,76608555,2,38304277.5,38304277.5,38104774,38503781,282140.6,PushPop,:batch=c869c11bd6d84a96b944c9df7491a61d phase=decode requests=f613ba29e5e3458d8e63b0275b98ac68
0.0,76606714,2,38303357.0,38303357.0,38122024,38484690,256443.6,PushPop,:batch=66c7bed6df69412fa2e0687d71a62be7 phase=decode requests=f613ba29e5e3458d8e63b0275b98ac68
0.0,76603746,2,38301873.0,38301873.0,38109252,38494494,272407.2,PushPop,:batch=41848094f2794b09a26e0b228794304d phase=decode requests=f613ba29e5e3458d8e63b0275b98ac68
0.0,76602251,2,38301125.5,38301125.5,38153878,38448373,208239.4,PushPop,:batch=8dc7d1a113f847d1ab076a2fcee0dc4f phase=decode requests=f613ba29e5e3458d8e63b0275b98ac68
0.0,76601502,2,38300751.0,38300751.0,38140855,38460647,226127.1,PushPop,:batch=c44eaed12be941caa67156dc6d4b2a32 phase=decode requests=268bc1a668514718addc6aee590d0f20
0.0,76601373,2,38300686.5,38300686.5,38121432,38479941,253504.1,PushPop,:batch=e13d65fdb1544f3f99ea7485b29196af phase=decode requests=25de90a8b4234cdd9f459bf44de5f72b
0.0,76600608,2,38300304.0,38300304.0,38123023,38477585,250713.2,PushPop,:batch=394f03c26ea84eb6a0d5c7019278ed62 phase=decode requests=25de90a8b4234cdd9f459bf44de5f72b
0.0,76599742,2,38299871.0,38299871.0,38132647,38467095,236490.4,PushPop,:batch=3d1c830f7df34f248df82ddc209474ef phase=decode requests=25de90a8b4234cdd9f459bf44de5f72b
0.0,76598634,2,38299317.0,38299317.0,38109630,38489004,268257.9,PushPop,:batch=c276dbbf23aa4613a3e84f1388586db1 phase=decode requests=f613ba29e5e3458d8e63b0275b98ac68
0.0,76598395,2,38299197.5,38299197.5,38113356,38485039,262819.6,PushPop,:batch=8d39f096377548d6bc676bc3fcd9575f phase=decode requests=f613ba29e5e3458d8e63b0275b98ac68
0.0,76597801,2,38298900.5,38298900.5,38122440,38475361,249552.8,PushPop,:batch=ecc1276ab7e64741a58de9fa45e66edc phase=decode requests=25de90a8b4234cdd9f459bf44de5f72b
0.0,76595544,2,38297772.0,38297772.0,38086252,38509292,299134.5,PushPop,:batch=f6d8f8738f8a4bd0aea40742a8f1ac46 phase=decode requests=25de90a8b4234cdd9f459bf44de5f72b
0.0,76595338,2,38297669.0,38297669.0,38134734,38460604,230424.9,PushPop,:batch=001b6c8d74d34fbdb729a13985f439eb phase=decode requests=268bc1a668514718addc6aee590d0f20
0.0,76594872,2,38297436.0,38297436.0,38087556,38507316,296815.1,PushPop,:batch=0ac11c2b02f142b291c9053abbe9e873 phase=decode requests=25de90a8b4234cdd9f459bf44de5f72b
0.0,76592922,2,38296461.0,38296461.0,38132356,38460566,232079.5,PushPop,:batch=8fbbb805f5c847708f06ca0dc622c057 phase=decode requests=268bc1a668514718addc6aee590d0f20
0.0,76592847,2,38296423.5,38296423.5,38117404,38475443,253171.8,PushPop,:batch=1426480f50fb4f6083335411aadb2af4 phase=decode requests=f613ba29e5e3458d8e63b0275b98ac68
0.0,76592203,2,38296101.5,38296101.5,38113357,38478846,258439.8,PushPop,:batch=f978bcceb80b49e596fe3a831a376e99 phase=decode requests=f613ba29e5e3458d8e63b0275b98ac68
0.0,76592129,2,38296064.5,38296064.5,38121937,38470192,246253.5,PushPop,:batch=da87276e919d4a83ad43fdb9e73fdf3f phase=decode requests=25de90a8b4234cdd9f459bf44de5f72b
0.0,76591662,2,38295831.0,38295831.0,38131727,38459935,232078.1,PushPop,:batch=fafe0ff1a2ae459893954e4a7807c0fd phase=decode requests=25de90a8b4234cdd9f459bf44de5f72b
0.0,76591548,2,38295774.0,38295774.0,38112158,38479390,259672.2,PushPop,:batch=5c9d035976af4c17a6fda4a5fa0e3af0 phase=decode requests=25de90a8b4234cdd9f459bf44de5f72b
0.0,76587237,2,38293618.5,38293618.5,38100940,38486297,272488.5,PushPop,:batch=3a921671db6542cb891796b9274ca2c0 phase=decode requests=25de90a8b4234cdd9f459bf44de5f72b
0.0,76587011,2,38293505.5,38293505.5,38124724,38462287,238693.1,PushPop,:batch=158e2cb41e444b8c8a1fae6d1c37b361 phase=decode requests=25de90a8b4234cdd9f459bf44de5f72b
0.0,76585972,2,38292986.0,38292986.0,38118176,38467796,247218.7,PushPop,:batch=8f7eb339435942fabdf3a1016919c651 phase=decode requests=f613ba29e5e3458d8e63b0275b98ac68
0.0,76585213,2,38292606.5,38292606.5,38128250,38456963,232435.2,PushPop,:batch=9973037abf504ecbafd09b38606cb1fc phase=decode requests=268bc1a668514718addc6aee590d0f20
0.0,76584451,2,38292225.5,38292225.5,38120296,38464155,243145.0,PushPop,:batch=d63db7423a5147aeb624d15a179c71ed phase=decode requests=268bc1a668514718addc6aee590d0f20
0.0,76583621,2,38291810.5,38291810.5,38121618,38462003,240688.5,PushPop,:batch=95884fe80c1344dd8b0104518f14b5b7 phase=decode requests=268bc1a668514718addc6aee590d0f20
0.0,76581378,2,38290689.0,38290689.0,38130373,38451005,226721.1,PushPop,:batch=050a34bf9a234ac9b496c7564733f5ce phase=decode requests=268bc1a668514718addc6aee590d0f20
0.0,76580834,2,38290417.0,38290417.0,38146856,38433978,203025.9,PushPop,:batch=6fc912744295450da0301835bfd26688 phase=decode requests=268bc1a668514718addc6aee590d0f20
0.0,76579284,2,38289642.0,38289642.0,38127112,38452172,229852.1,PushPop,:batch=f471f6fba3964822b321c3a320e1c584 phase=decode requests=f613ba29e5e3458d8e63b0275b98ac68
0.0,76577507,2,38288753.5,38288753.5,38122700,38454807,234835.1,PushPop,:batch=f339557404b048da802fc36f1116f223 phase=decode requests=25de90a8b4234cdd9f459bf44de5f72b
0.0,76577060,2,38288530.0,38288530.0,38106534,38470526,257381.2,PushPop,:batch=a320dff091284d5c91fa6f719e5efb60 phase=decode requests=25de90a8b4234cdd9f459bf44de5f72b
0.0,76575597,2,38287798.5,38287798.5,38103621,38471976,260466.3,PushPop,:batch=df388026c128461ebe4ef8432f05967d phase=decode requests=f613ba29e5e3458d8e63b0275b98ac68
0.0,76573679,2,38286839.5,38286839.5,38074045,38499634,300936.9,PushPop,:batch=f6f72366ab7c4137a3cb0b2508fc11d6 phase=decode requests=f613ba29e5e3458d8e63b0275b98ac68
0.0,76572815,2,38286407.5,38286407.5,38132192,38440623,218093.7,PushPop,:batch=7d29499265dd451a8b5d01c9ab998934 phase=decode requests=25de90a8b4234cdd9f459bf44de5f72b
0.0,76571665,2,38285832.5,38285832.5,38134495,38437170,214023.5,PushPop,:batch=f3e5ca42a48845de9fb8a8ca11d31963 phase=decode requests=25de90a8b4234cdd9f459bf44de5f72b
0.0,76570799,2,38285399.5,38285399.5,38107248,38463551,251944.3,PushPop,:batch=fb316cade9c14a9bb1a19a128d1841fd phase=decode requests=268bc1a668514718addc6aee590d0f20
0.0,76570515,2,38285257.5,38285257.5,38129814,38440701,219830.3,PushPop,:batch=a0c3b98275da452398817c3be4c8ea70 phase=decode requests=f613ba29e5e3458d8e63b0275b98ac68
0.0,76570337,2,38285168.5,38285168.5,38126255,38444082,224737.6,PushPop,:batch=ad1c7fe92f1d4f58a96d35cb634453be phase=decode requests=25de90a8b4234cdd9f459bf44de5f72b
0.0,76570255,2,38285127.5,38285127.5,38118072,38452183,236252.2,PushPop,:batch=bb2c9392ca9245d987ea4a5b329fd07e phase=decode requests=f613ba29e5e3458d8e63b0275b98ac68
0.0,76568099,2,38284049.5,38284049.5,38130469,38437630,217195.6,PushPop,:batch=be62cb8d9ec64ac3b560da9a16bb89b5 phase=decode requests=f613ba29e5e3458d8e63b0275b98ac68
0.0,76566810,2,38283405.0,38283405.0,38097545,38469265,262845.7,PushPop,:batch=d8601bd9e09942cf9d00f3ffd7991a52 phase=decode requests=25de90a8b4234cdd9f459bf44de5f72b
0.0,76566786,2,38283393.0,38283393.0,38055620,38511166,322119.7,PushPop,:batch=b68df08cd2c5404db13da7eb7293e55e phase=decode requests=25de90a8b4234cdd9f459bf44de5f72b
0.0,76566649,2,38283324.5,38283324.5,38119804,38446845,231252.9,PushPop,:batch=082db67dc6d94a17964e525308146510 phase=decode requests=268bc1a668514718addc6aee590d0f20
0.0,76565901,2,38282950.5,38282950.5,38096691,38469210,263410.7,PushPop,:batch=edbe8bcba04a4cd690c6052d79db06f3 phase=decode requests=f613ba29e5e3458d8e63b0275b98ac68
0.0,76563876,2,38281938.0,38281938.0,38124027,38439849,223319.9,PushPop,:batch=ce9b21e01f704d88aa73ec653b7dcc15 phase=decode requests=268bc1a668514718addc6aee590d0f20
0.0,76563139,2,38281569.5,38281569.5,38128073,38435066,217076.8,PushPop,:batch=29d6586040034f39a9bf90d7e5f68699 phase=decode requests=25de90a8b4234cdd9f459bf44de5f72b
0.0,76562894,2,38281447.0,38281447.0,38084308,38478586,278796.6,PushPop,:batch=7dfaf1dd64b944a9afd211c836c17d00 phase=decode requests=25de90a8b4234cdd9f459bf44de5f72b
0.0,76562866,2,38281433.0,38281433.0,38104313,38458553,250485.5,PushPop,:batch=801c956123a9441594afc5ebe9d20f5d phase=decode requests=25de90a8b4234cdd9f459bf44de5f72b
0.0,76561918,2,38280959.0,38280959.0,38074128,38487790,292503.2,PushPop,:batch=10d32153a1af43cb82bd511619345e19 phase=decode requests=268bc1a668514718addc6aee590d0f20
0.0,76561541,2,38280770.5,38280770.5,38107403,38454138,245178.7,PushPop,:batch=1fc8d106fac141c6bc467dd90787ef2b phase=decode requests=25de90a8b4234cdd9f459bf44de5f72b
0.0,76560978,2,38280489.0,38280489.0,38110044,38450934,241045.6,PushPop,:batch=3b503715bb644a80ad2e9852b2c85153 phase=decode requests=f613ba29e5e3458d8e63b0275b98ac68
0.0,76558542,2,38279271.0,38279271.0,38118796,38439746,226945.9,PushPop,:batch=2e124dfc3f3a46bf83fbaee001c71b9e phase=decode requests=f613ba29e5e3458d8e63b0275b98ac68
0.0,76557135,2,38278567.5,38278567.5,38106442,38450693,243422.2,PushPop,:batch=a99428bf784b4d86a18cebf3b1ab05a0 phase=decode requests=e6255778e8534404ac5ca8451b4d8752
0.0,76555413,2,38277706.5,38277706.5,38103498,38451915,246368.0,PushPop,:batch=c5e891bd1eb34c55b2c198a4e273e05e phase=decode requests=f613ba29e5e3458d8e63b0275b98ac68
0.0,76551370,2,38275685.0,38275685.0,38092720,38458650,258751.6,PushPop,:batch=29987ecdea41462b9bfba2dbaf9d91bd phase=decode requests=268bc1a668514718addc6aee590d0f20
0.0,76550376,2,38275188.0,38275188.0,38112212,38438164,230482.9,PushPop,:batch=a78e18af207240e1b6dc1c268fb7baeb phase=decode requests=f613ba29e5e3458d8e63b0275b98ac68
0.0,76549769,2,38274884.5,38274884.5,38119263,38430506,220082.0,PushPop,:batch=a6199e5611a849689dd02ed9a8286325 phase=decode requests=25de90a8b4234cdd9f459bf44de5f72b
0.0,76549254,2,38274627.0,38274627.0,38109323,38439931,233775.2,PushPop,:batch=9cf7ee6092444004891314c9ab312c30 phase=decode requests=f613ba29e5e3458d8e63b0275b98ac68
0.0,76548826,2,38274413.0,38274413.0,38094298,38454528,254721.1,PushPop,:batch=10f1d418deee46ae96b32d815c0f905b phase=decode requests=f613ba29e5e3458d8e63b0275b98ac68
0.0,76547764,2,38273882.0,38273882.0,38125109,38422655,210396.8,PushPop,:batch=ae48a5656a5d48cea6144863089c032e phase=decode requests=e6255778e8534404ac5ca8451b4d8752
0.0,76544676,2,38272338.0,38272338.0,38081966,38462710,269226.7,PushPop,:batch=690d443bbcf540768971b17d3b65d903 phase=decode requests=f613ba29e5e3458d8e63b0275b98ac68
0.0,76543748,2,38271874.0,38271874.0,38097382,38446366,246769.0,PushPop,:batch=e77c8d8b1feb4d22959e5053377d0d44 phase=decode requests=25de90a8b4234cdd9f459bf44de5f72b
0.0,76543257,2,38271628.5,38271628.5,38064713,38478544,292622.7,PushPop,:batch=64708931da064bce957ad100c8686d31 phase=decode requests=25de90a8b4234cdd9f459bf44de5f72b
0.0,76543253,2,38271626.5,38271626.5,38083565,38459688,265959.1,PushPop,:batch=66afa76a3ce646c0847f11e37385dd8b phase=decode requests=268bc1a668514718addc6aee590d0f20
0.0,76541777,2,38270888.5,38270888.5,38097275,38444502,245526.6,PushPop,:batch=28ecc04b44564c9e891156a86bfd14e8 phase=decode requests=f613ba29e5e3458d8e63b0275b98ac68
0.0,76541755,2,38270877.5,38270877.5,38104065,38437690,235908.5,PushPop,:batch=fd91f22c8b324d49a269b44bbba9cd38 phase=decode requests=25de90a8b4234cdd9f459bf44de5f72b
0.0,76541733,2,38270866.5,38270866.5,38102379,38439354,238277.3,PushPop,:batch=cbb51082374248e2955726f170332eee phase=decode requests=268bc1a668514718addc6aee590d0f20
0.0,76541361,2,38270680.5,38270680.5,38087300,38454061,259339.2,PushPop,:batch=47e257e3aafe447fb902d057d0fe00d0 phase=decode requests=25de90a8b4234cdd9f459bf44de5f72b
0.0,76541329,2,38270664.5,38270664.5,38096934,38444395,245692.0,PushPop,:batch=3e7ef7083cb543e281b89e8f6eb70955 phase=decode requests=25de90a8b4234cdd9f459bf44de5f72b
0.0,76541129,2,38270564.5,38270564.5,38074258,38466871,277619.3,PushPop,:batch=c0f270395ff440568395754905e68c80 phase=decode requests=f613ba29e5e3458d8e63b0275b98ac68
0.0,76539394,2,38269697.0,38269697.0,38083403,38455991,263459.5,PushPop,:batch=ea0c0b1454494d82b63151420503e3a3 phase=decode requests=f613ba29e5e3458d8e63b0275b98ac68
0.0,76538235,2,38269117.5,38269117.5,38080756,38457479,266383.4,PushPop,:batch=1bb6377e896b477fb0fdbd952b3c9993 phase=decode requests=268bc1a668514718addc6aee590d0f20
0.0,76537679,2,38268839.5,38268839.5,38122855,38414824,206453.3,PushPop,:batch=8f908e2afe1d45a2b25a20bdff2b5552 phase=decode requests=f613ba29e5e3458d8e63b0275b98ac68
0.0,76536960,2,38268480.0,38268480.0,38051245,38485715,307216.7,PushPop,:batch=6bc55e3f0abc4c21a896887c3e3991b2 phase=decode requests=25de90a8b4234cdd9f459bf44de5f72b
0.0,76536460,2,38268230.0,38268230.0,38071285,38465175,278522.3,PushPop,:batch=800df58164984ac08a0d86fc31795cb4 phase=decode requests=268bc1a668514718addc6aee590d0f20
0.0,76534692,2,38267346.0,38267346.0,38084864,38449828,258068.5,PushPop,:batch=0aa991d4301e4aaa9e105ded06143e4f phase=decode requests=25de90a8b4234cdd9f459bf44de5f72b
0.0,76532227,2,38266113.5,38266113.5,38103577,38428650,229861.3,PushPop,:batch=e95187473bc144e3bf429a8742de672b phase=decode requests=268bc1a668514718addc6aee590d0f20
0.0,76531142,2,38265571.0,38265571.0,38100049,38431093,234083.5,PushPop,:batch=9f4aeecd8cda45a588aa85b40e3af340 phase=decode requests=25de90a8b4234cdd9f459bf44de5f72b
0.0,76530948,2,38265474.0,38265474.0,38087780,38443168,251297.3,PushPop,:batch=22976170d48e4ce69ca47e4a21dd9fd8 phase=decode requests=268bc1a668514718addc6aee590d0f20
0.0,76527019,2,38263509.5,38263509.5,38102973,38424046,227032.9,PushPop,:batch=91a217f92139449abba5517c3f657a9f phase=decode requests=25de90a8b4234cdd9f459bf44de5f72b
0.0,76525213,2,38262606.5,38262606.5,38075542,38449671,264549.2,PushPop,:batch=f0d122127f99410088ef0b301fe12a04 phase=decode requests=f613ba29e5e3458d8e63b0275b98ac68
0.0,76523190,2,38261595.0,38261595.0,38056970,38466220,289383.5,PushPop,:batch=438848ff632242bea17b7094f94b2a4d phase=decode requests=268bc1a668514718addc6aee590d0f20
0.0,76522785,2,38261392.5,38261392.5,38093380,38429405,237605.6,PushPop,:batch=c96002e496d44fc48d1f4d3db764538e phase=decode requests=f613ba29e5e3458d8e63b0275b98ac68
0.0,76522594,2,38261297.0,38261297.0,38121957,38400637,197056.5,PushPop,:batch=9835ac51acc9446eaec33df7d4e5c79d phase=decode requests=25de90a8b4234cdd9f459bf44de5f72b
0.0,76520661,2,38260330.5,38260330.5,38089375,38431286,241767.6,PushPop,:batch=13a614d304254e8d939539d1a9bfe460 phase=decode requests=25de90a8b4234cdd9f459bf44de5f72b
0.0,76520567,2,38260283.5,38260283.5,38034645,38485922,319101.0,PushPop,:batch=8a4e63362e004b368dc7e049f5644768 phase=decode requests=e6255778e8534404ac5ca8451b4d8752
0.0,76520428,2,38260214.0,38260214.0,38104908,38415520,219635.9,PushPop,:batch=98cae12adcfe46cfa9e72a2d0c638b57 phase=decode requests=25de90a8b4234cdd9f459bf44de5f72b
0.0,76520305,2,38260152.5,38260152.5,38133518,38386787,179088.2,PushPop,:batch=1cc37d3f764d4a2cb63ad65362cedbef phase=decode requests=25de90a8b4234cdd9f459bf44de5f72b
0.0,76519245,2,38259622.5,38259622.5,38045613,38473632,302655.1,PushPop,:batch=2b57308f335e46bb83954353bd1c642f phase=decode requests=25de90a8b4234cdd9f459bf44de5f72b
0.0,76519011,2,38259505.5,38259505.5,38079841,38439170,254084.0,PushPop,:batch=e47c7263a02343a3bf9cbb5d7e6cb1e0 phase=decode requests=268bc1a668514718addc6aee590d0f20
0.0,76514733,2,38257366.5,38257366.5,38077050,38437683,255006.0,PushPop,:batch=06ded109dae34a78befb52990571f221 phase=decode requests=25de90a8b4234cdd9f459bf44de5f72b
0.0,76514695,2,38257347.5,38257347.5,38055126,38459569,285984.4,PushPop,:batch=ba4b7a253c0246919e750f0b9bb53dd1 phase=decode requests=25de90a8b4234cdd9f459bf44de5f72b
0.0,76513710,2,38256855.0,38256855.0,38100827,38412883,220656.9,PushPop,:batch=43e79f4dd8e843b08c56de9cdd1dab32 phase=decode requests=f613ba29e5e3458d8e63b0275b98ac68
0.0,76513102,2,38256551.0,38256551.0,38082018,38431084,246826.9,PushPop,:batch=af18f011aab240dd82d355659129ae71 phase=decode requests=268bc1a668514718addc6aee590d0f20
0.0,76512057,2,38256028.5,38256028.5,38075465,38436592,255355.4,PushPop,:batch=63d174d064e54631bfe1d3392486f67f phase=decode requests=25de90a8b4234cdd9f459bf44de5f72b
0.0,76511407,2,38255703.5,38255703.5,38050838,38460569,289723.6,PushPop,:batch=694cd87d846e47d289e6040e60eff4c0 phase=decode requests=25de90a8b4234cdd9f459bf44de5f72b
0.0,76510553,2,38255276.5,38255276.5,38085630,38424923,239916.4,PushPop,:batch=b21a5375c6924321aa2df24515318e84 phase=decode requests=25de90a8b4234cdd9f459bf44de5f72b
0.0,76508890,2,38254445.0,38254445.0,38076618,38432272,251485.4,PushPop,:batch=7eefaa2f5a984f79a0c9108fc033db19 phase=decode requests=25de90a8b4234cdd9f459bf44de5f72b
0.0,76508398,2,38254199.0,38254199.0,38073146,38435252,256047.6,PushPop,:batch=8ffd329219524c52a45e968e8866f885 phase=decode requests=25de90a8b4234cdd9f459bf44de5f72b
0.0,76506514,2,38253257.0,38253257.0,38074040,38432474,253451.1,PushPop,:batch=4e017287e41e4e5aa0ea4952f15a8492 phase=decode requests=25de90a8b4234cdd9f459bf44de5f72b
0.0,76505710,2,38252855.0,38252855.0,38063924,38441786,267188.8,PushPop,:batch=c77e80c553c847cd9e7c1c1f3e8ce28d phase=decode requests=25de90a8b4234cdd9f459bf44de5f72b
0.0,76504132,2,38252066.0,38252066.0,38065681,38438451,263588.2,PushPop,:batch=6ea59849935d4d1698503b94400b4d58 phase=decode requests=25de90a8b4234cdd9f459bf44de5f72b
0.0,76502619,2,38251309.5,38251309.5,38064525,38438094,264153.2,PushPop,:batch=803577b2309245c6af6e694dcb5639bd phase=decode requests=25de90a8b4234cdd9f459bf44de5f72b
0.0,76500702,2,38250351.0,38250351.0,38053391,38447311,278543.5,PushPop,:batch=aca282aa08904553a5fa6721e4c394c0 phase=decode requests=25de90a8b4234cdd9f459bf44de5f72b
0.0,76500513,2,38250256.5,38250256.5,38079096,38421417,242057.5,PushPop,:batch=334cf62135f24d179965a07d065da480 phase=decode requests=f613ba29e5e3458d8e63b0275b98ac68
0.0,76499764,2,38249882.0,38249882.0,38068885,38430879,255968.4,PushPop,:batch=582ed0c9cb724cafb3ebb41903f1c67c phase=decode requests=25de90a8b4234cdd9f459bf44de5f72b
0.0,76499244,2,38249622.0,38249622.0,38064177,38435067,262258.8,PushPop,:batch=3c121c98c10d462c838185d45ff22128 phase=decode requests=25de90a8b4234cdd9f459bf44de5f72b
0.0,76499192,2,38249596.0,38249596.0,38075390,38423802,246364.5,PushPop,:batch=883a834ff1074ccea65afa25226507e4 phase=decode requests=25de90a8b4234cdd9f459bf44de5f72b
0.0,76498288,2,38249144.0,38249144.0,38064074,38434214,261728.5,PushPop,:batch=89443d80fd494f009bf0fb96a2a6e083 phase=decode requests=25de90a8b4234cdd9f459bf44de5f72b
0.0,76498098,2,38249049.0,38249049.0,38067721,38430377,256436.5,PushPop,:batch=fb5f974360814d6c9b88ca488b8dfbdf phase=decode requests=e6255778e8534404ac5ca8451b4d8752
0.0,76497877,2,38248938.5,38248938.5,38082578,38415299,235269.3,PushPop,:batch=00c14c640a05476abae51a2e1020f480 phase=decode requests=268bc1a668514718addc6aee590d0f20
0.0,76496885,2,38248442.5,38248442.5,38082648,38414237,234468.8,PushPop,:batch=aeab0a2ff155454a9eb4b282dbb962c1 phase=decode requests=25de90a8b4234cdd9f459bf44de5f72b
0.0,76496155,2,38248077.5,38248077.5,38073833,38422322,246418.9,PushPop,:batch=56a4a5eedf1d4ad4b689920bdeeb3bfb phase=decode requests=25de90a8b4234cdd9f459bf44de5f72b
0.0,76495774,2,38247887.0,38247887.0,38070283,38425491,251170.0,PushPop,:batch=ea794f2b3bdf4e83a869bbcc298ee1b9 phase=decode requests=f613ba29e5e3458d8e63b0275b98ac68
0.0,76495569,2,38247784.5,38247784.5,38073739,38421830,246137.5,PushPop,:batch=4fb0ce4f30674e2c9d6ebfb1d04c5415 phase=decode requests=25de90a8b4234cdd9f459bf44de5f72b
0.0,76495215,2,38247607.5,38247607.5,38079192,38416023,238175.5,PushPop,:batch=a8debfd805744457b327c57c63670e31 phase=decode requests=25de90a8b4234cdd9f459bf44de5f72b
0.0,76491968,2,38245984.0,38245984.0,38054209,38437759,271210.8,PushPop,:batch=9b1be77a88cf47439250098faef5e898 phase=decode requests=f613ba29e5e3458d8e63b0275b98ac68
0.0,76491522,2,38245761.0,38245761.0,38083484,38408038,229494.3,PushPop,:batch=e2798f804e6e4d44ad52ffb203e086a2 phase=decode requests=f613ba29e5e3458d8e63b0275b98ac68
0.0,76491309,2,38245654.5,38245654.5,38079832,38411477,234508.4,PushPop,:batch=d47ff9e828e84250a995da13f5e8cdda phase=decode requests=25de90a8b4234cdd9f459bf44de5f72b
0.0,76490996,2,38245498.0,38245498.0,38062578,38428418,258687.9,PushPop,:batch=f71082bf73d94218912f3a217dad85a1 phase=decode requests=25de90a8b4234cdd9f459bf44de5f72b
0.0,76489719,2,38244859.5,38244859.5,38046727,38442992,280201.7,PushPop,:batch=ce7b5904a4eb4416bd538c70bdc9eade phase=decode requests=f613ba29e5e3458d8e63b0275b98ac68
0.0,76489563,2,38244781.5,38244781.5,38062788,38426775,257377.7,PushPop,:batch=0eb2c27282444f7c9911b5d323fe3783 phase=decode requests=f613ba29e5e3458d8e63b0275b98ac68
0.0,76488272,2,38244136.0,38244136.0,38034463,38453809,296522.4,PushPop,:batch=755bb30d83364a64ae3f143b969226a9 phase=decode requests=f613ba29e5e3458d8e63b0275b98ac68
0.0,76486896,2,38243448.0,38243448.0,38050971,38435925,272203.6,PushPop,:batch=aa43cbe3c5094b918d427e7cb72f4787 phase=decode requests=25de90a8b4234cdd9f459bf44de5f72b
0.0,76486106,2,38243053.0,38243053.0,38069658,38416448,245217.6,PushPop,:batch=825eecd3b1864ad68f794ae3e7eb0b2d phase=decode requests=25de90a8b4234cdd9f459bf44de5f72b
0.0,76485203,2,38242601.5,38242601.5,38065139,38420064,250969.9,PushPop,:batch=86d408ce96794f589136fe77aff35685 phase=decode requests=f613ba29e5e3458d8e63b0275b98ac68
0.0,76483994,2,38241997.0,38241997.0,38060847,38423147,256184.8,PushPop,:batch=faba1b58d049409c97aa78c10965136d phase=decode requests=25de90a8b4234cdd9f459bf44de5f72b
0.0,76483304,2,38241652.0,38241652.0,38070860,38412444,241536.4,PushPop,:batch=74104ff8a7cd4f778ec16f712572a941 phase=decode requests=25de90a8b4234cdd9f459bf44de5f72b
0.0,76483015,2,38241507.5,38241507.5,38031798,38451217,296574.0,PushPop,:batch=67fb4859fca144b8b108b02b8974ac09 phase=decode requests=e6255778e8534404ac5ca8451b4d8752
0.0,76480450,2,38240225.0,38240225.0,38047993,38432457,271857.1,PushPop,:batch=4afee0aeeb3e4a2e8fdc0bd25b8cc9f9 phase=decode requests=268bc1a668514718addc6aee590d0f20
0.0,76479729,2,38239864.5,38239864.5,38080861,38398868,224864.9,PushPop,:batch=5e91e8cee6574a39953f098f155105c3 phase=decode requests=25de90a8b4234cdd9f459bf44de5f72b
0.0,76477063,2,38238531.5,38238531.5,38048581,38428482,268630.6,PushPop,:batch=e75c227f13f34c20841b9f2af0079432 phase=decode requests=25de90a8b4234cdd9f459bf44de5f72b
0.0,76476578,2,38238289.0,38238289.0,38087170,38389408,213714.5,PushPop,:batch=54b036fd301e4b6d8b66d3eb892cf613 phase=decode requests=f613ba29e5e3458d8e63b0275b98ac68
0.0,76476208,2,38238104.0,38238104.0,38061793,38414415,249341.4,PushPop,:batch=2b429b4bf7ae4fc695422f6631ffc37a phase=decode requests=25de90a8b4234cdd9f459bf44de5f72b
0.0,76474530,2,38237265.0,38237265.0,38064600,38409930,244185.2,PushPop,:batch=e2da88a4d8f74cf6a8a3553f0ca78188 phase=decode requests=25de90a8b4234cdd9f459bf44de5f72b
0.0,76473239,2,38236619.5,38236619.5,38059779,38413460,250090.2,PushPop,:batch=ad76d964c9e34df7833fbd463caa8110 phase=decode requests=25de90a8b4234cdd9f459bf44de5f72b
0.0,76471611,2,38235805.5,38235805.5,38051827,38419784,260184.9,PushPop,:batch=4149c60c3f23474ab33cdb939dab4b7e phase=decode requests=25de90a8b4234cdd9f459bf44de5f72b
0.0,76471257,2,38235628.5,38235628.5,38056652,38414605,253111.0,PushPop,:batch=e053c04c84644603829532a335537d4d phase=decode requests=268bc1a668514718addc6aee590d0f20
0.0,76471246,2,38235623.0,38235623.0,38047019,38424227,266726.3,PushPop,:batch=aa796cbc75d04b22999cadd71c685a13 phase=decode requests=25de90a8b4234cdd9f459bf44de5f72b
0.0,76471159,2,38235579.5,38235579.5,38074055,38397104,228430.1,PushPop,:batch=119e151a34e84646897f8fe572f9825d phase=decode requests=25de90a8b4234cdd9f459bf44de5f72b
0.0,76470969,2,38235484.5,38235484.5,38065383,38405586,240559.8,PushPop,:batch=65f943d8d51445f689deb67480b791a8 phase=decode requests=25de90a8b4234cdd9f459bf44de5f72b
0.0,76470745,2,38235372.5,38235372.5,38057134,38413611,252067.3,PushPop,:batch=212f80bb29cc42adb2a2cc3b1563fd39 phase=decode requests=25de90a8b4234cdd9f459bf44de5f72b
0.0,76467801,2,38233900.5,38233900.5,38038773,38429028,275952.0,PushPop,:batch=c2926f8451174139916e7b54bad8a9fb phase=decode requests=25de90a8b4234cdd9f459bf44de5f72b
0.0,76467393,2,38233696.5,38233696.5,38065355,38402038,238070.8,PushPop,:batch=050f796648ad4db5b67ad4821c58dcf6 phase=decode requests=25de90a8b4234cdd9f459bf44de5f72b
0.0,76466653,2,38233326.5,38233326.5,38049429,38417224,260070.3,PushPop,:batch=4352b8587d5f4229a39bb5500ceec9c6 phase=decode requests=25de90a8b4234cdd9f459bf44de5f72b
0.0,76466212,2,38233106.0,38233106.0,38051091,38415121,257408.1,PushPop,:batch=05c927133a64488d8c719d062936b7e1 phase=decode requests=f613ba29e5e3458d8e63b0275b98ac68
0.0,76466052,2,38233026.0,38233026.0,38063704,38402348,239457.5,PushPop,:batch=1c0fd2ddb13c4676832b4c8485893a9c phase=decode requests=e6255778e8534404ac5ca8451b4d8752
0.0,76464292,2,38232146.0,38232146.0,38042143,38422149,268704.8,PushPop,:batch=6dcf3319411e487d9b996f8c38c3201c phase=decode requests=25de90a8b4234cdd9f459bf44de5f72b
0.0,76462964,2,38231482.0,38231482.0,38028033,38434931,287720.3,PushPop,:batch=0de0e7012c0743a88de60a9ecbf81779 phase=decode requests=25de90a8b4234cdd9f459bf44de5f72b
0.0,76459928,2,38229964.0,38229964.0,38042423,38417505,265223.0,PushPop,:batch=24bb2b2be4c5474282f1894c7701fe6b phase=decode requests=25de90a8b4234cdd9f459bf44de5f72b
0.0,76458753,2,38229376.5,38229376.5,38042284,38416469,264588.8,PushPop,:batch=b0f314a1b28e4bd393865be6a29c4250 phase=decode requests=f613ba29e5e3458d8e63b0275b98ac68
0.0,76458477,2,38229238.5,38229238.5,38083454,38375023,206170.4,PushPop,:batch=0812eab7bea64cb48f8907b6ec41137d phase=decode requests=25de90a8b4234cdd9f459bf44de5f72b
0.0,76458296,2,38229148.0,38229148.0,38059041,38399255,240567.6,PushPop,:batch=2915fdb2b28a43c0b80940529f3d71e4 phase=decode requests=25de90a8b4234cdd9f459bf44de5f72b
0.0,76457381,2,38228690.5,38228690.5,38019229,38438152,296223.3,PushPop,:batch=d7b339e39bf64d7d9ac20edf793847c9 phase=decode requests=25de90a8b4234cdd9f459bf44de5f72b
0.0,76457084,2,38228542.0,38228542.0,38057206,38399878,242305.7,PushPop,:batch=d815785bdf9a422c9a79b9ada5cacdb4 phase=decode requests=25de90a8b4234cdd9f459bf44de5f72b
0.0,76456593,2,38228296.5,38228296.5,38051684,38404909,249767.8,PushPop,:batch=cba9401384894cd3a1ac8feda96311d0 phase=decode requests=25de90a8b4234cdd9f459bf44de5f72b
0.0,76456165,2,38228082.5,38228082.5,38062470,38393695,234211.4,PushPop,:batch=f117f9c61a894171ae3bc698ce417866 phase=decode requests=f613ba29e5e3458d8e63b0275b98ac68
0.0,76455571,2,38227785.5,38227785.5,38051005,38404566,250005.4,PushPop,:batch=3052ddf765ed4f348a7976824c59d502 phase=decode requests=25de90a8b4234cdd9f459bf44de5f72b
0.0,76453148,2,38226574.0,38226574.0,38050824,38402324,248548.0,PushPop,:batch=646352f99d3f4f539b6422165b0f3712 phase=decode requests=25de90a8b4234cdd9f459bf44de5f72b
0.0,76451441,2,38225720.5,38225720.5,38032878,38418563,272720.5,PushPop,:batch=93b3420f00d543069433b572e2546960 phase=decode requests=25de90a8b4234cdd9f459bf44de5f72b
0.0,76451425,2,38225712.5,38225712.5,38051856,38399569,245870.2,PushPop,:batch=41626b3ff9c641438ee2efd6def0b7f1 phase=decode requests=25de90a8b4234cdd9f459bf44de5f72b
0.0,76451245,2,38225622.5,38225622.5,38028743,38422502,278429.7,PushPop,:batch=d6b1d00241a24fe0a95a663a2e8e1798 phase=decode requests=25de90a8b4234cdd9f459bf44de5f72b
0.0,76450897,2,38225448.5,38225448.5,38047324,38403573,251906.1,PushPop,:batch=944148b4217b4bfca99b564cb1756697 phase=decode requests=25de90a8b4234cdd9f459bf44de5f72b
0.0,76450463,2,38225231.5,38225231.5,38049632,38400831,248335.2,PushPop,:batch=c9d77f1b3ad4442f92ede24a061cf542 phase=decode requests=25de90a8b4234cdd9f459bf44de5f72b
0.0,76449933,2,38224966.5,38224966.5,38047206,38402727,251391.3,PushPop,:batch=844e9d81ff6a46c7b13a61014c27f32c phase=decode requests=25de90a8b4234cdd9f459bf44de5f72b
0.0,76449849,2,38224924.5,38224924.5,38045719,38404130,253434.8,PushPop,:batch=80ac5f97c47544d09134c3b502a7efc7 phase=decode requests=f613ba29e5e3458d8e63b0275b98ac68
0.0,76449341,2,38224670.5,38224670.5,38075042,38374299,211606.7,PushPop,:batch=613d51aed4cd49fda26513096e21fc6f phase=decode requests=25de90a8b4234cdd9f459bf44de5f72b
0.0,76449282,2,38224641.0,38224641.0,38061179,38388103,231170.2,PushPop,:batch=3f24a55053534b728c1509d20d29f5c9 phase=decode requests=25de90a8b4234cdd9f459bf44de5f72b
0.0,76448825,2,38224412.5,38224412.5,38047896,38400929,249632.0,PushPop,:batch=883dd0af78a94ae6a23a9c24c9061d01 phase=decode requests=f613ba29e5e3458d8e63b0275b98ac68
0.0,76447825,2,38223912.5,38223912.5,38047324,38400501,249733.9,PushPop,:batch=63529f977e6f479fbc20fc28a6cf5b6d phase=decode requests=268bc1a668514718addc6aee590d0f20
0.0,76446534,2,38223267.0,38223267.0,38036761,38409773,263759.3,PushPop,:batch=e36e6fd60fba4e7fa7bd95d26a226621 phase=decode requests=25de90a8b4234cdd9f459bf44de5f72b
0.0,76445008,2,38222504.0,38222504.0,38042161,38402847,255043.5,PushPop,:batch=2799dccad8d747b5ba51a1711cf77bf2 phase=decode requests=25de90a8b4234cdd9f459bf44de5f72b
0.0,76444820,2,38222410.0,38222410.0,38063951,38380869,224094.9,PushPop,:batch=0afdd608acaf4b7fab302eab975db737 phase=decode requests=25de90a8b4234cdd9f459bf44de5f72b
0.0,76442982,2,38221491.0,38221491.0,38045502,38397480,248886.0,PushPop,:batch=404e075e61ea4d7490ba87a08e32ea50 phase=decode requests=25de90a8b4234cdd9f459bf44de5f72b
0.0,76441881,2,38220940.5,38220940.5,38028783,38413098,271751.7,PushPop,:batch=384f1bd4d7e84a0ba7ada0b29effdc1a phase=decode requests=25de90a8b4234cdd9f459bf44de5f72b
0.0,76441754,2,38220877.0,38220877.0,38022347,38419407,280763.8,PushPop,:batch=2439301e3b3d4796bf825cecc55510c6 phase=decode requests=f613ba29e5e3458d8e63b0275b98ac68
0.0,76441206,2,38220603.0,38220603.0,38053299,38387907,236603.6,PushPop,:batch=c77e260c8a95477ea1767370535c22e4 phase=decode requests=25de90a8b4234cdd9f459bf44de5f72b
0.0,76440953,2,38220476.5,38220476.5,38023861,38417092,278056.3,PushPop,:batch=b9f7cf656d054e5d9ca21dd014f1970f phase=decode requests=25de90a8b4234cdd9f459bf44de5f72b
0.0,76440501,2,38220250.5,38220250.5,38049901,38390600,240910.6,PushPop,:batch=498d0c888a6f4797a7fc4e1a27bdaac0 phase=decode requests=25de90a8b4234cdd9f459bf44de5f72b
0.0,76439395,2,38219697.5,38219697.5,38017211,38422184,286359.2,PushPop,:batch=23631c7428ae4018b8df1efa64c33d66 phase=decode requests=25de90a8b4234cdd9f459bf44de5f72b
0.0,76439048,2,38219524.0,38219524.0,38042385,38396663,250512.4,PushPop,:batch=259f344a18b3423bb9c2d4c4969ab97b phase=decode requests=f613ba29e5e3458d8e63b0275b98ac68
0.0,76437458,2,38218729.0,38218729.0,38043088,38394370,248393.9,PushPop,:batch=996efc13c7c64b45a766f370aa7d17fa phase=decode requests=25de90a8b4234cdd9f459bf44de5f72b
0.0,76436787,2,38218393.5,38218393.5,38048368,38388419,240452.4,PushPop,:batch=a79ef55521774680ab224d4e70f3e70f phase=decode requests=e6255778e8534404ac5ca8451b4d8752
0.0,76436431,2,38218215.5,38218215.5,38038167,38398264,254627.0,PushPop,:batch=ab0901851445463c8fd4885632ea9dc4 phase=decode requests=25de90a8b4234cdd9f459bf44de5f72b
0.0,76435212,2,38217606.0,38217606.0,38034159,38401053,259433.2,PushPop,:batch=7e29471847f140999df9f8e8187e7911 phase=decode requests=25de90a8b4234cdd9f459bf44de5f72b
0.0,76434681,2,38217340.5,38217340.5,38000944,38433737,306030.9,PushPop,:batch=a59162347099477981a41f00c8d71d1d phase=decode requests=25de90a8b4234cdd9f459bf44de5f72b
0.0,76434126,2,38217063.0,38217063.0,38048886,38385240,237838.2,PushPop,:batch=e538fc62d9274f32a5cb3387e95a08c5 phase=decode requests=25de90a8b4234cdd9f459bf44de5f72b
0.0,76432426,2,38216213.0,38216213.0,38008775,38423651,293361.6,PushPop,:batch=4759b6ea95564373b63b637d598b0b35 phase=decode requests=25de90a8b4234cdd9f459bf44de5f72b
0.0,76432070,2,38216035.0,38216035.0,38011704,38420366,288967.7,PushPop,:batch=6b6ea341a42f4bf09c2e3d2bb29040b6 phase=decode requests=25de90a8b4234cdd9f459bf44de5f72b
0.0,76431611,2,38215805.5,38215805.5,38050187,38381424,234219.9,PushPop,:batch=7c68b23a3620442cad81e92a53ec38fa phase=decode requests=f613ba29e5e3458d8e63b0275b98ac68
0.0,76431035,2,38215517.5,38215517.5,38039155,38391880,249414.2,PushPop,:batch=1b585f17ef434237942bbec9392a9740 phase=decode requests=f613ba29e5e3458d8e63b0275b98ac68
0.0,76430856,2,38215428.0,38215428.0,38003436,38427420,299802.0,PushPop,:batch=112e6e89427743b8a661ae4e4a45e43d phase=decode requests=25de90a8b4234cdd9f459bf44de5f72b
0.0,76430685,2,38215342.5,38215342.5,38045208,38385477,240606.5,PushPop,:batch=c06420ad093541fa891378d7c231af97 phase=decode requests=268bc1a668514718addc6aee590d0f20
0.0,76429524,2,38214762.0,38214762.0,38040342,38389182,246667.1,PushPop,:batch=9059a680a10348ccadee115b26f98dc3 phase=decode requests=25de90a8b4234cdd9f459bf44de5f72b
0.0,76429523,2,38214761.5,38214761.5,38047687,38381836,236279.0,PushPop,:batch=b9dc74387d9e42749d8385ecffb6d768 phase=decode requests=25de90a8b4234cdd9f459bf44de5f72b
0.0,76429334,2,38214667.0,38214667.0,38003551,38425783,298563.1,PushPop,:batch=184e765027744951bf3c5e60fb476fbc phase=decode requests=25de90a8b4234cdd9f459bf44de5f72b
0.0,76427898,2,38213949.0,38213949.0,38031480,38396418,258050.1,PushPop,:batch=9b46faebd1c54c55a9bbdcc1c20a22b1 phase=decode requests=25de90a8b4234cdd9f459bf44de5f72b
0.0,76427217,2,38213608.5,38213608.5,38014153,38413064,282072.7,PushPop,:batch=d79169ac349d42efbb260efff1bfc2ca phase=decode requests=25de90a8b4234cdd9f459bf44de5f72b
0.0,76427098,2,38213549.0,38213549.0,38051351,38375747,229382.6,PushPop,:batch=75abe8e0ee5f4d9197be018ed9e7c36e phase=decode requests=25de90a8b4234cdd9f459bf44de5f72b
0.0,76425858,2,38212929.0,38212929.0,38035837,38390021,250445.9,PushPop,:batch=f4124b2c2d654a299db6425e53e15995 phase=decode requests=25de90a8b4234cdd9f459bf44de5f72b
0.0,76425032,2,38212516.0,38212516.0,37981196,38443836,327135.9,PushPop,:batch=173fdc6a95a940f79f6ce65f66e37c2e phase=decode requests=25de90a8b4234cdd9f459bf44de5f72b
0.0,76422300,2,38211150.0,38211150.0,38021995,38400305,267505.6,PushPop,:batch=5dee67591b894d54948f5939952c926b phase=decode requests=268bc1a668514718addc6aee590d0f20
0.0,76421524,2,38210762.0,38210762.0,38011502,38410022,281796.2,PushPop,:batch=7f8fb556b4f84e54b963c084d754721d phase=decode requests=f613ba29e5e3458d8e63b0275b98ac68
0.0,76421503,2,38210751.5,38210751.5,38007149,38414354,287937.4,PushPop,:batch=e1f4a5957608445685edeb0c87c9a2d0 phase=decode requests=f613ba29e5e3458d8e63b0275b98ac68
0.0,76421185,2,38210592.5,38210592.5,38038468,38382717,243420.8,PushPop,:batch=f5c22ff0bea94c08ad4e9f2ad899df7a phase=decode requests=25de90a8b4234cdd9f459bf44de5f72b
0.0,76420708,2,38210354.0,38210354.0,38030507,38390201,254342.1,PushPop,:batch=b385fbdb730947f1b9fd2964c8730092 phase=decode requests=25de90a8b4234cdd9f459bf44de5f72b
0.0,76420395,2,38210197.5,38210197.5,38027780,38392615,257977.3,PushPop,:batch=6cd2643001c143de8f153141c72dc8bd phase=decode requests=25de90a8b4234cdd9f459bf44de5f72b
0.0,76419910,2,38209955.0,38209955.0,38036075,38383835,245903.5,PushPop,:batch=4987f8f76eac425993425c524fc5d3f4 phase=decode requests=25de90a8b4234cdd9f459bf44de5f72b
0.0,76419617,2,38209808.5,38209808.5,38027252,38392365,258173.9,PushPop,:batch=4762c43d489e4991a93f05d5aa99b26f phase=decode requests=25de90a8b4234cdd9f459bf44de5f72b
0.0,76413266,2,38206633.0,38206633.0,38033203,38380063,245267.1,PushPop,:batch=bf4341ef294e44379c462621844e49b9 phase=decode requests=25de90a8b4234cdd9f459bf44de5f72b
0.0,76412926,2,38206463.0,38206463.0,38005150,38407776,284699.6,PushPop,:batch=c8d8dc34ffda47f59f1ac15d4888d199 phase=decode requests=f613ba29e5e3458d8e63b0275b98ac68
0.0,76411081,2,38205540.5,38205540.5,38012112,38398969,273549.2,PushPop,:batch=13f195e5fe8a4d7db4f83c37877f3d53 phase=decode requests=f613ba29e5e3458d8e63b0275b98ac68
0.0,76409573,2,38204786.5,38204786.5,38022852,38386721,257294.2,PushPop,:batch=2bf06b6172324a48a4bf253eb0b9a467 phase=decode requests=f613ba29e5e3458d8e63b0275b98ac68
0.0,76409287,2,38204643.5,38204643.5,38042952,38366335,228666.3,PushPop,:batch=9c36534463ea495b8ae7ea6401180d5a phase=decode requests=25de90a8b4234cdd9f459bf44de5f72b
0.0,76409271,2,38204635.5,38204635.5,38024330,38384941,254990.5,PushPop,:batch=010561048ca2471ea6380355c1b9c65f phase=decode requests=25de90a8b4234cdd9f459bf44de5f72b
0.0,76408770,2,38204385.0,38204385.0,38028614,38380156,248577.7,PushPop,:batch=258f1df6602442658d736fb546bf6f85 phase=decode requests=25de90a8b4234cdd9f459bf44de5f72b
0.0,76408557,2,38204278.5,38204278.5,38036633,38371924,237086.5,PushPop,:batch=14e30624805b427c9a6f88fe272882ab phase=decode requests=f613ba29e5e3458d8e63b0275b98ac68
0.0,76408295,2,38204147.5,38204147.5,38031334,38376961,244395.2,PushPop,:batch=3f402c6ce2a4414e84f0df5b1ff9f246 phase=decode requests=25de90a8b4234cdd9f459bf44de5f72b
0.0,76407655,2,38203827.5,38203827.5,38020324,38387331,259513.1,PushPop,:batch=de61955c92f64eac8353a93a188d28ca phase=decode requests=25de90a8b4234cdd9f459bf44de5f72b
0.0,76407607,2,38203803.5,38203803.5,38020527,38387080,259192.1,PushPop,:batch=0d2254d6c80b4c0ebfa1bd952ff25df7 phase=decode requests=25de90a8b4234cdd9f459bf44de5f72b
0.0,76406767,2,38203383.5,38203383.5,38033869,38372898,239729.7,PushPop,:batch=6bb68a28ec0f4cb18005b9dc055baf29 phase=decode requests=25de90a8b4234cdd9f459bf44de5f72b
0.0,76404423,2,38202211.5,38202211.5,38036909,38367514,233773.0,PushPop,:batch=55d61489941f41669a11176b7d2409e5 phase=decode requests=25de90a8b4234cdd9f459bf44de5f72b
0.0,76403404,2,38201702.0,38201702.0,38036843,38366561,233145.8,PushPop,:batch=de5cb8332b524024a299edfd8a0dc31e phase=decode requests=f613ba29e5e3458d8e63b0275b98ac68
0.0,76403014,2,38201507.0,38201507.0,38016217,38386797,262039.6,PushPop,:batch=5189ccea07d842d48e37f458452389d3 phase=decode requests=25de90a8b4234cdd9f459bf44de5f72b
0.0,76400783,2,38200391.5,38200391.5,38030770,38370013,239881.0,PushPop,:batch=9a35635950f34fe5a82630dd7865e797 phase=decode requests=25de90a8b4234cdd9f459bf44de5f72b
0.0,76399073,2,38199536.5,38199536.5,38043153,38355920,221159.7,PushPop,:batch=a798fe30f948463993f851052c5879d3 phase=decode requests=25de90a8b4234cdd9f459bf44de5f72b
0.0,76398754,2,38199377.0,38199377.0,38018111,38380643,256348.8,PushPop,:batch=631d3b38d9f84965bfea2d2dd39cea2a phase=decode requests=25de90a8b4234cdd9f459bf44de5f72b
0.0,76398218,2,38199109.0,38199109.0,38037262,38360956,228886.2,PushPop,:batch=069ac40cb38741c391830910f120d290 phase=decode requests=25de90a8b4234cdd9f459bf44de5f72b
0.0,76397929,2,38198964.5,38198964.5,38037001,38360928,229051.0,PushPop,:batch=34e70a1ef20b41b392b9265a1c6111ea phase=decode requests=25de90a8b4234cdd9f459bf44de5f72b
0.0,76397459,2,38198729.5,38198729.5,38011730,38385729,264457.2,PushPop,:batch=4d5aa3463aa74756b065fd01db87e683 phase=decode requests=25de90a8b4234cdd9f459bf44de5f72b
0.0,76396976,2,38198488.0,38198488.0,37998304,38398672,283102.9,PushPop,:batch=38b19f0e52d44e96a38d964c7db2e14c phase=decode requests=25de90a8b4234cdd9f459bf44de5f72b
0.0,76396515,2,38198257.5,38198257.5,38042937,38353578,219656.4,PushPop,:batch=ea2ae150122a4c9a806d094d30c587b3 phase=decode requests=25de90a8b4234cdd9f459bf44de5f72b
0.0,76395861,2,38197930.5,38197930.5,38027577,38368284,240916.2,PushPop,:batch=2b600a80b46443c98632781e75240011 phase=decode requests=25de90a8b4234cdd9f459bf44de5f72b
0.0,76394238,2,38197119.0,38197119.0,38021645,38372593,248157.7,PushPop,:batch=d086238b49684af4bf99f207c62299f7 phase=decode requests=25de90a8b4234cdd9f459bf44de5f72b
0.0,76392669,2,38196334.5,38196334.5,38009950,38382719,263587.5,PushPop,:batch=889e137dc7494453b96e6a25ba93cec8 phase=decode requests=25de90a8b4234cdd9f459bf44de5f72b
0.0,76392667,2,38196333.5,38196333.5,37990215,38402452,291495.6,PushPop,:batch=e8bd6cf6087c4765b12345911a796dc7 phase=decode requests=25de90a8b4234cdd9f459bf44de5f72b
0.0,76389988,2,38194994.0,38194994.0,38015179,38374809,254296.8,PushPop,:batch=29d4a90905204a67a62dffac1a2feffa phase=decode requests=25de90a8b4234cdd9f459bf44de5f72b
0.0,76389119,2,38194559.5,38194559.5,38007595,38381524,264407.7,PushPop,:batch=1f8c2b88d20842e586a91ab480378fce phase=decode requests=f613ba29e5e3458d8e63b0275b98ac68
0.0,76388077,2,38194038.5,38194038.5,37986281,38401796,293813.5,PushPop,:batch=19eee62d21fb49b09aeeae039a08d3a1 phase=decode requests=25de90a8b4234cdd9f459bf44de5f72b
0.0,76385855,2,38192927.5,38192927.5,37966647,38419208,320009.0,PushPop,:batch=d5e82f1045e34da68f0cb00ba992eec1 phase=decode requests=25de90a8b4234cdd9f459bf44de5f72b
0.0,76383325,2,38191662.5,38191662.5,38008535,38374790,258981.4,PushPop,:batch=eb5fedfcd4c24f53ba482dbde94c4496 phase=decode requests=25de90a8b4234cdd9f459bf44de5f72b
0.0,76382898,2,38191449.0,38191449.0,38015706,38367192,248538.1,PushPop,:batch=77f256930d8a4dc99e009c4257f46c4e phase=decode requests=25de90a8b4234cdd9f459bf44de5f72b
0.0,76382894,2,38191447.0,38191447.0,38008023,38374871,259400.7,PushPop,:batch=8ff76d2acac14780b99c6bf78af52742 phase=decode requests=25de90a8b4234cdd9f459bf44de5f72b
0.0,76381542,2,38190771.0,38190771.0,38011744,38369798,253182.4,PushPop,:batch=11e7e0281e6f44d3b81aa4d2c4fd2a98 phase=decode requests=25de90a8b4234cdd9f459bf44de5f72b
0.0,76379749,2,38189874.5,38189874.5,37997094,38382655,272632.8,PushPop,:batch=6cc6371d7c4c4e909672384751dade40 phase=decode requests=25de90a8b4234cdd9f459bf44de5f72b
0.0,76379051,2,38189525.5,38189525.5,38019453,38359598,240518.8,PushPop,:batch=59a8fb0b29c64285a6c2fd3cc2866806 phase=decode requests=f613ba29e5e3458d8e63b0275b98ac68
0.0,76378102,2,38189051.0,38189051.0,38009130,38368972,254446.7,PushPop,:batch=eefa548546244296bbcab8c659e8221b phase=decode requests=25de90a8b4234cdd9f459bf44de5f72b
0.0,76376271,2,38188135.5,38188135.5,38003894,38372377,260556.8,PushPop,:batch=637b69a1d12f4fd589d9b831f30a798a phase=decode requests=25de90a8b4234cdd9f459bf44de5f72b
0.0,76374626,2,38187313.0,38187313.0,38019568,38355058,237227.3,PushPop,:batch=d3a4a811ea844ceb96572b669bedfe6b phase=decode requests=268bc1a668514718addc6aee590d0f20
0.0,76373883,2,38186941.5,38186941.5,38006738,38367145,254846.2,PushPop,:batch=0b0cdf4febdc47968c72c46af5235dab phase=decode requests=25de90a8b4234cdd9f459bf44de5f72b
0.0,76373308,2,38186654.0,38186654.0,38010073,38363235,249723.2,PushPop,:batch=ee73f336c0c04d699cae2906517feb4a phase=decode requests=f613ba29e5e3458d8e63b0275b98ac68
0.0,76373260,2,38186630.0,38186630.0,37969895,38403365,306509.6,PushPop,:batch=c957177d6d944df1bfc0e1e8622443a5 phase=decode requests=25de90a8b4234cdd9f459bf44de5f72b
0.0,76372897,2,38186448.5,38186448.5,37985320,38387577,284438.7,PushPop,:batch=f83f97981a4140ccaf2bc8f9f0b19ac7 phase=decode requests=25de90a8b4234cdd9f459bf44de5f72b
0.0,76370887,2,38185443.5,38185443.5,38013321,38357566,243418.0,PushPop,:batch=592448559d694c3598a073f83307cb85 phase=decode requests=25de90a8b4234cdd9f459bf44de5f72b
0.0,76370813,2,38185406.5,38185406.5,37992056,38378757,273438.9,PushPop,:batch=4e69bcf4083d4e908125c8dacc9978be phase=decode requests=25de90a8b4234cdd9f459bf44de5f72b
0.0,76370388,2,38185194.0,38185194.0,38006973,38363415,252042.6,PushPop,:batch=e96314f94bde4a0ebf34f6b3ed53cbe0 phase=decode requests=25de90a8b4234cdd9f459bf44de5f72b
0.0,76369717,2,38184858.5,38184858.5,38012943,38356774,243125.2,PushPop,:batch=969d251b08c2482b897ff98f188d0668 phase=decode requests=25de90a8b4234cdd9f459bf44de5f72b
0.0,76369261,2,38184630.5,38184630.5,38009994,38359267,246973.3,PushPop,:batch=649f543c71064a309bfe391fa8717c7f phase=decode requests=268bc1a668514718addc6aee590d0f20
0.0,76368689,2,38184344.5,38184344.5,38011318,38357371,244696.4,PushPop,:batch=9bbcf1dc6466471caf9277277ac97785 phase=decode requests=25de90a8b4234cdd9f459bf44de5f72b
0.0,76368301,2,38184150.5,38184150.5,37965821,38402480,308764.5,PushPop,:batch=84ff4de184e849f7b86c592d0c627525 phase=decode requests=25de90a8b4234cdd9f459bf44de5f72b
0.0,76367538,2,38183769.0,38183769.0,38021986,38345552,228795.7,PushPop,:batch=b020fb67960b457eb4584fe34293cd19 phase=decode requests=25de90a8b4234cdd9f459bf44de5f72b
0.0,76366401,2,38183200.5,38183200.5,37999079,38367322,260387.1,PushPop,:batch=3d96f659fa4a4842bf6d16721f59192a phase=decode requests=25de90a8b4234cdd9f459bf44de5f72b
0.0,76365084,2,38182542.0,38182542.0,38006819,38358265,248509.8,PushPop,:batch=5ae6983ecdf14a56aad749b7c044bfb2 phase=decode requests=25de90a8b4234cdd9f459bf44de5f72b
0.0,76364696,2,38182348.0,38182348.0,38001125,38363571,256288.0,PushPop,:batch=ca7482af7e4048289f4b4d8ae37f808b phase=decode requests=f613ba29e5e3458d8e63b0275b98ac68
0.0,76363751,2,38181875.5,38181875.5,37994712,38369039,264689.2,PushPop,:batch=3fd1a42990584b0db332388ea44bf2a9 phase=decode requests=25de90a8b4234cdd9f459bf44de5f72b
0.0,76363535,2,38181767.5,38181767.5,37996873,38366662,261480.3,PushPop,:batch=8163b4aa139d4c4e9cd3649d0a9cb8bf phase=decode requests=25de90a8b4234cdd9f459bf44de5f72b
0.0,76362365,2,38181182.5,38181182.5,38010429,38351936,241481.9,PushPop,:batch=102b0e4c69b54770ad48cb53c7b6356d phase=decode requests=268bc1a668514718addc6aee590d0f20
0.0,76356552,2,38178276.0,38178276.0,37991520,38365032,264112.9,PushPop,:batch=ec83f0a649e3410380258ef89bb272be phase=decode requests=268bc1a668514718addc6aee590d0f20
0.0,76354906,2,38177453.0,38177453.0,38007488,38347418,240366.8,PushPop,:batch=d71bc5962dad4192b29f3b2aa4289415 phase=decode requests=25de90a8b4234cdd9f459bf44de5f72b
0.0,76354886,2,38177443.0,38177443.0,37980621,38374265,278348.3,PushPop,:batch=0e374076c58e460bb6dcb017a71a156b phase=decode requests=25de90a8b4234cdd9f459bf44de5f72b
0.0,76354716,2,38177358.0,38177358.0,38020499,38334217,221832.1,PushPop,:batch=83c6dfaef83f4d4c8e9c42dc4f8c2276 phase=decode requests=25de90a8b4234cdd9f459bf44de5f72b
0.0,76354590,2,38177295.0,38177295.0,37995334,38359256,257331.7,PushPop,:batch=97e4daea60e9412197f4d75a920d1f03 phase=decode requests=25de90a8b4234cdd9f459bf44de5f72b
0.0,76354007,2,38177003.5,38177003.5,37992993,38361014,260230.1,PushPop,:batch=77c9879808c34cef948f4d3c3532332b phase=decode requests=25de90a8b4234cdd9f459bf44de5f72b
0.0,76353931,2,38176965.5,38176965.5,38001029,38352902,248811.8,PushPop,:batch=62affe2400ea4cc495eaf192351d6dee phase=decode requests=25de90a8b4234cdd9f459bf44de5f72b
0.0,76353378,2,38176689.0,38176689.0,38002482,38350896,246365.9,PushPop,:batch=015d8c25a27a4f8d9639f489451f939b phase=decode requests=25de90a8b4234cdd9f459bf44de5f72b
0.0,76351799,2,38175899.5,38175899.5,37931970,38419829,344968.4,PushPop,:batch=638bc27568c84d0a9f7c575ef4ad96c8 phase=decode requests=25de90a8b4234cdd9f459bf44de5f72b
0.0,76350884,2,38175442.0,38175442.0,38002094,38348790,245151.1,PushPop,:batch=b7f3ab2db3174e4e8f22bfa3702b0a1b phase=decode requests=25de90a8b4234cdd9f459bf44de5f72b
0.0,76349790,2,38174895.0,38174895.0,37974732,38375058,283073.2,PushPop,:batch=ce032c87e02a4abcbcd8793481ab8d26 phase=decode requests=f613ba29e5e3458d8e63b0275b98ac68
0.0,76349442,2,38174721.0,38174721.0,38015801,38333641,224746.8,PushPop,:batch=d18ca449820b402eb9836c71d2a3e4ac phase=decode requests=268bc1a668514718addc6aee590d0f20
0.0,76349251,2,38174625.5,38174625.5,38024912,38324339,211726.9,PushPop,:batch=522b582529004fa9a09273fad5e027b4 phase=decode requests=25de90a8b4234cdd9f459bf44de5f72b
0.0,76348902,2,38174451.0,38174451.0,38021441,38327461,216388.8,PushPop,:batch=54522e133e964a1e86fe39d8bef9b33f phase=decode requests=f613ba29e5e3458d8e63b0275b98ac68
0.0,76347373,2,38173686.5,38173686.5,38012577,38334796,227843.2,PushPop,:batch=be095a81a9d44ebcaff174f931247f73 phase=decode requests=f613ba29e5e3458d8e63b0275b98ac68
0.0,76345470,2,38172735.0,38172735.0,38010946,38334524,228804.2,PushPop,:batch=e2bbd9a2f1f642be84b7225e70c06f40 phase=decode requests=25de90a8b4234cdd9f459bf44de5f72b
0.0,76344984,2,38172492.0,38172492.0,37972617,38372367,282665.9,PushPop,:batch=e0928c5c59fa4178995e6b14c823eedb phase=decode requests=25de90a8b4234cdd9f459bf44de5f72b
0.0,76341413,2,38170706.5,38170706.5,37954098,38387315,306330.7,PushPop,:batch=310f256f01394a3fa567648922542740 phase=decode requests=25de90a8b4234cdd9f459bf44de5f72b
0.0,76340821,2,38170410.5,38170410.5,37998323,38342498,243368.5,PushPop,:batch=8b9ace9c8b6c43fb8fe3599342dd15f8 phase=decode requests=25de90a8b4234cdd9f459bf44de5f72b
0.0,76340791,2,38170395.5,38170395.5,37994173,38346618,249216.2,PushPop,:batch=3df53602de1b44b4a9ad197e391b1909 phase=decode requests=25de90a8b4234cdd9f459bf44de5f72b
0.0,76340736,2,38170368.0,38170368.0,37980519,38360217,268487.0,PushPop,:batch=22d3a6015cfe47b3a681be6e9f70732d phase=decode requests=25de90a8b4234cdd9f459bf44de5f72b
0.0,76340340,2,38170170.0,38170170.0,37970362,38369978,282571.2,PushPop,:batch=86906dddcf684acca509cd8243e5a4d7 phase=decode requests=f613ba29e5e3458d8e63b0275b98ac68
0.0,76340132,2,38170066.0,38170066.0,37993316,38346816,249962.2,PushPop,:batch=ca4702ed6c6e4435bbf0d44ab657335a phase=decode requests=25de90a8b4234cdd9f459bf44de5f72b
0.0,76339730,2,38169865.0,38169865.0,37998251,38341479,242698.8,PushPop,:batch=e465b6fddfaf452081f82ecdf6d96f25 phase=decode requests=25de90a8b4234cdd9f459bf44de5f72b
0.0,76338974,2,38169487.0,38169487.0,37986217,38352757,259182.9,PushPop,:batch=bcd9f439af204d92b31d97cb35cd2abf phase=decode requests=f613ba29e5e3458d8e63b0275b98ac68
0.0,76336974,2,38168487.0,38168487.0,37955923,38381051,300610.9,PushPop,:batch=797efdbff45143d8aa8844a274378a1d phase=decode requests=25de90a8b4234cdd9f459bf44de5f72b
0.0,76336945,2,38168472.5,38168472.5,38007523,38329422,227617.0,PushPop,:batch=13b1caadc20f4e539d19d07df5d5282c phase=decode requests=25de90a8b4234cdd9f459bf44de5f72b
0.0,76336448,2,38168224.0,38168224.0,37984860,38351588,259315.9,PushPop,:batch=1261e7f217a54887967cb1ab0da460ca phase=decode requests=25de90a8b4234cdd9f459bf44de5f72b
0.0,76336433,2,38168216.5,38168216.5,37998401,38338032,240155.4,PushPop,:batch=435f1d81522d4696bf06e7c7a1511ce1 phase=decode requests=25de90a8b4234cdd9f459bf44de5f72b
0.0,76336341,2,38168170.5,38168170.5,37986288,38350053,257220.7,PushPop,:batch=1f84189568c645108bfc3ea228460b05 phase=decode requests=25de90a8b4234cdd9f459bf44de5f72b
0.0,76335892,2,38167946.0,38167946.0,37952299,38383593,304970.9,PushPop,:batch=c4efce1a945842858d1db99b154f4f04 phase=decode requests=25de90a8b4234cdd9f459bf44de5f72b
0.0,76333256,2,38166628.0,38166628.0,37986741,38346515,254398.6,PushPop,:batch=33bb32e118b144d7b6bcdb79ea4ddbfa phase=decode requests=25de90a8b4234cdd9f459bf44de5f72b
0.0,76333102,2,38166551.0,38166551.0,37984982,38348120,256777.3,PushPop,:batch=ce2a139663b34867b6a1cfe713381516 phase=decode requests=25de90a8b4234cdd9f459bf44de5f72b
0.0,76331645,2,38165822.5,38165822.5,37992653,38338992,244898.7,PushPop,:batch=ef083c0710604c19b7a1826c8c1d21dd phase=decode requests=25de90a8b4234cdd9f459bf44de5f72b
0.0,76330410,2,38165205.0,38165205.0,37975956,38354454,267638.5,PushPop,:batch=a1f4d12aa1a44ea2ae74e0d5de30bd57 phase=decode requests=25de90a8b4234cdd9f459bf44de5f72b
0.0,76329146,2,38164573.0,38164573.0,37991328,38337818,245005.4,PushPop,:batch=ac54d1b18ad742109338f870ca6bdc71 phase=decode requests=25de90a8b4234cdd9f459bf44de5f72b
0.0,76327868,2,38163934.0,38163934.0,38041323,38286545,173398.1,PushPop,:batch=19a784069c84424fbf15b024e33a8643 phase=decode requests=25de90a8b4234cdd9f459bf44de5f72b
0.0,76326597,2,38163298.5,38163298.5,37988263,38338334,247537.6,PushPop,:batch=e8c184f009ec41b9989a96f36c920f92 phase=decode requests=25de90a8b4234cdd9f459bf44de5f72b
0.0,76326570,2,38163285.0,38163285.0,37986845,38339725,249523.8,PushPop,:batch=905cf10fbfc24b1b9272e2239e0d0c94 phase=decode requests=25de90a8b4234cdd9f459bf44de5f72b
0.0,76326313,2,38163156.5,38163156.5,37976927,38349386,263368.3,PushPop,:batch=57a58223b74d439eafdd43573d106924 phase=decode requests=25de90a8b4234cdd9f459bf44de5f72b
0.0,76326022,2,38163011.0,38163011.0,37980688,38345334,257843.7,PushPop,:batch=7b8899b838a04fba8ad69dae7146cb81 phase=decode requests=25de90a8b4234cdd9f459bf44de5f72b
0.0,76324960,2,38162480.0,38162480.0,37968293,38356667,274621.9,PushPop,:batch=838eea1c8b394d9cae1c69c62422c249 phase=decode requests=25de90a8b4234cdd9f459bf44de5f72b
0.0,76324609,2,38162304.5,38162304.5,37967305,38357304,275770.9,PushPop,:batch=04c80201c58e49b894b6ab3f0efd5986 phase=decode requests=25de90a8b4234cdd9f459bf44de5f72b
0.0,76324094,2,38162047.0,38162047.0,37978381,38345713,259742.9,PushPop,:batch=6a46a64f6e8f47be821a46f9ffbaead4 phase=decode requests=25de90a8b4234cdd9f459bf44de5f72b
0.0,76321348,2,38160674.0,38160674.0,38008260,38313088,215545.9,PushPop,:batch=7e79389e005143649674ec17290c361b phase=decode requests=25de90a8b4234cdd9f459bf44de5f72b
0.0,76320228,2,38160114.0,38160114.0,37995783,38324445,232399.1,PushPop,:batch=47614003924a4987b2116af4bc9d9f3c phase=decode requests=25de90a8b4234cdd9f459bf44de5f72b
0.0,76317546,2,38158773.0,38158773.0,37977437,38340109,256447.8,PushPop,:batch=a614ec9cccc74250a94ab3fdb5678841 phase=decode requests=25de90a8b4234cdd9f459bf44de5f72b
0.0,76317396,2,38158698.0,38158698.0,37981222,38336174,250989.0,PushPop,:batch=6ae8aa82ba884862b488701018e94d3b phase=decode requests=25de90a8b4234cdd9f459bf44de5f72b
0.0,76316948,2,38158474.0,38158474.0,37955838,38361110,286570.6,PushPop,:batch=9d97111400d74b349c1520a97519301d phase=decode requests=25de90a8b4234cdd9f459bf44de5f72b
0.0,76314868,2,38157434.0,38157434.0,37983496,38331372,245985.5,PushPop,:batch=016052522d744d9a9ac3fe9cfd7b9baa phase=decode requests=25de90a8b4234cdd9f459bf44de5f72b
0.0,76313749,2,38156874.5,38156874.5,37974316,38339433,258176.7,PushPop,:batch=44f0ebe64e994475b0105236c1cb571a phase=decode requests=25de90a8b4234cdd9f459bf44de5f72b
0.0,76313432,2,38156716.0,38156716.0,37980549,38332883,249137.8,PushPop,:batch=71b067ba27584286a617c20f0c632876 phase=decode requests=25de90a8b4234cdd9f459bf44de5f72b
0.0,76313051,2,38156525.5,38156525.5,38017456,38295595,196674.0,PushPop,:batch=2a0fde82efc9429dbb9d4802b9d55d29 phase=decode requests=25de90a8b4234cdd9f459bf44de5f72b
0.0,76312896,2,38156448.0,38156448.0,37947547,38365349,295430.6,PushPop,:batch=640a51fa3e1b4d95b700e1c9220cdf2c phase=decode requests=25de90a8b4234cdd9f459bf44de5f72b
0.0,76312595,2,38156297.5,38156297.5,37951317,38361278,289886.2,PushPop,:batch=c846587a1d564c37a00be33f46d6dd76 phase=decode requests=f613ba29e5e3458d8e63b0275b98ac68
0.0,76311781,2,38155890.5,38155890.5,37980591,38331190,247910.9,PushPop,:batch=557c92e38ae5487fa1c018d3537fcb88 phase=decode requests=25de90a8b4234cdd9f459bf44de5f72b
0.0,76311084,2,38155542.0,38155542.0,37828856,38482228,462003.8,PushPop,:batch=79a6d965bce442938f0ce499a10d3f6b phase=decode requests=25de90a8b4234cdd9f459bf44de5f72b
0.0,76310931,2,38155465.5,38155465.5,37979176,38331755,249311.0,PushPop,:batch=db54d88794b540d7af925009d5c0854e phase=decode requests=25de90a8b4234cdd9f459bf44de5f72b
0.0,76310850,2,38155425.0,38155425.0,37984583,38326267,241607.1,PushPop,:batch=1eb738845fce4805befdd46beffce542 phase=decode requests=25de90a8b4234cdd9f459bf44de5f72b
0.0,76310786,2,38155393.0,38155393.0,37981943,38328843,245295.3,PushPop,:batch=ef431fb8faff4daf8b6afc1d9db0b5e1 phase=decode requests=25de90a8b4234cdd9f459bf44de5f72b
0.0,76310395,2,38155197.5,38155197.5,37964435,38345960,269778.9,PushPop,:batch=82242e1a0132420fb8e4b06eb942eb28 phase=decode requests=25de90a8b4234cdd9f459bf44de5f72b
0.0,76309480,2,38154740.0,38154740.0,37986381,38323099,238095.6,PushPop,:batch=8f77bc3113d3425ca0dd0d03a3132199 phase=decode requests=25de90a8b4234cdd9f459bf44de5f72b
0.0,76308896,2,38154448.0,38154448.0,37959372,38349524,275879.1,PushPop,:batch=1a155d12716848ad89c8058ed4eef7fa phase=decode requests=25de90a8b4234cdd9f459bf44de5f72b
0.0,76307907,2,38153953.5,38153953.5,37974626,38333281,253607.4,PushPop,:batch=71eb6f737a86400fb4b6791af3a31ce5 phase=decode requests=25de90a8b4234cdd9f459bf44de5f72b
0.0,76307777,2,38153888.5,38153888.5,37983277,38324500,241281.1,PushPop,:batch=e1a0e0fb54a94ad484afb3895eba1b37 phase=decode requests=25de90a8b4234cdd9f459bf44de5f72b
0.0,76307773,2,38153886.5,38153886.5,37945503,38362270,294698.8,PushPop,:batch=01853b24e84f4eb8b7da8fc7189fa28f phase=decode requests=25de90a8b4234cdd9f459bf44de5f72b
0.0,76306687,2,38153343.5,38153343.5,37981553,38325134,242948.5,PushPop,:batch=84d982623acd426d84f306f82fa9a08c phase=decode requests=25de90a8b4234cdd9f459bf44de5f72b
0.0,76305346,2,38152673.0,38152673.0,37983452,38321894,239314.6,PushPop,:batch=27d4426929c7442fa99e39df5cf3771e phase=decode requests=25de90a8b4234cdd9f459bf44de5f72b
0.0,76304251,2,38152125.5,38152125.5,37962928,38341323,267565.7,PushPop,:batch=aedfcbe62800484b924e34041fa8c584 phase=decode requests=25de90a8b4234cdd9f459bf44de5f72b
0.0,76303115,2,38151557.5,38151557.5,37994464,38308651,222163.8,PushPop,:batch=5e82a30a45dc4162bb5bac9e9827605f phase=decode requests=268bc1a668514718addc6aee590d0f20
0.0,76302160,2,38151080.0,38151080.0,37921654,38380506,324457.4,PushPop,:batch=a7a3c0e1dc02426bb2f270a023341619 phase=decode requests=25de90a8b4234cdd9f459bf44de5f72b
0.0,76302111,2,38151055.5,38151055.5,38011349,38290762,197574.8,PushPop,:batch=8d2419e0620c40879ff902240d943112 phase=decode requests=25de90a8b4234cdd9f459bf44de5f72b
0.0,76301887,2,38150943.5,38150943.5,37963451,38338436,265154.4,PushPop,:batch=8f5362e5a169478d9b44378a94030505 phase=decode requests=25de90a8b4234cdd9f459bf44de5f72b
0.0,76299803,2,38149901.5,38149901.5,37989583,38310220,226724.6,PushPop,:batch=3a2099248d8c481dac077b05efce9d26 phase=decode requests=25de90a8b4234cdd9f459bf44de5f72b
0.0,76299137,2,38149568.5,38149568.5,37967905,38331232,256911.0,PushPop,:batch=7bad4aa81c294fc79379bcfe0931e5ad phase=decode requests=25de90a8b4234cdd9f459bf44de5f72b
0.0,76297918,2,38148959.0,38148959.0,37982763,38315155,235036.6,PushPop,:batch=db5e207d66bb46bc8b2c72c6b2c633b9 phase=decode requests=25de90a8b4234cdd9f459bf44de5f72b
0.0,76297892,2,38148946.0,38148946.0,37968356,38329536,255392.8,PushPop,:batch=37abd214366f440b83b655511b83f198 phase=decode requests=25de90a8b4234cdd9f459bf44de5f72b
0.0,76296345,2,38148172.5,38148172.5,37977942,38318403,240742.3,PushPop,:batch=486ecb29621f4cc6b92dbc65a7c1bf49 phase=decode requests=25de90a8b4234cdd9f459bf44de5f72b
0.0,76296219,2,38148109.5,38148109.5,38002451,38293768,205992.2,PushPop,:batch=a5bb7b19cd0d49d5ac2d7cee9ffa2e8e phase=decode requests=25de90a8b4234cdd9f459bf44de5f72b
0.0,76295583,2,38147791.5,38147791.5,37980895,38314688,236027.3,PushPop,:batch=27b060bde18643a784db2072c6f3c26b phase=decode requests=25de90a8b4234cdd9f459bf44de5f72b
0.0,76293531,2,38146765.5,38146765.5,37975770,38317761,241824.2,PushPop,:batch=4c08a79b824546a0970c33b2c4f9dad7 phase=decode requests=25de90a8b4234cdd9f459bf44de5f72b
0.0,76292651,2,38146325.5,38146325.5,37962455,38330196,260032.2,PushPop,:batch=50189d00fa0648fcab5d08864bcc8478 phase=decode requests=25de90a8b4234cdd9f459bf44de5f72b
0.0,76292472,2,38146236.0,38146236.0,37952243,38340229,274347.5,PushPop,:batch=93cda551dd564fdc9b4d52cd662d83b8 phase=decode requests=268bc1a668514718addc6aee590d0f20
0.0,76292299,2,38146149.5,38146149.5,37963545,38328754,258241.8,PushPop,:batch=930972bc3346422390cd0c6c4a1be131 phase=decode requests=25de90a8b4234cdd9f459bf44de5f72b
0.0,76290503,2,38145251.5,38145251.5,37956893,38333610,266379.1,PushPop,:batch=3409efc0db8443acb0f78a4aa7e7f5cf phase=decode requests=25de90a8b4234cdd9f459bf44de5f72b
0.0,76289882,2,38144941.0,38144941.0,37972140,38317742,244377.5,PushPop,:batch=5e11fcd4f80f4d868eb247c6b70bed9f phase=decode requests=268bc1a668514718addc6aee590d0f20
0.0,76289562,2,38144781.0,38144781.0,37968331,38321231,249538.0,PushPop,:batch=5016016c5da34b99afb424f8a9995190 phase=decode requests=25de90a8b4234cdd9f459bf44de5f72b
0.0,76289340,2,38144670.0,38144670.0,37960410,38328930,260583.0,PushPop,:batch=a394fc1c272f4651a3554573b2ef36fe phase=decode requests=f613ba29e5e3458d8e63b0275b98ac68
0.0,76287619,2,38143809.5,38143809.5,37998231,38289388,205879.1,PushPop,:batch=e66de68f7a4d44fe8b3852c3ed5e2bd3 phase=decode requests=25de90a8b4234cdd9f459bf44de5f72b
0.0,76285916,2,38142958.0,38142958.0,37949522,38336394,273559.8,PushPop,:batch=11549b4faddf452eacd6aed3b1de32e7 phase=decode requests=25de90a8b4234cdd9f459bf44de5f72b
0.0,76285652,2,38142826.0,38142826.0,37930874,38354778,299745.4,PushPop,:batch=079e3094cb404923bcc1d2d3968de980 phase=decode requests=25de90a8b4234cdd9f459bf44de5f72b
0.0,76285194,2,38142597.0,38142597.0,37973095,38312099,239712.0,PushPop,:batch=89b76552a4d74a8e9dfeb852b7953b5a phase=decode requests=25de90a8b4234cdd9f459bf44de5f72b
0.0,76284126,2,38142063.0,38142063.0,37968830,38315296,244988.5,PushPop,:batch=27afc50ac0d84c09bbdd85e24bfa84e6 phase=decode requests=25de90a8b4234cdd9f459bf44de5f72b
0.0,76283855,2,38141927.5,38141927.5,37972746,38311109,239258.8,PushPop,:batch=6e6e21a3eaa8409c94bd6237e30ec0ac phase=decode requests=268bc1a668514718addc6aee590d0f20
0.0,76283667,2,38141833.5,38141833.5,38002903,38280764,196477.4,PushPop,:batch=dcb470ab760a458dbc557355383db2d0 phase=decode requests=25de90a8b4234cdd9f459bf44de5f72b
0.0,76283650,2,38141825.0,38141825.0,37954550,38329100,264846.8,PushPop,:batch=8964b0e9c23d4dd89c972bfb07617c88 phase=decode requests=25de90a8b4234cdd9f459bf44de5f72b
0.0,76283360,2,38141680.0,38141680.0,37965609,38317751,249002.0,PushPop,:batch=50a3ef77e1c44f4aaf5e8acab72569f4 phase=decode requests=25de90a8b4234cdd9f459bf44de5f72b
0.0,76283156,2,38141578.0,38141578.0,37957352,38325804,260534.9,PushPop,:batch=117d10f5f47c4d06aa161c19f49b2993 phase=decode requests=25de90a8b4234cdd9f459bf44de5f72b
0.0,76282641,2,38141320.5,38141320.5,37949458,38333183,271334.5,PushPop,:batch=e0ffbda1c00a4e33a74c5da8631e16b4 phase=decode requests=f613ba29e5e3458d8e63b0275b98ac68
0.0,76281911,2,38140955.5,38140955.5,37989120,38292791,214727.8,PushPop,:batch=53cb7bdc2a5e44d484e1d46a7cde4ec4 phase=decode requests=25de90a8b4234cdd9f459bf44de5f72b
0.0,76281651,2,38140825.5,38140825.5,37971186,38310465,239906.5,PushPop,:batch=ab03c8991e534b48a8fd9a56bcc0d9f1 phase=decode requests=25de90a8b4234cdd9f459bf44de5f72b
0.0,76281255,2,38140627.5,38140627.5,37923990,38357265,306371.7,PushPop,:batch=ce77f9941359406bb1e47347d95c63d0 phase=decode requests=25de90a8b4234cdd9f459bf44de5f72b
0.0,76279924,2,38139962.0,38139962.0,37966627,38313297,245132.7,PushPop,:batch=8134fc63d1ed433d9a4da1493f5a5aaf phase=decode requests=25de90a8b4234cdd9f459bf44de5f72b
0.0,76279750,2,38139875.0,38139875.0,37973564,38306186,235199.3,PushPop,:batch=8e9b639d496d415b84d67ca680bd9ff3 phase=decode requests=25de90a8b4234cdd9f459bf44de5f72b
0.0,76279403,2,38139701.5,38139701.5,37962731,38316672,250274.1,PushPop,:batch=adbf622d5885443d9d3665dbb009d961 phase=decode requests=25de90a8b4234cdd9f459bf44de5f72b
0.0,76279283,2,38139641.5,38139641.5,37954504,38324779,261824.0,PushPop,:batch=d4c94f71fcf34e66a944fc82bcea9f00 phase=decode requests=25de90a8b4234cdd9f459bf44de5f72b
0.0,76278446,2,38139223.0,38139223.0,37957209,38321237,257406.7,PushPop,:batch=6030d0dc21504a5f987df8bdecc13133 phase=decode requests=25de90a8b4234cdd9f459bf44de5f72b
0.0,76278095,2,38139047.5,38139047.5,37988326,38289769,213152.4,PushPop,:batch=757c9febc5b64861b5147aaffbea5e09 phase=decode requests=25de90a8b4234cdd9f459bf44de5f72b
0.0,76277587,2,38138793.5,38138793.5,37939309,38338278,282113.7,PushPop,:batch=cde80f9670cb4b83b27129f9c2ef0464 phase=decode requests=25de90a8b4234cdd9f459bf44de5f72b
0.0,76277005,2,38138502.5,38138502.5,37964870,38312135,245553.4,PushPop,:batch=f614d04550ae473c8990a30aa178a22b phase=decode requests=e6255778e8534404ac5ca8451b4d8752
0.0,76274978,2,38137489.0,38137489.0,37960662,38314316,250071.1,PushPop,:batch=7c043975538b4c238ccae8b54e423e0a phase=decode requests=25de90a8b4234cdd9f459bf44de5f72b
0.0,76273647,2,38136823.5,38136823.5,37963847,38309800,244625.7,PushPop,:batch=e108e111aee34d8c865f880ce232af11 phase=decode requests=25de90a8b4234cdd9f459bf44de5f72b
0.0,76273371,2,38136685.5,38136685.5,37978414,38294957,223829.7,PushPop,:batch=86fb4ce7021d4d48afe9a51dc5ee0752 phase=decode requests=25de90a8b4234cdd9f459bf44de5f72b
0.0,76272823,2,38136411.5,38136411.5,37965406,38307417,241838.3,PushPop,:batch=8cbe27880af54067a8905e7b98ea4e3d phase=decode requests=25de90a8b4234cdd9f459bf44de5f72b
0.0,76272298,2,38136149.0,38136149.0,37973841,38298457,229538.2,PushPop,:batch=645e06210d3e44ba844cf21a91f84a66 phase=decode requests=25de90a8b4234cdd9f459bf44de5f72b
0.0,76272122,2,38136061.0,38136061.0,37960748,38311374,247930.0,PushPop,:batch=46c50f09996c4c268c6d43bb57aad3f6 phase=decode requests=25de90a8b4234cdd9f459bf44de5f72b
0.0,76271653,2,38135826.5,38135826.5,37964670,38306983,242051.8,PushPop,:batch=7e7525a2d14a443792f414c09b2206ce phase=decode requests=25de90a8b4234cdd9f459bf44de5f72b
0.0,76271414,2,38135707.0,38135707.0,37960596,38310818,247644.4,PushPop,:batch=431d3ad70cc748b3a5aa229cf8cde009 phase=decode requests=25de90a8b4234cdd9f459bf44de5f72b
0.0,76270475,2,38135237.5,38135237.5,37932001,38338474,287419.8,PushPop,:batch=a45cc064336342dd8f5b6df734ef9572 phase=decode requests=25de90a8b4234cdd9f459bf44de5f72b
0.0,76268272,2,38134136.0,38134136.0,37977798,38290474,221095.3,PushPop,:batch=347fc66ab76543dabc510e880851b8cf phase=decode requests=25de90a8b4234cdd9f459bf44de5f72b
0.0,76267479,2,38133739.5,38133739.5,37977829,38289650,220490.7,PushPop,:batch=304056eeedbd4adca643eb2c84af3ecf phase=decode requests=25de90a8b4234cdd9f459bf44de5f72b
0.0,76267179,2,38133589.5,38133589.5,37956965,38310214,249784.8,PushPop,:batch=940feed2bfaf4c76bcb6ad1251bba565 phase=decode requests=25de90a8b4234cdd9f459bf44de5f72b
0.0,76265452,2,38132726.0,38132726.0,37954354,38311098,252256.1,PushPop,:batch=b76447c6ecd44597bdb73ca7f48d0496 phase=decode requests=25de90a8b4234cdd9f459bf44de5f72b
0.0,76265445,2,38132722.5,38132722.5,37921266,38344179,299044.7,PushPop,:batch=c70ecaf3f30c4613968b0e4c0238ffe6 phase=decode requests=25de90a8b4234cdd9f459bf44de5f72b
0.0,76264725,2,38132362.5,38132362.5,37945722,38319003,263949.5,PushPop,:batch=d0a175a98df045e3bac066dddacdc5cf phase=decode requests=25de90a8b4234cdd9f459bf44de5f72b
0.0,76264296,2,38132148.0,38132148.0,37970320,38293976,228859.4,PushPop,:batch=9fa2f38057b948f4a64bf0ebcf2f5340 phase=decode requests=25de90a8b4234cdd9f459bf44de5f72b
0.0,76263392,2,38131696.0,38131696.0,37964442,38298950,236532.9,PushPop,:batch=c12c8afd18fd414eb8489641c0642e1a phase=decode requests=268bc1a668514718addc6aee590d0f20
0.0,76263137,2,38131568.5,38131568.5,37967803,38295334,231599.4,PushPop,:batch=9553a4a02ec14f4da2ea0ffefb9be78f phase=decode requests=25de90a8b4234cdd9f459bf44de5f72b
0.0,76262732,2,38131366.0,38131366.0,37950404,38312328,255918.9,PushPop,:batch=8b13b0da78834347ba4c8115fa9fe477 phase=decode requests=25de90a8b4234cdd9f459bf44de5f72b
0.0,76260612,2,38130306.0,38130306.0,37950830,38309782,253817.4,PushPop,:batch=b69d6437d6344d3e97802ad9a72c8ff4 phase=decode requests=25de90a8b4234cdd9f459bf44de5f72b
0.0,76260479,2,38130239.5,38130239.5,37944899,38315580,262111.0,PushPop,:batch=cd67671157174060bd6eaffc0de97807 phase=decode requests=25de90a8b4234cdd9f459bf44de5f72b
0.0,76260008,2,38130004.0,38130004.0,37972917,38287091,222154.6,PushPop,:batch=e3e02f72fea44917ba450871d20d440d phase=decode requests=25de90a8b4234cdd9f459bf44de5f72b
0.0,76259989,2,38129994.5,38129994.5,37941473,38318516,266609.7,PushPop,:batch=30ffc2f506524970b87e127a8304fc3d phase=decode requests=25de90a8b4234cdd9f459bf44de5f72b
0.0,76258120,2,38129060.0,38129060.0,37957248,38300872,242978.9,PushPop,:batch=e525a3a483014f16b20fafad878ee8c1 phase=decode requests=25de90a8b4234cdd9f459bf44de5f72b
0.0,76257689,2,38128844.5,38128844.5,37951151,38306538,251296.6,PushPop,:batch=1b014cba25394dbcbc6dff1655793760 phase=decode requests=25de90a8b4234cdd9f459bf44de5f72b
0.0,76257689,2,38128844.5,38128844.5,37952439,38305250,249475.1,PushPop,:batch=3c7ba36b128743f78ee7dc72a56ea8fc phase=decode requests=25de90a8b4234cdd9f459bf44de5f72b
0.0,76256710,2,38128355.0,38128355.0,37951153,38305557,250601.5,PushPop,:batch=3d0dfd22afd74b9cad30a4c72c4f7835 phase=decode requests=25de90a8b4234cdd9f459bf44de5f72b
0.0,76255098,2,38127549.0,38127549.0,37924749,38330349,286802.5,PushPop,:batch=7c5643b37802476d9f7443f044233a13 phase=decode requests=25de90a8b4234cdd9f459bf44de5f72b
0.0,76254352,2,38127176.0,38127176.0,37949266,38305086,251602.7,PushPop,:batch=3ce8ec2e430742fe981da5fc5a0d805e phase=decode requests=25de90a8b4234cdd9f459bf44de5f72b
0.0,76253623,2,38126811.5,38126811.5,37945680,38307943,256158.6,PushPop,:batch=972e4ea2b0004633bae91130385961a2 phase=decode requests=25de90a8b4234cdd9f459bf44de5f72b
0.0,76253499,2,38126749.5,38126749.5,37932564,38320935,274619.8,PushPop,:batch=df9acc6d01b44738a7ab3ac419003d55 phase=decode requests=25de90a8b4234cdd9f459bf44de5f72b
0.0,76252991,2,38126495.5,38126495.5,37956074,38296917,241012.4,PushPop,:batch=f3335df89dc94c43bb663619cf05c5b6 phase=decode requests=25de90a8b4234cdd9f459bf44de5f72b
0.0,76250441,2,38125220.5,38125220.5,37931091,38319350,274540.6,PushPop,:batch=53a7b05639c04bbcae805ccf6efc39f0 phase=decode requests=25de90a8b4234cdd9f459bf44de5f72b
0.0,76249379,2,38124689.5,38124689.5,37950702,38298677,246055.5,PushPop,:batch=f4be45d2c0bf488cbfa0b6c3306a71ab phase=decode requests=25de90a8b4234cdd9f459bf44de5f72b
0.0,76248296,2,38124148.0,38124148.0,37921404,38326892,286723.3,PushPop,:batch=013dca081a5b49f4a53128dcde8aa819 phase=decode requests=25de90a8b4234cdd9f459bf44de5f72b
0.0,76247644,2,38123822.0,38123822.0,37937848,38309796,263007.0,PushPop,:batch=f7f0fd94edca46c9a11c325e35cf44c6 phase=decode requests=25de90a8b4234cdd9f459bf44de5f72b
0.0,76247187,2,38123593.5,38123593.5,37958106,38289081,234034.7,PushPop,:batch=a6659f0d14fa4c2ba4ea75c09832e5e9 phase=decode requests=25de90a8b4234cdd9f459bf44de5f72b
0.0,76246098,2,38123049.0,38123049.0,37943527,38302571,253882.4,PushPop,:batch=e88e9e07cb9e46bdbb9d671657b7d031 phase=decode requests=25de90a8b4234cdd9f459bf44de5f72b
0.0,76245511,2,38122755.5,38122755.5,37946780,38298731,248866.9,PushPop,:batch=e3fbe19977574769883face6a63e715d phase=decode requests=25de90a8b4234cdd9f459bf44de5f72b
0.0,76244267,2,38122133.5,38122133.5,37894275,38349992,322240.6,PushPop,:batch=b9264e6240ba46faac6ce8cdf6173e2c phase=decode requests=25de90a8b4234cdd9f459bf44de5f72b
0.0,76243733,2,38121866.5,38121866.5,37947517,38296216,246567.4,PushPop,:batch=a5271b14ba744272859e94cc87bf8863 phase=decode requests=25de90a8b4234cdd9f459bf44de5f72b
0.0,76243139,2,38121569.5,38121569.5,37940948,38302191,255437.4,PushPop,:batch=33bddc04a92d4bcf93505312ae299d09 phase=decode requests=25de90a8b4234cdd9f459bf44de5f72b
0.0,76242168,2,38121084.0,38121084.0,37946483,38295685,246923.1,PushPop,:batch=cf8334283da34672b5d4247f04f4493e phase=decode requests=25de90a8b4234cdd9f459bf44de5f72b
0.0,76241525,2,38120762.5,38120762.5,37952257,38289268,238302.8,PushPop,:batch=b38e7de1a2eb45a28d50b6565efd4cf7 phase=decode requests=25de90a8b4234cdd9f459bf44de5f72b
0.0,76241509,2,38120754.5,38120754.5,37941728,38299781,253181.7,PushPop,:batch=b16fe749ae784407acd8feb29030c95b phase=decode requests=25de90a8b4234cdd9f459bf44de5f72b
0.0,76240039,2,38120019.5,38120019.5,37928805,38311234,270418.1,PushPop,:batch=05c572521bc1423eb0758ed2d3def6a3 phase=decode requests=25de90a8b4234cdd9f459bf44de5f72b
0.0,76239422,2,38119711.0,38119711.0,37930627,38308795,267405.2,PushPop,:batch=f068bbfd5ef64b12947bfb85509380ea phase=decode requests=25de90a8b4234cdd9f459bf44de5f72b
0.0,76238611,2,38119305.5,38119305.5,37963854,38274757,219841.6,PushPop,:batch=df085cb37ece48868faaa8ecc18a1e83 phase=decode requests=25de90a8b4234cdd9f459bf44de5f72b
0.0,76238183,2,38119091.5,38119091.5,37938285,38299898,255699.0,PushPop,:batch=7bb3ecc3177345afac8bcc01fcfda80a phase=decode requests=25de90a8b4234cdd9f459bf44de5f72b
0.0,76237627,2,38118813.5,38118813.5,37967159,38270468,214471.9,PushPop,:batch=9bab12ac472b4a20b2c24a8459766f57 phase=decode requests=25de90a8b4234cdd9f459bf44de5f72b
0.0,76235842,2,38117921.0,38117921.0,37955403,38280439,229835.2,PushPop,:batch=465f3ead4a16491e997300c2a9efcf5b phase=decode requests=25de90a8b4234cdd9f459bf44de5f72b
0.0,76235710,2,38117855.0,38117855.0,37919831,38315879,280048.2,PushPop,:batch=3781a12bdd284d6db1375d2da19e27be phase=decode requests=25de90a8b4234cdd9f459bf44de5f72b
0.0,76235346,2,38117673.0,38117673.0,37916390,38318956,284657.1,PushPop,:batch=a285028382a44c8a9b7e7f6822c5d848 phase=decode requests=25de90a8b4234cdd9f459bf44de5f72b
0.0,76234717,2,38117358.5,38117358.5,37948991,38285726,238107.6,PushPop,:batch=a29908bae3d14bc6afdc8aa9f8ab8ff6 phase=decode requests=25de90a8b4234cdd9f459bf44de5f72b
0.0,76234543,2,38117271.5,38117271.5,37931230,38303313,263102.4,PushPop,:batch=8c8e327bfb304ab89ea79e82c7131adc phase=decode requests=25de90a8b4234cdd9f459bf44de5f72b
0.0,76234249,2,38117124.5,38117124.5,37948115,38286134,239015.5,PushPop,:batch=624462a573b2485ab840b76c2bb1b1a7 phase=decode requests=25de90a8b4234cdd9f459bf44de5f72b
0.0,76234209,2,38117104.5,38117104.5,37948005,38286204,239142.8,PushPop,:batch=899f50f40d54402398b6d508b7717d36 phase=decode requests=25de90a8b4234cdd9f459bf44de5f72b
0.0,76233971,2,38116985.5,38116985.5,37928462,38305509,266612.5,PushPop,:batch=15d563e60d3c4a40a9e3d01026149b76 phase=decode requests=25de90a8b4234cdd9f459bf44de5f72b
0.0,76233396,2,38116698.0,38116698.0,37902701,38330695,302637.5,PushPop,:batch=ddb7859bc12b4a309e1d5c6e36933875 phase=decode requests=25de90a8b4234cdd9f459bf44de5f72b
0.0,76232459,2,38116229.5,38116229.5,37914931,38317528,284679.1,PushPop,:batch=6a053427425e4cfa89a1483ee3b18f89 phase=decode requests=25de90a8b4234cdd9f459bf44de5f72b
0.0,76231540,2,38115770.0,38115770.0,37931287,38300253,260898.4,PushPop,:batch=ef0b9f4b9ff24afb86307d1f43ef8ff6 phase=decode requests=25de90a8b4234cdd9f459bf44de5f72b
0.0,76231323,2,38115661.5,38115661.5,37934760,38296563,255833.4,PushPop,:batch=1ca66bed2998405f894737ed43dca635 phase=decode requests=25de90a8b4234cdd9f459bf44de5f72b
0.0,76230873,2,38115436.5,38115436.5,37940925,38289948,246796.5,PushPop,:batch=174cadc043e34cefb9f412e8e50ddac4 phase=decode requests=25de90a8b4234cdd9f459bf44de5f72b
0.0,76229562,2,38114781.0,38114781.0,37922787,38306775,271520.5,PushPop,:batch=7d6e8f91152849958de06f3f069a770d phase=decode requests=25de90a8b4234cdd9f459bf44de5f72b
0.0,76229443,2,38114721.5,38114721.5,37941601,38287842,244829.4,PushPop,:batch=cbbc3a90c9254c5a97613cab38819f4f phase=decode requests=25de90a8b4234cdd9f459bf44de5f72b
0.0,76229299,2,38114649.5,38114649.5,37901095,38328204,302011.7,PushPop,:batch=3981aae4f0744e508971b163dac1aa81 phase=decode requests=f613ba29e5e3458d8e63b0275b98ac68
0.0,76229201,2,38114600.5,38114600.5,37929332,38299869,262009.2,PushPop,:batch=50e9258898744a3d90720a0552104da9 phase=decode requests=25de90a8b4234cdd9f459bf44de5f72b
0.0,76229097,2,38114548.5,38114548.5,37956497,38272600,223518.6,PushPop,:batch=c42c17ea046b4d34b9b4c096b4b03f8c phase=decode requests=25de90a8b4234cdd9f459bf44de5f72b
0.0,76228831,2,38114415.5,38114415.5,37925396,38303435,267313.9,PushPop,:batch=59643364aeea41628b131630661c7a48 phase=decode requests=25de90a8b4234cdd9f459bf44de5f72b
0.0,76227545,2,38113772.5,38113772.5,37928460,38299085,262071.5,PushPop,:batch=20ad15789e5d4bb0a6f095a662c5769a phase=decode requests=25de90a8b4234cdd9f459bf44de5f72b
0.0,76227533,2,38113766.5,38113766.5,37936002,38291531,251397.0,PushPop,:batch=c5dc595da2684a4e8436645fbb789e2a phase=decode requests=25de90a8b4234cdd9f459bf44de5f72b
0.0,76224374,2,38112187.0,38112187.0,37942163,38282211,240450.2,PushPop,:batch=7a7b87014bb74b93815eda4c788fb80f phase=decode requests=25de90a8b4234cdd9f459bf44de5f72b
0.0,76224166,2,38112083.0,38112083.0,37923366,38300800,266886.1,PushPop,:batch=7efad6137492479da1665ca7f69d23e3 phase=decode requests=25de90a8b4234cdd9f459bf44de5f72b
0.0,76223646,2,38111823.0,38111823.0,37936028,38287618,248611.7,PushPop,:batch=d51ec1d2b04040a88676892c9f11a6d5 phase=decode requests=25de90a8b4234cdd9f459bf44de5f72b
0.0,76222787,2,38111393.5,38111393.5,37914980,38307807,277770.6,PushPop,:batch=7b875ea89a5947c4b191de3072b47b9f phase=decode requests=25de90a8b4234cdd9f459bf44de5f72b
0.0,76222133,2,38111066.5,38111066.5,37935807,38286326,247854.4,PushPop,:batch=d852dc0368d04cf7b69fefabc3cff620 phase=decode requests=25de90a8b4234cdd9f459bf44de5f72b
0.0,76222105,2,38111052.5,38111052.5,37904986,38317119,291422.0,PushPop,:batch=23bc290f6d5449fc940f8d20a82bfa0a phase=decode requests=25de90a8b4234cdd9f459bf44de5f72b
0.0,76221981,2,38110990.5,38110990.5,37943950,38278031,236230.9,PushPop,:batch=f8db5cc19150419c89e899c617b530cc phase=decode requests=25de90a8b4234cdd9f459bf44de5f72b
0.0,76221839,2,38110919.5,38110919.5,37899164,38322675,299467.5,PushPop,:batch=c3e9cddd8ea24e42baee3eab8ca7d806 phase=decode requests=25de90a8b4234cdd9f459bf44de5f72b
0.0,76221618,2,38110809.0,38110809.0,37884236,38337382,320422.6,PushPop,:batch=6148693f4be24174b5b1fe5f7bba1b21 phase=decode requests=25de90a8b4234cdd9f459bf44de5f72b
0.0,76220963,2,38110481.5,38110481.5,37941798,38279165,238554.5,PushPop,:batch=d2afdcc6318d49adb96a7a6f1cef410b phase=decode requests=25de90a8b4234cdd9f459bf44de5f72b
0.0,76220604,2,38110302.0,38110302.0,37938407,38282197,243096.2,PushPop,:batch=540cc8006c204e0389d9cc9c1252a692 phase=decode requests=25de90a8b4234cdd9f459bf44de5f72b
0.0,76220209,2,38110104.5,38110104.5,37931200,38289009,253009.2,PushPop,:batch=223d85c999884770bc902f7aaffab130 phase=decode requests=25de90a8b4234cdd9f459bf44de5f72b
0.0,76219664,2,38109832.0,38109832.0,37943334,38276330,235463.7,PushPop,:batch=1466a35ac62944f6b616cbe63d4ae7f4 phase=decode requests=25de90a8b4234cdd9f459bf44de5f72b
0.0,76219662,2,38109831.0,38109831.0,37938871,38280791,241774.0,PushPop,:batch=f5bf29cac4b9429d8317b03a6aafd9f5 phase=decode requests=25de90a8b4234cdd9f459bf44de5f72b
0.0,76219262,2,38109631.0,38109631.0,37916211,38303051,273537.2,PushPop,:batch=ecc3a5ba1c6f4c4887901c70f12bef38 phase=decode requests=25de90a8b4234cdd9f459bf44de5f72b
0.0,76219063,2,38109531.5,38109531.5,37937698,38281365,243009.3,PushPop,:batch=bd2d32e938764d049752ad354097a38c phase=decode requests=25de90a8b4234cdd9f459bf44de5f72b
0.0,76218754,2,38109377.0,38109377.0,37951341,38267413,223496.7,PushPop,:batch=11eca30f6a5244fa9a23e9b2c01a23d6 phase=decode requests=25de90a8b4234cdd9f459bf44de5f72b
0.0,76217746,2,38108873.0,38108873.0,37938987,38278759,240255.1,PushPop,:batch=a669b3da63104705aff9f69bb7d63894 phase=decode requests=25de90a8b4234cdd9f459bf44de5f72b
0.0,76217495,2,38108747.5,38108747.5,37933405,38284090,247971.7,PushPop,:batch=1931621930384460bda1b5f740eb35f0 phase=decode requests=25de90a8b4234cdd9f459bf44de5f72b
0.0,76216927,2,38108463.5,38108463.5,37938974,38277953,239694.3,PushPop,:batch=6536a29f78364d83a84ebff429fc8fcc phase=decode requests=25de90a8b4234cdd9f459bf44de5f72b
0.0,76216485,2,38108242.5,38108242.5,37922219,38294266,263077.0,PushPop,:batch=2ded6820f1dc4efb8bf1a7225c8af4e7 phase=decode requests=25de90a8b4234cdd9f459bf44de5f72b
0.0,76215713,2,38107856.5,38107856.5,37884134,38331579,316391.4,PushPop,:batch=7b75df2b1eef44008eb03b566f1419fc phase=decode requests=25de90a8b4234cdd9f459bf44de5f72b
0.0,76215654,2,38107827.0,38107827.0,37931003,38284651,250066.9,PushPop,:batch=c74d4a1876cc42d4b09a3da6c1e11507 phase=decode requests=25de90a8b4234cdd9f459bf44de5f72b
0.0,76215539,2,38107769.5,38107769.5,37926994,38288545,255655.2,PushPop,:batch=cb73dc6e2b144465a3f7f17441c04e58 phase=decode requests=f613ba29e5e3458d8e63b0275b98ac68
0.0,76214918,2,38107459.0,38107459.0,37909270,38305648,280281.6,PushPop,:batch=d0e160445fe6478ca5a91f9fe1151b25 phase=decode requests=25de90a8b4234cdd9f459bf44de5f72b
0.0,76214578,2,38107289.0,38107289.0,37897656,38316922,296465.8,PushPop,:batch=d7bb91aed4184ee1aab2326af567117d phase=decode requests=25de90a8b4234cdd9f459bf44de5f72b
0.0,76214233,2,38107116.5,38107116.5,37929834,38284399,250715.3,PushPop,:batch=8aa63cb0e6cc429881a9608c3b851d14 phase=decode requests=25de90a8b4234cdd9f459bf44de5f72b
0.0,76213063,2,38106531.5,38106531.5,37920273,38292790,263409.3,PushPop,:batch=89ea8f1f212042a6aa339044f0954be1 phase=decode requests=25de90a8b4234cdd9f459bf44de5f72b
0.0,76212696,2,38106348.0,38106348.0,37927844,38284852,252442.8,PushPop,:batch=fa78879955614acab055557dae5f45de phase=decode requests=25de90a8b4234cdd9f459bf44de5f72b
0.0,76212152,2,38106076.0,38106076.0,37937430,38274722,238501.5,PushPop,:batch=b027b04173d24b4b80daf8cf36fbff73 phase=decode requests=25de90a8b4234cdd9f459bf44de5f72b
0.0,76212136,2,38106068.0,38106068.0,37924844,38287292,256289.4,PushPop,:batch=5674d747c8704f1f95e7319e2bd414d3 phase=decode requests=25de90a8b4234cdd9f459bf44de5f72b
0.0,76212050,2,38106025.0,38106025.0,37908167,38303883,279813.5,PushPop,:batch=7214b17bd6604fb69480e1f794dd9e55 phase=decode requests=25de90a8b4234cdd9f459bf44de5f72b
0.0,76211011,2,38105505.5,38105505.5,37930342,38280669,247718.6,PushPop,:batch=6387f139f62b4e349a6c1f7bc51a0b5d phase=decode requests=25de90a8b4234cdd9f459bf44de5f72b
0.0,76210728,2,38105364.0,38105364.0,37930179,38280549,247749.0,PushPop,:batch=001ddc3eb6a64003a5e68d1eb653195b phase=decode requests=25de90a8b4234cdd9f459bf44de5f72b
0.0,76210013,2,38105006.5,38105006.5,37949845,38260168,219431.5,PushPop,:batch=8a0784480b97419f80445b4ae7962bc3 phase=decode requests=25de90a8b4234cdd9f459bf44de5f72b
0.0,76209614,2,38104807.0,38104807.0,37914427,38295187,269238.0,PushPop,:batch=9b0a8608101f43d192e3239099886b5a phase=decode requests=f613ba29e5e3458d8e63b0275b98ac68
0.0,76208351,2,38104175.5,38104175.5,37926577,38281774,251162.2,PushPop,:batch=9c0ca14d083a4869a3160041707fd4ec phase=decode requests=25de90a8b4234cdd9f459bf44de5f72b
0.0,76208278,2,38104139.0,38104139.0,37928809,38279469,247954.1,PushPop,:batch=406ba548c1994facb335b3238de2eaee phase=decode requests=25de90a8b4234cdd9f459bf44de5f72b
0.0,76207585,2,38103792.5,38103792.5,37926508,38281077,250718.1,PushPop,:batch=07a0c7d8dedb49868f0944177f9450e0 phase=decode requests=25de90a8b4234cdd9f459bf44de5f72b
0.0,76207317,2,38103658.5,38103658.5,37953052,38254265,212989.8,PushPop,:batch=a929cce1b3d1494f9104ae242b86d225 phase=decode requests=268bc1a668514718addc6aee590d0f20
0.0,76205775,2,38102887.5,38102887.5,37925242,38280533,251228.7,PushPop,:batch=21fecd08de3d4d2db40a1149b6709a3c phase=decode requests=25de90a8b4234cdd9f459bf44de5f72b
0.0,76205632,2,38102816.0,38102816.0,37954428,38251204,209852.3,PushPop,:batch=fc1973afe34e41babde305a8ac9e1267 phase=decode requests=25de90a8b4234cdd9f459bf44de5f72b
0.0,76205216,2,38102608.0,38102608.0,37939059,38266157,231293.2,PushPop,:batch=2acc7f0d580f4ab09c7290d7c1f18714 phase=decode requests=25de90a8b4234cdd9f459bf44de5f72b
0.0,76204890,2,38102445.0,38102445.0,37922056,38282834,255108.6,PushPop,:batch=cee727afff12440cbb9c03d344b48072 phase=decode requests=25de90a8b4234cdd9f459bf44de5f72b
0.0,76204709,2,38102354.5,38102354.5,37903379,38301330,281393.9,PushPop,:batch=457abc0901d849be926a3050856698e2 phase=decode requests=25de90a8b4234cdd9f459bf44de5f72b
0.0,76204651,2,38102325.5,38102325.5,37932189,38272462,240609.3,PushPop,:batch=04aa26afe3044e1f9868642f6d2620cf phase=decode requests=25de90a8b4234cdd9f459bf44de5f72b
0.0,76204630,2,38102315.0,38102315.0,37896600,38308030,290924.9,PushPop,:batch=05197cef739e4104b2ceea4f3cead560 phase=decode requests=25de90a8b4234cdd9f459bf44de5f72b
0.0,76203753,2,38101876.5,38101876.5,37912913,38290840,267234.7,PushPop,:batch=3f6c6ae286ad49f0882d17828e2ba456 phase=decode requests=25de90a8b4234cdd9f459bf44de5f72b
0.0,76203610,2,38101805.0,38101805.0,37914114,38289496,265435.2,PushPop,:batch=cb1f6098b2654ab9b40d546eeed1f3e1 phase=decode requests=25de90a8b4234cdd9f459bf44de5f72b
0.0,76203399,2,38101699.5,38101699.5,37919076,38284323,258268.6,PushPop,:batch=da6db7aec32c4fc6a6f513a4c9878c18 phase=decode requests=25de90a8b4234cdd9f459bf44de5f72b
0.0,76201090,2,38100545.0,38100545.0,37903271,38297819,278987.6,PushPop,:batch=ace71e04a13447a5931fc8241357b186 phase=decode requests=25de90a8b4234cdd9f459bf44de5f72b
0.0,76198624,2,38099312.0,38099312.0,37905606,38293018,273941.7,PushPop,:batch=4d976ac64c264456a4b83bbcee72821c phase=decode requests=25de90a8b4234cdd9f459bf44de5f72b
0.0,76198297,2,38099148.5,38099148.5,37925706,38272591,245284.7,PushPop,:batch=a87c28424c384dc282d0193a66e46da1 phase=decode requests=25de90a8b4234cdd9f459bf44de5f72b
0.0,76197158,2,38098579.0,38098579.0,37920781,38276377,251444.3,PushPop,:batch=28dee73997c341e4a359bdb23ff2f047 phase=decode requests=25de90a8b4234cdd9f459bf44de5f72b
0.0,76197130,2,38098565.0,38098565.0,37936154,38260976,229683.8,PushPop,:batch=6aef46d55477418fa695c1adfee53eef phase=decode requests=25de90a8b4234cdd9f459bf44de5f72b
0.0,76196953,2,38098476.5,38098476.5,37930288,38266665,237854.5,PushPop,:batch=963619a0945440428e23b3fe7cb8efa8 phase=decode requests=25de90a8b4234cdd9f459bf44de5f72b
0.0,76195706,2,38097853.0,38097853.0,37948086,38247620,211802.5,PushPop,:batch=91a33f342c354b4890cbb6bfccc34ffd phase=decode requests=25de90a8b4234cdd9f459bf44de5f72b
0.0,76195278,2,38097639.0,38097639.0,37895399,38299879,286010.6,PushPop,:batch=94e45051049d42898962483d72332702 phase=decode requests=25de90a8b4234cdd9f459bf44de5f72b
0.0,76195097,2,38097548.5,38097548.5,37910711,38284386,264228.1,PushPop,:batch=9a907070abf64eea98925f685b3cfb03 phase=decode requests=25de90a8b4234cdd9f459bf44de5f72b
0.0,76194859,2,38097429.5,38097429.5,37924558,38270301,244477.2,PushPop,:batch=67f1a4fd95a4445eb1c9f02d0bab20b9 phase=decode requests=25de90a8b4234cdd9f459bf44de5f72b
0.0,76194279,2,38097139.5,38097139.5,37952711,38241568,204252.7,PushPop,:batch=bb0cc45c53db45668e9d4cf3aac51594 phase=decode requests=25de90a8b4234cdd9f459bf44de5f72b
0.0,76194125,2,38097062.5,38097062.5,37908872,38285253,266141.6,PushPop,:batch=358ee76eb18c46c2a8c478bcf6aa0591 phase=decode requests=25de90a8b4234cdd9f459bf44de5f72b
0.0,76193739,2,38096869.5,38096869.5,37925338,38268401,242582.2,PushPop,:batch=13a0fbad86044dc09a74cce78e4a5bad phase=decode requests=25de90a8b4234cdd9f459bf44de5f72b
0.0,76193427,2,38096713.5,38096713.5,37918228,38275199,252416.6,PushPop,:batch=262836acd84f4f7da711ea16ae4ef05d phase=decode requests=25de90a8b4234cdd9f459bf44de5f72b
0.0,76192725,2,38096362.5,38096362.5,37932706,38260019,231445.2,PushPop,:batch=29c35518e88f4c71b876a78c9d923304 phase=decode requests=25de90a8b4234cdd9f459bf44de5f72b
0.0,76192513,2,38096256.5,38096256.5,37914774,38277739,256655.0,PushPop,:batch=aaad7976214b4a0bab4aa49cc483431b phase=decode requests=25de90a8b4234cdd9f459bf44de5f72b
0.0,76192108,2,38096054.0,38096054.0,37935774,38256334,226670.1,PushPop,:batch=4552e898477b4b9fb359cee69e1291eb phase=decode requests=25de90a8b4234cdd9f459bf44de5f72b
0.0,76191486,2,38095743.0,38095743.0,37898581,38292905,278829.2,PushPop,:batch=0a2d32668b914dd3b614c663600977e0 phase=decode requests=25de90a8b4234cdd9f459bf44de5f72b
0.0,76190533,2,38095266.5,38095266.5,37924370,38266163,241684.1,PushPop,:batch=87048162a9ed4598a7b79df42824b15d phase=decode requests=25de90a8b4234cdd9f459bf44de5f72b
0.0,76190525,2,38095262.5,38095262.5,37913780,38276745,256655.0,PushPop,:batch=f5545f6a75ba4c7aaae2d71a7d7f875a phase=decode requests=25de90a8b4234cdd9f459bf44de5f72b
0.0,76189772,2,38094886.0,38094886.0,37928663,38261109,235074.8,PushPop,:batch=7c3cbbd8a3874f77aa36edd174b46588 phase=decode requests=25de90a8b4234cdd9f459bf44de5f72b
0.0,76189543,2,38094771.5,38094771.5,37923549,38265994,242145.2,PushPop,:batch=f64b7b692fc84922b2acfebd13a334ab phase=decode requests=25de90a8b4234cdd9f459bf44de5f72b
0.0,76188448,2,38094224.0,38094224.0,37876234,38312214,308284.4,PushPop,:batch=d463f01177b04feba79af9cb861e8925 phase=decode requests=25de90a8b4234cdd9f459bf44de5f72b
0.0,76187367,2,38093683.5,38093683.5,37896008,38291359,279555.4,PushPop,:batch=520fb51cb53a4f51a569e4b92f2b60c3 phase=decode requests=25de90a8b4234cdd9f459bf44de5f72b
0.0,76185899,2,38092949.5,38092949.5,37910165,38275734,258496.3,PushPop,:batch=0a2833be938d4d85ade9f5f6c23af801 phase=decode requests=25de90a8b4234cdd9f459bf44de5f72b
0.0,76185384,2,38092692.0,38092692.0,37936078,38249306,221485.6,PushPop,:batch=a0f1311b30534fabb827df86f2fd81c2 phase=decode requests=25de90a8b4234cdd9f459bf44de5f72b
0.0,76185192,2,38092596.0,38092596.0,37920594,38264598,243247.6,PushPop,:batch=d2019ea43023420694b2e821c4dca5a3 phase=decode requests=25de90a8b4234cdd9f459bf44de5f72b
0.0,76183726,2,38091863.0,38091863.0,37938768,38244958,216509.0,PushPop,:batch=6aaef9cf1e354de29bd0b7ab37e98852 phase=decode requests=25de90a8b4234cdd9f459bf44de5f72b
0.0,76183635,2,38091817.5,38091817.5,37860442,38323193,327214.4,PushPop,:batch=8b0048eb06754499be2a6fdbf309d011 phase=decode requests=25de90a8b4234cdd9f459bf44de5f72b
0.0,76183179,2,38091589.5,38091589.5,37927876,38255303,231525.9,PushPop,:batch=1d2452f341d34e2986189c01d90524ea phase=decode requests=25de90a8b4234cdd9f459bf44de5f72b
0.0,76182204,2,38091102.0,38091102.0,37919035,38263169,243339.5,PushPop,:batch=306dac72ccd84255b3eda28c64056e61 phase=decode requests=25de90a8b4234cdd9f459bf44de5f72b
0.0,76181692,2,38090846.0,38090846.0,37923980,38257712,235984.2,PushPop,:batch=c2223e8457d64c6dbab8a7d72747de6b phase=decode requests=25de90a8b4234cdd9f459bf44de5f72b
0.0,76181564,2,38090782.0,38090782.0,37915923,38265641,247288.0,PushPop,:batch=0fdefadc711942ab9acd439ba585ced8 phase=decode requests=25de90a8b4234cdd9f459bf44de5f72b
0.0,76180984,2,38090492.0,38090492.0,37912393,38268591,251870.0,PushPop,:batch=c362e7cc6ed143a7992d633dd512a83b phase=decode requests=25de90a8b4234cdd9f459bf44de5f72b
0.0,76180789,2,38090394.5,38090394.5,37927194,38253595,230800.4,PushPop,:batch=5c1daab4f05e4f2c937daba15b81a9b6 phase=decode requests=25de90a8b4234cdd9f459bf44de5f72b
0.0,76178911,2,38089455.5,38089455.5,37894862,38284049,275196.8,PushPop,:batch=dad231121a5f4027bad49725521ae410 phase=decode requests=25de90a8b4234cdd9f459bf44de5f72b
0.0,76177264,2,38088632.0,38088632.0,37910379,38266885,252087.8,PushPop,:batch=fd0c512cd8054f69863317e19e1dc6cb phase=decode requests=25de90a8b4234cdd9f459bf44de5f72b
0.0,76176809,2,38088404.5,38088404.5,37902157,38274652,263393.7,PushPop,:batch=223feb845d804883a9f309d3cb63b3a2 phase=decode requests=25de90a8b4234cdd9f459bf44de5f72b
0.0,76176782,2,38088391.0,38088391.0,37905057,38271725,259273.4,PushPop,:batch=7bca4150e02444c282dd3667c10e9008 phase=decode requests=25de90a8b4234cdd9f459bf44de5f72b
0.0,76175684,2,38087842.0,38087842.0,37925909,38249775,229007.8,PushPop,:batch=6400c08dfd66433da983a20aded9371c phase=decode requests=25de90a8b4234cdd9f459bf44de5f72b
0.0,76175638,2,38087819.0,38087819.0,37906437,38269201,256512.9,PushPop,:batch=695071cea9b149ac91b7333db45cef50 phase=decode requests=25de90a8b4234cdd9f459bf44de5f72b
0.0,76175389,2,38087694.5,38087694.5,37927622,38247767,226376.7,PushPop,:batch=170f5b14e31848888c13265507263cf6 phase=decode requests=25de90a8b4234cdd9f459bf44de5f72b
0.0,76175175,2,38087587.5,38087587.5,37892957,38282218,275249.1,PushPop,:batch=d1df89e4f3b8420a9afffc8961c7f19b phase=decode requests=25de90a8b4234cdd9f459bf44de5f72b
0.0,76175084,2,38087542.0,38087542.0,37874333,38300751,301523.1,PushPop,:batch=d9a48fa3923c4ef7badc896b2eb3e82e phase=decode requests=25de90a8b4234cdd9f459bf44de5f72b
0.0,76174874,2,38087437.0,38087437.0,37902282,38272592,261848.7,PushPop,:batch=91cdf45457fc40c2bd01dc0e57304437 phase=decode requests=25de90a8b4234cdd9f459bf44de5f72b
0.0,76174461,2,38087230.5,38087230.5,37908054,38266407,253393.8,PushPop,:batch=09ed11458b164eb48a12cad77041c91c phase=decode requests=25de90a8b4234cdd9f459bf44de5f72b
0.0,76172347,2,38086173.5,38086173.5,37917919,38254428,237947.8,PushPop,:batch=4c6ba7c1cc894cdaa9edf10732497e0e phase=decode requests=25de90a8b4234cdd9f459bf44de5f72b
0.0,76171170,2,38085585.0,38085585.0,37907511,38263659,251834.7,PushPop,:batch=7290bb30d5414709a3ac09e3af1940ed phase=decode requests=25de90a8b4234cdd9f459bf44de5f72b
0.0,76170049,2,38085024.5,38085024.5,37903291,38266758,257010.0,PushPop,:batch=d71bf89c4c3e438fa8b2eaf22d1b107f phase=decode requests=25de90a8b4234cdd9f459bf44de5f72b
0.0,76168885,2,38084442.5,38084442.5,37955650,38213235,182140.1,PushPop,:batch=6dedee799d0148d197da2f749b10d99a phase=decode requests=25de90a8b4234cdd9f459bf44de5f72b
0.0,76167829,2,38083914.5,38083914.5,37906440,38261389,250986.8,PushPop,:batch=8ec12b6135804fd3a4c3b9a4bfbea6c5 phase=decode requests=25de90a8b4234cdd9f459bf44de5f72b
0.0,76167160,2,38083580.0,38083580.0,37906660,38260500,250202.7,PushPop,:batch=a8ee9227923c4810adc54b12e3b32b5a phase=decode requests=f613ba29e5e3458d8e63b0275b98ac68
0.0,76166758,2,38083379.0,38083379.0,37908926,38257832,246713.8,PushPop,:batch=f4a925ed46d6485e823ada10b0d6e2e7 phase=decode requests=25de90a8b4234cdd9f459bf44de5f72b
0.0,76165032,2,38082516.0,38082516.0,37905455,38259577,250402.1,PushPop,:batch=94a6a0fb6e1549719f28b3d22e098e9b phase=decode requests=25de90a8b4234cdd9f459bf44de5f72b
0.0,76164702,2,38082351.0,38082351.0,37900302,38264400,257456.2,PushPop,:batch=e114f2310e204ef8bc8381cf1e4ae9e0 phase=decode requests=25de90a8b4234cdd9f459bf44de5f72b
0.0,76163835,2,38081917.5,38081917.5,37908059,38255776,245873.0,PushPop,:batch=c6db90dd1fcf481da157cb0628a82ddb phase=decode requests=25de90a8b4234cdd9f459bf44de5f72b
0.0,76163259,2,38081629.5,38081629.5,37914613,38248646,236197.0,PushPop,:batch=ee79bb457e7d4384b8138ce72e3aced0 phase=decode requests=25de90a8b4234cdd9f459bf44de5f72b
0.0,76163160,2,38081580.0,38081580.0,37931497,38231663,212249.4,PushPop,:batch=5a4b99955b6f422e84eef49b793f8cf8 phase=decode requests=25de90a8b4234cdd9f459bf44de5f72b
0.0,76161807,2,38080903.5,38080903.5,37903324,38258483,251135.3,PushPop,:batch=dba78e870d6d4313b3751dc8bd284a0c phase=decode requests=25de90a8b4234cdd9f459bf44de5f72b
0.0,76161273,2,38080636.5,38080636.5,37889318,38271955,270565.2,PushPop,:batch=cc9674a74a44486f99b878310b2b7fc7 phase=decode requests=25de90a8b4234cdd9f459bf44de5f72b
0.0,76161049,2,38080524.5,38080524.5,37925886,38235163,218691.9,PushPop,:batch=2d1890c3bba4454fbc767387a4a9aaf3 phase=decode requests=25de90a8b4234cdd9f459bf44de5f72b
0.0,76160999,2,38080499.5,38080499.5,37901333,38259666,253379.7,PushPop,:batch=d0ecfff12ced4cea8c1beaae9f6941e9 phase=decode requests=25de90a8b4234cdd9f459bf44de5f72b
0.0,76160580,2,38080290.0,38080290.0,37918006,38242574,229504.2,PushPop,:batch=78fdabf19ad14bc98754d4a52931c70e phase=decode requests=25de90a8b4234cdd9f459bf44de5f72b
0.0,76160003,2,38080001.5,38080001.5,37925166,38234837,218970.5,PushPop,:batch=d98d96b765b34c4bbca084a4b39f0258 phase=decode requests=25de90a8b4234cdd9f459bf44de5f72b
0.0,76159838,2,38079919.0,38079919.0,37900966,38258872,253077.8,PushPop,:batch=ef189b674ec44528b5d31b551a3a1409 phase=decode requests=25de90a8b4234cdd9f459bf44de5f72b
0.0,76159765,2,38079882.5,38079882.5,37899008,38260757,255795.2,PushPop,:batch=41a3878443254d9a9ecbf96cc6d33e13 phase=decode requests=25de90a8b4234cdd9f459bf44de5f72b
0.0,76159407,2,38079703.5,38079703.5,37903211,38256196,249598.1,PushPop,:batch=312f26873bad4fdfb2e50979487d5bb2 phase=decode requests=25de90a8b4234cdd9f459bf44de5f72b
0.0,76157114,2,38078557.0,38078557.0,37911544,38245570,236192.0,PushPop,:batch=e60b2a406e174868b5d110839be1003c phase=decode requests=25de90a8b4234cdd9f459bf44de5f72b
0.0,76155682,2,38077841.0,38077841.0,37862691,38292991,304268.0,PushPop,:batch=268bf1c43e4842f8a2de91a0df228b20 phase=decode requests=25de90a8b4234cdd9f459bf44de5f72b
0.0,76155152,2,38077576.0,38077576.0,37911773,38243379,234480.9,PushPop,:batch=a902d053fa9b447c9e7294774809ff2a phase=decode requests=25de90a8b4234cdd9f459bf44de5f72b
0.0,76154036,2,38077018.0,38077018.0,37879639,38274397,279136.1,PushPop,:batch=cf9362c589004cb9858b79c409aa2318 phase=decode requests=25de90a8b4234cdd9f459bf44de5f72b
0.0,76153795,2,38076897.5,38076897.5,37905726,38248069,242073.1,PushPop,:batch=f6b6eb855cc442408a65d83f9e72a2ae phase=decode requests=25de90a8b4234cdd9f459bf44de5f72b
0.0,76153761,2,38076880.5,38076880.5,37905475,38248286,242404.0,PushPop,:batch=443e069da27747b5bcddcbc025cbd1d3 phase=decode requests=25de90a8b4234cdd9f459bf44de5f72b
0.0,76152998,2,38076499.0,38076499.0,37893292,38259706,259093.8,PushPop,:batch=4b3d03e1d9374145b1606523e1c479ce phase=decode requests=25de90a8b4234cdd9f459bf44de5f72b
0.0,76152905,2,38076452.5,38076452.5,37897587,38255318,252954.0,PushPop,:batch=0485751db5de4d8fbb16b3e0e782d57c phase=decode requests=25de90a8b4234cdd9f459bf44de5f72b
0.0,76152593,2,38076296.5,38076296.5,37911731,38240862,232730.8,PushPop,:batch=5d3264ef6d0d48e4ad29548fea979563 phase=decode requests=25de90a8b4234cdd9f459bf44de5f72b
0.0,76152434,2,38076217.0,38076217.0,37920318,38232116,220474.5,PushPop,:batch=ce0fd5ec92a9484399f3c7818a4b175e phase=decode requests=25de90a8b4234cdd9f459bf44de5f72b
0.0,76152413,2,38076206.5,38076206.5,37873144,38279269,287173.7,PushPop,:batch=54da6fb815cd438abd5f4e301f2935d7 phase=decode requests=25de90a8b4234cdd9f459bf44de5f72b
0.0,76152341,2,38076170.5,38076170.5,37890811,38261530,262137.9,PushPop,:batch=f0da44430e8249d09dea9b92a71e1801 phase=decode requests=25de90a8b4234cdd9f459bf44de5f72b
0.0,76151817,2,38075908.5,38075908.5,37904511,38247306,242392.7,PushPop,:batch=d4d4908a22f14e488535f8c068272900 phase=decode requests=25de90a8b4234cdd9f459bf44de5f72b
0.0,76151752,2,38075876.0,38075876.0,37885105,38266647,269790.9,PushPop,:batch=f556f766a43b45058a8e35085924bf7c phase=decode requests=25de90a8b4234cdd9f459bf44de5f72b
0.0,76151738,2,38075869.0,38075869.0,37910381,38241357,234035.4,PushPop,:batch=c82ecbbb7b834c24b89ac1d6434556c9 phase=decode requests=25de90a8b4234cdd9f459bf44de5f72b
0.0,76151305,2,38075652.5,38075652.5,37892505,38258800,259009.7,PushPop,:batch=4a666eb9a58546f496e978d9460cffb9 phase=decode requests=25de90a8b4234cdd9f459bf44de5f72b
0.0,76151221,2,38075610.5,38075610.5,37905422,38245799,240682.9,PushPop,:batch=a60e5c017f594d4f8ffe8664fc19933e phase=decode requests=25de90a8b4234cdd9f459bf44de5f72b
0.0,76150724,2,38075362.0,38075362.0,37929964,38220760,205623.8,PushPop,:batch=c97586c05de7499aa2e3d6603b0aecc9 phase=decode requests=25de90a8b4234cdd9f459bf44de5f72b
0.0,76150472,2,38075236.0,38075236.0,37921436,38229036,217506.0,PushPop,:batch=a6e2c92dfade4c0daa56f2eb63ffe848 phase=decode requests=25de90a8b4234cdd9f459bf44de5f72b
0.0,76150060,2,38075030.0,38075030.0,37917271,38232789,223104.9,PushPop,:batch=bfbafb5299504e59b9fe0e1d0ab61d63 phase=decode requests=25de90a8b4234cdd9f459bf44de5f72b
0.0,76146790,2,38073395.0,38073395.0,37894134,38252656,253513.3,PushPop,:batch=8435d58a66c64304811123477b1ac512 phase=decode requests=25de90a8b4234cdd9f459bf44de5f72b
0.0,76146744,2,38073372.0,38073372.0,37919858,38226886,217101.6,PushPop,:batch=5fbff96427f64d108ee487cf254489bf phase=decode requests=25de90a8b4234cdd9f459bf44de5f72b
0.0,76146098,2,38073049.0,38073049.0,37855356,38290742,307864.4,PushPop,:batch=6d4c4283602f443190dad276a236da4e phase=decode requests=25de90a8b4234cdd9f459bf44de5f72b
0.0,76146069,2,38073034.5,38073034.5,37890085,38255984,258729.7,PushPop,:batch=acc5dd546b6b4e1d93018c1f065ce672 phase=decode requests=25de90a8b4234cdd9f459bf44de5f72b
0.0,76145923,2,38072961.5,38072961.5,37863918,38282005,295632.2,PushPop,:batch=f05c94f18d424db8b1d7439cf791f606 phase=decode requests=25de90a8b4234cdd9f459bf44de5f72b
0.0,76145805,2,38072902.5,38072902.5,37911187,38234618,228700.3,PushPop,:batch=15839b7c667f44ce8b3ef4fb7c2a4fd1 phase=decode requests=25de90a8b4234cdd9f459bf44de5f72b
0.0,76145667,2,38072833.5,38072833.5,37902150,38243517,241382.9,PushPop,:batch=1c1937d81ea74c26a8f8e1c794fc6cf2 phase=decode requests=25de90a8b4234cdd9f459bf44de5f72b
0.0,76145235,2,38072617.5,38072617.5,37888677,38256558,260131.1,PushPop,:batch=8de0f4cb7e36458f958d7ed59ca73df7 phase=decode requests=25de90a8b4234cdd9f459bf44de5f72b
0.0,76145215,2,38072607.5,38072607.5,37886529,38258686,263154.7,PushPop,:batch=39d2e04b222e47b2a86c822273d13781 phase=decode requests=25de90a8b4234cdd9f459bf44de5f72b
0.0,76143999,2,38071999.5,38071999.5,37900299,38243700,242821.2,PushPop,:batch=fa9a3c669fce4765ba17d31b9a2e3439 phase=decode requests=25de90a8b4234cdd9f459bf44de5f72b
0.0,76143636,2,38071818.0,38071818.0,37888737,38254899,258915.6,PushPop,:batch=c00f966599944cf2ab903c5da8642c63 phase=decode requests=25de90a8b4234cdd9f459bf44de5f72b
0.0,76143021,2,38071510.5,38071510.5,37906618,38236403,233193.2,PushPop,:batch=d8a7aeb8f0244a748b85e6e6c7d63521 phase=decode requests=25de90a8b4234cdd9f459bf44de5f72b
0.0,76142797,2,38071398.5,38071398.5,37911891,38230906,225577.7,PushPop,:batch=e07d175feb3143b6876fbc74ad1677c2 phase=decode requests=25de90a8b4234cdd9f459bf44de5f72b
0.0,76142105,2,38071052.5,38071052.5,37893737,38248368,250762.0,PushPop,:batch=772003a875134e3d8ec6b9b51e32dc85 phase=decode requests=25de90a8b4234cdd9f459bf44de5f72b
0.0,76141371,2,38070685.5,38070685.5,37891184,38250187,253853.5,PushPop,:batch=8146a6f9b1a843acba80228445d71ce6 phase=decode requests=25de90a8b4234cdd9f459bf44de5f72b
0.0,76140716,2,38070358.0,38070358.0,37862000,38278716,294662.7,PushPop,:batch=ca12be24e5b548e7bf3e97f3ebd1e6e5 phase=decode requests=25de90a8b4234cdd9f459bf44de5f72b
0.0,76139812,2,38069906.0,38069906.0,37898489,38241323,242420.2,PushPop,:batch=e25544c846704ada917810a0737b38a6 phase=decode requests=25de90a8b4234cdd9f459bf44de5f72b
0.0,76139269,2,38069634.5,38069634.5,37902716,38236553,236058.4,PushPop,:batch=8514861de8474e47855c77f41a42aa58 phase=decode requests=25de90a8b4234cdd9f459bf44de5f72b
0.0,76137452,2,38068726.0,38068726.0,37892959,38244493,248572.1,PushPop,:batch=842aef98655546cbb627732f3341f770 phase=decode requests=25de90a8b4234cdd9f459bf44de5f72b
0.0,76136653,2,38068326.5,38068326.5,37889909,38246744,252320.4,PushPop,:batch=7b68063bd4a24cfab0f36d92a00f894d phase=decode requests=25de90a8b4234cdd9f459bf44de5f72b
0.0,76135352,2,38067676.0,38067676.0,37887534,38247818,254759.3,PushPop,:batch=ece89735e3d34af1b2505433f27eac18 phase=decode requests=25de90a8b4234cdd9f459bf44de5f72b
0.0,76135147,2,38067573.5,38067573.5,37903435,38231712,232126.9,PushPop,:batch=0fd1e089c3b94a8388e9c30bc747de60 phase=decode requests=25de90a8b4234cdd9f459bf44de5f72b
0.0,76134294,2,38067147.0,38067147.0,37895877,38238417,242212.4,PushPop,:batch=1d7d621f1c22414aa97c50b6c5cdcb0b phase=decode requests=25de90a8b4234cdd9f459bf44de5f72b
0.0,76133907,2,38066953.5,38066953.5,37888322,38245585,252623.1,PushPop,:batch=8c96ba0275254181be561179baf38a64 phase=decode requests=25de90a8b4234cdd9f459bf44de5f72b
0.0,76132623,2,38066311.5,38066311.5,37902826,38229797,231203.4,PushPop,:batch=81a2077a12a34352b39323c637dd0e42 phase=decode requests=25de90a8b4234cdd9f459bf44de5f72b
0.0,76131671,2,38065835.5,38065835.5,37905952,38225719,226109.4,PushPop,:batch=bc521fd74dca44448c355c63ce813178 phase=decode requests=25de90a8b4234cdd9f459bf44de5f72b
0.0,76129609,2,38064804.5,38064804.5,37888697,38240912,249053.6,PushPop,:batch=ecdfbcf20c4f42f7b4728646540d8bac phase=decode requests=25de90a8b4234cdd9f459bf44de5f72b
0.0,76128849,2,38064424.5,38064424.5,37892311,38236538,243405.2,PushPop,:batch=2c63db4a9645406f9f65eee448bf2745 phase=decode requests=25de90a8b4234cdd9f459bf44de5f72b
0.0,76128594,2,38064297.0,38064297.0,37896966,38231628,236641.8,PushPop,:batch=919ba98b8be74fa38985ee0c7a2d9f4a phase=decode requests=25de90a8b4234cdd9f459bf44de5f72b
0.0,76127747,2,38063873.5,38063873.5,37909197,38218550,218745.6,PushPop,:batch=92a5b14359584f0bbcaf5ee9e00d37f2 phase=decode requests=25de90a8b4234cdd9f459bf44de5f72b
0.0,76126931,2,38063465.5,38063465.5,37870665,38256266,272661.1,PushPop,:batch=1dab1d4315084661bcf850b08544a00a phase=decode requests=25de90a8b4234cdd9f459bf44de5f72b
0.0,76126292,2,38063146.0,38063146.0,37901531,38224761,228558.1,PushPop,:batch=1c4593ba31e94a789d27af4aeb4a3494 phase=decode requests=25de90a8b4234cdd9f459bf44de5f72b
0.0,76125900,2,38062950.0,38062950.0,37889637,38236263,245101.6,PushPop,:batch=334ed3df900943738a7071f2f5fefd18 phase=decode requests=25de90a8b4234cdd9f459bf44de5f72b
0.0,76125692,2,38062846.0,38062846.0,37911315,38214377,214297.2,PushPop,:batch=ecf2bc8392404c1292e680b6d6b5ef40 phase=decode requests=25de90a8b4234cdd9f459bf44de5f72b
0.0,76124461,2,38062230.5,38062230.5,37887981,38236480,246426.0,PushPop,:batch=8b30ef183c264f64be5b36d60c83fc04 phase=decode requests=25de90a8b4234cdd9f459bf44de5f72b
0.0,76123200,2,38061600.0,38061600.0,37907002,38216198,218634.6,PushPop,:batch=934512d8c6b448899bf376a48a58c708 phase=decode requests=25de90a8b4234cdd9f459bf44de5f72b
0.0,76122758,2,38061379.0,38061379.0,37856429,38266329,289843.1,PushPop,:batch=573552d86322428bb175eddf14f6dac3 phase=decode requests=25de90a8b4234cdd9f459bf44de5f72b
0.0,76120353,2,38060176.5,38060176.5,37876997,38243356,259054.9,PushPop,:batch=6c88cfef4527492c945fced698e6461c phase=decode requests=25de90a8b4234cdd9f459bf44de5f72b
0.0,76120105,2,38060052.5,38060052.5,37872109,38247996,265792.2,PushPop,:batch=992b977ae84441618fc2ef455cebde9c phase=decode requests=25de90a8b4234cdd9f459bf44de5f72b
0.0,76119978,2,38059989.0,38059989.0,37865953,38254025,274408.3,PushPop,:batch=62bd1b65a2754f6da93784502a17e02c phase=decode requests=25de90a8b4234cdd9f459bf44de5f72b
0.0,76119083,2,38059541.5,38059541.5,37868250,38250833,270527.0,PushPop,:batch=081249c02a704bff842e80ba19b5e2d9 phase=decode requests=25de90a8b4234cdd9f459bf44de5f72b
0.0,76118749,2,38059374.5,38059374.5,37884078,38234671,247906.7,PushPop,:batch=1e2fb492b8bb4f5b96495764ef71c4ac phase=decode requests=25de90a8b4234cdd9f459bf44de5f72b
0.0,76118381,2,38059190.5,38059190.5,37872128,38246253,264546.3,PushPop,:batch=560a686850324ef58fcd43bfef33ccd6 phase=decode requests=25de90a8b4234cdd9f459bf44de5f72b
0.0,76118260,2,38059130.0,38059130.0,37870922,38247338,266166.3,PushPop,:batch=7c340df930184bc78bc9bb88aa479b56 phase=decode requests=25de90a8b4234cdd9f459bf44de5f72b
0.0,76117919,2,38058959.5,38058959.5,37874527,38243392,260826.9,PushPop,:batch=748ee06678c64104963a63559a8aff51 phase=decode requests=25de90a8b4234cdd9f459bf44de5f72b
0.0,76117689,2,38058844.5,38058844.5,37890316,38227373,238335.3,PushPop,:batch=d3b7343086374f05aa28867ac508deef phase=decode requests=25de90a8b4234cdd9f459bf44de5f72b
0.0,76117262,2,38058631.0,38058631.0,37882733,38234529,248757.3,PushPop,:batch=dc7425ef326843f6bc37684892360e55 phase=decode requests=25de90a8b4234cdd9f459bf44de5f72b
0.0,76116972,2,38058486.0,38058486.0,37820641,38296331,336363.6,PushPop,:batch=28a9c8a2e94d43bcae900489fa8761a1 phase=decode requests=25de90a8b4234cdd9f459bf44de5f72b
0.0,76116737,2,38058368.5,38058368.5,37886730,38230007,242733.5,PushPop,:batch=2b2f89faecb744d0a64a68dba8c8495a phase=decode requests=25de90a8b4234cdd9f459bf44de5f72b
0.0,76116083,2,38058041.5,38058041.5,37884235,38231848,245799.5,PushPop,:batch=e2af9fe59278421092788f4119187216 phase=decode requests=25de90a8b4234cdd9f459bf44de5f72b
0.0,76114650,2,38057325.0,38057325.0,37869377,38245273,265798.6,PushPop,:batch=1c7a94f6838c469aa6a045cf48e66d96 phase=decode requests=25de90a8b4234cdd9f459bf44de5f72b
0.0,76114276,2,38057138.0,38057138.0,37861054,38253222,277304.7,PushPop,:batch=54847880cd9e42609498b22d51dfeeb9 phase=decode requests=25de90a8b4234cdd9f459bf44de5f72b
0.0,76113908,2,38056954.0,38056954.0,37926577,38187331,184380.9,PushPop,:batch=1d3e63c0a25d41c7b0aefec152442ef9 phase=decode requests=25de90a8b4234cdd9f459bf44de5f72b
0.0,76113757,2,38056878.5,38056878.5,37889753,38224004,236351.1,PushPop,:batch=ff96349be6bc40acb2716028a9efc874 phase=decode requests=25de90a8b4234cdd9f459bf44de5f72b
0.0,76112896,2,38056448.0,38056448.0,37884001,38228895,243876.9,PushPop,:batch=5b0b9059b0d24196bc38e59e8ac9b907 phase=decode requests=25de90a8b4234cdd9f459bf44de5f72b
0.0,76112800,2,38056400.0,38056400.0,37887584,38225216,238741.9,PushPop,:batch=97dd9199fce446da94fa3492baa20823 phase=decode requests=25de90a8b4234cdd9f459bf44de5f72b
0.0,76112423,2,38056211.5,38056211.5,37880677,38231746,248243.3,PushPop,:batch=e399409289a54b30857995d773af44fd phase=decode requests=25de90a8b4234cdd9f459bf44de5f72b
0.0,76111386,2,38055693.0,38055693.0,37897052,38214334,224352.3,PushPop,:batch=d2fc7786697f44248aebe00a7f3aecb2 phase=decode requests=25de90a8b4234cdd9f459bf44de5f72b
0.0,76110495,2,38055247.5,38055247.5,37880976,38229519,246457.1,PushPop,:batch=d3171bbae5eb4ea09942619cc75282ee phase=decode requests=25de90a8b4234cdd9f459bf44de5f72b
0.0,76109526,2,38054763.0,38054763.0,37875882,38233644,252975.9,PushPop,:batch=39cf6282029e497697edfcdf20c4115f phase=decode requests=25de90a8b4234cdd9f459bf44de5f72b
0.0,76109106,2,38054553.0,38054553.0,37881100,38228006,245299.6,PushPop,:batch=e9531da69e514cd4b2c16e2aa3ed3cde phase=decode requests=25de90a8b4234cdd9f459bf44de5f72b
0.0,76108271,2,38054135.5,38054135.5,37889035,38219236,233487.4,PushPop,:batch=9b213a7fc6a748b890025be6bf47e744 phase=decode requests=25de90a8b4234cdd9f459bf44de5f72b
0.0,76107222,2,38053611.0,38053611.0,37888092,38219130,234079.2,PushPop,:batch=6f91ba616c1641c28615b644106872d3 phase=decode requests=25de90a8b4234cdd9f459bf44de5f72b
0.0,76106358,2,38053179.0,38053179.0,37877226,38229132,248835.1,PushPop,:batch=5e6b975d9fad421e8c3876e907d2c334 phase=decode requests=25de90a8b4234cdd9f459bf44de5f72b
0.0,76106147,2,38053073.5,38053073.5,37895979,38210168,222165.2,PushPop,:batch=bcb65695d0ba49a880f33b2f96b12130 phase=decode requests=25de90a8b4234cdd9f459bf44de5f72b
0.0,76106035,2,38053017.5,38053017.5,37875367,38230668,251235.7,PushPop,:batch=72c3c3b316854cf9889ffeb10323c949 phase=decode requests=25de90a8b4234cdd9f459bf44de5f72b
0.0,76105899,2,38052949.5,38052949.5,37890628,38215271,229557.3,PushPop,:batch=433f3fe7861e4ddcae41b6411273884a phase=decode requests=25de90a8b4234cdd9f459bf44de5f72b
0.0,76105370,2,38052685.0,38052685.0,37901070,38204300,214416.0,PushPop,:batch=3fac2a2bb6904af8be3df20f1efd35b1 phase=decode requests=25de90a8b4234cdd9f459bf44de5f72b
0.0,76102201,2,38051100.5,38051100.5,37886537,38215664,232727.9,PushPop,:batch=9cf8211bd22e445288d4bab19e7207d6 phase=decode requests=25de90a8b4234cdd9f459bf44de5f72b
0.0,76101585,2,38050792.5,38050792.5,37829276,38272309,313271.6,PushPop,:batch=40b6844c3dd34ac1a9f7611163054c96 phase=decode requests=25de90a8b4234cdd9f459bf44de5f72b
0.0,76101355,2,38050677.5,38050677.5,37851166,38250189,282151.9,PushPop,:batch=79d23616834f41d19db992831cabf318 phase=decode requests=25de90a8b4234cdd9f459bf44de5f72b
0.0,76100692,2,38050346.0,38050346.0,37865944,38234748,260783.8,PushPop,:batch=f84b592133974bbfb9182656034301a1 phase=decode requests=25de90a8b4234cdd9f459bf44de5f72b
0.0,76097476,2,38048738.0,38048738.0,37858022,38239454,269713.2,PushPop,:batch=4f89822a08224cfbba85086b903792d5 phase=decode requests=25de90a8b4234cdd9f459bf44de5f72b
0.0,76096182,2,38048091.0,38048091.0,37861004,38235178,264581.0,PushPop,:batch=6c822624dc4049249435a230bef84378 phase=decode requests=25de90a8b4234cdd9f459bf44de5f72b
0.0,76095994,2,38047997.0,38047997.0,37863029,38232965,261584.3,PushPop,:batch=85c43f1b83e445098c0670490dece926 phase=decode requests=25de90a8b4234cdd9f459bf44de5f72b
0.0,76094932,2,38047466.0,38047466.0,37877516,38217416,240345.6,PushPop,:batch=ce9a467f5a0943e4ac9abdcfae92c1a9 phase=decode requests=25de90a8b4234cdd9f459bf44de5f72b
0.0,76092457,2,38046228.5,38046228.5,37860257,38232200,263003.4,PushPop,:batch=3fd9f596c14449e198c484cabeccd52d phase=decode requests=25de90a8b4234cdd9f459bf44de5f72b
0.0,76090427,2,38045213.5,38045213.5,37872518,38217909,244228.3,PushPop,:batch=56fcf2aa92ac41458449cf1489b32e80 phase=decode requests=25de90a8b4234cdd9f459bf44de5f72b
0.0,76089652,2,38044826.0,38044826.0,37868158,38221494,249846.3,PushPop,:batch=ac43022f6db140978fb67396a25b5973 phase=decode requests=25de90a8b4234cdd9f459bf44de5f72b
0.0,76089343,2,38044671.5,38044671.5,37871996,38217347,244200.0,PushPop,:batch=cd57426c8f654b8da055cf64aa89f8f7 phase=decode requests=25de90a8b4234cdd9f459bf44de5f72b
0.0,76088122,2,38044061.0,38044061.0,37876349,38211773,237180.6,PushPop,:batch=d960f1b3d79340f08969a18b13b00834 phase=decode requests=25de90a8b4234cdd9f459bf44de5f72b
0.0,76087959,2,38043979.5,38043979.5,37888392,38199567,220034.0,PushPop,:batch=9d13f39f889d4df7b2b0d069a9688c48 phase=decode requests=25de90a8b4234cdd9f459bf44de5f72b
0.0,76087581,2,38043790.5,38043790.5,37871056,38216525,244283.5,PushPop,:batch=e48d40b7d0a94a2c89864c44344916af phase=decode requests=25de90a8b4234cdd9f459bf44de5f72b
0.0,76084453,2,38042226.5,38042226.5,37872575,38211878,239923.5,PushPop,:batch=4c4176fe726c4fb689de71d748817a36 phase=decode requests=25de90a8b4234cdd9f459bf44de5f72b
0.0,76081796,2,38040898.0,38040898.0,37839407,38242389,284951.3,PushPop,:batch=1201167956624d60bbe5c5bf691fba07 phase=decode requests=25de90a8b4234cdd9f459bf44de5f72b
0.0,76080984,2,38040492.0,38040492.0,37862576,38218408,251611.2,PushPop,:batch=68ec9ab4b69a4bfbaca4edf7a6dfb2a0 phase=decode requests=25de90a8b4234cdd9f459bf44de5f72b
0.0,76080940,2,38040470.0,38040470.0,37883954,38196986,221347.0,PushPop,:batch=cf1d9d77dcbc4273af3dfc19e499be15 phase=decode requests=25de90a8b4234cdd9f459bf44de5f72b
0.0,76080513,2,38040256.5,38040256.5,37852896,38227617,264967.8,PushPop,:batch=f6525b30a6bf4e5abac3bb25c840a7f4 phase=decode requests=25de90a8b4234cdd9f459bf44de5f72b
0.0,76080222,2,38040111.0,38040111.0,37850098,38230124,268719.0,PushPop,:batch=232ac9a5178e4b67b17f194df922b32f phase=decode requests=25de90a8b4234cdd9f459bf44de5f72b
0.0,76080131,2,38040065.5,38040065.5,37873712,38206419,235259.4,PushPop,:batch=010384bec2de48c0943ce3cc73ad2467 phase=decode requests=25de90a8b4234cdd9f459bf44de5f72b
0.0,76077979,2,38038989.5,38038989.5,37858694,38219285,254976.3,PushPop,:batch=471c305971f845a88a5fb01222446b0f phase=decode requests=25de90a8b4234cdd9f459bf44de5f72b
0.0,76076953,2,38038476.5,38038476.5,37869214,38207739,239373.3,PushPop,:batch=a2c225478a8e4801a99d257d85aa9986 phase=decode requests=25de90a8b4234cdd9f459bf44de5f72b
0.0,76076182,2,38038091.0,38038091.0,37812783,38263399,318633.6,PushPop,:batch=8b6af2e54c6a498688cc2561a9544621 phase=decode requests=25de90a8b4234cdd9f459bf44de5f72b
0.0,76075068,2,38037534.0,38037534.0,37860615,38214453,250201.2,PushPop,:batch=6f2903c0b5ad4d58a0e2a1a5dcd34855 phase=decode requests=25de90a8b4234cdd9f459bf44de5f72b
0.0,76073731,2,38036865.5,38036865.5,37839752,38233979,278760.6,PushPop,:batch=5da6b064c1a045b89d9ab7f2c617b9c6 phase=decode requests=25de90a8b4234cdd9f459bf44de5f72b
0.0,76072618,2,38036309.0,38036309.0,37870619,38201999,234321.0,PushPop,:batch=95cb82bb90684166a37a86a5a8089434 phase=decode requests=25de90a8b4234cdd9f459bf44de5f72b
0.0,76072441,2,38036220.5,38036220.5,37840990,38231451,276097.6,PushPop,:batch=d616cb35824540838af055b18c989bba phase=decode requests=25de90a8b4234cdd9f459bf44de5f72b
0.0,76071733,2,38035866.5,38035866.5,37887524,38184209,209788.0,PushPop,:batch=becbdad989b44cd8be08a9a94f6e6445 phase=decode requests=25de90a8b4234cdd9f459bf44de5f72b
0.0,76069503,2,38034751.5,38034751.5,37822372,38247131,300350.0,PushPop,:batch=52305c5affa348f8a1ddc8147efc9b7b phase=decode requests=25de90a8b4234cdd9f459bf44de5f72b
0.0,76069454,2,38034727.0,38034727.0,37862025,38207429,244237.5,PushPop,:batch=e914044bdf734c93ae16d9bd7006d62b phase=decode requests=25de90a8b4234cdd9f459bf44de5f72b
0.0,76069333,2,38034666.5,38034666.5,37860640,38208693,246110.6,PushPop,:batch=44bcc6d6fd794c078172fff83b6ea1be phase=decode requests=25de90a8b4234cdd9f459bf44de5f72b
0.0,76069041,2,38034520.5,38034520.5,37856446,38212595,251835.4,PushPop,:batch=02c174f0536146e1a0e2b79efa0f6125 phase=decode requests=25de90a8b4234cdd9f459bf44de5f72b
0.0,76066912,2,38033456.0,38033456.0,37873073,38193839,226815.8,PushPop,:batch=0cfc1ba2ea0f4e169084d9758e07a833 phase=decode requests=25de90a8b4234cdd9f459bf44de5f72b
0.0,76066739,2,38033369.5,38033369.5,37856355,38210384,250336.3,PushPop,:batch=1ca22151ada54430b26f0e24be9381cb phase=decode requests=25de90a8b4234cdd9f459bf44de5f72b
0.0,76066677,2,38033338.5,38033338.5,37866720,38199957,235634.1,PushPop,:batch=970cd0c3cc54466382e954eedeb1efd9 phase=decode requests=25de90a8b4234cdd9f459bf44de5f72b
0.0,76066162,2,38033081.0,38033081.0,37866313,38199849,235845.6,PushPop,:batch=6cb0cf3200a54cc087e427a68f608d95 phase=decode requests=25de90a8b4234cdd9f459bf44de5f72b
0.0,76065318,2,38032659.0,38032659.0,37863418,38201900,239342.9,PushPop,:batch=5ea99e1d1fbf4cdc9c2b8058b68cd606 phase=decode requests=25de90a8b4234cdd9f459bf44de5f72b
0.0,76064943,2,38032471.5,38032471.5,37848162,38216781,260653.0,PushPop,:batch=dc6cf7f0c08148f9b6403a70dd0c63fd phase=decode requests=25de90a8b4234cdd9f459bf44de5f72b
0.0,76063911,2,38031955.5,38031955.5,37846642,38217269,262072.9,PushPop,:batch=76cd5c0fdaab4d30aef43b54897dc2b6 phase=decode requests=25de90a8b4234cdd9f459bf44de5f72b
0.0,76062976,2,38031488.0,38031488.0,37887738,38175238,203293.2,PushPop,:batch=847b36a15f7248a4b231efd5c99864c5 phase=decode requests=25de90a8b4234cdd9f459bf44de5f72b
0.0,76062300,2,38031150.0,38031150.0,37862558,38199742,238425.1,PushPop,:batch=962f6d7e3d684b2a840337a8a271eb04 phase=decode requests=25de90a8b4234cdd9f459bf44de5f72b
0.0,76061949,2,38030974.5,38030974.5,37850221,38211728,255624.1,PushPop,:batch=591c42c256e6415f8c2c0a21c574e339 phase=decode requests=25de90a8b4234cdd9f459bf44de5f72b
0.0,76061316,2,38030658.0,38030658.0,37846464,38214852,260489.7,PushPop,:batch=4bb91ef22ac34e8e8391f6b05f191ad8 phase=decode requests=25de90a8b4234cdd9f459bf44de5f72b
0.0,76061241,2,38030620.5,38030620.5,37847873,38213368,258444.0,PushPop,:batch=1cdd34b53d00417886e2fa038b9607ab phase=decode requests=25de90a8b4234cdd9f459bf44de5f72b
0.0,76061156,2,38030578.0,38030578.0,37851630,38209526,253070.7,PushPop,:batch=70d7c1efcdb54f23beffa57f40dc596a phase=decode requests=25de90a8b4234cdd9f459bf44de5f72b
0.0,76060295,2,38030147.5,38030147.5,37845919,38214376,260538.4,PushPop,:batch=38534b45a9ab4cb6a4a21a61b10b9535 phase=decode requests=25de90a8b4234cdd9f459bf44de5f72b
0.0,76059557,2,38029778.5,38029778.5,37863773,38195784,234767.2,PushPop,:batch=356c0bfefb3c4f7581283ff78a98c997 phase=decode requests=25de90a8b4234cdd9f459bf44de5f72b
0.0,76059125,2,38029562.5,38029562.5,37862824,38196301,235803.8,PushPop,:batch=23c9208311de43dd9d4dc2045d4a2423 phase=decode requests=25de90a8b4234cdd9f459bf44de5f72b
0.0,76059026,2,38029513.0,38029513.0,37852855,38206171,249832.1,PushPop,:batch=c3cbdc13b2614530be2954e483732860 phase=decode requests=25de90a8b4234cdd9f459bf44de5f72b
0.0,76058802,2,38029401.0,38029401.0,37856579,38202223,244407.2,PushPop,:batch=762060194fbe4e40a8994e0769901202 phase=decode requests=25de90a8b4234cdd9f459bf44de5f72b
0.0,76058085,2,38029042.5,38029042.5,37865698,38192387,231004.0,PushPop,:batch=3220a29c949748f7959d5cd16a733b0a phase=decode requests=25de90a8b4234cdd9f459bf44de5f72b
0.0,76057920,2,38028960.0,38028960.0,37867732,38190188,228010.8,PushPop,:batch=c865182c5ee44ff694aeb67ca425c13b phase=decode requests=25de90a8b4234cdd9f459bf44de5f72b
0.0,76057448,2,38028724.0,38028724.0,37861167,38196281,236961.4,PushPop,:batch=902edfa5c18a435389ef3e38576e9ac7 phase=decode requests=25de90a8b4234cdd9f459bf44de5f72b
0.0,76057229,2,38028614.5,38028614.5,37859845,38197384,238676.1,PushPop,:batch=c22e21d49a9d410eaa5a0a521f1835bb phase=decode requests=25de90a8b4234cdd9f459bf44de5f72b
0.0,76056957,2,38028478.5,38028478.5,37851129,38205828,250810.1,PushPop,:batch=d17f6e9775af4b4bb84c4ecffd6af485 phase=decode requests=25de90a8b4234cdd9f459bf44de5f72b
0.0,76056723,2,38028361.5,38028361.5,37828081,38228642,283239.4,PushPop,:batch=67c2a39b33934302b6dbfc2390a017ce phase=decode requests=25de90a8b4234cdd9f459bf44de5f72b
0.0,76056385,2,38028192.5,38028192.5,37832205,38224180,277168.2,PushPop,:batch=90020075d91841fc8764394c58167f5c phase=decode requests=25de90a8b4234cdd9f459bf44de5f72b
0.0,76056035,2,38028017.5,38028017.5,37828691,38227344,281890.2,PushPop,:batch=1d33ff58d8ea4b6e9b7a4b23879a7bbe phase=decode requests=25de90a8b4234cdd9f459bf44de5f72b
0.0,76055235,2,38027617.5,38027617.5,37860682,38194553,236082.4,PushPop,:batch=b143775e402945bfba256d013ddee0db phase=decode requests=25de90a8b4234cdd9f459bf44de5f72b
0.0,76053613,2,38026806.5,38026806.5,37850549,38203064,249265.7,PushPop,:batch=ab053681e9f148f8921602a18c140f02 phase=decode requests=25de90a8b4234cdd9f459bf44de5f72b
0.0,76053281,2,38026640.5,38026640.5,37851500,38201781,247686.1,PushPop,:batch=5c630585552f4633a75366cad938b251 phase=decode requests=25de90a8b4234cdd9f459bf44de5f72b
0.0,76053095,2,38026547.5,38026547.5,37844460,38208635,257510.6,PushPop,:batch=9e427e33d2124c0aaa4336d03840cd71 phase=decode requests=25de90a8b4234cdd9f459bf44de5f72b
0.0,76052583,2,38026291.5,38026291.5,37864450,38188133,228878.4,PushPop,:batch=4f7ce4216bcb405fac0f35b1a883018c phase=decode requests=25de90a8b4234cdd9f459bf44de5f72b
0.0,76052296,2,38026148.0,38026148.0,37854710,38197586,242449.9,PushPop,:batch=f162d1aa01174666ba7a800a225c551d phase=decode requests=25de90a8b4234cdd9f459bf44de5f72b
0.0,76052045,2,38026022.5,38026022.5,37833872,38218173,271741.8,PushPop,:batch=ac99ac838e114d068934f947dd1203c4 phase=decode requests=25de90a8b4234cdd9f459bf44de5f72b
0.0,76051407,2,38025703.5,38025703.5,37862689,38188718,230537.3,PushPop,:batch=84326bcaf67c4848892c61e882945c05 phase=decode requests=25de90a8b4234cdd9f459bf44de5f72b
0.0,76050934,2,38025467.0,38025467.0,37863790,38187144,228645.8,PushPop,:batch=fed005771e3f43a0a62b20e2232b7cd1 phase=decode requests=25de90a8b4234cdd9f459bf44de5f72b
0.0,76050917,2,38025458.5,38025458.5,37841113,38209804,260703.9,PushPop,:batch=072f4d730df44cbba3b427611e1f892b phase=decode requests=25de90a8b4234cdd9f459bf44de5f72b
0.0,76050354,2,38025177.0,38025177.0,37831349,38219005,274114.2,PushPop,:batch=9019aa86a1ff4b6294d5b7edee5728da phase=decode requests=25de90a8b4234cdd9f459bf44de5f72b
0.0,76049768,2,38024884.0,38024884.0,37846039,38203729,252925.0,PushPop,:batch=4a38b0d2bea04ccda84e1c3048192f95 phase=decode requests=25de90a8b4234cdd9f459bf44de5f72b
0.0,76049298,2,38024649.0,38024649.0,37852467,38196831,243502.1,PushPop,:batch=b1bd2c34d0db46a78c37a580ff36a38d phase=decode requests=25de90a8b4234cdd9f459bf44de5f72b
0.0,76046456,2,38023228.0,38023228.0,37846081,38200375,250523.7,PushPop,:batch=3bec27a3489b455cb03b94e47a58dffe phase=decode requests=25de90a8b4234cdd9f459bf44de5f72b
0.0,76045151,2,38022575.5,38022575.5,37838913,38206238,259738.0,PushPop,:batch=2c85574245dd4be29eb2a6093263beb1 phase=decode requests=25de90a8b4234cdd9f459bf44de5f72b
0.0,76044761,2,38022380.5,38022380.5,37859883,38184878,229806.2,PushPop,:batch=2308fde865e34916ae10740bedf5829b phase=decode requests=25de90a8b4234cdd9f459bf44de5f72b
0.0,76044758,2,38022379.0,38022379.0,37827885,38216873,275056.1,PushPop,:batch=01b8756e09f64c8fb8573cdd113a1c04 phase=decode requests=25de90a8b4234cdd9f459bf44de5f72b
0.0,76043020,2,38021510.0,38021510.0,37798498,38244522,315386.6,PushPop,:batch=b2e6ed9ffb2f4e5db98506dae4f457bf phase=decode requests=25de90a8b4234cdd9f459bf44de5f72b
0.0,76039067,2,38019533.5,38019533.5,37833653,38205414,262874.7,PushPop,:batch=b3c7119f277c4c10887aec7f3bf617ae phase=decode requests=25de90a8b4234cdd9f459bf44de5f72b
0.0,76038754,2,38019377.0,38019377.0,37807429,38231325,299739.7,PushPop,:batch=43d63f238d804c10970ceaacfa4c2acf phase=decode requests=25de90a8b4234cdd9f459bf44de5f72b
0.0,76037838,2,38018919.0,38018919.0,37828749,38209089,268941.0,PushPop,:batch=a9f5e494417848eda4156ec73c226f1e phase=decode requests=25de90a8b4234cdd9f459bf44de5f72b
0.0,76037354,2,38018677.0,38018677.0,37841552,38195802,250492.6,PushPop,:batch=ca2ef2851a1d477688ce786658f9678b phase=decode requests=25de90a8b4234cdd9f459bf44de5f72b
0.0,76037112,2,38018556.0,38018556.0,37828810,38208302,268341.4,PushPop,:batch=eb01255243ed44d09b92654fc32eec5a phase=decode requests=25de90a8b4234cdd9f459bf44de5f72b
0.0,76035913,2,38017956.5,38017956.5,37801882,38234031,305575.5,PushPop,:batch=3a1f8b4dd346444e9cfc16d0126e362b phase=decode requests=25de90a8b4234cdd9f459bf44de5f72b
0.0,76035672,2,38017836.0,38017836.0,37843438,38192234,246636.0,PushPop,:batch=7e4fe0a8777e42fb9c33fb1adbf93043 phase=decode requests=25de90a8b4234cdd9f459bf44de5f72b
0.0,76032221,2,38016110.5,38016110.5,37810434,38221787,290870.5,PushPop,:batch=482a81d63548496ba3e7ebded1fe20a2 phase=decode requests=25de90a8b4234cdd9f459bf44de5f72b
0.0,76031991,2,38015995.5,38015995.5,37799456,38232535,306233.1,PushPop,:batch=1a6d22aedbda41118ae622df531ef08c phase=decode requests=25de90a8b4234cdd9f459bf44de5f72b
0.0,76029760,2,38014880.0,38014880.0,37836781,38192979,251870.0,PushPop,:batch=9ab446d5d0894e6a83325ce1120c16d0 phase=decode requests=25de90a8b4234cdd9f459bf44de5f72b
0.0,76027987,2,38013993.5,38013993.5,37842280,38185707,242839.6,PushPop,:batch=9db17e41168b4d13a527e7c2f4fc643d phase=decode requests=25de90a8b4234cdd9f459bf44de5f72b
0.0,76027874,2,38013937.0,38013937.0,37835126,38192748,252876.9,PushPop,:batch=e6b74a9e2125449fafdd630b7d672fef phase=decode requests=25de90a8b4234cdd9f459bf44de5f72b
0.0,76027561,2,38013780.5,38013780.5,37814756,38212805,281463.1,PushPop,:batch=00ea471f3cae4c629d3500f078f84f67 phase=decode requests=25de90a8b4234cdd9f459bf44de5f72b
0.0,76026597,2,38013298.5,38013298.5,37810677,38215920,286550.1,PushPop,:batch=1261271f36594d7ba33b93139aa2c68a phase=decode requests=25de90a8b4234cdd9f459bf44de5f72b
0.0,76025944,2,38012972.0,38012972.0,37836409,38189535,249697.8,PushPop,:batch=9f600c3b40004b33a60bcd27250bebd3 phase=decode requests=25de90a8b4234cdd9f459bf44de5f72b
0.0,76025226,2,38012613.0,38012613.0,37842632,38182594,240389.4,PushPop,:batch=95e9b3469fec4256bf62a016616a8709 phase=decode requests=25de90a8b4234cdd9f459bf44de5f72b
0.0,76022597,2,38011298.5,38011298.5,37841109,38181488,240684.3,PushPop,:batch=ea16822d52344c8d86f6a28cac1e717c phase=decode requests=25de90a8b4234cdd9f459bf44de5f72b
0.0,76021322,2,38010661.0,38010661.0,37825151,38196171,262350.8,PushPop,:batch=36d08d434d4f44f6bc4672c5d579de16 phase=decode requests=25de90a8b4234cdd9f459bf44de5f72b
0.0,76020432,2,38010216.0,38010216.0,37810322,38210110,282692.8,PushPop,:batch=c74939a0e0cb406c8887d6935d03a3d7 phase=decode requests=25de90a8b4234cdd9f459bf44de5f72b
0.0,76019717,2,38009858.5,38009858.5,37811166,38208551,280993.6,PushPop,:batch=131e2a370be842909b68feec6c0e5513 phase=decode requests=25de90a8b4234cdd9f459bf44de5f72b
0.0,76017460,2,38008730.0,38008730.0,37833542,38183918,247753.2,PushPop,:batch=e39325590805463a925b8933954e80d4 phase=decode requests=25de90a8b4234cdd9f459bf44de5f72b
0.0,76015676,2,38007838.0,38007838.0,37834488,38181188,245153.9,PushPop,:batch=86be20162092416497dd73c4a971e8af phase=decode requests=25de90a8b4234cdd9f459bf44de5f72b
0.0,76014769,2,38007384.5,38007384.5,37805852,38208917,285010.0,PushPop,:batch=f8187919aaad489686145da7cec41c4d phase=decode requests=25de90a8b4234cdd9f459bf44de5f72b
0.0,76014215,2,38007107.5,38007107.5,37841174,38173041,234665.4,PushPop,:batch=0c2329965b044850ab19c7c8923b0997 phase=decode requests=25de90a8b4234cdd9f459bf44de5f72b
0.0,76013381,2,38006690.5,38006690.5,37843130,38170251,231309.5,PushPop,:batch=70d9ec73e20f49178cb04a5ab84471ea phase=decode requests=25de90a8b4234cdd9f459bf44de5f72b
0.0,76013345,2,38006672.5,38006672.5,37834872,38178473,242962.6,PushPop,:batch=97b522fbfb2649478ae1933407d65c7c phase=decode requests=25de90a8b4234cdd9f459bf44de5f72b
0.0,76011801,2,38005900.5,38005900.5,37794540,38217261,298908.9,PushPop,:batch=69c6b386461d4ad5a7f1f1cf4e212217 phase=decode requests=25de90a8b4234cdd9f459bf44de5f72b
0.0,76011566,2,38005783.0,38005783.0,37837806,38173760,237555.4,PushPop,:batch=7716fcf4431b4d76b7493a8439e42787 phase=decode requests=25de90a8b4234cdd9f459bf44de5f72b
0.0,76011368,2,38005684.0,38005684.0,37830543,38180825,247686.8,PushPop,:batch=5ab89bdf26be4246b6122f32f4c4d780 phase=decode requests=25de90a8b4234cdd9f459bf44de5f72b
0.0,76011300,2,38005650.0,38005650.0,37836507,38174793,239204.3,PushPop,:batch=fd39bf5999784e0e84ff2988261f597e phase=decode requests=25de90a8b4234cdd9f459bf44de5f72b
0.0,76010564,2,38005282.0,38005282.0,37817565,38192999,265471.9,PushPop,:batch=c52053a9aa224d319750f43092a6930e phase=decode requests=25de90a8b4234cdd9f459bf44de5f72b
0.0,76009846,2,38004923.0,38004923.0,37834217,38175629,241414.7,PushPop,:batch=571e0fcfb68e49739902e50823e9fec7 phase=decode requests=25de90a8b4234cdd9f459bf44de5f72b
0.0,76009593,2,38004796.5,38004796.5,37813577,38196016,270425.2,PushPop,:batch=dc18e13de1b948c8bbd4d2283ab45010 phase=decode requests=25de90a8b4234cdd9f459bf44de5f72b
0.0,76008286,2,38004143.0,38004143.0,37836887,38171399,236535.7,PushPop,:batch=f39372e12b0746bc8245292c6091b4d3 phase=decode requests=25de90a8b4234cdd9f459bf44de5f72b
0.0,76007823,2,38003911.5,38003911.5,37817375,38190448,263802.4,PushPop,:batch=65cbe5191f424b1494d0427724efb4d5 phase=decode requests=25de90a8b4234cdd9f459bf44de5f72b
0.0,76007744,2,38003872.0,38003872.0,37807594,38200150,277579.0,PushPop,:batch=cff2b4dfde3b422d8a4c1c4046e7cacd phase=decode requests=25de90a8b4234cdd9f459bf44de5f72b
0.0,76006256,2,38003128.0,38003128.0,37835220,38171036,237457.8,PushPop,:batch=0a296843bfb3404384cc6fdaaea9366f phase=decode requests=25de90a8b4234cdd9f459bf44de5f72b
0.0,76005830,2,38002915.0,38002915.0,37832510,38173320,240989.1,PushPop,:batch=4dd9a9165cbd41a7a9fd1509916edb60 phase=decode requests=25de90a8b4234cdd9f459bf44de5f72b
0.0,76005757,2,38002878.5,38002878.5,37838237,38167520,232838.2,PushPop,:batch=eec4884394c44f1ebf61be15621cef00 phase=decode requests=25de90a8b4234cdd9f459bf44de5f72b
0.0,76005127,2,38002563.5,38002563.5,37814183,38190944,266410.3,PushPop,:batch=edbc04d7298747d0af1ec6d820d8318b phase=decode requests=25de90a8b4234cdd9f459bf44de5f72b
0.0,76004494,2,38002247.0,38002247.0,37839124,38165370,230690.8,PushPop,:batch=d78ac1ce569841368d032acdf31c8b31 phase=decode requests=25de90a8b4234cdd9f459bf44de5f72b
0.0,76004262,2,38002131.0,38002131.0,37822318,38181944,254294.0,PushPop,:batch=b978322edb6040b2890090af05d95b36 phase=decode requests=25de90a8b4234cdd9f459bf44de5f72b
0.0,76003735,2,38001867.5,38001867.5,37844800,38158935,222127.0,PushPop,:batch=070717aed921437fb6922a9863efe8e5 phase=decode requests=25de90a8b4234cdd9f459bf44de5f72b
0.0,75999078,2,37999539.0,37999539.0,37836622,38162456,230399.4,PushPop,:batch=fcc7f3090a4844db8dfc393b1a2c8bd8 phase=decode requests=25de90a8b4234cdd9f459bf44de5f72b
0.0,75997840,2,37998920.0,37998920.0,37832707,38165133,235060.7,PushPop,:batch=9f7e582e29e047ed8811cd4ee6667aa6 phase=decode requests=25de90a8b4234cdd9f459bf44de5f72b
0.0,75997406,2,37998703.0,37998703.0,37840366,38157040,223922.3,PushPop,:batch=447a9e8429b04dec8db3801098d04e11 phase=decode requests=25de90a8b4234cdd9f459bf44de5f72b
0.0,75996637,2,37998318.5,37998318.5,37828144,38168493,240663.1,PushPop,:batch=4ccbf1bb43b74095b00a2bc8ee82406e phase=decode requests=25de90a8b4234cdd9f459bf44de5f72b
0.0,75993550,2,37996775.0,37996775.0,37822755,38170795,246101.4,PushPop,:batch=da25b3cade6045b5953e78c8d79da913 phase=decode requests=25de90a8b4234cdd9f459bf44de5f72b
0.0,75990895,2,37995447.5,37995447.5,37819865,38171030,248311.2,PushPop,:batch=2f72488802304260817a15bed38a8d6f phase=decode requests=25de90a8b4234cdd9f459bf44de5f72b
0.0,75990837,2,37995418.5,37995418.5,37822916,38167921,243955.4,PushPop,:batch=128e1b9e047644699285122b89cf3126 phase=decode requests=25de90a8b4234cdd9f459bf44de5f72b
0.0,75990687,2,37995343.5,37995343.5,37798331,38192356,278617.7,PushPop,:batch=d58d55c10a584652bc643e621f6b91a0 phase=decode requests=25de90a8b4234cdd9f459bf44de5f72b
0.0,75989928,2,37994964.0,37994964.0,37814477,38175451,255247.2,PushPop,:batch=1ad380147c3c443e9dbfcf54bb1de3cc phase=decode requests=25de90a8b4234cdd9f459bf44de5f72b
0.0,75989112,2,37994556.0,37994556.0,37788733,38200379,291077.7,PushPop,:batch=c9421628fe8141ca99c8d93578136294 phase=decode requests=25de90a8b4234cdd9f459bf44de5f72b
0.0,75987993,2,37993996.5,37993996.5,37815335,38172658,252665.5,PushPop,:batch=a5f9a7b1a02e4878800ce6e3323ecb2a phase=decode requests=25de90a8b4234cdd9f459bf44de5f72b
0.0,75985495,2,37992747.5,37992747.5,37787000,38198495,290970.9,PushPop,:batch=0d31329f0212435991523f4e82420782 phase=decode requests=25de90a8b4234cdd9f459bf44de5f72b
0.0,75984924,2,37992462.0,37992462.0,37830163,38154761,229525.4,PushPop,:batch=b9e724b1a4dc49e2be4c845cd61f5a1a phase=decode requests=25de90a8b4234cdd9f459bf44de5f72b
0.0,75983163,2,37991581.5,37991581.5,37806372,38176791,261925.8,PushPop,:batch=2827de33fa9d4441a1de45ce7217ce96 phase=decode requests=25de90a8b4234cdd9f459bf44de5f72b
0.0,75981948,2,37990974.0,37990974.0,37820525,38161423,241051.3,PushPop,:batch=6abcf3cd85d647c88e17fdb51609e2e1 phase=decode requests=25de90a8b4234cdd9f459bf44de5f72b
0.0,75981182,2,37990591.0,37990591.0,37821810,38159372,238692.4,PushPop,:batch=2fa2a414c4e84bbc883988621752d76c phase=decode requests=25de90a8b4234cdd9f459bf44de5f72b
0.0,75979840,2,37989920.0,37989920.0,37807627,38172213,257801.2,PushPop,:batch=1cddb80e85ac494899227c366128b829 phase=decode requests=25de90a8b4234cdd9f459bf44de5f72b
0.0,75978534,2,37989267.0,37989267.0,37827385,38151149,228935.7,PushPop,:batch=9cc8ec56d9a54884b785710e2b02df0a phase=decode requests=25de90a8b4234cdd9f459bf44de5f72b
0.0,75977277,2,37988638.5,37988638.5,37787686,38189591,284189.8,PushPop,:batch=95f1d62911b24c0aba6e07c48e3fbc4a phase=decode requests=25de90a8b4234cdd9f459bf44de5f72b
0.0,75976325,2,37988162.5,37988162.5,37818986,38157339,239251.7,PushPop,:batch=496e632bf1964192a5c50bf2666cc4cd phase=decode requests=25de90a8b4234cdd9f459bf44de5f72b
0.0,75973965,2,37986982.5,37986982.5,37805212,38168753,257062.3,PushPop,:batch=104a803eff9b4f4f9ebf659b81911958 phase=decode requests=25de90a8b4234cdd9f459bf44de5f72b
0.0,75973180,2,37986590.0,37986590.0,37829303,38143877,222437.4,PushPop,:batch=703091b6efc94e73992deb5959d5d577 phase=decode requests=25de90a8b4234cdd9f459bf44de5f72b
0.0,75972994,2,37986497.0,37986497.0,37813307,38159687,244927.6,PushPop,:batch=342f91c5babc458bb9979e429b3006e0 phase=decode requests=25de90a8b4234cdd9f459bf44de5f72b
0.0,75972058,2,37986029.0,37986029.0,37811959,38160099,246172.2,PushPop,:batch=98d340fd8a924ae2b6b336f9f80c3525 phase=decode requests=25de90a8b4234cdd9f459bf44de5f72b
0.0,75971650,2,37985825.0,37985825.0,37812004,38159646,245820.0,PushPop,:batch=18833802b5894a8bb3d11015df7a916f phase=decode requests=25de90a8b4234cdd9f459bf44de5f72b
0.0,75970652,2,37985326.0,37985326.0,37823458,38147194,228915.9,PushPop,:batch=f90f3c4345b343718d9d0c1773cdb862 phase=decode requests=25de90a8b4234cdd9f459bf44de5f72b
0.0,75968269,2,37984134.5,37984134.5,37777874,38190395,291696.4,PushPop,:batch=dcabc928f60749dc9ab47989ee4fdb58 phase=decode requests=25de90a8b4234cdd9f459bf44de5f72b
0.0,75967794,2,37983897.0,37983897.0,37810885,38156909,244675.9,PushPop,:batch=d2c0783c86ca46d383f2641b718aeb72 phase=decode requests=25de90a8b4234cdd9f459bf44de5f72b
0.0,75966567,2,37983283.5,37983283.5,37809949,38156618,245132.0,PushPop,:batch=82e1a8139b8f47b8b38733ffcb0cded5 phase=decode requests=25de90a8b4234cdd9f459bf44de5f72b
0.0,75966556,2,37983278.0,37983278.0,37816133,38150423,236378.7,PushPop,:batch=3504014257b543b9a0f3516e69096ef1 phase=decode requests=25de90a8b4234cdd9f459bf44de5f72b
0.0,75964776,2,37982388.0,37982388.0,37800284,38164492,257533.9,PushPop,:batch=d4126187be464040a64b5dbc67fab4f0 phase=decode requests=25de90a8b4234cdd9f459bf44de5f72b
0.0,75964662,2,37982331.0,37982331.0,37815085,38149577,236521.6,PushPop,:batch=0b9d9545526545a189e66ea662bee781 phase=decode requests=25de90a8b4234cdd9f459bf44de5f72b
0.0,75960685,2,37980342.5,37980342.5,37759330,38201355,312558.9,PushPop,:batch=e0621f8461fc45d991d349d4a90df6c3 phase=decode requests=25de90a8b4234cdd9f459bf44de5f72b
0.0,75960558,2,37980279.0,37980279.0,37804491,38156067,248601.8,PushPop,:batch=c90e138647964cadb9c953048c9b52cb phase=decode requests=25de90a8b4234cdd9f459bf44de5f72b
0.0,75960547,2,37980273.5,37980273.5,37807766,38152781,243962.4,PushPop,:batch=5cdf2faeb78a4d87b6657df7c0833a41 phase=decode requests=25de90a8b4234cdd9f459bf44de5f72b
0.0,75960512,2,37980256.0,37980256.0,37786560,38173952,273927.5,PushPop,:batch=7a79fada291246479e8214579fc367de phase=decode requests=25de90a8b4234cdd9f459bf44de5f72b
0.0,75956722,2,37978361.0,37978361.0,37789294,38167428,267381.1,PushPop,:batch=09dc1afb53884a049cbb060d8b9d07cd phase=decode requests=25de90a8b4234cdd9f459bf44de5f72b
0.0,75955094,2,37977547.0,37977547.0,37809033,38146061,238314.8,PushPop,:batch=bf4e2fc1ffe8426383c3225815775077 phase=decode requests=25de90a8b4234cdd9f459bf44de5f72b
0.0,75954905,2,37977452.5,37977452.5,37815741,38139164,228694.6,PushPop,:batch=b2686c5830f84514a9d6f178dbd6fb4b phase=decode requests=25de90a8b4234cdd9f459bf44de5f72b
0.0,75954678,2,37977339.0,37977339.0,37822873,38131805,218447.9,PushPop,:batch=5986df3ea2d2417e8ea9b93168d7ae95 phase=decode requests=25de90a8b4234cdd9f459bf44de5f72b
0.0,75951573,2,37975786.5,37975786.5,37800376,38151197,248067.9,PushPop,:batch=2b294586ae1044e485467791a5d567aa phase=decode requests=25de90a8b4234cdd9f459bf44de5f72b
0.0,75947481,2,37973740.5,37973740.5,37797317,38150164,249500.5,PushPop,:batch=fb01781078bc4944ac40d8842b92f9a4 phase=decode requests=25de90a8b4234cdd9f459bf44de5f72b
0.0,75946908,2,37973454.0,37973454.0,37794364,38152544,253271.5,PushPop,:batch=e6cce1116171440385ad5d22e8163841 phase=decode requests=25de90a8b4234cdd9f459bf44de5f72b
0.0,75946511,2,37973255.5,37973255.5,37782444,38164067,269848.2,PushPop,:batch=41ae9b9739024cd9a9ee5212f22dc3d7 phase=decode requests=25de90a8b4234cdd9f459bf44de5f72b
0.0,75946099,2,37973049.5,37973049.5,37785471,38160628,265276.1,PushPop,:batch=54f7c6b05f9e4d6ba811fc5ddc28eaef phase=decode requests=25de90a8b4234cdd9f459bf44de5f72b
0.0,75942656,2,37971328.0,37971328.0,37806182,38136474,233551.7,PushPop,:batch=10f4779d45c2426492f25873db463992 phase=decode requests=25de90a8b4234cdd9f459bf44de5f72b
0.0,75940859,2,37970429.5,37970429.5,37788007,38152852,257984.4,PushPop,:batch=41d62914646141a18212cad63ec8f5fd phase=decode requests=25de90a8b4234cdd9f459bf44de5f72b
0.0,75940177,2,37970088.5,37970088.5,37813291,38126886,221745.2,PushPop,:batch=692a97fb4c604b0296980026c7d48a61 phase=decode requests=268bc1a668514718addc6aee590d0f20
0.0,75928790,2,37964395.0,37964395.0,37800559,38128231,231699.1,PushPop,:batch=92bb61a532cc4ae38670c74741405160 phase=decode requests=25de90a8b4234cdd9f459bf44de5f72b
0.0,75927620,2,37963810.0,37963810.0,37796949,38130671,235977.1,PushPop,:batch=922f14bde6494db59b2d9d8f96914b49 phase=decode requests=25de90a8b4234cdd9f459bf44de5f72b
0.0,75925779,2,37962889.5,37962889.5,37825990,38099789,193605.1,PushPop,:batch=b9d75f0984bc49cb9342b4f32476a364 phase=decode requests=25de90a8b4234cdd9f459bf44de5f72b
0.0,75923646,2,37961823.0,37961823.0,37794906,38128740,236056.3,PushPop,:batch=a40cafe2002c4b6a9f6439b5bdbfd9ff phase=decode requests=25de90a8b4234cdd9f459bf44de5f72b
0.0,75922679,2,37961339.5,37961339.5,37765067,38157612,277571.2,PushPop,:batch=cedd8ba0361244539a5aa2c4eb70aaaa phase=decode requests=25de90a8b4234cdd9f459bf44de5f72b
0.0,75920920,2,37960460.0,37960460.0,37769456,38151464,270120.4,PushPop,:batch=a2a8f935c7534d7384916485d6480ecd phase=decode requests=25de90a8b4234cdd9f459bf44de5f72b
0.0,75919589,2,37959794.5,37959794.5,37783206,38136383,249733.9,PushPop,:batch=727baba238c24c03ad6b148e2c728f1a phase=decode requests=25de90a8b4234cdd9f459bf44de5f72b
0.0,75914068,2,37957034.0,37957034.0,37734025,38180043,315382.4,PushPop,:batch=535b185a6a9341a794d1e036568ed01b phase=decode requests=25de90a8b4234cdd9f459bf44de5f72b
0.0,75913764,2,37956882.0,37956882.0,37791925,38121839,233284.4,PushPop,:batch=36f53b1a3f504c93b7e566c517651c71 phase=decode requests=25de90a8b4234cdd9f459bf44de5f72b
0.0,75902669,2,37951334.5,37951334.5,37781943,38120726,239555.8,PushPop,:batch=d24e2b8141a94c07adcf81e9592405d3 phase=decode requests=25de90a8b4234cdd9f459bf44de5f72b
0.0,75902030,2,37951015.0,37951015.0,37785754,38116276,233714.3,PushPop,:batch=71671b0110d24f499de8c337889c15a7 phase=decode requests=25de90a8b4234cdd9f459bf44de5f72b
0.0,75901243,2,37950621.5,37950621.5,37774519,38126724,249046.5,PushPop,:batch=2aa8cb4b7e3649018a30e216b9c5cdc7 phase=decode requests=25de90a8b4234cdd9f459bf44de5f72b
0.0,75899096,2,37949548.0,37949548.0,37777908,38121188,242735.6,PushPop,:batch=f6f752144a104cb59c69de2c533bb4e2 phase=decode requests=25de90a8b4234cdd9f459bf44de5f72b
0.0,75896043,2,37948021.5,37948021.5,37780171,38115872,237376.5,PushPop,:batch=64a6ebd0b3fa4245bdcc111c23d092a0 phase=decode requests=25de90a8b4234cdd9f459bf44de5f72b
0.0,75887252,2,37943626.0,37943626.0,37754539,38132713,267409.4,PushPop,:batch=27b46e475fb54cd69a41267a83648ea2 phase=decode requests=25de90a8b4234cdd9f459bf44de5f72b
0.0,75884153,2,37942076.5,37942076.5,37757031,38127122,261693.9,PushPop,:batch=20a5f53ee1c34b45ab7dfd4bfd4ea3a0 phase=decode requests=25de90a8b4234cdd9f459bf44de5f72b
0.0,75883177,2,37941588.5,37941588.5,37765964,38117213,248370.5,PushPop,:batch=71b5339579094f62bb7da9f5c8bed543 phase=decode requests=25de90a8b4234cdd9f459bf44de5f72b
0.0,75881407,2,37940703.5,37940703.5,37775486,38105921,233652.8,PushPop,:batch=2eb9ab9b965d46748199eaa89dfc98d8 phase=decode requests=25de90a8b4234cdd9f459bf44de5f72b
0.0,75880974,2,37940487.0,37940487.0,37774513,38106461,234722.7,PushPop,:batch=8a82b0bfbb8c427999d624661ac82618 phase=decode requests=25de90a8b4234cdd9f459bf44de5f72b
0.0,75880070,2,37940035.0,37940035.0,37785101,38094969,219109.8,PushPop,:batch=e591699d3c6d46e9939b3d93c1c8c1ef phase=decode requests=25de90a8b4234cdd9f459bf44de5f72b
0.0,75878066,2,37939033.0,37939033.0,37753537,38124529,262331.0,PushPop,:batch=576f513ddc8e4ac18c2bd9ef5bb24de3 phase=decode requests=25de90a8b4234cdd9f459bf44de5f72b
0.0,75877636,2,37938818.0,37938818.0,37751499,38126137,264909.1,PushPop,:batch=f8a4eed42559455ebeb6be332123e14d phase=decode requests=25de90a8b4234cdd9f459bf44de5f72b
0.0,75874933,2,37937466.5,37937466.5,37764100,38110833,245177.3,PushPop,:batch=e0c5223f34444379bebf46165ec4f555 phase=decode requests=25de90a8b4234cdd9f459bf44de5f72b
0.0,75873492,2,37936746.0,37936746.0,37768345,38105147,238155.0,PushPop,:batch=8cad8579437f44429dfe1934b040ea6f phase=decode requests=25de90a8b4234cdd9f459bf44de5f72b
0.0,75871939,2,37935969.5,37935969.5,37726764,38145175,295861.3,PushPop,:batch=abb43ae3325c4d72a0f63eb61ab9005e phase=decode requests=25de90a8b4234cdd9f459bf44de5f72b
0.0,75869727,2,37934863.5,37934863.5,37746516,38123211,266363.6,PushPop,:batch=452a70d2a43247179e87138235aac491 phase=decode requests=25de90a8b4234cdd9f459bf44de5f72b
0.0,75867037,2,37933518.5,37933518.5,37761921,38105116,242675.5,PushPop,:batch=1c64e41a63b74f6d84cd043599908726 phase=decode requests=25de90a8b4234cdd9f459bf44de5f72b
0.0,75866906,2,37933453.0,37933453.0,37748422,38118484,261673.3,PushPop,:batch=fa6b7e26cd064613941a4a9775c11573 phase=decode requests=25de90a8b4234cdd9f459bf44de5f72b
0.0,75862210,2,37931105.0,37931105.0,37766258,38095952,233128.9,PushPop,:batch=4820337ea953482eab347e3b037f8ca0 phase=decode requests=25de90a8b4234cdd9f459bf44de5f72b
0.0,75861545,2,37930772.5,37930772.5,37757080,38104465,245638.3,PushPop,:batch=31c570ed879148d4803abaf350b05c50 phase=decode requests=25de90a8b4234cdd9f459bf44de5f72b
0.0,75850530,2,37925265.0,37925265.0,37733929,38116601,270590.0,PushPop,:batch=a6bec6934b5b4c2b976f78abc0d8a58b phase=decode requests=25de90a8b4234cdd9f459bf44de5f72b
0.0,75846232,2,37923116.0,37923116.0,37738468,38107764,261131.7,PushPop,:batch=cdf8a393f50d4043974d1b477ccbd322 phase=decode requests=25de90a8b4234cdd9f459bf44de5f72b
0.0,75839031,2,37919515.5,37919515.5,37713607,38125424,291198.6,PushPop,:batch=ce86839ef798438ab2614394a73efd5f phase=decode requests=25de90a8b4234cdd9f459bf44de5f72b
0.0,75836046,2,37918023.0,37918023.0,37748033,38088013,240402.2,PushPop,:batch=d5bdecccb1ad42b1a1242367333fbba0 phase=decode requests=25de90a8b4234cdd9f459bf44de5f72b
0.0,75835973,2,37917986.5,37917986.5,37740852,38095121,250506.0,PushPop,:batch=72534daf94924205af523d9681f95633 phase=decode requests=25de90a8b4234cdd9f459bf44de5f72b
0.0,75826946,2,37913473.0,37913473.0,37738084,38088862,248037.5,PushPop,:batch=1ddafd1cbb6c48fb80335f5212d62928 phase=decode requests=25de90a8b4234cdd9f459bf44de5f72b
0.0,75825891,2,37912945.5,37912945.5,37727640,38098251,262061.6,PushPop,:batch=365d9367acb2448aa1cacb3b26091424 phase=decode requests=25de90a8b4234cdd9f459bf44de5f72b
0.0,75823621,2,37911810.5,37911810.5,37736700,38086921,247643.6,PushPop,:batch=098a66a695684bac8500b56a419d8915 phase=decode requests=25de90a8b4234cdd9f459bf44de5f72b
0.0,75821731,2,37910865.5,37910865.5,37749024,38072707,228878.4,PushPop,:batch=c311ce3ce93041ba818bc67bd3bab281 phase=decode requests=25de90a8b4234cdd9f459bf44de5f72b
0.0,75808653,2,37904326.5,37904326.5,37738637,38070016,234320.3,PushPop,:batch=691297d843894ceeb7146f0cd87caa97 phase=decode requests=25de90a8b4234cdd9f459bf44de5f72b
0.0,75806707,2,37903353.5,37903353.5,37719462,38087245,260061.9,PushPop,:batch=eb65889390bc482b87f86e614a57ba12 phase=decode requests=25de90a8b4234cdd9f459bf44de5f72b
0.0,75806018,2,37903009.0,37903009.0,37755224,38050794,208999.6,PushPop,:batch=7de1147be00f4b22b1c97a4492854bfc phase=decode requests=25de90a8b4234cdd9f459bf44de5f72b
0.0,75804563,2,37902281.5,37902281.5,37733593,38070970,238561.6,PushPop,:batch=be50591e8adf4b4c93d3494b26806225 phase=decode requests=25de90a8b4234cdd9f459bf44de5f72b
0.0,75802913,2,37901456.5,37901456.5,37725359,38077554,249039.5,PushPop,:batch=7ab5ce8c2f36493e8da68cb281169c66 phase=decode requests=25de90a8b4234cdd9f459bf44de5f72b
0.0,75802844,2,37901422.0,37901422.0,37720515,38082329,255841.1,PushPop,:batch=1b8072131b7b4723a8bfd5d134da1581 phase=decode requests=25de90a8b4234cdd9f459bf44de5f72b
0.0,75799818,2,37899909.0,37899909.0,37735391,38064427,232663.6,PushPop,:batch=5d0707983abb4272b597271314c017cd phase=decode requests=25de90a8b4234cdd9f459bf44de5f72b
0.0,75798236,2,37899118.0,37899118.0,37717212,38081024,257253.9,PushPop,:batch=7bc2c271bce04a538f7e10b078f4166e phase=decode requests=25de90a8b4234cdd9f459bf44de5f72b
0.0,75797499,2,37898749.5,37898749.5,37736055,38061444,230084.8,PushPop,:batch=7ba82d3ec6b7482fa134c5ff47d8935d phase=decode requests=25de90a8b4234cdd9f459bf44de5f72b
0.0,75795218,2,37897609.0,37897609.0,37731062,38064156,235533.0,PushPop,:batch=5e7f841a2c41497293a881a796e6435d phase=decode requests=25de90a8b4234cdd9f459bf44de5f72b
0.0,75795082,2,37897541.0,37897541.0,37709973,38085109,265261.2,PushPop,:batch=bb0e26b6b8a84b448740ef601acd7005 phase=decode requests=25de90a8b4234cdd9f459bf44de5f72b
0.0,75791567,2,37895783.5,37895783.5,37720151,38071416,248381.9,PushPop,:batch=e5f15ea747d544c6a23eff28a7fb160f phase=decode requests=25de90a8b4234cdd9f459bf44de5f72b
0.0,75784917,2,37892458.5,37892458.5,37699598,38085319,272745.9,PushPop,:batch=d90da9f5966a42a2a5a7c7ae4c4c48d0 phase=decode requests=25de90a8b4234cdd9f459bf44de5f72b
0.0,75782674,2,37891337.0,37891337.0,37727940,38054734,231078.3,PushPop,:batch=632c574bb3c24004855344116af5891d phase=decode requests=25de90a8b4234cdd9f459bf44de5f72b
0.0,75778311,2,37889155.5,37889155.5,37716173,38062138,244634.2,PushPop,:batch=7493241b804842efaab59bb4b3cc4e70 phase=decode requests=25de90a8b4234cdd9f459bf44de5f72b
0.0,75770156,2,37885078.0,37885078.0,37698523,38071633,263828.6,PushPop,:batch=a8f54a1805f84910bb79a3d34f098cd6 phase=decode requests=25de90a8b4234cdd9f459bf44de5f72b
0.0,75767009,2,37883504.5,37883504.5,37714897,38052112,238447.0,PushPop,:batch=f42e0f72ac074d5bbbe3aa8d5ea09903 phase=decode requests=25de90a8b4234cdd9f459bf44de5f72b
0.0,75763592,2,37881796.0,37881796.0,37707568,38056024,246395.6,PushPop,:batch=ca4a9c0d95b64d118987313647608207 phase=decode requests=25de90a8b4234cdd9f459bf44de5f72b
0.0,75760910,2,37880455.0,37880455.0,37699123,38061787,256442.2,PushPop,:batch=f9288983ec6541c3888b83c41895dbf2 phase=decode requests=25de90a8b4234cdd9f459bf44de5f72b
0.0,75742249,2,37871124.5,37871124.5,37702454,38039795,238536.1,PushPop,:batch=4b9103bacfca46809155ebfd63207c15 phase=decode requests=25de90a8b4234cdd9f459bf44de5f72b
0.0,75732008,2,37866004.0,37866004.0,37700180,38031828,234510.5,PushPop,:batch=31db2afcad00437f8a1941eed3d6ad4e phase=decode requests=25de90a8b4234cdd9f459bf44de5f72b
0.0,75729092,2,37864546.0,37864546.0,37698740,38030352,234485.1,PushPop,:batch=dbc822df61ef4ee8bcc8a5775af77508 phase=decode requests=25de90a8b4234cdd9f459bf44de5f72b
0.0,75725914,2,37862957.0,37862957.0,37706856,38019058,220760.2,PushPop,:batch=682bae1cd08746e9a3d7f1f43f306b84 phase=decode requests=25de90a8b4234cdd9f459bf44de5f72b
0.0,75703628,2,37851814.0,37851814.0,37625002,38078626,320760.6,PushPop,:batch=b7171f93ce574958a0259c46ab3bb416 phase=decode requests=25de90a8b4234cdd9f459bf44de5f72b
0.0,75675166,2,37837583.0,37837583.0,37669877,38005289,237172.1,PushPop,:batch=4424bb1cef7043eabaad1ebc9dab9322 phase=decode requests=25de90a8b4234cdd9f459bf44de5f72b
0.0,75663032,2,37831516.0,37831516.0,37652443,38010589,253247.5,PushPop,:batch=28490fa9632c4b529b6791d1da1eb31a phase=decode requests=25de90a8b4234cdd9f459bf44de5f72b
0.0,75634804,2,37817402.0,37817402.0,37631642,38003162,262704.3,PushPop,:batch=20a63bb7f7bd42169ce51d3b50b3f894 phase=decode requests=25de90a8b4234cdd9f459bf44de5f72b
0.0,75560327,2,37780163.5,37780163.5,37600875,37959452,253552.2,PushPop,:batch=fc316a13b7204460a765045f312afedf phase=decode requests=25de90a8b4234cdd9f459bf44de5f72b
0.0,11610160,6680,1738.0,1578.0,907,24599,1066.0,PushPop,NCCL:ncclCommCount
0.0,11415199,3340,3417.7,3226.0,2780,25966,1232.1,PushPop,NCCL:ncclRecv
0.0,9921853,3340,2970.6,2836.0,2478,14443,842.1,PushPop,NCCL:ncclSend
0.0,2690462,6680,402.8,313.0,128,18915,628.1,PushPop,NCCL:ncclGroupStart
0.0,2677189,6680,400.8,312.0,128,14484,624.8,PushPop,NCCL:ncclCommUserRank
